ＪＡＮコード,商品名称,規格,値引,期間,プラスポイント,期間,倍,期間,売価配信,配信期間
4901037228527 ,田舎のおかき　醤油味,８本,10,10/15まで,-,-,-,-,188,11/15まで
4901037228756 ,田舎のおかき　青のり味,８本,10,10/15まで,-,-,-,-,188,11/15まで
4901037229128 ,田舎のおかき　ざらめ味,８本,10,10/15まで,-,-,-,-,188,11/15まで
4901037229678 ,田舎のおかき　塩味,８本,10,10/15まで,-,-,-,-,188,11/15まで
4901301222824 ,強力カビハイター　ハンディスプレー,４００ｍｌ,10,11/15まで,-,-,-,-,207,11/15まで
4901301452221 ,強力カビハイターツンとしないタイプ本体,３６０ｍｌ,10,11/15まで,-,-,-,-,207,11/15まで
4901080321510 ,オフロムスローリータブレットマスカットミントの香り,１錠,10,11/15まで,-,-,-,-,207,3/31まで
4987176350206 ,さらさ食器用洗剤　本体,２８０ｍｌ,10,11/15まで,-,-,-,-,257,11/15まで
4901670114584 ,ジップロック　フリーザーバックＬ,１２枚入り,10,11/15まで,-,-,-,-,337,11/15まで
4901670114591 ,ジップロック　フリーザーバックＭ,１８枚入り,10,11/15まで,-,-,-,-,337,11/15まで
4901670114607 ,ジップロックフリーザーバックＳ,２０枚入り,10,11/15まで,-,-,-,-,337,11/15まで
4901670115635 ,ジップロック　フリーザーバックＬ　シンプルモデル,１２枚入り,10,11/15まで,-,-,-,-,337,11/15まで
4901670115642 ,ジップロック　フリーザーバックＭ　シンプルモデル,１８枚入り,10,11/15まで,-,-,-,-,337,11/15まで
4901670115659 ,ジップロック　フリーザーバックＳ　シンプルモデル,２０枚入り,10,11/15まで,-,-,-,-,337,11/15まで
4901670116090 ,ジップロックイージージッパーＬ,７枚,10,11/15まで,-,-,-,-,337,11/15まで
4901670116106 ,ジップロックイージージッパーＭ,１０枚,10,11/15まで,-,-,-,-,337,11/15まで
4901670116144 ,ジップロック　フリーザーバッグ　Ｌ１２枚,１２枚入り,10,11/15まで,-,-,-,-,337,11/15まで
4901670116151 ,ジップロック　フリーザーバッグ　Ｍ１８枚,１８枚入り,10,11/15まで,-,-,-,-,337,11/15まで
4901670116168 ,ジップロック　フリーザーバッグ　Ｓ２０枚,２０枚入り,10,11/15まで,-,-,-,-,337,11/15まで
4901670110197 ,サランラップ　徳用ミニ,２２ｃｍ×５０ｍ,10,11/15まで,-,-,-,-,387,11/15まで
4901670117714 ,サランラップ　徳用Ｍ　２２ｃｍ×５０ｍ　ディズニー,ディズニーデザイン,10,11/15まで,-,-,-,-,387,11/15まで
4901670117974 ,サランラップ　徳用Ｍ　２２ｃｍ×５０ｍ　新ディズニ,ディズニーデザイン,10,11/15まで,-,-,-,-,387,11/15まで
4903301259350 ,ＮＯＮＩＯマウスウォッシュクリアハーブミント,６００ｍｌ,10,11/15まで,-,-,-,-,407,11/15まで
4903301259367 ,ＮＯＮＩＯマウスウォッシュスプラッシュシトラス,６００ｍｌ,10,11/15まで,-,-,-,-,407,11/15まで
4903301259398 ,ＮＯＮＩＯマウスウォッシュＮＡライトハーブミント,６００ｍｌ,10,11/15まで,-,-,-,-,407,11/15まで
4903301284703 ,ＮＯＮＩＯマウスウォッシュノンアルコールハミガキ付,６００ｍｌ＋３０ｇ,10,11/15まで,-,-,-,-,407,11/15まで
4903301284710 ,ＮＯＮＩＯマウスウォッシュクリアハーブハミガキ付,６００ｍｌ＋３０ｇ,10,11/15まで,-,-,-,-,407,11/15まで
4903301293378 ,ＮＯＮＩＯマウスウォッシュクリアハーブ８０ｍｌ付,６００ｍｌ＋８０ｍｌ,10,11/15まで,-,-,-,-,407,11/15まで
4903301297345 ,ＮＯＮＩＯマウスウォッシュクリアハーブデザイン品,６００ｍｌ,10,11/15まで,-,-,-,-,407,11/15まで
4903301297352 ,ＮＯＮＩＯマウスウォッシュシトラスデザイン,６００ｍｌ,10,11/15まで,-,-,-,-,407,11/15まで
4903301297369 ,ＮＯＮＩＯマウスウォッシュノンアルコールデザイン,６００ｍｌ,10,11/15まで,-,-,-,-,407,11/15まで
4903301300526 ,ＮＯＮＩＯマウスウォッシュ　スパイシーミント,６００ｍｌ,10,11/15まで,-,-,-,-,407,11/15まで
4903301304111 ,ＮＯＮＩＯリンスクリアハーブマウススプレー付,６００ｍｌ＋５ｍｌ,10,11/15まで,-,-,-,-,407,11/15まで
4903301304128 ,ＮＯＮＩＯリンスノンアルマウススプレーフルーティ付,６００ｍｌ＋５ｍｌ,10,11/15まで,-,-,-,-,407,11/15まで
4903301304326 ,ＮＯＮＩＯリンスシトラスハーブマウススプレー付,６００ｍｌ＋５ｍｌ,10,11/15まで,-,-,-,-,407,11/15まで
4903301309604 ,ＮＯＮＩＯマウスウォッシュスパイシーミントミニ付,６００ｍｌ＋８０ｍｌ,10,11/15まで,-,-,-,-,407,11/15まで
4903301311522 ,ＮＯＮＩＯリンスノンアルコール２０２０限定デザイン,６００ｍｌ,10,11/15まで,-,-,-,-,407,11/15まで
4903301313632 ,ＮＯＮＩＯリンススパイシーミントマウススプレー付,６００ｍｌ＋５ｍｌ,10,11/15まで,-,-,-,-,407,11/15まで
4903301326793 ,ＮＯＮＩＯリンスクリアハーブミント限定デザイン,６００ｍｌ,10,11/15まで,-,-,-,-,407,11/15まで
4903301326816 ,ＮＯＮＩＯリンスシトラスミント限定デザイン,６００ｍｌ,10,11/15まで,-,-,-,-,407,11/15まで
4903301326854 ,ＮＯＮＩＯリンスライトハーブミント限定デザイン,６００ｍｌ,10,11/15まで,-,-,-,-,407,11/15まで
4903301365167 ,ＮＯＮＩＯリンスＳシトラスミント＋ミニＷハミガキ付,６００ｍｌ＋３０ｇ,10,11/15まで,-,-,-,-,407,11/15まで
4903301365174 ,ＮＯＮＩＯリンスライトＨミント＋ミニＷハミガキ付,６００ｍｌ＋３０ｇ,10,11/15まで,-,-,-,-,407,11/15まで
4903301365181 ,ＮＯＮＩＯリンスクリアＨミント＋ミニＷハミガキ付,６００ｍｌ＋３０ｇ,10,11/15まで,-,-,-,-,407,11/15まで
4903301382294 ,ＮＯＮＩＯリンスハーブホワイトニングミニハミガキ付,６００ｍｌ＋３０ｇ,10,11/15まで,-,-,-,-,407,11/15まで
4901670110180 ,サランラップ　徳用レギュラー,３０ｃｍｘ５０ｍ,10,11/15まで,-,-,-,-,487,11/15まで
4901670117707 ,サランラップ　徳用Ｒ　３０ｃｍｘ５０ｍ　ディズニー,ディズニーデザイン,10,11/15まで,-,-,-,-,487,11/15まで
4901670117967 ,サランラップ　徳用Ｒ　３０ｃｍｘ５０ｍ　新ディズニ,ディズニーデザイン,10,11/15まで,-,-,-,-,487,11/15まで
4903301309697 ,ＮＯＮＩＯプラスホワイトニングデンタルリンス,６００ｍｌ,10,11/15まで,-,-,-,-,507,11/15まで
4903301316398 ,ＮＯＮＩＯプラスホワイトニングリンスミニハミガキ付,６００ｍｌ＋３０ｇ,10,11/15まで,-,-,-,-,507,11/15まで
4903301317739 ,ＮＯＮＩＯプラスホワイトニングミニリンス８０ｍｌ付,６００ｍｌ＋８０ｍｌ,10,11/15まで,-,-,-,-,507,11/15まで
4903301365198 ,ＮＯＮＩＯプラスＷリンス＋ミニＷハミガキ付,６００ｍｌ＋３０ｇ,10,11/15まで,-,-,-,-,507,11/15まで
4903301382348 ,ＮＯＮＩＯプラスホワイトニングリンスミニハミガキ付,６００ｍｌ＋３０ｇ,10,11/15まで,-,-,-,-,507,11/15まで
4514410176522 ,ＳＢ湖池屋プライドポテト　ひとくちカット　神のり塩,３０ｇ,10,11/15まで,-,-,-,-,-,-
4514410176546 ,ＳＢ湖池屋プライドポテトひとくちカットぞっこん岩塩,３０ｇ,10,11/15まで,-,-,-,-,-,-
4514410179608 ,ＳＢ　湖池屋プライドポテトひとくちカット　神のり塩,３０ｇ,10,11/15まで,-,-,-,-,-,-
4514410179615 ,ＳＢ湖池屋プライドポテトひとくちカットぞっこん岩塩,３０ｇ,10,11/15まで,-,-,-,-,-,-
4560294957276 ,ｍｋ　チョコ＆いちごビスケット,１０５ｇ,10,11/15まで,-,-,-,-,-,-
4560294960337 ,ｍｋ　清見オレンジ,２４ｇ,10,11/15まで,-,-,-,-,-,-
4589850822568 ,ポッカ　キレートレモンクエン酸２７００ゼリー,１６５ｇ,10,11/15まで,-,-,-,-,-,-
4901002133450 ,ＳＢ　ギューッととけ込むカレー　甘口,１４０ｇ,10,11/15まで,-,-,-,-,-,-
4901002133467 ,ＳＢ　ギューッととけ込むカレー　中辛,１４０ｇ,10,11/15まで,-,-,-,-,-,-
4901002134044 ,ＳＢ　とけ込むシチュークリーム,１４０ｇ,10,11/15まで,-,-,-,-,-,-
4901002134051 ,ＳＢ　とけ込むシチュー　ビーフ,１４０ｇ,10,11/15まで,-,-,-,-,-,-
4901002178727 ,ＳＢ　あじわいカレー　甘口,１７０ｇ,10,11/15まで,-,-,-,-,-,-
4901002178734 ,ＳＢ　あじわいカレー　中辛,１７０ｇ,10,11/15まで,-,-,-,-,-,-
4901002178741 ,ＳＢ　あじわいカレー　辛口,１７０ｇ,10,11/15まで,-,-,-,-,-,-
4901002178758 ,ＳＢ　あじわいカレー　大辛,１７０ｇ,10,11/15まで,-,-,-,-,-,-
4901002178765 ,ＳＢ　あじわいハヤシ,１５０ｇ,10,11/15まで,-,-,-,-,-,-
4901002189334 ,ＳＢ　あじわい濃厚欧風カレー　中辛,１５０ｇ,10,11/15まで,-,-,-,-,-,-
4901002190736 ,ＳＢ　とけ込むシチュークリーム,１３０ｇ,10,11/15まで,-,-,-,-,-,-
4901002190743 ,ＳＢ　とけ込むシチュー　ビーフ,１３４ｇ,10,11/15まで,-,-,-,-,-,-
4901011576019 ,ストレート豚みそちゃんこ鍋つゆ,７２０ｇ,10,11/15まで,-,-,-,-,-,-
4901011576026 ,ストレートキムチ鍋つゆ,７２０ｇ,10,11/15まで,-,-,-,-,-,-
4901011576033 ,ストレート寄せ鍋つゆ,７２０ｇ,10,11/15まで,-,-,-,-,-,-
4901011576040 ,ストレートちゃんこ鍋つゆ,７２０ｇ,10,11/15まで,-,-,-,-,-,-
4901011576057 ,ストレート鶏野菜鍋つゆ,７２０ｇ,10,11/15まで,-,-,-,-,-,-
4901085046449 ,１日分の野菜,２００ｍｌ,10,11/15まで,-,-,-,-,-,-
4901085611289 ,充実野菜緑黄色ミックス,２００ｍｌ,10,11/15まで,-,-,-,-,-,-
4901085611364 ,充実野菜緑の野菜ミックス,２００ｍｌ,10,11/15まで,-,-,-,-,-,-
4901085642771 ,紙ビタミン野菜,２００ｍｌ,10,11/15まで,-,-,-,-,-,-
4901085663660 ,お～いお茶　ＰＵＲＥ　ＧＲＥＥＮ,２Ｌ,10,11/15まで,-,-,-,-,-,-
4901085667989 ,鉄分野菜,２００ｍｌ,10,11/15まで,-,-,-,-,-,-
4901231052577 ,サラダチキン３連ハーブ,１パック,10,11/15まで,-,-,-,-,-,-
4901231052591 ,サラダチキン３連ペッパー,１パック,10,11/15まで,-,-,-,-,-,-
4901231052645 ,サラダチキン３連プレーン,１パック,10,11/15まで,-,-,-,-,-,-
4901231057022 ,サラダチキン３連プレーン,１パック,10,11/15まで,-,-,-,-,-,-
4901231057039 ,サラダチキン３連ハーブ,１パック,10,11/15まで,-,-,-,-,-,-
4901231057046 ,サラダチキン３連ペッパー,１パック,10,11/15まで,-,-,-,-,-,-
4901231304898 ,ポークビッツ２Ｂ,１パック,10,11/15まで,-,-,-,-,-,-
4901231490850 ,チーズイン２Ｂ,１パック,10,11/15まで,-,-,-,-,-,-
4901306001783 ,野菜生活１００濃厚バナナスムージー,３３０ｍｌ,10,11/15まで,-,-,-,-,-,-
4901306008942 ,野菜生活１００　Ｓｍｏｏｔｈｉｅ　ソイプロテインベ,３３０ｍｌ,10,11/15まで,-,-,-,-,-,-
4901306074138 ,植物性乳酸菌ラブレプレーン,８０ｍｌ×３,10,11/15まで,-,-,-,-,-,-
4901306074404 ,野菜生活グリーンスムージー,３３０ｍｌ,10,11/15まで,-,-,-,-,-,-
4901306075111 ,野菜生活スムージービタミンスムージー黄桃＆バレンシ,３３０ｍｌ,10,11/15まで,-,-,-,-,-,-
4901306083475 ,ラブレライト１日分の鉄分,８０ｍｌ×３,10,11/15まで,-,-,-,-,-,-
4901306302439 ,野菜生活１００スムージーアサイー＆バナナＭｉｘ,３３０ｍｌ,10,11/15まで,-,-,-,-,-,-
4901306302453 ,野菜生活１００スムージーみかん＆ゆずＭｉｘ,３３０ｍｌ,10,11/15まで,-,-,-,-,-,-
4901306303375 ,野菜生活スムージー　アサイー＆ざくろ,３３０ｍｌ,10,11/15まで,-,-,-,-,-,-
4901306303849 ,野菜生活１００バナナ＆アーモンドＭＩＸ,３３０ｍｌ,10,11/15まで,-,-,-,-,-,-
4901306304129 ,野菜生活１００スムージースイカ＆ソルティレモン,３３０ｍｌ,10,11/15まで,-,-,-,-,-,-
4901330575786 ,カルビーじゃがりこたらこバター,５２ｇ,10,11/15まで,-,-,-,-,-,-
4901330576059 ,カルビーじゃがりこ九州しょうゆ味,５２ｇ,10,11/15まで,-,-,-,-,-,-
4901330578909 ,じゃがりこサラダ,５７ｇ,10,11/15まで,-,-,-,-,-,-
4901330578916 ,じゃがりこチーズ,５５ｇ,10,11/15まで,-,-,-,-,-,-
4901330578923 ,じゃがりこじゃがバター,５５ｇ,10,11/15まで,-,-,-,-,-,-
4901330651411 ,じゃがりこ肉みそ味,５２ｇ,10,11/15まで,-,-,-,-,-,-
4901330651596 ,さつまりこ焼きいも,５６ｇ,10,11/15まで,-,-,-,-,-,-
4901330749378 ,フルグラボールアールグレイミルクティー風味,２６ｇ,10,11/15まで,-,-,-,-,-,-
4901330924089 ,カライーネピリ辛チリ味,５２ｇ,10,11/15まで,-,-,-,-,-,-
4901335137484 ,スリムバッグ　スティックポテト　のり塩,３４ｇ,10,11/15まで,-,-,-,-,-,-
4901335137958 ,スリムバッグピュアポテト　オホーツクの塩と岩塩,３２ｇ,10,11/15まで,-,-,-,-,-,-
4901335138191 ,ＳＢピュアポテト厚切りひとくちオホーツクの塩と岩塩,３２ｇ,10,11/15まで,-,-,-,-,-,-
4901335141337 ,スリムバッグ　スティックカラムーチョ　ホットチリ味,３４ｇ,10,11/15まで,-,-,-,-,-,-
4901335141344 ,スリムバッグ　スティックすっぱムーチョ　さっぱり梅,３４ｇ,10,11/15まで,-,-,-,-,-,-
4901335141368 ,スリムバッグ　スティックポテト　金のコンソメ,３４ｇ,10,11/15まで,-,-,-,-,-,-
4901351001769 ,ノンシュガー珈琲茶館,７２ｇ,10,11/15まで,-,-,-,-,-,-
4901351002438 ,金のミルクキャンディ抹茶ラテ,６１ｇ,10,11/15まで,-,-,-,-,-,-
4901351002445 ,金のミルクキャンディカフェラテ,６１ｇ,10,11/15まで,-,-,-,-,-,-
4901351002797 ,金のミルクプレミアム香るショコラ,５７ｇ,10,11/15まで,-,-,-,-,-,-
4901351002810 ,ナッツボンキャラメルピーナッツ味,７０ｇ,10,11/15まで,-,-,-,-,-,-
4901351002940 ,ナッツボンハニーバター味,６６ｇ,10,11/15まで,-,-,-,-,-,-
4901351013397 ,金のミルクキャンディ,８０ｇ,10,11/15まで,-,-,-,-,-,-
4901351022221 ,ピュレリング,６３ｇ,10,11/15まで,-,-,-,-,-,-
4901351022238 ,ピュレリングソーダ,６３ｇ,10,11/15まで,-,-,-,-,-,-
4901351022245 ,ピュレリングパーティーパック,１５６ｇ,10,11/15まで,-,-,-,-,-,-
4901351022252 ,ピュレリングソーダパーティーパック,１５６ｇ,10,11/15まで,-,-,-,-,-,-
4901351027127 ,ピュレグミ実りのベリー,５２ｇ,10,11/15まで,-,-,-,-,-,-
4901351027172 ,ピュレグミ×ハローキティ　りんごソーダ味,５６ｇ,10,11/15まで,-,-,-,-,-,-
4901550271826 ,しゃりｉｎグミ　ソーダ,５２ｇ,10,11/15まで,-,-,-,-,-,-
4901550271918 ,しゃりｉｎグミ　マスカットソーダ,５２ｇ,10,11/15まで,-,-,-,-,-,-
4901550272212 ,しゃりｉｎグミ　みかん,５２ｇ,10,11/15まで,-,-,-,-,-,-
4901550272373 ,しゃりｉｎグミ　グレープ,５２ｇ,10,11/15まで,-,-,-,-,-,-
4901777230569 ,サントリー　天然水　１Ｌ,１Ｌ,10,11/15まで,-,-,-,-,-,-
4901940115471 ,ポテコ　うましお味,６７ｇ,10,11/15まで,-,-,-,-,-,-
4901940115488 ,ポテコ　コンソメ味,６０ｇ,10,11/15まで,-,-,-,-,-,-
4901940116362 ,ツイスター　チーズ味,５６ｇ,10,11/15まで,-,-,-,-,-,-
4901940116379 ,ツイスター　コンソメ味,５６ｇ,10,11/15まで,-,-,-,-,-,-
4901940116676 ,なげわ　うましお味,５７ｇ,10,11/15まで,-,-,-,-,-,-
4901940116683 ,なげわ　バーベキュー味,５７ｇ,10,11/15まで,-,-,-,-,-,-
4901940117543 ,ツイスター　チリタコス味,５５ｇ,10,11/15まで,-,-,-,-,-,-
4902102113724 ,アクエリアス,２０００ｍＬ,10,11/15まで,-,-,-,-,-,-
4902102113823 ,アクエリアスゼロ,２０００ｍＬ,10,11/15まで,-,-,-,-,-,-
4902102132688 ,アクエリアス　ビタミン,２Ｌ,10,11/15まで,-,-,-,-,-,-
4902102157353 ,アクエリアス,１２５０ｍｌ,10,11/15まで,-,-,-,-,-,-
4902115381585 ,切り落としスモークチキンおいしく糖質ゼロ,１パック,10,11/15まで,-,-,-,-,-,-
4902115381974 ,シャーロワンズ２Ｐ,１パック,10,11/15まで,-,-,-,-,-,-
4902115393311 ,うずら卵を包んだ肉だんご０．２０４,１パック,10,11/15まで,-,-,-,-,-,-
4902115393335 ,とろける４種チーズのハンバーグ０．２４６,１パック,10,11/15まで,-,-,-,-,-,-
4902115393342 ,和風おろしハンバーグ３個入り,１パック,10,11/15まで,-,-,-,-,-,-
4902115393359 ,８種野菜溶け込んだデミグラスハンバーグ,１パック,10,11/15まで,-,-,-,-,-,-
4902115403171 ,モーニングサーブ,１パック,10,11/15まで,-,-,-,-,-,-
4902115703240 ,もう切ってますよ！焼豚,１パック,10,11/15まで,-,-,-,-,-,-
4902115708733 ,４種チーズミニハンバーグ,１パック,10,11/15まで,-,-,-,-,-,-
4902115708948 ,あっさり甘酢肉団子,１パック,10,11/15まで,-,-,-,-,-,-
4902115709624 ,とろける４種チーズのイタリアンハンバーグ,１パック,10,11/15まで,-,-,-,-,-,-
4902115714864 ,切り落としばら焼豚,１パック,10,11/15まで,-,-,-,-,-,-
4902115717278 ,月見てりたま風ハンバーグ,１パック,10,11/15まで,-,-,-,-,-,-
4902155049940 ,ｍｋ　チョコしみこむプチラスク,７０ｇ,10,11/15まで,-,-,-,-,-,-
4902170270008 ,オーマイ　スパゲッティ　１．７ｍｍ　結束タイプ,５００ｇ,10,11/15まで,-,-,-,-,-,-
4902170270015 ,オーマイ　スパゲッティ　１．５ｍｍ　結束タイプ,５００ｇ,10,11/15まで,-,-,-,-,-,-
4902188024129 ,フルーツフェスタオレンジ,９００ＭＬ,10,11/15まで,-,-,-,-,-,-
4902188024136 ,フルーツフェスタアップル,９００ＭＬ,10,11/15まで,-,-,-,-,-,-
4902188024143 ,フルーツフェスタグレープ,９００ＭＬ,10,11/15まで,-,-,-,-,-,-
4902188024150 ,フルーツフェスタグレープフルーツ,９００ＭＬ,10,11/15まで,-,-,-,-,-,-
4902188024167 ,フルーツフェスタフルーツミックス,９００ＭＬ,10,11/15まで,-,-,-,-,-,-
4902188026017 ,フルーツフェスタオレンジブレンド,２００ｍｌ,10,11/15まで,-,-,-,-,-,-
4902188026413 ,フルーツフェスタアップル,２００ｍｌ,10,11/15まで,-,-,-,-,-,-
4902188026512 ,フルーツフェスタグレープ,２００ｍｌ,10,11/15まで,-,-,-,-,-,-
4902188026789 ,フルーツフェスタオレンジブレンド,９００ＭＬ,10,11/15まで,-,-,-,-,-,-
4902188027267 ,フルーツフェスタミックス,２００ＭＬ,10,11/15まで,-,-,-,-,-,-
4902397840558 ,Ｍ＆Ｍ’Ｓミルク,４０ｇ,10,11/15まで,-,-,-,-,-,-
4902397840565 ,Ｍ＆Ｍ’Ｓピーナッツ,４０ｇ,10,11/15まで,-,-,-,-,-,-
4902397840602 ,スニッカーズピーナッツ,１本,10,11/15まで,-,-,-,-,-,-
4902397872689 ,スキットルズ　オリジナル,４０ｇ,10,11/15まで,-,-,-,-,-,-
4902555119236 ,サーティワンミルキー（ミルキーショートケーキ風味）,５７ｇ,10,11/15まで,-,-,-,-,-,-
4902555269269 ,サーティワンチョコレート（ポッピングミルキー風味）,１５粒,10,11/15まで,-,-,-,-,-,-
4902586019437 ,サラダチキンバースモークペッパー,１パック,10,11/15まで,-,-,-,-,-,-
4902586194363 ,サラダチキンバープレーン,１パック,10,11/15まで,-,-,-,-,-,-
4902586195339 ,サラダチキンバーハーブ,１パック,10,11/15まで,-,-,-,-,-,-
4902586261614 ,サラダチキンバー３種のチーズ,１パック,10,11/15まで,-,-,-,-,-,-
4902586261904 ,十勝ロース生ハム,１パック,10,11/15まで,-,-,-,-,-,-
4902586541174 ,サラダチキンバーＧＡＢＡ入りトマト,１パック,10,11/15まで,-,-,-,-,-,-
4902586572086 ,サラダチキンバージンジャー,１パック,10,11/15まで,-,-,-,-,-,-
4902586794051 ,ホワイトロースハム,１パック,10,11/15まで,-,-,-,-,-,-
4902621003681 ,ハマダコンフェクト　バランスパワー　ココア味,６袋,10,11/15まで,-,-,-,-,-,-
4902621003711 ,ハマダコンフェクト　バランスパワー　全粒粉,６袋,10,11/15まで,-,-,-,-,-,-
4902621003858 ,ハマダコンフェクト　バランスパワー袋　北海道バター,６袋,10,11/15まで,-,-,-,-,-,-
4902621004367 ,ハマダ　バランスパワー袋　アーモンドカカオ,６袋,10,11/15まで,-,-,-,-,-,-
4902621005012 ,ハマダ　バランスパワー果実たっぷり,６袋,10,11/15まで,-,-,-,-,-,-
4902621005654 ,ハマダ　バランスパワー　ベイクドキャラメル味,６袋,10,11/15まで,-,-,-,-,-,-
4902621005661 ,ハマダ　バランスパワー　サクッとバニラ,６袋,10,11/15まで,-,-,-,-,-,-
4902621005692 ,ハマダ　バランスパワー　マカダミア,６袋,10,11/15まで,-,-,-,-,-,-
4902621005739 ,ハマダコンフェクト　バランスパワー袋北海道バターＮ,６袋,10,11/15まで,-,-,-,-,-,-
4902621005746 ,ハマダコンフェクト　バランスパワー袋　チョコ,６袋,10,11/15まで,-,-,-,-,-,-
4902621005753 ,ハマダ　バランスパワー果実たっぷりＮ,６袋,10,11/15まで,-,-,-,-,-,-
4902705011625 ,明治ブルガリアＬＢ８１プレーン,４００ｇ,10,11/15まで,-,-,-,-,-,-
4902705011632 ,明治ブルガリアＬＢ８１そのまま脂肪０,４００ｇ,10,11/15まで,-,-,-,-,-,-
4902705017412 ,明治ブルガリアＬＢ８１カルシウムと鉄分,４００ｇ,10,11/15まで,-,-,-,-,-,-
4902705036000 ,明治　ヴァームスマートフィットゼリー,１８０ｇ,10,11/15まで,-,-,-,-,-,-
4520699040218 ,銀のスプーン　お魚味クリームどーにゃつ　毛玉まぐろ,２４ｇ,10,11/15まで,-,-,-,-,-,-
4520699076774 ,銀のスプーン　かつお節チップクッキー　チキン,６ｇ×４,10,11/15まで,-,-,-,-,-,-
4520699175323 ,銀のスプーン　かつお節チップクッキー　まぐろ,６ｇ×４,10,11/15まで,-,-,-,-,-,-
4520699419595 ,Ｆｒｅｃｉｏｕｓ　１０種自然素材室内猫チキン,１１０ｇ,10,11/15まで,-,-,-,-,-,-
4520699508114 ,Ｆｒｅｃｉｏｕｓ　１０種自然素材避妊　サーモンツナ,１１０ｇ,10,11/15まで,-,-,-,-,-,-
4520699610466 ,銀スプおやつアソートまぐろ＆鶏ささみ,６ｇ×８本,10,11/15まで,-,-,-,-,-,-
4520699613313 ,銀スプおやつ　健康に育つ子猫用,６ｇ×８本,10,11/15まで,-,-,-,-,-,-
4520699633373 ,銀のスプーンおやつカリカリシーフードかつお節入り,６０ｇ,10,11/15まで,-,-,-,-,-,-
4520699634837 ,銀スプおやつとろ～りまぐろ,６ｇ×８本,10,11/15まで,-,-,-,-,-,-
4520699635186 ,銀スプおやつ　とろ～り鶏ささみ,６ｇ×８本,10,11/15まで,-,-,-,-,-,-
4520699635674 ,銀スプおやつアソートまぐろ＆かつお,６ｇ×８本,10,11/15まで,-,-,-,-,-,-
4520699637142 ,三ツ星グルメおやつ　お魚味クッキーサンド　まぐろ味,６ｇ×４袋,10,11/15まで,-,-,-,-,-,-
4520699637371 ,三ツ星グルメおやつ　お魚味クッキーサンド　まぐろ・,６ｇ×４袋,10,11/15まで,-,-,-,-,-,-
4520699637951 ,三ツ星グルメおやつ　お魚味クッキーサンド　かつお味,６ｇ×４袋,10,11/15まで,-,-,-,-,-,-
4520699641293 ,銀のスプーン　お魚味クリームどーにゃつ　まぐろ,２４ｇ,10,11/15まで,-,-,-,-,-,-
4520699641354 ,銀のスプーン　お魚味クリームどーにゃつ　かつお,２４ｇ,10,11/15まで,-,-,-,-,-,-
4520699641415 ,銀のスプーン　お魚味クリームどーにゃつ　チキン,２４ｇ,10,11/15まで,-,-,-,-,-,-
4520699645413 ,三ツ星グルメおやつ　お魚味クッキーサンド　ほたて,２４ｇ,10,11/15まで,-,-,-,-,-,-
4520699659410 ,銀のスプーン　しっとり　シーフード,５０ｇ,10,11/15まで,-,-,-,-,-,-
4520699659663 ,銀のスプーン　しっとり　シーフードチキン,５０ｇ,10,11/15まで,-,-,-,-,-,-
4520699659984 ,銀のスプーン　カリカリチキンチーズ,６０ｇ,10,11/15まで,-,-,-,-,-,-
4520699660324 ,銀のスプーン　カリカリシーフードチキン,６０ｇ,10,11/15まで,-,-,-,-,-,-
4520699660577 ,銀のスプーン　カリカリ低カロリー,６０ｇ,10,11/15まで,-,-,-,-,-,-
4520699660966 ,銀のスプーン　カリカリ腎臓の健康維持,６０ｇ,10,11/15まで,-,-,-,-,-,-
4520699683248 ,三ツ星グルメおやつ　お魚味クッキーサンドシーフード,６ｇ×４袋,10,11/15まで,-,-,-,-,-,-
4520699684139 ,三ツ星グルメ　にゃんスプーン無添加まぐろ＆かつお,４０ｇ,10,11/15まで,-,-,-,-,-,-
4520699684290 ,三ツ星グルメ　にゃんスプーン無添加まぐろ＆ささみ,４０ｇ,10,11/15まで,-,-,-,-,-,-
4520699690987 ,銀のスプーン　カリカリ　たい味,６０ｇ,10,11/15まで,-,-,-,-,-,-
4520699694213 ,銀スプおやつ　総合栄養食とろリッチまぐろ鶏,６ｇ×８本,10,11/15まで,-,-,-,-,-,-
4520699694367 ,銀スプおやつ　総合栄養食とろリッチまぐろ鰹,６ｇ×８本,10,11/15まで,-,-,-,-,-,-
4520699694404 ,銀のスプーン　カリカリ　シーフード,６０ｇ,10,11/15まで,-,-,-,-,-,-
4520699694558 ,銀のスプーン　カリカリ　毛玉ケア,６０ｇ,10,11/15まで,-,-,-,-,-,-
4520699695920 ,三ツ星グルメおやつ　にゃんスプーン　まぐろ＆ささみ,４０ｇ,10,11/15まで,-,-,-,-,-,-
4520699696262 ,三ツ星グルメおやつ　にゃんスプーン　まぐろ＆かつお,４０ｇ,10,11/15まで,-,-,-,-,-,-
4520699696613 ,三ツ星グルメおやつ　にゃんスプーン　まぐろサーモン,４０ｇ,10,11/15まで,-,-,-,-,-,-
4520699696781 ,三ツ星グルメおやつ　にゃんスプーンまぐろシーフード,４０ｇ,10,11/15まで,-,-,-,-,-,-
4520699697184 ,三ツ星グルメおやつ　にゃんスプーン　ささみサーモン,４０ｇ,10,11/15まで,-,-,-,-,-,-
4520699697245 ,三ツ星グルメおやつ　にゃんスプーンささみシーフード,４０ｇ,10,11/15まで,-,-,-,-,-,-
4520699825426 ,銀のスプーン　かつお節チップクッキー　かつお,６ｇ×４,10,11/15まで,-,-,-,-,-,-
4520699957561 ,Ｆｒｅｃｉｏｕｓ　１０種自然素材室内猫サーモンツナ,１１０ｇ,10,11/15まで,-,-,-,-,-,-
4573177598268 ,激落ちくんセスキスプレー４００ｍｌ,４００ｍｌ,10,11/15まで,-,-,-,-,-,-
4573177598282 ,激落ちくんセスキスプレー詰替５００ｍｌ,５００ｍｌ,10,11/15まで,-,-,-,-,-,-
4573177598305 ,激落ちくん重曹スプレー４００ｍｌ,４００ｍｌ,10,11/15まで,-,-,-,-,-,-
4573177598343 ,激落ちくんクエン酸スプレー４００ｍｌ,４００ｍｌ,10,11/15まで,-,-,-,-,-,-
4573177598367 ,激落ちくんクエン酸スプレー詰替５００ｍｌ,５００ｍｌ,10,11/15まで,-,-,-,-,-,-
4900480431041 ,ｍｋ　泡の排水口クリーナー,４０ｇ×５,10,11/15まで,-,-,-,-,-,-
4901070113828 ,お部屋の消臭力　ラベンダー,４００ｍｌ,10,11/15まで,-,-,-,-,-,-
4901070113835 ,お部屋の消臭力　グレープフルーツ,４００ｍｌ,10,11/15まで,-,-,-,-,-,-
4901070113859 ,お部屋の消臭力　せっけん,４００ｍｌ,10,11/15まで,-,-,-,-,-,-
4901070115020 ,トイレの消臭力　ラベンダー,４００ｍｌ,10,11/15まで,-,-,-,-,-,-
4901070115037 ,トイレの消臭力　アップルミント,４００ｍｌ,10,11/15まで,-,-,-,-,-,-
4901070115044 ,トイレの消臭力　アクアソープ,４００ｍｌ,10,11/15まで,-,-,-,-,-,-
4901070115068 ,トイレの消臭力　グレープフルーツ,４００ｍｌ,10,11/15まで,-,-,-,-,-,-
4901070118649 ,お部屋の消臭力　玄関・リビング用アロマカモミール,４００ｍｌ,10,11/15まで,-,-,-,-,-,-
4901070119141 ,お部屋の消臭力　ゼロ　無香料,４００ｍｌ,10,11/15まで,-,-,-,-,-,-
4901070120406 ,トイレの消臭力　ラブリーブーケ,４００ｍｌ,10,11/15まで,-,-,-,-,-,-
4901070121328 ,お部屋の消臭力　ペット用フルーティーガーデン,４００ｍｌ,10,11/15まで,-,-,-,-,-,-
4901070122745 ,お部屋の消臭力　タバコ用アクアシトラスさわやかな香,４００ｍｌ,10,11/15まで,-,-,-,-,-,-
4901070123582 ,トイレの消臭力　大人の至福　リッチアロマの香り,４００ｍｌ,10,11/15まで,-,-,-,-,-,-
4901070124794 ,お部屋の消臭力　炭と白檀の香り,４００ｍｌ,10,11/15まで,-,-,-,-,-,-
4901070125678 ,トイレの消臭力　炭と白檀の香り,４００ｍｌ,10,11/15まで,-,-,-,-,-,-
4901070125685 ,トイレの消臭力　無香料,４００ｍｌ,10,11/15まで,-,-,-,-,-,-
4901070126644 ,トイレの消臭力　わくわくフローラルの香り,４００ｍｌ,10,11/15まで,-,-,-,-,-,-
4901070127481 ,お部屋の消臭力　フィンランドリーフ,４００ｍｌ,10,11/15まで,-,-,-,-,-,-
4901070127498 ,トイレの消臭力　フィンランドベリー,４００ｍｌ,10,11/15まで,-,-,-,-,-,-
4901070127504 ,トイレの消臭力　フィンランドリーフ,４００ｍｌ,10,11/15まで,-,-,-,-,-,-
4901070129287 ,トイレの消臭力　エアリーブーケ,４００ｍｌ,10,11/15まで,-,-,-,-,-,-
4901070129294 ,トイレの消臭力　グロッシーブーケ,４００ｍｌ,10,11/15まで,-,-,-,-,-,-
4901070129331 ,お部屋の消臭力　エアリーブーケ,４００ｍｌ,10,11/15まで,-,-,-,-,-,-
4901070129348 ,お部屋の消臭力　ラブリーブーケ,４００ｍｌ,10,11/15まで,-,-,-,-,-,-
4901070129355 ,お部屋の消臭力　グロッシーブーケ,４００ｍｌ,10,11/15まで,-,-,-,-,-,-
4901070129386 ,お部屋の消臭力　無香料　限定デザイン,４００ｍｌ,10,11/15まで,-,-,-,-,-,-
4901070129935 ,トイレの消臭力　グリーンブーケ,４００ｍｌ,10,11/15まで,-,-,-,-,-,-
4901070129942 ,トイレの消臭力　シチリアレモン,４００ｍｌ,10,11/15まで,-,-,-,-,-,-
4901070129959 ,お部屋の消臭力　グリーンブーケ,４００ｍｌ,10,11/15まで,-,-,-,-,-,-
4901070129966 ,お部屋の消臭力　シチリアレモン,４００ｍｌ,10,11/15まで,-,-,-,-,-,-
4901070130696 ,お部屋の消臭力イングリッシュホワイトティー,４００ｍｌ,10,11/15まで,-,-,-,-,-,-
4902705036062 ,明治プロビオＬＧ２１低脂肪,１１２ｇ,10,11/15まで,-,-,-,-,-,-
4902705036123 ,明治プロビオＬＧ２１砂糖不使用,１１２ｇ,10,11/15まで,-,-,-,-,-,-
4902705065000 ,チューブでバター１／３,１５０ｇ,10,11/15まで,-,-,-,-,-,-
4902705090828 ,明治プロビオＬＧ２１,１１２ｇ,10,11/15まで,-,-,-,-,-,-
4902705090873 ,明治プロビオＬＧ２１アロエ脂肪０,１１２ｇ,10,11/15まで,-,-,-,-,-,-
4902705096004 ,明治プロビオＰＡ－３ドリンク,１１２ｇ,10,11/15まで,-,-,-,-,-,-
4902705097094 ,コーンソフトバター入り,２８０ｇ,10,11/15まで,-,-,-,-,-,-
4902705098824 ,明治ブルガリアＨＯＭＥ　ＭＡＤＥ　ＳＴＯＲＹ,４００ｇ,10,11/15まで,-,-,-,-,-,-
4902705130838 ,明治プロビオＬＧ２１無添加,１１２ｇ,10,11/15まで,-,-,-,-,-,-
4902705131088 ,明治ブルガリアＬＢ８１プレーン脂肪０,４００ｇ,10,11/15まで,-,-,-,-,-,-
4902720116442 ,濃密ギリシャヨーグルトパルテノはちみつ付,８８ｇ,10,11/15まで,-,-,-,-,-,-
4902720116473 ,濃密ギリシャヨーグルトパルテノプレーン,１００ｇ,10,11/15まで,-,-,-,-,-,-
4902720117517 ,ビヒダスＢＢ５３６アロエ４ポット,７５ｇＸ４,10,11/15まで,-,-,-,-,-,-
4902720117531 ,ビヒダスＢＢ５３６バラエティ４ポット,７５ｇＸ４,10,11/15まで,-,-,-,-,-,-
4902720117562 ,ビヒダスＢＢ５３６ナタデココ４ポット,７５ｇＸ４,10,11/15まで,-,-,-,-,-,-
4902720140577 ,ビヒダスＢＢ５３６白桃＋黄桃４Ｐ,７５ｇｘ４,10,11/15まで,-,-,-,-,-,-
4902720148054 ,ギリシャヨーグルト　パルテノ　プレーン砂糖不使用,２８０ｇ,10,11/15まで,-,-,-,-,-,-
4902720153430 ,ビヒダスヨーグルト　ざく盛りフルーツ,２００ｇ,10,11/15まで,-,-,-,-,-,-
4902720156141 ,ギリシャヨーグルト　パルテノ　脂肪ゼロ　プレーン砂,１００ｇ,10,11/15まで,-,-,-,-,-,-
4902720161824 ,ビヒダスヨーグルト　はちみつレモン風味　４ポット,７５ｇＸ４,10,11/15まで,-,-,-,-,-,-
4902720161961 ,パルテノ　クリーミーバニラ味,１０５ｇ,10,11/15まで,-,-,-,-,-,-
4902720165662 ,森永ラクトフェリン２００　ドリンクタイプ,１００ｇ,10,11/15まで,-,-,-,-,-,-
4902720166362 ,ビヒダス　フルーツポンチ　サイダー風味　４Ｐ,７５ｇＸ４,10,11/15まで,-,-,-,-,-,-
4902720166959 ,ビヒダス　ブルーベリーミックス＋ストロベリー４Ｐ,７５ｇＸ４,10,11/15まで,-,-,-,-,-,-
4902720169042 ,ビヒダスヨーグルト　バニラ　４Ｐ,７５ｇＸ４,10,11/15まで,-,-,-,-,-,-
4902777015927 ,ミルクチョコレート,５０ｇ,10,11/15まで,-,-,-,-,-,-
4902777016832 ,ホワイトチョコレート,４０ｇ,10,11/15まで,-,-,-,-,-,-
4902777090603 ,明治ブラックチョコレート,５０ｇ,10,11/15まで,-,-,-,-,-,-
4902777142128 ,ハニーレモンソーダアップ,７５ｇ,10,11/15まで,-,-,-,-,-,-
4902777216713 ,ピーチソーダアップ,７５ｇ,10,11/15まで,-,-,-,-,-,-
4902777234939 ,明治ハイミルク,５０ｇ,10,11/15まで,-,-,-,-,-,-
4902777250922 ,ウメソーダアップ,７５ｇ,10,11/15まで,-,-,-,-,-,-
4902777257808 ,ブラッドオレンジソーダアップ,７５ｇ,10,11/15まで,-,-,-,-,-,-
4902777310329 ,明治　即攻元気ゼリー　高麗人蔘＋栄養ドリンク味,１８０ｇ,10,11/15まで,-,-,-,-,-,-
4902777311401 ,明治　即攻元気ゼリーＥＮ＆Ｍビタミン　マスカット,１８０ｇ,10,11/15まで,-,-,-,-,-,-
4902777313825 ,明治　即攻元気ゼリー鉄分＆Ｍビタミン　ぶどう,１８０ｇ,10,11/15まで,-,-,-,-,-,-
4902777321707 ,明治　即攻元気ゼリー　ＧＡＢＡ＋栄養ドリンク味,１８０ｇ,10,11/15まで,-,-,-,-,-,-
4902777322148 ,明治　即攻元気ゼリークエン酸＋レモン風味,１８０ｇ,10,11/15まで,-,-,-,-,-,-
4902777335360 ,明治　即攻元気ゼリーアミノ酸＆ローヤル　コーラ,１８０ｇ,10,11/15まで,-,-,-,-,-,-
4902777343068 ,明治製菓　Ｐプラス　即攻元気ゼリー,１８０ｇ,10,11/15まで,-,-,-,-,-,-
4902820020113 ,丸美屋　とり釜めしの素,１３４ｇ,10,11/15まで,-,-,-,-,-,-
4902820020595 ,丸美屋きのこ釜飯の素,１３５ｇ,10,11/15まで,-,-,-,-,-,-
4902820022131 ,丸美屋　五目釜めしの素,１４７ｇ,10,11/15まで,-,-,-,-,-,-
4902820115536 ,丸美屋　おにぎりの具　鮭,１４ｇ,10,11/15まで,-,-,-,-,-,-
4902820115543 ,丸美屋　おにぎりの具　梅,１４ｇ,10,11/15まで,-,-,-,-,-,-
4902820115550 ,丸美屋　おにぎりの具　たらこ,１４ｇ,10,11/15まで,-,-,-,-,-,-
4902820205503 ,丸美屋　すき焼き春雨,２１０ｇ,10,11/15まで,-,-,-,-,-,-
4902820205596 ,麻婆春雨　中辛,２１０ｇ,10,11/15まで,-,-,-,-,-,-
4902820205602 ,丸美屋　炒めて旨い　チャプチェ,２１０ｇ,10,11/15まで,-,-,-,-,-,-
4902820205626 ,丸美屋炒めて旨い塩だれ春雨,２１０ｇ,10,11/15まで,-,-,-,-,-,-
4902820205732 ,麻婆春雨　甘口,２１０ｇ,10,11/15まで,-,-,-,-,-,-
4902820211009 ,丸美屋　とりごぼう釜めしの素,１２８ｇ,10,11/15まで,-,-,-,-,-,-
4902820238723 ,丸美屋　玉子ととり雑炊,２５０ｇ,10,11/15まで,-,-,-,-,-,-
4902820238730 ,丸美屋　玉子とさけ雑炊,２５０ｇ,10,11/15まで,-,-,-,-,-,-
4902820238761 ,丸美屋　玉子とかに雑炊,２５０ｇ,10,11/15まで,-,-,-,-,-,-
4902820238778 ,丸美屋　玉子とたい雑炊,２５０ｇ,10,11/15まで,-,-,-,-,-,-
4902881433730 ,明星　評判屋　ソース焼そば,１１２ｇ,10,11/15まで,-,-,-,-,-,-
4902881433754 ,明星　評判屋　塩焼そば,１０４ｇ,10,11/15まで,-,-,-,-,-,-
4902887035006 ,テーブルランド　白がゆ,２５０ｇ,10,11/15まで,-,-,-,-,-,-
4902887036706 ,テーブルランド　スープにこだわったサムゲタン風粥,２２０ｇ,10,11/15まで,-,-,-,-,-,-
4902887036904 ,テーブルランド　スープにこだわった中華風粥,２２０ｇ,10,11/15まで,-,-,-,-,-,-
4902887037307 ,テーブルランド　和風の旨味にこだわったかつお粥,２２０ｇ,10,11/15まで,-,-,-,-,-,-
4902887037352 ,テーブルランド　和風の旨味にこだわった鶏塩粥,２２０ｇ,10,11/15まで,-,-,-,-,-,-
4902887038151 ,テーブルランド　玉子がゆ,２５０ｇ,10,11/15まで,-,-,-,-,-,-
4902888218811 ,マリー,２１枚,10,11/15まで,-,-,-,-,-,-
4902888218828 ,チョイス,１４枚,10,11/15まで,-,-,-,-,-,-
4902888218835 ,ムーンライト,１４枚,10,11/15まで,-,-,-,-,-,-
4902888218842 ,チョコチップクッキー,１２枚,10,11/15まで,-,-,-,-,-,-
4902888218859 ,アーモンドクッキー,１２枚,10,11/15まで,-,-,-,-,-,-
4902888256103 ,ホワイトチョコチップクッキー,１２枚,10,11/15まで,-,-,-,-,-,-
4902888256165 ,ブラックムーン,１４枚,10,11/15まで,-,-,-,-,-,-
4902888275142 ,ディア＜メープルバター味＞,１４枚,10,11/15まで,-,-,-,-,-,-
4902888275685 ,マリー＜ミルクキャラメル＞,２１枚,10,11/15まで,-,-,-,-,-,-
4902888275753 ,レモンホワイトチョコチップクッキー,１２枚,10,11/15まで,-,-,-,-,-,-
4902888276620 ,ダースプレミアム＜プラリネ＜アーモンド＞＞,４６ｇ,10,11/15まで,-,-,-,-,-,-
4902888276637 ,ダースプレミアム＜ホワイトバニラ＞,４７ｇ,10,11/15まで,-,-,-,-,-,-
4903050509508 ,６Ｐチーズ,１０２ｇ,10,11/15まで,-,-,-,-,-,-
4903050509515 ,６Ｐチーズ塩分２５％カット,１０２ｇ,10,11/15まで,-,-,-,-,-,-
4903050509522 ,６Ｐチーズコクとうまみ,１０２ｇ,10,11/15まで,-,-,-,-,-,-
4903059310136 ,ｍｋ　チーズポラッキー,６０ｇ,10,11/15まで,-,-,-,-,-,-
4903308060515 ,スライスチーズ,７枚,10,11/15まで,-,-,-,-,-,-
4903308060522 ,とろけるスライス,７枚,10,11/15まで,-,-,-,-,-,-
4903333207787 ,半熟カスタードケーキ,３個,10,11/15まで,-,-,-,-,-,-
4904691050480 ,天長食品　もちもち食感スパゲッティ,１ｋｇ,10,11/15まで,-,-,-,-,-,-
4904691075131 ,ライトツナフレーク　マグロ油漬　タイ産,８０ｇ×３,10,11/15まで,-,-,-,-,-,-
4904691078002 ,ライトツナフレーク　マグロ油漬,７０ｇ×３,10,11/15まで,-,-,-,-,-,-
4904691078026 ,ライトツナフレーク　マグロ水煮,７０ｇ×３,10,11/15まで,-,-,-,-,-,-
4908560026507 ,ｍｋ　ドライフルーツすもも,２２ｇ,10,11/15まで,-,-,-,-,-,-
4908560026514 ,ｍｋ　ドライフルーツ清見オレンジ,２２ｇ,10,11/15まで,-,-,-,-,-,-
4908560026521 ,ｍｋ　ドライフルーツはっさく,２２ｇ,10,11/15まで,-,-,-,-,-,-
4901070130702 ,トイレの消臭力イングリッシュホワイトティー,４００ｍｌ,10,11/15まで,-,-,-,-,-,-
4901070130924 ,お部屋の消臭力　フレアブーケ,４００ｍｌ,10,11/15まで,-,-,-,-,-,-
4901070130931 ,トイレの消臭力　フレアブーケ,４００ｍｌ,10,11/15まで,-,-,-,-,-,-
4901070131044 ,お部屋の消臭力　フレッシュシトラス,４００ｍｌ,10,11/15まで,-,-,-,-,-,-
4901070131068 ,トイレの消臭力　フレッシュシトラス,４００ｍｌ,10,11/15まで,-,-,-,-,-,-
4901070131365 ,お部屋の消臭力　モーニングサボン,４００ｍｌ,10,11/15まで,-,-,-,-,-,-
4901070131372 ,お部屋の消臭力　シャイニーシトラス,４００ｍｌ,10,11/15まで,-,-,-,-,-,-
4901070131389 ,トイレの消臭力　モーニングサボン,４００ｍｌ,10,11/15まで,-,-,-,-,-,-
4901070131396 ,トイレの消臭力　シャイニーシトラス,４００ｍｌ,10,11/15まで,-,-,-,-,-,-
4901070132287 ,お部屋の消臭力　２０００年の香り,４００ｍｌ,10,11/15まで,-,-,-,-,-,-
4901070132294 ,お部屋の消臭力　２０５０年の香り,４００ｍｌ,10,11/15まで,-,-,-,-,-,-
4901070132300 ,トイレの消臭力　２０００年の香り,４００ｍｌ,10,11/15まで,-,-,-,-,-,-
4901070132317 ,トイレの消臭力　２０５０年の香り,４００ｍｌ,10,11/15まで,-,-,-,-,-,-
4901080313515 ,スパサプリ　シャインレモン　１包,１包,10,11/15まで,-,-,-,-,-,-
4901080313614 ,スパサプリ　ピュアリリー　１包,１包,10,11/15まで,-,-,-,-,-,-
4901121183091 ,ｍｋ　ソフトパックティシュ１５０組１０個パック,１５０組１０個,10,11/15まで,-,-,-,-,-,-
4901121315003 ,ネピア　激吸収ハンドタオル２枚重ね　１００組×５Ｐ,１００枚×５個パック,10,11/15まで,-,-,-,-,-,-
4901133061752 ,とろみ缶　ささみ・まぐろ　ホタテ味,８０ｇ,10,11/15まで,-,-,-,-,-,-
4901133061806 ,とろみ缶　１１歳　ささみ・まぐろ　ホタテ味,８０ｇ,10,11/15まで,-,-,-,-,-,-
4901133182396 ,旅するちゅ～る　東北の味セレクション,６ｇ×６本,10,11/15まで,-,-,-,-,-,-
4901133182402 ,旅するちゅ～る　瀬戸内の味セレクション,６ｇ×６本,10,11/15まで,-,-,-,-,-,-
4901133557101 ,贅沢ちゅ～るまぐろ＆ロブスター,１４ｇ×４本,10,11/15まで,-,-,-,-,-,-
4901133557132 ,贅沢ちゅ～るとりささみ＆黒毛和牛,１４ｇ×４本,10,11/15まで,-,-,-,-,-,-
4901133557149 ,贅沢ちゅ～るまぐろ＆キングサーモン,１４ｇ×４本,10,11/15まで,-,-,-,-,-,-
4901133564857 ,ＣＩＡＯ　ちゅ～るミルク　まぐろ,１２０ｇ,10,11/15まで,-,-,-,-,-,-
4901133564864 ,ＣＩＡＯ　だしゼリー　まぐろだし味,１２０ｇ,10,11/15まで,-,-,-,-,-,-
4901133621246 ,焼かつおディナースープ　かつお節入り,５０ｇ,10,11/15まで,-,-,-,-,-,-
4901133621253 ,焼かつおディナースープ　ほたて味,５０ｇ,10,11/15まで,-,-,-,-,-,-
4901133621260 ,焼かつおディナースープ　サーモン入り,５０ｇ,10,11/15まで,-,-,-,-,-,-
4901133621277 ,焼かつおディナースープ　本格だし味,５０ｇ,10,11/15まで,-,-,-,-,-,-
4901133630408 ,ちゅ～るテリーヌ　歯と歯ぐき　チキン,１５ｇ×４本,10,11/15まで,-,-,-,-,-,-
4901133630415 ,ちゅ～るテリーヌ　歯と歯ぐき　チキンビーフ,１５ｇ×４本,10,11/15まで,-,-,-,-,-,-
4901133636202 ,焼本かつお　かつお節味,１本,10,11/15まで,-,-,-,-,-,-
4901133636226 ,焼かつお　しらす節味,１本,10,11/15まで,-,-,-,-,-,-
4901133636240 ,焼本かつお高齢猫用　　かつお節味,１本,10,11/15まで,-,-,-,-,-,-
4901133636257 ,焼本かつお　高齢猫用　ほたて味,１本,10,11/15まで,-,-,-,-,-,-
4901133636981 ,ちゅ～るテリーヌ　関節　チキン,１５ｇ×４本,10,11/15まで,-,-,-,-,-,-
4901133636998 ,ちゅ～るテリーヌ　関節　チキン＆ビーフ,１５ｇ×４本,10,11/15まで,-,-,-,-,-,-
4901133656644 ,ちゅ～るミルク　とりささみ,１２０ｇ,10,11/15まで,-,-,-,-,-,-
4901133706622 ,焼ささみ　かにかま味,１本,10,11/15まで,-,-,-,-,-,-
4901133706653 ,いなば　焼ささみ　ほたて味,１本,10,11/15まで,-,-,-,-,-,-
4901133706660 ,焼ささみ　本格鰹だし味,１本,10,11/15まで,-,-,-,-,-,-
4901133706677 ,いなば　焼ささみ　チキンスープ味,１本,10,11/15まで,-,-,-,-,-,-
4901133706691 ,焼ささみ　子猫用,１本,10,11/15まで,-,-,-,-,-,-
4901133706707 ,焼ささみ　高齢猫用　かにかま味,１本,10,11/15まで,-,-,-,-,-,-
4901133706714 ,いなば　焼ささみ　高齢猫用　ほたて味,１本,10,11/15まで,-,-,-,-,-,-
4901133710193 ,焼かつお　かつお節味,１本,10,11/15まで,-,-,-,-,-,-
4901133710209 ,焼かつお　ほたて味,１本,10,11/15まで,-,-,-,-,-,-
4901133710216 ,焼かつお　しらす味,１本,10,11/15まで,-,-,-,-,-,-
4901133710230 ,焼かつお　本格だし味,１本,10,11/15まで,-,-,-,-,-,-
4901133710254 ,焼かつお　宗田節味,１本,10,11/15まで,-,-,-,-,-,-
4901133710308 ,チャオ　焼かつお　子猫用,１本,10,11/15まで,-,-,-,-,-,-
4901133710315 ,焼かつお　高齢猫用,１本,10,11/15まで,-,-,-,-,-,-
4901133710339 ,焼かつお　高齢猫用　本格だし味,１本,10,11/15まで,-,-,-,-,-,-
4901133710384 ,焼かつおちゅ～る和えかつお節ちゅ～るまぐろ,１本,10,11/15まで,-,-,-,-,-,-
4901133710391 ,焼かつおちゅ～る和えほたて味ちゅ～るかつお,１本,10,11/15まで,-,-,-,-,-,-
4901133710407 ,焼かつおちゅ～る和え本格だし味ちゅ～るささみ,１本,10,11/15まで,-,-,-,-,-,-
4901133749360 ,焼かつお　本ぶし味,５本,10,11/15まで,-,-,-,-,-,-
4901133749377 ,焼かつお　シーフード味,５本,10,11/15まで,-,-,-,-,-,-
4901133749391 ,チャオ　焼かつお　仔猫用,５本,10,11/15まで,-,-,-,-,-,-
4901133749407 ,チャオ　焼かつお　高齢猫用,５本入り,10,11/15まで,-,-,-,-,-,-
4901133749452 ,焼かつお　本格かつおだし味,５本,10,11/15まで,-,-,-,-,-,-
4901301468383 ,トイレマジックリン消臭洗浄スプレーミント　詰替用,２８０ｍｌ,10,11/15まで,-,-,-,-,-,-
4901422152505 ,クレラップ徳用ミニ,２２ｃｍ×５０ｍ,10,11/15まで,-,-,-,-,-,-
4901422153502 ,クレラップ徳用レギュラー,３０ｃｍ×５０ｍ,10,11/15まで,-,-,-,-,-,-
4901422153601 ,クレラップ徳用レギュラー　６０ｍ,３０ｃｍ×６０ｍ,10,11/15まで,-,-,-,-,-,-
4901422324599 ,ラクッチョ　クッキングシート　まる型　穴あきタイプ,３０枚,10,11/15まで,-,-,-,-,-,-
4901422325626 ,キチントさん　フライパン用ホイルシート,２５ｃｍ×３ｍ,10,11/15まで,-,-,-,-,-,-
4901422325732 ,ラクッチョ　フライパン用ホイルシート　Ｍ　３ｍ,２５ｃｍ×３ｍ,10,11/15まで,-,-,-,-,-,-
4901422338923 ,カチッとロックＳ,２個入,10,11/15まで,-,-,-,-,-,-
4901422338930 ,カチッとロックＭ,２個入,10,11/15まで,-,-,-,-,-,-
4901422338961 ,キチントさん　スマートプッシュＭ,２個,10,11/15まで,-,-,-,-,-,-
4901422338978 ,キチントさん　スマートプッシュＬ,２個,10,11/15まで,-,-,-,-,-,-
4901422339135 ,イレモ　保存容器　角　Ｍ　２個,２個,10,11/15まで,-,-,-,-,-,-
4901422339142 ,イレモ　保存容器　角　Ｌ　２個,２個,10,11/15まで,-,-,-,-,-,-
4901422339180 ,イレモ　保存容器　丸　Ｓ　２個,２個,10,11/15まで,-,-,-,-,-,-
4901422339197 ,イレモ　保存容器　丸　Ｍ　２個,２個,10,11/15まで,-,-,-,-,-,-
4901670110210 ,サランラップ　レギュラー,３０ｃｍ×２０ｍ,10,11/15まで,-,-,-,-,-,-
4901670110227 ,サランラップ　ミニ,２２ｃｍ×２０ｍ,10,11/15まで,-,-,-,-,-,-
4901730014328 ,ベビーオイル　微香性,１２５ｍｌ,10,11/15まで,-,-,-,-,-,-
4901730014427 ,ベビーオイル　無香性,１２５ｍｌ,10,11/15まで,-,-,-,-,-,-
4901730081153 ,バンドエイド＿ディズニープリンセス＿Ｎ,２０枚,10,11/15まで,-,-,-,-,-,-
4901730090612 ,バンドエイド＿キッズ用　２０枚,２０枚,10,11/15まで,-,-,-,-,-,-
4901730150118 ,バンドエイド＿アナと雪の女王,２０枚,10,11/15まで,-,-,-,-,-,-
4901730150620 ,Ｊボディ　ドリーミースキン　２００ｍｌ,２００ｍｌ,10,11/15まで,-,-,-,-,-,-
4901730150637 ,Ｊボディ　エクストラケア　２００ｍｌ,２００ｍｌ,10,11/15まで,-,-,-,-,-,-
4901730150644 ,Ｊボディ　ラスティング　２００ｍｌ,２００ｍｌ,10,11/15まで,-,-,-,-,-,-
4901730170925 ,Ｊボディ　ミネラルジェリー　２００ｍｌ,２００ｍｌ,10,11/15まで,-,-,-,-,-,-
4901730181266 ,バンドエイド＿ミニオンズ,２０枚,10,11/15まで,-,-,-,-,-,-
4901730230018 ,Ｊボディ　バイブラントラディアンス　２００ｍｌ,２００ｍｌ,10,11/15まで,-,-,-,-,-,-
4901730240345 ,バンドエイド　しっかり防水　Ｍサイズ　１５枚,１５枚,10,11/15まで,-,-,-,-,-,-
4901730240352 ,バンドエイド　しっかり防水　ジャンボサイズ　６枚,６枚,10,11/15まで,-,-,-,-,-,-
4901730240369 ,バンドエイド　しっかり防水　パッチサイズ　２０枚,２０枚,10,11/15まで,-,-,-,-,-,-
4901730250016 ,Ｊボディ　ビタミンＣ　２００ｍｌ,２００ｍｌ,10,11/15まで,-,-,-,-,-,-
4930726000175 ,調製豆乳,１０００ｍｌ,10,11/15まで,-,-,-,-,-,-
4930726000540 ,特濃豆乳,１０００ｍｌ,10,11/15まで,-,-,-,-,-,-
4930726000571 ,おいしい無調整豆乳,１０００ｍｌ,10,11/15まで,-,-,-,-,-,-
4930726000878 ,豆乳飲料紅茶,１０００ｍｌ,10,11/15まで,-,-,-,-,-,-
4930726001318 ,豆乳フルーツＭＩＸ,１０００ｍｌ,10,11/15まで,-,-,-,-,-,-
4930726001394 ,豆乳飲料バナナ,１０００ｍｌ,10,11/15まで,-,-,-,-,-,-
4930726100172 ,豆乳飲料　麦芽コーヒー,１０００ｍｌ,10,11/15まで,-,-,-,-,-,-
4930726102084 ,低糖質　調製豆乳,１０００ｍｌ,10,11/15まで,-,-,-,-,-,-
49410648 ,ラクトフェリンヨーグルトドリンクタイプ,１００ｇ,10,11/15まで,-,-,-,-,-,-
4941983026273 ,ｍｋ　種ぬきカリカリ梅,３０ｇ,10,11/15まで,-,-,-,-,-,-
4941983026280 ,ｍｋ　種ぬきカリカリ梅　無着色,３０ｇ,10,11/15まで,-,-,-,-,-,-
4948143905874 ,ｍｋ　梅し～と,１４ｇ,10,11/15まで,-,-,-,-,-,-
4948143909544 ,ｍｋ　種ぬき干し梅　ＮＰ,１８ｇ,10,11/15まで,-,-,-,-,-,-
49721836 ,明治プロビオＰＡ－３,１１２ｇ,10,11/15まで,-,-,-,-,-,-
4972195032004 ,キョクヨー　骨まで食べられるさばみそ煮,１００ｇ,10,11/15まで,-,-,-,-,-,-
4972195032011 ,キョクヨー　骨まで食べられるさばトマト煮,１００ｇ,10,11/15まで,-,-,-,-,-,-
4972195082672 ,キョクヨー　ライトツナまぐろ油漬フレーク,５０ｇ×３,10,11/15まで,-,-,-,-,-,-
4972195082689 ,キョクヨー　ライトツナまぐろ水漬フレーク,５０ｇ×３,10,11/15まで,-,-,-,-,-,-
4987035021216 ,大塚製薬　ソイジョイ　ブルーベリー,３０ｇ,10,11/15まで,-,-,-,-,-,-
4987035032410 ,大塚製薬　カロリーメイト　メイプル味,８０ｇ,10,11/15まで,-,-,-,-,-,-
4987035043515 ,大塚製薬　ソイジョイ　ストロベリー,３０ｇ,10,11/15まで,-,-,-,-,-,-
4987035090014 ,大塚製薬　カロリーメイト　ブロック　フルーツ,８０ｇ,10,11/15まで,-,-,-,-,-,-
4987035090113 ,大塚製薬　カロリーメイト　ブロック　チーズ,８０ｇ,10,11/15まで,-,-,-,-,-,-
4987035092216 ,大塚製薬　カロリーメイト　ブロック　チョコ,８０ｇ,10,11/15まで,-,-,-,-,-,-
4987035223917 ,大塚）ポカリスエットイオンウオーター,９００ｍｌ,10,11/15まで,-,-,-,-,-,-
4987035264217 ,大塚製薬　ソイジョイ　クリスピー　Ｍベリー,２５ｇ,10,11/15まで,-,-,-,-,-,-
4987035266617 ,大塚製薬　ソイジョイ　クリスピーＷマカダミア,２５ｇ,10,11/15まで,-,-,-,-,-,-
4987035269519 ,大塚製薬　ソイジョイクリスピーバナナ,２５ｇ,10,11/15まで,-,-,-,-,-,-
4987035332510 ,大塚製薬）ポカリスエットペットボトル,９００ｍｌ,10,11/15まで,-,-,-,-,-,-
4987035351412 ,大塚製薬　ソイジョイスコーンバープレーン,２５ｇ,10,11/15まで,-,-,-,-,-,-
4987035555919 ,大塚製薬　ソイジョイ　アーモンドチョコレート,３０ｇ,10,11/15まで,-,-,-,-,-,-
4987035573715 ,大塚製薬　ソイジョイ　２種のアップル,３０ｇ,10,11/15まで,-,-,-,-,-,-
4987035573814 ,大塚製薬　ソイジョイ　３種のレーズン,３０ｇ,10,11/15まで,-,-,-,-,-,-
4987035602514 ,大塚製薬　ソイジョイ　サツマイモ,３０ｇ,10,11/15まで,-,-,-,-,-,-
4987035609513 ,大塚製薬　ソイジョイ　ピーナッツ,３０ｇ,10,11/15まで,-,-,-,-,-,-
4987035617310 ,大塚製薬　ソイジョイ抹茶＆マカダミア,３０ｇ,10,11/15まで,-,-,-,-,-,-
4987035631712 ,大塚製薬　ソイジョイ　コーヒー＆ナッツ,３２ｇ,10,11/15まで,-,-,-,-,-,-
4987035646617 ,大塚製薬　ソイジョイプラントベースバナナ,２５ｇ,10,11/15まで,-,-,-,-,-,-
4987035646716 ,大塚製薬　ソイジョイプラントベースＷチョコ＆レモン,２５ｇ,10,11/15まで,-,-,-,-,-,-
4987035648918 ,大塚製薬　カロリーメイト　バニラ味,４本,10,11/15まで,-,-,-,-,-,-
4987035662914 ,大塚製薬　ソイジョイ　フルーツ＆ベイクドチーズ,３０ｇ,10,11/15まで,-,-,-,-,-,-
4987035673514 ,大塚製薬　ソイジョイ　イチジク＆レーズン,３０ｇ,10,11/15まで,-,-,-,-,-,-
4987035684411 ,大塚製薬　ソイジョイ　黒ゴマ,３０ｇ,10,11/15まで,-,-,-,-,-,-
4987035694717 ,大塚製薬　ソイジョイ　あずき＆ほうじ茶,３０ｇ,10,11/15まで,-,-,-,-,-,-
4987035704614 ,大塚製薬　ソイジョイ　抹茶＆ゆず,３２ｇ,10,11/15まで,-,-,-,-,-,-
4987244183613 ,赤ちゃんのおやつ＋Ｃａ　ＶＰおせんべい＆パフ,８包,10,11/15まで,-,-,-,-,-,-
4987244183781 ,１歳からのおやつ＋ＤＨＡ　海のおせんべい＆パフ,６包,10,11/15まで,-,-,-,-,-,-
4987244601223 ,ぱくぱくプレキッズ　ごろごろ具材のチキンカレー,１００ｇ,10,11/15まで,-,-,-,-,-,-
4987244601230 ,ぱくぱくプレキッズ　野菜たっぷり　キーマカレー,１００ｇ,10,11/15まで,-,-,-,-,-,-
4987244601247 ,ぱくぱくプレキッズ　やわらか鶏のクリームシチュー,１００ｇ,10,11/15まで,-,-,-,-,-,-
4987244601261 ,ぱくぱくプレキッズ　チキンと大豆のトマト煮,１００ｇ,10,11/15まで,-,-,-,-,-,-
4987244601278 ,ぱくぱくプレキッズ　骨とり　さばの味噌煮,９０ｇ,10,11/15まで,-,-,-,-,-,-
4987244601285 ,ぱくぱくプレキッズ　白身魚だんごの中華あんかけ,１００ｇ,10,11/15まで,-,-,-,-,-,-
4987244601599 ,そのままＢＡＢＹ果実　りんご×バナナ×いちご,７０ｇ,10,11/15まで,-,-,-,-,-,-
4987244601605 ,そのままＢＡＢＹ果実　りんご×ぶどう×もも,７０ｇ,10,11/15まで,-,-,-,-,-,-
4987244601612 ,そのままＢＡＢＹ果実　りんご×バナナ×ほうれん草,７０ｇ,10,11/15まで,-,-,-,-,-,-
4987244602190 ,ぱくぱくプレキッズ　野菜たっぷり　ハンバーグ,１００ｇ,10,11/15まで,-,-,-,-,-,-
4987244602428 ,素材を楽しむ離乳食　ほうれん草・小松菜,５０ｇ,10,11/15まで,-,-,-,-,-,-
4987244602435 ,素材を楽しむ離乳食　ブロッコリー,５０ｇ,10,11/15まで,-,-,-,-,-,-
4987244602442 ,素材を楽しむ離乳食　ごぼう,５０ｇ,10,11/15まで,-,-,-,-,-,-
4987244602459 ,素材を楽しむ離乳食　たい,５０ｇ,10,11/15まで,-,-,-,-,-,-
4987244602466 ,素材を楽しむ離乳食　鶏ささみ,５０ｇ,10,11/15まで,-,-,-,-,-,-
4987244602473 ,素材を楽しむ離乳食　さけ,５０ｇ,10,11/15まで,-,-,-,-,-,-
4987244602480 ,素材を楽しむ離乳食　たらとかぼちゃ・とうもろこし,５０ｇ,10,11/15まで,-,-,-,-,-,-
4987244602497 ,素材を楽しむ離乳食　鶏ささみとまいたけ・トマト,５０ｇ,10,11/15まで,-,-,-,-,-,-
4987244602503 ,素材を楽しむ離乳食　まぐろとにんじん・さつまいも,５０ｇ,10,11/15まで,-,-,-,-,-,-
4987244602770 ,そのままＢＡＢＹ果実　りんご,７０ｇ,10,11/15まで,-,-,-,-,-,-
4987244602787 ,そのままＢＡＢＹ果実　りんご×トマト,７０ｇ,10,11/15まで,-,-,-,-,-,-
6976760274880 ,海底撈　酸辣湯スープ春雨ｍｉｎｉ,５８ｇ,10,11/15まで,-,-,-,-,-,-
6976760274903 ,海底撈　麻辣湯スープ春雨ｍｉｎｉ,５０ｇ,10,11/15まで,-,-,-,-,-,-
4902011711400 ,エリエール＋Ｗａｔｅｒ１８０Ｗ５Ｐ,１８０Ｗ５Ｐ,10,11/15まで,-,-,-,-,-,-
4902011711547 ,エリエール＋Ｗａｔｅｒポケット１４Ｗ４Ｐ,１４Ｗ４Ｐ,10,11/15まで,-,-,-,-,-,-
4902011714425 ,エリエール贅沢保湿ティシュポケット４Ｐ,１４Ｗ４Ｐ,10,11/15まで,-,-,-,-,-,-
4902011714456 ,エリエール贅沢保湿ポケット鼻爽快メントール４Ｐ,１２Ｗ４Ｐ,10,11/15まで,-,-,-,-,-,-
4902011716283 ,エリエール贅沢保湿ティシュー３Ｐ,２００Ｗ３Ｐ,10,11/15まで,-,-,-,-,-,-
4902201215930 ,ピュリナワンキャットパウチ　１歳　チキングレービー,５０ｇ,10,11/15まで,-,-,-,-,-,-
4902201215947 ,ピュリナワンキャットパウチ　避妊　チキングレービー,５０ｇ,10,11/15まで,-,-,-,-,-,-
4902201215954 ,ピュリナワンパウチ　下部尿路１歳　チキングレービー,５０ｇ,10,11/15まで,-,-,-,-,-,-
4902201215978 ,ピュリナワンキャットパウチ　毛玉　チキングレービー,５０ｇ,10,11/15まで,-,-,-,-,-,-
4902201215985 ,ピュリナワンキャットパウチ　７歳　チキングレービー,５０ｇ,10,11/15まで,-,-,-,-,-,-
4902201216005 ,ピュリナワンキャットパウチ成猫フィッシュグレービー,５０ｇ,10,11/15まで,-,-,-,-,-,-
4902201217170 ,ピュリナワンパウチ　１１歳以上チキン＆フィッシュ,５０ｇ,10,11/15まで,-,-,-,-,-,-
4902201217231 ,ピュリナワンパウチ　１１歳チキンフィッシュ　ゼリー,５０ｇ,10,11/15まで,-,-,-,-,-,-
4902397798521 ,カルカンパウチ　まぐろ,７０ｇ,10,11/15まで,-,-,-,-,-,-
4902397798552 ,カルカンパウチ　まぐろとたい,７０ｇ,10,11/15まで,-,-,-,-,-,-
4902397798583 ,カルカンパウチ　まぐろと舌平目,７０ｇ,10,11/15まで,-,-,-,-,-,-
4902397798644 ,カルカンパウチ　まぐろとさけ,７０ｇ,10,11/15まで,-,-,-,-,-,-
4902397798767 ,カルカンパウチ　かつお節まぐろとささみ,７０ｇ,10,11/15まで,-,-,-,-,-,-
4902397798880 ,カルカンパウチ　子猫用　まぐろ,７０ｇ,10,11/15まで,-,-,-,-,-,-
4902397800026 ,カルカンパウチ　１１歳から　まぐろ,７０ｇ,10,11/15まで,-,-,-,-,-,-
4902397819356 ,カルカンパウチ　チキン,７０ｇ,10,11/15まで,-,-,-,-,-,-
4902397819448 ,カルカンパウチ　１５歳から　まぐろ,７０ｇ,10,11/15まで,-,-,-,-,-,-
4902397833956 ,カルカンパウチ　１８歳からまぐろ,７０ｇ,10,11/15まで,-,-,-,-,-,-
4902397837473 ,カルカンパウチ　お魚ミックス,７０ｇ,10,11/15まで,-,-,-,-,-,-
4902397840428 ,カルカンパウチ　お魚お肉ミックス,７０ｇ,10,11/15まで,-,-,-,-,-,-
4902397845188 ,カルカンパウチ子ねこお魚ミックスまぐろ・かつお・魚,７０ｇ,10,11/15まで,-,-,-,-,-,-
4902397845218 ,カルカンパウチお魚ミックスまぐろ・かつお・たい,７０ｇ,10,11/15まで,-,-,-,-,-,-
4902397847571 ,カルカンパウチ海の幸ミックス　まぐろ・白身魚・さけ,７０ｇ,10,11/15まで,-,-,-,-,-,-
4902397847632 ,カルカンパウチ１８歳から　お魚ミックス　まぐろ・か,７０ｇ,10,11/15まで,-,-,-,-,-,-
4902397847694 ,カルカンパウチ１８歳から　海の幸ミックス　まぐろ・,７０ｇ,10,11/15まで,-,-,-,-,-,-
4902397851561 ,カルカンパウチ　子ねこお魚お肉ミックスまぐかつささ,７０ｇ,10,11/15まで,-,-,-,-,-,-
4902397851592 ,カルカンパウチ　まぐろ　かつお節入り,７０ｇ,10,11/15まで,-,-,-,-,-,-
4902397856740 ,カルカンパウチ　海の幸　まぐろ・かつお・さけ入り,７０ｇ,10,11/15まで,-,-,-,-,-,-
4902397867876 ,カルカンパウチ　やわらかパテ　まぐろ　無添加,７０ｇ,10,11/15まで,-,-,-,-,-,-
4902397868316 ,カルカンパウチ　やわらかパテ　かつお　無添加,７０ｇ,10,11/15まで,-,-,-,-,-,-
4902397868323 ,カルカンパウチ　やわらかパテ　ささみ　無添加,７０ｇ,10,11/15まで,-,-,-,-,-,-
4902397868347 ,カルカンパウチ　やわらかパテまぐろほたてだし無添加,７０ｇ,10,11/15まで,-,-,-,-,-,-
4902397868354 ,カルカンパウチ　やわらかパテかつおささみ無添加,７０ｇ,10,11/15まで,-,-,-,-,-,-
4902397872818 ,カルカンパウチ　まぐろ,６０ｇ,10,11/15まで,-,-,-,-,-,-
4902397872825 ,カルカンパウチ　まぐろかつお節,６０ｇ,10,11/15まで,-,-,-,-,-,-
4902397872856 ,カルカンパウチ　まぐろさけ,６０ｇ,10,11/15まで,-,-,-,-,-,-
4902397872887 ,カルカンパウチ　海の幸まぐろ・鰹・帆立,６０ｇ,10,11/15まで,-,-,-,-,-,-
4902397872894 ,カルカンパウチ　お魚ミックスまぐろ・鰹・白身魚,６０ｇ,10,11/15まで,-,-,-,-,-,-
4902397872900 ,カルカンパウチ　魚肉ミックスまぐろ・鰹・笹身,６０ｇ,10,11/15まで,-,-,-,-,-,-
4902397872917 ,カルカンパウチ　魚ミックスまぐろ・鰹・たい,６０ｇ,10,11/15まで,-,-,-,-,-,-
4902397872924 ,カルカンパウチ　海の幸まぐろ・白身魚・帆立,６０ｇ,10,11/15まで,-,-,-,-,-,-
4902397872931 ,カルカンパウチ　かつお節入まぐろささみ,６０ｇ,10,11/15まで,-,-,-,-,-,-
4902397872955 ,カルカンパウチ　４種まぐろ・鯛・蟹かま笹身,６０ｇ,10,11/15まで,-,-,-,-,-,-
4902397872986 ,カルカンパウチ　味わいチキン,６０ｇ,10,11/15まで,-,-,-,-,-,-
4902397873006 ,カルカンパウチ　まぐろ平目,６０ｇ,10,11/15まで,-,-,-,-,-,-
4902397873044 ,カルカンパウチ　子ねこ用まぐろ,６０ｇ,10,11/15まで,-,-,-,-,-,-
4902397873099 ,カルカンパウチ　子猫魚肉ミックスまぐろ・鰹・笹身,６０ｇ,10,11/15まで,-,-,-,-,-,-
4902397873129 ,カルカンパウチ　１１歳まぐろ,６０ｇ,10,11/15まで,-,-,-,-,-,-
4902397873143 ,カルカンパウチ　１５歳まぐろ,６０ｇ,10,11/15まで,-,-,-,-,-,-
4902397873167 ,カルカンパウチ　１５歳まぐろたい,６０ｇ,10,11/15まで,-,-,-,-,-,-
4902397873181 ,カルカンパウチ　１８歳まぐろ,６０ｇ,10,11/15まで,-,-,-,-,-,-
4902397873259 ,カルカンパウチ　パテまぐろ無添加,６０ｇ,10,11/15まで,-,-,-,-,-,-
4902397873266 ,カルカンパウチ　パテかつお無添加,６０ｇ,10,11/15まで,-,-,-,-,-,-
4902397873273 ,カルカンパウチ　パテささみ無添加,６０ｇ,10,11/15まで,-,-,-,-,-,-
4902397873280 ,カルカンパウチ　パテまぐろ帆立無添加,６０ｇ,10,11/15まで,-,-,-,-,-,-
4902397873297 ,カルカンパウチ　パテまぐろたい無添加,６０ｇ,10,11/15まで,-,-,-,-,-,-
4902397873303 ,カルカンパウチ　パテお魚お肉無添加,６０ｇ,10,11/15まで,-,-,-,-,-,-
4902397873310 ,カルカンパウチ　子ねこパテまぐろ無添加,６０ｇ,10,11/15まで,-,-,-,-,-,-
4902397873327 ,カルカンパウチ　１１歳ペーストまぐろ無添加,６０ｇ,10,11/15まで,-,-,-,-,-,-
4902407394347 ,ドライ＆ドライＵＰコンパクト４５０ｍＬ,４５０ｍＬ×３,10,11/15まで,-,-,-,-,-,-
4903111043798 ,シルコット９９．９９％除菌外出用９枚×３個,１０枚×３個,10,11/15まで,-,-,-,-,-,-
4903111052967 ,シルコットＲｅｆｒｅｓｈ　１０枚×２個ＳＡＢＯＮ,１０枚×２個,10,11/15まで,-,-,-,-,-,-
4903111053063 ,シルコットＲｅｆｒｅｓｈ　１０枚×２個ＦＩＧ,１０枚×２個,10,11/15まで,-,-,-,-,-,-
4903111053094 ,シルコットＲｅｆｒｅｓｈ　１０枚×２個ＨＩＮＯＫＩ,１０枚×２個,10,11/15まで,-,-,-,-,-,-
4903111394203 ,超快適マスク　ｅｖｅｒｙｄａｙ　ｆｉｔ大きめ５０枚,５０枚,10,11/15まで,-,-,-,-,-,-
4903111875122 ,ム－ニ－おしりふき水分厚手詰替６４枚×８トミカ,６４枚×８,10,11/15まで,-,-,-,-,-,-
4903111875207 ,シルコットノンアル除菌　外出用１０枚×３個,１０枚×３個,10,11/15まで,-,-,-,-,-,-
4903111985814 ,超快適マスク　ｅｖｅｒｙｄａｙ　ｆｉｔふつう５０枚,５０枚,10,11/15まで,-,-,-,-,-,-
4903301384533 ,アクロンふんわりなめからケア詰め替え特大,７６０ｍｌ,10,11/15まで,-,-,-,-,-,-
4903301384656 ,アクロン汗・皮脂スッキリケア詰め替え特大,７６０ｍｌ,10,11/15まで,-,-,-,-,-,-
4903320000230 ,マイメロ＆クロミ激落ちくんスニーカーＣシート,１０枚×３個,10,11/15まで,-,-,-,-,-,-
4903320000247 ,ポムポムプリン激落ちくんスニーカーＣシート,１０枚×３個,10,11/15まで,-,-,-,-,-,-
4903320045101 ,レック　水の激落ちくん　本体,４００ｍｌ,10,11/15まで,-,-,-,-,-,-
4903320047952 ,激落ちくん　トレループ　ホコリ取り　ハンディ時短,高密度ブラシ１セット,10,11/15まで,-,-,-,-,-,-
4903320119505 ,レック　鏡のダイヤモンドウロコ取り,１個入,10,11/15まで,-,-,-,-,-,-
4903320580060 ,レック　激落ちダブルキング,２個入,10,11/15まで,-,-,-,-,-,-
4987009111813 ,アラクス　ノーシンピュア　（Ｎ）,２４錠,10,11/15まで,-,-,-,-,-,-
4987107675538 ,第一三共　プロペトピュアベールａ,１００ｇ,10,11/15まで,-,-,-,-,-,-
4987115000124 ,金鳥の渦巻Ｖ　１０巻,１０巻,10,11/15まで,-,-,-,-,-,-
4987353191813 ,ユースキン　３０ｇチューブ,３０ｇ,10,11/15まで,-,-,-,-,-,-
4995860514018 ,ｍｋ　フロ釜＆バス用品まるごと洗浄,１５０ｇ,10,11/15まで,-,-,-,-,-,-
45126420 ,キシリトールガム（粒）ニューライムミント,１４粒,10,10/15まで,-,-,-,-,-,-
45126437 ,キシリトールガム（粒）ニューフレッシュミント,１４粒,10,10/15まで,-,-,-,-,-,-
4514410169951 ,湖池屋ストロング　梅ざんまい,５２ｇ,10,10/15まで,-,-,-,-,-,-
4514410179691 ,湖池屋プライドポテトＧＯＬＤ食塩不使用幸せ極みだし,５２ｇ,10,10/15まで,-,-,-,-,-,-
4514410179769 ,湖池屋プライドポテト１００％こぼれうに醤油（宗像）,５２ｇ,10,10/15まで,-,-,-,-,-,-
4514410179783 ,湖池屋プライドポテト１００％ゆず七味焼き鳥（京都）,５２ｇ,10,10/15まで,-,-,-,-,-,-
45174285 ,キシリトールガム＜コーラ＞,１４粒,10,10/15まで,-,-,-,-,-,-
45204210 ,キシリトールガム＜ストロベリー＞,１４粒,10,10/15まで,-,-,-,-,-,-
45204302 ,歯につきにくいガム粒記憶力を維持するタイプ,１４粒,10,10/15まで,-,-,-,-,-,-
45205088 ,マイニチケアガム体脂肪を減らすタイプ,１４粒,10,10/15まで,-,-,-,-,-,-
45205361 ,キシリトールガムピーチ,１４粒,10,10/15まで,-,-,-,-,-,-
4520699041789 ,グラン・デリパウチ　茶碗蒸し仕立て,１２０ｇ,10,10/15まで,-,-,-,-,-,-
4520699351505 ,グラン・デリパウチ　シチュー仕立て,１２０ｇ,10,10/15まで,-,-,-,-,-,-
4520699385500 ,グラン・デリパウチ　ポトフ仕立て,１２０ｇ,10,10/15まで,-,-,-,-,-,-
4520699408100 ,グラン・デリパウチ　肉じゃが仕立て,１２０ｇ,10,10/15まで,-,-,-,-,-,-
4520699419670 ,グラン・デリパウチ　そぼろ煮仕立て,１２０ｇ,10,10/15まで,-,-,-,-,-,-
4520699454442 ,グラン・デリパウチ　ミネストローネ仕立て,１２０ｇ,10,10/15まで,-,-,-,-,-,-
4520699603239 ,グラン・デリパウチほぐしビーフなんこつ,８０ｇ×４Ｐ,10,10/15まで,-,-,-,-,-,-
4520699603871 ,グラン・デリパウチジュレビーフなんこつ,８０ｇ×４Ｐ,10,10/15まで,-,-,-,-,-,-
4520699610732 ,グラン・デリパウチ　ささみほぐし　ビーフ＆レバー,８０ｇ８Ｐ,10,10/15まで,-,-,-,-,-,-
4520699610961 ,グラン・デリパウチ　ささみほぐし　ビーフ＆野菜,８０ｇ８Ｐ,10,10/15まで,-,-,-,-,-,-
4520699611210 ,グラン・デリパウチ　ささみほぐし　ビーフ＆いも,８０ｇ８Ｐ,10,10/15まで,-,-,-,-,-,-
4520699611388 ,グラン・デリ　国産ささみパウチジュレビーフ＆レバー,８０ｇ×８Ｐ,10,10/15まで,-,-,-,-,-,-
4520699611449 ,グラン・デリ　国産ささみパウチジュレ　ビーフ＆野菜,８０ｇ×８Ｐ,10,10/15まで,-,-,-,-,-,-
4520699612965 ,グラン・デリパウチ　ささみジュレ　ビーフ＆いも,８０ｇ８Ｐ,10,10/15まで,-,-,-,-,-,-
4520699627853 ,グラン・デリ総合栄養食パウチほぐし　成犬野菜チーズ,６５ｇ４Ｐ,10,10/15まで,-,-,-,-,-,-
4520699628133 ,グラン・デリ総合栄養食パウチジュレ　成犬野菜ビーフ,６５ｇ４Ｐ,10,10/15まで,-,-,-,-,-,-
4520699629192 ,グラン・デリ総合栄養食パウチほぐし　成犬軟骨ビーフ,６５ｇ４Ｐ,10,10/15まで,-,-,-,-,-,-
4520699630495 ,グラン・デリ総合栄養食パウチジュレ　成犬いもチーズ,６５ｇ４Ｐ,10,10/15まで,-,-,-,-,-,-
4520699630730 ,グラン・デリ総合栄養食パウチほぐし　高齢野菜チーズ,６５ｇ４Ｐ,10,10/15まで,-,-,-,-,-,-
4520699631287 ,グラン・デリ総合栄養食パウチジュレ　高齢野菜ビーフ,６５ｇ４Ｐ,10,10/15まで,-,-,-,-,-,-
4520699647103 ,グラン・デリパウチ無添加国産成犬用野菜さつまいも,７０ｇ×４Ｐ,10,10/15まで,-,-,-,-,-,-
4520699647547 ,グラン・デリパウチ無添加国産成犬用ビーフチーズ,７０ｇ×４Ｐ,10,10/15まで,-,-,-,-,-,-
4520699648063 ,グラン・デリパウチ無添加国産高齢犬用野菜チーズ,７０ｇ×４Ｐ,10,10/15まで,-,-,-,-,-,-
4520699658673 ,グラン・デリパウチ使い切　総合栄養ほぐし野菜チーズ,１２０ｇ,10,10/15まで,-,-,-,-,-,-
4520699658734 ,グラン・デリパウチ使い切　総合栄養ジュレ野菜ビーフ,１２０ｇ,10,10/15まで,-,-,-,-,-,-
4520699658963 ,グラン・デリパウチ使い切　総合ほぐし高齢野菜チーズ,１２０ｇ,10,10/15まで,-,-,-,-,-,-
4520699659045 ,グラン・デリパウチ使い切　総合ジュレ高齢野菜ビーフ,１２０ｇ,10,10/15まで,-,-,-,-,-,-
4520699664452 ,グラン・デリパウチほぐし成犬バラエティ緑黄色野菜,８０ｇ×４Ｐ,10,10/15まで,-,-,-,-,-,-
4520699664919 ,グラン・デリパウチジュレ成犬バラエティ緑黄色野菜,８０ｇ×４Ｐ,10,10/15まで,-,-,-,-,-,-
4520699665022 ,グラン・デリパウチほぐし１３歳バラエティ緑黄色野菜,８０ｇ×４Ｐ,10,10/15まで,-,-,-,-,-,-
4520699665343 ,グラン・デリパウチジュレ１３歳バラエティ緑黄色野菜,８０ｇ×４Ｐ,10,10/15まで,-,-,-,-,-,-
4520699667255 ,グラン・デリパウチ　ほぐしブロッコリー×かぼちゃ,８０ｇ×４Ｐ,10,10/15まで,-,-,-,-,-,-
4520699667385 ,グラン・デリパウチ　ジュレブロッコリー×かぼちゃ,８０ｇ×４Ｐ,10,10/15まで,-,-,-,-,-,-
4520699697474 ,グラン・デリパウチ使い切り　ほぐし成犬野菜チーズ,２０ｇ×８個,10,10/15まで,-,-,-,-,-,-
4520699698167 ,グラン・デリパウチ使い切り　ジュレ成犬野菜ビーフ,２０ｇ×８個,10,10/15まで,-,-,-,-,-,-
4520699698259 ,グラン・デリパウチ使い切り　ほぐし高齢犬野菜チーズ,２０ｇ×８個,10,10/15まで,-,-,-,-,-,-
4520699698662 ,グラン・デリパウチ使い切り　ジュレ高齢犬野菜ビーフ,２０ｇ×８個,10,10/15まで,-,-,-,-,-,-
45217418 ,キシリトールガムマスカット,１４粒,10,10/15まで,-,-,-,-,-,-
4547894660515 ,オレオ　バニラクリーム,１０枚（５枚×２パック）,10,10/15まで,-,-,-,-,-,-
4547894660522 ,オレオ　チョコレートクリーム,１０枚（５枚×２パック）,10,10/15まで,-,-,-,-,-,-
4547894660591 ,オレオ　いちごクリーム,１０枚,10,10/15まで,-,-,-,-,-,-
45989612 ,キシリトールガム　ロングミント＜オリジナルミント＞,１４粒,10,10/15まで,-,-,-,-,-,-
45990601 ,キシリトールガムソーダ,１４粒,10,10/15まで,-,-,-,-,-,-
4901313282540 ,亀田の柿の種トレイルミックス,７５ｇ,10,10/15まで,-,-,-,-,-,-
4901335116342 ,ポテトチップスのり醤油,５０ｇ,10,10/15まで,-,-,-,-,-,-
4901335118865 ,ポテトチップス　ハニー＆バター,５５ｇ,10,10/15まで,-,-,-,-,-,-
4901335118964 ,ポテトチップス　のり塩,５５ｇ,10,10/15まで,-,-,-,-,-,-
4901335118971 ,ポテトチップス　じゃがいもと塩,５５ｇ,10,10/15まで,-,-,-,-,-,-
4901335118988 ,ポテトチップス　金のコンソメ,５５ｇ,10,10/15まで,-,-,-,-,-,-
4901335118995 ,ポテトチップス　ガーリック,５０ｇ,10,10/15まで,-,-,-,-,-,-
4901360353606 ,アルフォートミニチョコレート,１２個,10,10/15まで,-,-,-,-,-,-
4901360353620 ,アルフォートミニチョコレートバニラホワイト,１２個,10,10/15まで,-,-,-,-,-,-
4901360353637 ,アルフォートミニチョコレートストロベリー,１２個,10,10/15まで,-,-,-,-,-,-
4901360354177 ,ルマンド,１２本,10,10/15まで,-,-,-,-,-,-
4901360354184 ,バームロール,７本,10,10/15まで,-,-,-,-,-,-
4901360354191 ,チョコリエール,１４本,10,10/15まで,-,-,-,-,-,-
4901360354207 ,ホワイトロリータ,１４本,10,10/15まで,-,-,-,-,-,-
4901360354214 ,エリーゼ北海道ミルク,１６本,10,10/15まで,-,-,-,-,-,-
4901360359936 ,ラングレイス,１１本,10,10/15まで,-,-,-,-,-,-
4901360362189 ,アルフォートミニチョコレートショコラサブレ,１２個,10,10/15まで,-,-,-,-,-,-
4901360363940 ,ルーベラ,８本,10,10/15まで,-,-,-,-,-,-
4901360364169 ,アルフォートミニチョコレートリッチミルク,１２個,10,10/15まで,-,-,-,-,-,-
4901360368259 ,アルフォートミニチョコレート和栗モンブラン味,１２個,10,10/15まで,-,-,-,-,-,-
4901360368457 ,ショコロ,６個,10,10/15まで,-,-,-,-,-,-
4901626012773 ,おかき餅　２種ののり味,８２ｇ,10,10/15まで,-,-,-,-,-,-
4901626012858 ,おかき餅　２種のざらめ味,８０ｇ,10,10/15まで,-,-,-,-,-,-
4901626023441 ,ぱりんこ　のり塩味,３２枚,10,10/15まで,-,-,-,-,-,-
4901626025353 ,ぱりんこ,３２枚,10,10/15まで,-,-,-,-,-,-
4901626030210 ,えび活,２２枚,10,10/15まで,-,-,-,-,-,-
4901626038773 ,じゃこ気分,２４枚,10,10/15まで,-,-,-,-,-,-
4901626046020 ,ママのイチオシ,１０８ｇ,10,10/15まで,-,-,-,-,-,-
4901626051406 ,ガーリックチーズアーモンド,１４枚,10,10/15まで,-,-,-,-,-,-
4901626058412 ,チーズアーモンド,１５枚,10,10/15まで,-,-,-,-,-,-
4901626084039 ,わが家のテッパン,１１０ｇ,10,10/15まで,-,-,-,-,-,-
4901820161420 ,パスコ　超熟食パン,５枚,10,10/15まで,-,-,-,-,-,-
4901820161437 ,超熟食パン　６枚,６枚,10,10/15まで,-,-,-,-,-,-
4901820162205 ,パスコ　超熟食パン,４枚,10,10/15まで,-,-,-,-,-,-
4901820162489 ,超熟食パン　８枚,８個,10,10/15まで,-,-,-,-,-,-
4901820162922 ,超熟食パン山型　５枚,５個,10,10/15まで,-,-,-,-,-,-
4901820357380 ,超熟山型６枚,６枚,10,10/15まで,-,-,-,-,-,-
4901990044059 ,マルちゃん焼きそば　３食,１５０ｇ×３,10,10/15まで,-,-,-,-,-,-
4901990345996 ,マルちゃん焼そば　塩　３食,１３５ｇ×３,10,10/15まで,-,-,-,-,-,-
4901990546157 ,マルちゃん　焼うどん醤油　２色,２００ｇ×２,10,10/15まで,-,-,-,-,-,-
4902188225724 ,無糖ＢＬＡＣＫ,２２０ｍｌ,10,10/15まで,-,-,-,-,-,-
4902188225731 ,カフェラテ,２００ｍｌ,10,10/15まで,-,-,-,-,-,-
4902188227490 ,コメダ珈琲店フルーツミックススムージー,３００ｇ,10,10/15まで,-,-,-,-,-,-
4902188324649 ,のむアサイーボウル,２００ｇ,10,10/15まで,-,-,-,-,-,-
4902188325103 ,コメダ珈琲店のむ珈琲ゼリー,３００ｇ,10,10/15まで,-,-,-,-,-,-
4902705014541 ,明治ザバスミルク脂肪０ココア風味,２００ｍＬ,10,10/15まで,-,-,-,-,-,-
4902705014558 ,明治ザバスミルク脂肪０バニラ風味,２００ｍＬ,10,10/15まで,-,-,-,-,-,-
4902705018099 ,明治ザバスミルク脂肪０バナナ風味,２００ｍＬ,10,10/15まで,-,-,-,-,-,-
4902705033863 ,明治ザバスミルク脂肪０ミルク風味,２００ｍＬ,10,10/15まで,-,-,-,-,-,-
4902705068087 ,明治ザバスミルク脂肪０チョコレート風味,２００ｍＬ,10,10/15まで,-,-,-,-,-,-
4902705095175 ,明治ザバスソイプロテインソイラテ風味,２００ｍＬ,10,10/15まで,-,-,-,-,-,-
4902705095465 ,明治ザバスミルクキャラメル風味,２００ｍｌ,10,10/15まで,-,-,-,-,-,-
4902705099425 ,明治ザバスミルク脂肪０ストロベリー風味,２００ｍｌ,10,10/15まで,-,-,-,-,-,-
4902705099531 ,明治ザバスミルク＋ＹｅｌｌｏｗＶｅｇｅｔａｂｌｅ,２００ｍＬ,10,10/15まで,-,-,-,-,-,-
4902705127555 ,明治ザバスミルク脂肪０イチゴ風味,２００ｍＬ,10,10/15まで,-,-,-,-,-,-
4902705128538 ,明治ザバスミルク脂肪０　アーモンド風味,２００ｍＬ,10,10/15まで,-,-,-,-,-,-
4902705128835 ,明治ザバスＳｈａｐｅ＆Ｂｅａｕｔｙキャラメル風味,２００ｍＬ,10,10/15まで,-,-,-,-,-,-
4902705128842 ,明治ザバスミルク脂肪０ビターショコラ風味,２００ｍＬ,10,10/15まで,-,-,-,-,-,-
4902705129719 ,明治ザバスミルク＋ＧｒｅｅｎＶｅｇｅｔａｂｌｅ,２００ｍＬ,10,10/15まで,-,-,-,-,-,-
4902705131552 ,明治ザバスミルク脂肪０パインミックス風味,２００ｍＬ,10,10/15まで,-,-,-,-,-,-
4902705131910 ,明治ザバスソイプロテインソイラテ風味,２００ｍＬ,10,10/15まで,-,-,-,-,-,-
4902705131972 ,明治ザバスジュニアプロテイン脂肪０チョコバナナ風味,２００ｍＬ,10,10/15まで,-,-,-,-,-,-
4902705132306 ,明治ザバスＢＩＯＰＲＯヨーグルト味,３００ｍＬ,10,10/15まで,-,-,-,-,-,-
4902705133020 ,明治ザバスＢＩＯＰＲＯブルーベリー風味,３００ｍＬ,10,10/15まで,-,-,-,-,-,-
4902705133044 ,明治ザバスソイプロテイン糖類０ココア味,２００ｍＬ,10,10/15まで,-,-,-,-,-,-
4902720113267 ,ビヒダスＢＢ５３６ヨーグルト　プレーン加糖,１１２ｇ,10,10/15まで,-,-,-,-,-,-
4902720142465 ,森永ビヒダスヨーグルト便通改善,１００ｇ,10,10/15まで,-,-,-,-,-,-
4902720143172 ,リプトンＣＲＥＡＭＹ紅茶ラテ,２４０ｍｌ,10,10/15まで,-,-,-,-,-,-
4902720150125 ,ビヒダスヨーグルト　便通改善　脂肪ゼロ,１００ｇ,10,10/15まで,-,-,-,-,-,-
4902720155205 ,リプトン　レモンティー,９００ｍｌ,10,10/15まで,-,-,-,-,-,-
4902720155229 ,リプトン　ミルクティー,９００ｍｌ,10,10/15まで,-,-,-,-,-,-
4902720155403 ,リプトン　ジャスミンミルクティー,２４０ｍｌ,10,10/15まで,-,-,-,-,-,-
4902720162913 ,ビヒダス　便通改善　１日分の鉄分ドリンクタイプ,１００ｇ,10,10/15まで,-,-,-,-,-,-
4902720162937 ,認知機能対策ヨーグルト　ドリンクタイプ,１００ｇ,10,10/15まで,-,-,-,-,-,-
4902720163132 ,リプトン　アールグレイティーラテ,２４０ｍｌ,10,10/15まで,-,-,-,-,-,-
4902720163460 ,森永牛乳で飲むココア,２４０ｍｌ,10,10/15まで,-,-,-,-,-,-
4902720168021 ,リプトン　白桃烏龍ティーエード,２４０ｍｌ,10,10/15まで,-,-,-,-,-,-
4902720168199 ,リプトン　キャラメルミルクティー,２４０ｍｌ,10,10/15まで,-,-,-,-,-,-
4902720168489 ,リプトン　アップルティー,９００ｍｌ,10,10/15まで,-,-,-,-,-,-
4902777040905 ,たけのこの里いちご＆ショコラ,６１ｇ,10,10/15まで,-,-,-,-,-,-
4902777049304 ,きのこの山いちご＆ショコラ,６４ｇ,10,10/15まで,-,-,-,-,-,-
4902777237022 ,たけのこの里,６３ｇ,10,10/15まで,-,-,-,-,-,-
4902777237596 ,きのこの山,６６ｇ,10,10/15まで,-,-,-,-,-,-
4902777240701 ,たけのこの里西尾抹茶,６１ｇ,10,10/15まで,-,-,-,-,-,-
4902777240718 ,きのこの山宇治抹茶,６４ｇ,10,10/15まで,-,-,-,-,-,-
4903110097273 ,スイートブレッド（５）,５個入,10,10/15まで,-,-,-,-,-,-
4903110097297 ,スイートブレッド（６）,６個入,10,10/15まで,-,-,-,-,-,-
4903110098980 ,ルヴァンバターロールマーガリン入り６,６個入,10,10/15まで,-,-,-,-,-,-
4903110111009 ,ルヴァン黒糖入りロールマーガリン入り６,６個入,10,10/15まで,-,-,-,-,-,-
4903110703556 ,ルヴァンレーズンバターロール（５）マーガリン入り,５個入,10,10/15まで,-,-,-,-,-,-
4903333201563 ,クランキービッグパウチ＜ザクザククッキー＞,７２ｇ,10,10/15まで,-,-,-,-,-,-
4903333245291 ,たっぷり果実とビタミングミ,５０ｇ,10,10/15まで,-,-,-,-,-,-
4903333249930 ,カジッテ　マニア完熟ゴールデンパイン,４９ｇ,10,10/15まで,-,-,-,-,-,-
49410471 ,森永ビヒダスヨーグルト便通改善ドリンクタイプ,１００ｇ,10,10/15まで,-,-,-,-,-,-
4946842527816 ,アサヒ　クリーム玄米ブランブルーベリー,２枚Ｘ２袋,10,10/15まで,-,-,-,-,-,-
4946842527823 ,アサヒ　クリーム玄米ブランカカオ,２枚×２袋,10,10/15まで,-,-,-,-,-,-
4946842527847 ,アサヒ　クリーム玄米ブランメープル,２枚×２袋,10,10/15まで,-,-,-,-,-,-
4946842529056 ,アサヒ　クリーム玄米ブラン８０ｋｃａｌバニラミルク,５４ｇ,10,10/15まで,-,-,-,-,-,-
4946842529063 ,アサヒ　クリーム玄米ブラン８０ｋｃａｌビターチョコ,５４ｇ,10,10/15まで,-,-,-,-,-,-
4946842529513 ,アサヒ　クリーム玄米ブラン８０ｋｃａｌ抹茶キャラメ,５４ｇ,10,10/15まで,-,-,-,-,-,-
4946842529988 ,アサヒ　クリーム玄米ブランプラス豆乳カスタード,７２ｇ,10,10/15まで,-,-,-,-,-,-
4946842529995 ,アサヒ　クリーム玄米ブランプラスごま＆塩バター,７２ｇ,10,10/15まで,-,-,-,-,-,-
4946842540259 ,アサヒ　クリーム玄米ブラン贅沢１０素材いちごバター,５０ｇ,10,10/15まで,-,-,-,-,-,-
4946842540495 ,アサヒ　クリーム玄米ブラン贅沢１０素材　ミルク,５０ｇ,10,10/15まで,-,-,-,-,-,-
4946842540945 ,アサヒ　クリーム玄米ブランヨーグルト,２枚Ｘ２袋,10,10/15まで,-,-,-,-,-,-
4946842541027 ,アサヒ　クリーム玄米ブランプラスアーモンドクリーム,７２ｇ,10,10/15まで,-,-,-,-,-,-
4946842541294 ,アサヒ　クリーム玄米ブラン贅沢１０素材　チーズ,２個,10,10/15まで,-,-,-,-,-,-
4946842541331 ,アサヒ　クリーム玄米ブラン甘夏＆日向夏,２枚Ｘ２袋,10,10/15まで,-,-,-,-,-,-
4946842541454 ,アサヒ　クリーム玄米ブラン贅沢１０素材　さつまいも,５０ｇ,10,10/15まで,-,-,-,-,-,-
4946842541478 ,アサヒ　クリーム玄米ブランレーズンバター,２枚Ｘ２袋,10,10/15まで,-,-,-,-,-,-
4946842541782 ,アサヒ　素材たっぷり　クリーム玄米ブラン　いちご,２個,10,10/15まで,-,-,-,-,-,-
4946842541799 ,アサヒ　素材たっぷり　クリーム玄米ブラン　りんご,２個,10,10/15まで,-,-,-,-,-,-
4946842541881 ,アサヒ　クリーム玄米ブラン白桃,２枚Ｘ２袋,10,10/15まで,-,-,-,-,-,-
4946842541935 ,アサヒ　玄米ブラン　午後のひといき　華やぐＡｇ,３個,10,10/15まで,-,-,-,-,-,-
4946842541959 ,アサヒ　玄米ブラン　午後のひといき　やすらぐＳｋ,３個,10,10/15まで,-,-,-,-,-,-
49777048 ,キシリトール　ガム＜グレープ＞,１４粒,10,10/15まで,-,-,-,-,-,-
49837896 ,ビヒダスヨーグルト　便通改善　脂肪ゼロ　　ドリンク,１００ｇ,10,10/15まで,-,-,-,-,-,-
45216664 ,おいしい免疫ケア　睡眠,１００ｍｌ,10,11/15まで,-,-,-,-,-,-
45216671 ,キリン　おいしい免疫ケア,１００ｍｌ,10,11/15まで,-,-,-,-,-,-
45216688 ,キリン　おいしい免疫ケア　カロリーオフ,１００ｍｌ,10,11/15まで,-,-,-,-,-,-
45226649 ,カルピス　ＰＬＵＳカルピス睡眠腸活ケア　１Ｐ,１００ｍｌ,10,11/15まで,-,-,-,-,-,-
45226809 ,キリン　おいしい免疫ケア　ダブルビタミン,１００ｍｌ,10,11/15まで,-,-,-,-,-,-
45226816 ,おいしい免疫ケア　セラミドプラス,１００ｍｌ,10,11/15まで,-,-,-,-,-,-
45226830 ,つよいぞ！ムテキッズ,１００ｍｌ,10,11/15まで,-,-,-,-,-,-
4562343855359 ,ｍｋ　こんにゃくゼリー３種のアソートぶどう,３０個,10,11/15まで,-,-,-,-,-,-
4562343856974 ,ｍｋ　こんにゃくゼリー３種のアソートマスカット,３０個,10,11/15まで,-,-,-,-,-,-
4573142071772 ,日本薬健　金の青汁純国産大麦若葉ペットボトル,２３５ＭＬ,10,11/15まで,-,-,-,-,-,-
4580072574822 ,ｍｋ　ポタージュスープ　８Ｐ,８Ｐ,10,11/15まで,-,-,-,-,-,-
4582387322235 ,ｍｋ　コーンクリームスープ　８Ｐ,８Ｐ,10,11/15まで,-,-,-,-,-,-
4582387322242 ,ｍｋ　わかめスープ　８Ｐ,８Ｐ,10,11/15まで,-,-,-,-,-,-
4901005001831 ,ジャイアントカプリコ＜いちご＞,１本,10,11/15まで,-,-,-,-,-,-
4901005001855 ,ジャイアントカプリコ＜ミルク＞,１本,10,11/15まで,-,-,-,-,-,-
4901085622438 ,ブルーベリーミックス,２００ｍｌ,10,11/15まで,-,-,-,-,-,-
4901085622452 ,ザクロミックス,２００ｍｌ,10,11/15まで,-,-,-,-,-,-
4901085622490 ,ごくごく飲める毎日１杯の青汁無糖,２００ｍｌ,10,11/15まで,-,-,-,-,-,-
4901085622513 ,ごくごく飲める毎日１杯の青汁ソイラテ,２００ｍｌ,10,11/15まで,-,-,-,-,-,-
4901085624401 ,栄養強化型１日分の野菜,２００ｍｌ,10,11/15まで,-,-,-,-,-,-
4901085638743 ,充実野菜理想のトマト,２００ｍｌ,10,11/15まで,-,-,-,-,-,-
4901085650523 ,鉄分野菜,２００ｍｌ,10,11/15まで,-,-,-,-,-,-
4901085664544 ,１日分の野菜ヒアルロン酸プラス,２００ｍｌ,10,11/15まで,-,-,-,-,-,-
4901330594145 ,ポテトチップスザ厚切りのためのうすしお味,５５ｇ,10,11/15まで,-,-,-,-,-,-
4901330594190 ,ポテトチップスザ厚切りのためののりしお味,５５ｇ,10,11/15まで,-,-,-,-,-,-
4901330594435 ,ポテトチップスザ厚切りのためのコンソメ味,５５ｇ,10,11/15まで,-,-,-,-,-,-
4901330594947 ,ポテトチップスザ厚切りのためのコンソメ味,５５ｇ,10,11/15まで,-,-,-,-,-,-
4901330600754 ,夏ポテト対馬の浜御塩味,６０ｇ,10,11/15まで,-,-,-,-,-,-
4901330600761 ,夏ポテト紀州の南高梅味,６０ｇ,10,11/15まで,-,-,-,-,-,-
4901330600785 ,ア・ラ・ポテトじゃがバター味,６０ｇ,10,11/15まで,-,-,-,-,-,-
4901330600792 ,ア・ラ・ポテトうすしお味,６０ｇ,10,11/15まで,-,-,-,-,-,-
4901330749231 ,フルグラボールいちごみるく味,２６ｇ,10,11/15まで,-,-,-,-,-,-
4901330910884 ,カルビー堅あげポテト九州しょうゆ,６３ｇ,10,11/15まで,-,-,-,-,-,-
4901330910914 ,カルビー堅あげポテト関西だししょうゆ,６３ｇ,10,11/15まで,-,-,-,-,-,-
4901330914813 ,カルビー堅あげポテト焼きのり味,６５ｇ,10,11/15まで,-,-,-,-,-,-
4901330918101 ,堅あげポテトうすしお味,６５ｇ,10,11/15まで,-,-,-,-,-,-
4901330920524 ,堅あげポテトブラックペッパー,６５ｇ,10,11/15まで,-,-,-,-,-,-
4901330923501 ,堅あげポテト塩わさび味,６０ｇ,10,11/15まで,-,-,-,-,-,-
4901330923617 ,堅あげポテトねぎ塩だれ味,６０ｇ,10,11/15まで,-,-,-,-,-,-
4901330923631 ,堅あげポテト焼きとうもろこし味,６０ｇ,10,11/15まで,-,-,-,-,-,-
4901335123456 ,Ｌａｒｇｅサイズ　カラムーチョチップスホットチリ味,１０８ｇ,10,11/15まで,-,-,-,-,-,-
4901335123463 ,Ｌａｒｇｅサイズ　すっぱムーチョチップスさっぱり梅,１０８ｇ,10,11/15まで,-,-,-,-,-,-
4901335123494 ,Ｌａｒｇｅサイズ　カラムーチョチップス　ホットチリ,１０５ｇ,10,11/15まで,-,-,-,-,-,-
4901335123500 ,Ｌａｒｇｅサイズ　すっぱムーチョチップス　さっぱり,１０５ｇ,10,11/15まで,-,-,-,-,-,-
4901335156386 ,Ｌａｒｇｅサイズ　ポテトチップス　のり塩,１１２ｇ,10,11/15まで,-,-,-,-,-,-
4901335156393 ,Ｌａｒｇｅサイズ　ポテトチップス　じゃがいもと塩,１１２ｇ,10,11/15まで,-,-,-,-,-,-
4901335156409 ,Ｌａｒｇｅサイズ　ポテトチップス　金のコンソメ,１１２ｇ,10,11/15まで,-,-,-,-,-,-
4901335156447 ,Ｌａｒｇｅサイズ　ポテトチップス　のり塩,１０８ｇ,10,11/15まで,-,-,-,-,-,-
4901335156454 ,Ｌａｒｇｅサイズ　ポテトチップス　じゃがいもと塩,１０８ｇ,10,11/15まで,-,-,-,-,-,-
4901335156461 ,Ｌａｒｇｅサイズ　ポテトチップス　金のコンソメ,１０８ｇ,10,11/15まで,-,-,-,-,-,-
4901335606652 ,完全メシ　カラムーチョ　辛旨！スパイスカレー,３８ｇ,10,11/15まで,-,-,-,-,-,-
4901351026854 ,ピュレグミすいすい塩スイカ,５２ｇ,10,11/15まで,-,-,-,-,-,-
4901351058626 ,ピュレグミレモン,５６ｇ,10,11/15まで,-,-,-,-,-,-
4901351058633 ,ピュレグミグレープ,５６ｇ,10,11/15まで,-,-,-,-,-,-
4901351058640 ,ピュレグミ　マスカット,５６ｇ,10,11/15まで,-,-,-,-,-,-
4902181103470 ,ｍｋ　チーズｉｎかまぼこ,１７４ｇ,10,11/15まで,-,-,-,-,-,-
4902181103487 ,ｍｋ　チーズｉｎかまぼこ　ピリ辛味,１７４ｇ,10,11/15まで,-,-,-,-,-,-
4902450208134 ,ぼんち揚　チャック付,１００ｇ,10,11/15まで,-,-,-,-,-,-
4902450251239 ,辛子明太子大型揚せん,６枚,10,11/15まで,-,-,-,-,-,-
4902508003759 ,食育レシピひじきといわしつみれのあんかけ,８０ｇ,10,11/15まで,-,-,-,-,-,-
4902508003766 ,食育レシピ豆腐ハンバーグ,８０ｇ,10,11/15まで,-,-,-,-,-,-
4902508003773 ,食育レシピ中華風鶏レバーあんかけ（豚肉入り）,８０ｇ,10,11/15まで,-,-,-,-,-,-
4902508003780 ,食育レシピ鯛の釜めし,８０ｇ,10,11/15まで,-,-,-,-,-,-
4902508003797 ,食育レシピ鮭しらすのまぜごはん,８０ｇ,10,11/15まで,-,-,-,-,-,-
4902508003803 ,食育レシピ牛肉のトマトリゾット,８０ｇ,10,11/15まで,-,-,-,-,-,-
4902508003810 ,食育レシピ海鮮まぐろチャーハン,８０ｇ,10,11/15まで,-,-,-,-,-,-
4902508003827 ,食育レシピ鶏とかぼちゃのクリームグラタン,８０ｇ,10,11/15まで,-,-,-,-,-,-
4902508007740 ,食育レシピ牛肉と豆腐のすき焼き,８０ｇ,10,11/15まで,-,-,-,-,-,-
4902508007757 ,食育レシピまぐろとえだ豆の中華煮,８０ｇ,10,11/15まで,-,-,-,-,-,-
4902508007764 ,食育レシピ鮭と野菜の炊き込みごはん,８０ｇ,10,11/15まで,-,-,-,-,-,-
4902508007771 ,食育レシピいわしだんご八宝菜,８０ｇ,10,11/15まで,-,-,-,-,-,-
4902508007788 ,食育レシピ牛肉のトマトカレー,８０ｇ,10,11/15まで,-,-,-,-,-,-
4902508007795 ,食育レシピシャキシャキれんこん鶏つくね,８０ｇ,10,11/15まで,-,-,-,-,-,-
4902508007801 ,食育レシピきのこソースハンバーグ（豆腐入り）,８０ｇ,10,11/15まで,-,-,-,-,-,-
4902508007818 ,食育レシピ鶏レバーとごぼうの煮物（豚肉入り）,８０ｇ,10,11/15まで,-,-,-,-,-,-
4902508030199 ,乳酸菌ウォーター,５００ｍｌ,10,11/15まで,-,-,-,-,-,-
4902508134415 ,ぷちグルト,１００ｍｌ３個,10,11/15まで,-,-,-,-,-,-
4902508135115 ,ベビー麦茶紙パック,１２５ｍｌ　３個,10,11/15まで,-,-,-,-,-,-
4902508135122 ,ミネラルアクア,１２５ｍｌ　３個,10,11/15まで,-,-,-,-,-,-
4902508135139 ,キャロット＆アップル紙パック,１２５ｍｌ　３個,10,11/15まで,-,-,-,-,-,-
4902508135146 ,緑黄色野菜＆リンゴ紙パック,１２５ｍｌ　３個,10,11/15まで,-,-,-,-,-,-
4902508135153 ,緑黄色野菜＆ぶどう紙パック,１２５ｍｌ　３個,10,11/15まで,-,-,-,-,-,-
4902508135825 ,ベビー麦茶,５００ｍｌ,10,11/15まで,-,-,-,-,-,-
4902508135832 ,ベビーほうじ茶,５００ｍｌ,10,11/15まで,-,-,-,-,-,-
4902508135856 ,ベビーイオン飲料,５００ｍｌ,10,11/15まで,-,-,-,-,-,-
4902508135870 ,アップル＆Ｗ,５００ｍｌ,10,11/15まで,-,-,-,-,-,-
4902508135894 ,ピュアウォーター,５００ｍｌ,10,11/15まで,-,-,-,-,-,-
4902508135931 ,りんご１００　１２５ｍｌＸ３コパック,１２５ｍｌ×３パック,10,11/15まで,-,-,-,-,-,-
4902508135948 ,朝のくだものミックス　１２５ｍｌＸ３コパック,１２５ＭＬ×３パック,10,11/15まで,-,-,-,-,-,-
4902508137676 ,すっきりアクア　りんご,５００ｍｌ,10,11/15まで,-,-,-,-,-,-
4902508137683 ,すっきりアクア　もも,５００ｍｌ,10,11/15まで,-,-,-,-,-,-
4902508137713 ,すっきりアクア　りんご,１２５ｍｌ　３個,10,11/15まで,-,-,-,-,-,-
4902508137959 ,赤ちゃんのやさい茶　もろこし玄米,５００ｍｌ,10,11/15まで,-,-,-,-,-,-
4902508273480 ,くだものスムージー　ＭＩＮＯＴＴＡ　ふじりんご,７０ｇ,10,11/15まで,-,-,-,-,-,-
4902508273497 ,くだものスムージー　ＭＩＮＯＴＴＡ　温州みかんミッ,７０ｇ,10,11/15まで,-,-,-,-,-,-
4902508273510 ,くだものスムージー　ＭＩＮＯＴＴＡ　とちおとめ,７０ｇ,10,11/15まで,-,-,-,-,-,-
4902508275231 ,栄養士監修幼児食　牛肉のキーマカレー,１００ｇ,10,11/15まで,-,-,-,-,-,-
4902508275248 ,栄養士監修幼児食　欧風バターチキンカレー,１００ｇ,10,11/15まで,-,-,-,-,-,-
4902508275255 ,栄養士監修幼児食　玉ねぎたっぷり豆腐ハンバーグ,１００ｇ,10,11/15まで,-,-,-,-,-,-
4902508275262 ,栄養士監修幼児食　完熟トマトの煮込みハンバーグ,１００ｇ,10,11/15まで,-,-,-,-,-,-
4902508275279 ,栄養士監修幼児食　牛肉と香味野菜のミートソース,１００ｇ,10,11/15まで,-,-,-,-,-,-
4902508275286 ,栄養士監修幼児食　合わせだしのサバの味噌煮,８０ｇ,10,11/15まで,-,-,-,-,-,-
4902508275293 ,栄養士監修幼児食　サバと野菜のトマト煮,８０ｇ,10,11/15まで,-,-,-,-,-,-
4902508276474 ,やさいスムージー　ＭＩＮＯＴＴＡ　にんじんミックス,７０ｇ,10,11/15まで,-,-,-,-,-,-
4902508276481 ,やさいスムージー　ＭＩＮＯＴＴＡ　緑のやさいミック,７０ｇ,10,11/15まで,-,-,-,-,-,-
4902508278997 ,元気アップＣａ　たまごぼうろ,４袋,10,11/15まで,-,-,-,-,-,-
4520699040423 ,ＡｌｌＷｅｌｌ　１０種自然素材室内猫サーモンツナ,１１０ｇ,10,11/15まで,-,-,-,-,-,-
4520699182758 ,ＡｌｌＷｅｌｌ　１０種自然素材１０歳サーモンツナ,１１０ｇ,10,11/15まで,-,-,-,-,-,-
4520699252628 ,ＡｌｌＷｅｌｌ　１０種自然素材室内猫チキン,１１０ｇ,10,11/15まで,-,-,-,-,-,-
4520699603949 ,銀のスプ－ン缶　とろけるまぐろ,７０ｇ,10,11/15まで,-,-,-,-,-,-
4520699608166 ,銀のスプーン缶　１３歳以上用　まぐろかつおかつお節,７０ｇ,10,11/15まで,-,-,-,-,-,-
4520699608234 ,銀のスプーン缶　１５歳以上用　まぐろかつおささみ,７０ｇ,10,11/15まで,-,-,-,-,-,-
4520699612828 ,三ツ星グルメパウチ国産かつおフレーク,３５ｇ,10,11/15まで,-,-,-,-,-,-
4520699615393 ,三ツ星グルメパウチ国産かつおフレークまぐろ,３５ｇ,10,11/15まで,-,-,-,-,-,-
4520699615775 ,三ツ星グルメパウチ国産かつおフレーク１５歳,３５ｇ,10,11/15まで,-,-,-,-,-,-
4520699630082 ,銀のスプーン缶　まぐろ,７０ｇ,10,11/15まで,-,-,-,-,-,-
4520699630136 ,銀のスプーン缶　まぐろ・かつお・しらす,７０ｇ,10,11/15まで,-,-,-,-,-,-
4520699630341 ,銀のスプーン缶　まぐろ・かつお・ささみ,７０ｇ,10,11/15まで,-,-,-,-,-,-
4520699630556 ,銀のスプーン缶　まぐろ・かつお・かつお節,７０ｇ,10,11/15まで,-,-,-,-,-,-
4520699630778 ,銀のスプ－ン缶　とろけるささみ,７０ｇ,10,11/15まで,-,-,-,-,-,-
4520699631447 ,銀のスプーン缶　１０歳まぐろ,７０ｇ,10,11/15まで,-,-,-,-,-,-
4520699631867 ,銀のスプーン缶　１３歳　まぐろ,７０ｇ,10,11/15まで,-,-,-,-,-,-
4520699632123 ,銀スプーン缶　１３歳ささみ,７０ｇ,10,11/15まで,-,-,-,-,-,-
4520699632543 ,銀のスプーン缶１５歳以上用まぐろ,７０ｇ,10,11/15まで,-,-,-,-,-,-
4520699632604 ,銀のスプーン缶　お魚ささみ・しらす,７０ｇ,10,11/15まで,-,-,-,-,-,-
4520699632758 ,銀のスプーン缶　お魚ささみ・かつお節,７０ｇ,10,11/15まで,-,-,-,-,-,-
4520699636398 ,銀のスプーン三ツ星グルメパウチ国産ささみ,３５ｇ,10,11/15まで,-,-,-,-,-,-
4520699637500 ,銀のスプーン三ツ星グルメパウチ国産まぐろ,３５ｇ,10,11/15まで,-,-,-,-,-,-
4520699638088 ,銀のスプーン三ツ星グルメパウチ国産まぐろ１５歳,３５ｇ,10,11/15まで,-,-,-,-,-,-
4520699640975 ,三ツ星グルメパウチ国産まぐろフレークかつお,３５ｇ,10,11/15まで,-,-,-,-,-,-
4520699641286 ,三ツ星グルメパウチ　国産まぐろ１００％　ジュレまぐ,３５ｇ,10,11/15まで,-,-,-,-,-,-
4520699641866 ,三ツ星グルメパウチ　国産まぐろ１００％　ジュレしら,３５ｇ,10,11/15まで,-,-,-,-,-,-
4520699657317 ,銀のスプーン缶　仔猫用まぐろかつお,７０ｇ,10,11/15まで,-,-,-,-,-,-
4520699692172 ,銀のスプーン缶　２０歳　まぐろ,７０ｇ,10,11/15まで,-,-,-,-,-,-
4520699724552 ,ＡｌｌＷｅｌｌ　１０種自然素材避妊去勢サーモンツナ,１１０ｇ,10,11/15まで,-,-,-,-,-,-
4520699768211 ,ＡｌｌＷｅｌｌ　１０種自然素材１５歳サーモンツナ,１１０ｇ,10,11/15まで,-,-,-,-,-,-
4560210811897 ,ｍｋ　拭き掃除万能シート,２０枚,10,11/15まで,-,-,-,-,-,-
4562184191258 ,ＭＫ　除湿剤,５５０ｍｌ×３Ｐ,10,11/15まで,-,-,-,-,-,-
4562184191272 ,ＭＫ　除湿剤炭入り,３Ｐ,10,11/15まで,-,-,-,-,-,-
4562184191289 ,ＭＫ　除湿剤洋服ダンス・クローゼット用,２シート入,10,11/15まで,-,-,-,-,-,-
4562184191302 ,ＭＫ　除湿剤くつ用,６シート入,10,11/15まで,-,-,-,-,-,-
4562184191319 ,ＭＫ　除湿剤　引き出し・衣装ケース用,１２シート入,10,11/15まで,-,-,-,-,-,-
4571104719618 ,おさかな生活　まぐろ,１８０ｇ,10,11/15まで,-,-,-,-,-,-
4571104719625 ,おさかな生活　しらす入りまぐろ,１８０ｇ,10,11/15まで,-,-,-,-,-,-
4571104719632 ,おさかな生活　ささみ入りまぐろ,１８０ｇ,10,11/15まで,-,-,-,-,-,-
4571104719649 ,おさかな生活　削り節入りまぐろ,１８０ｇ,10,11/15まで,-,-,-,-,-,-
4571104719656 ,おさかな生活　あじ入りまぐろ,１８０ｇ,10,11/15まで,-,-,-,-,-,-
4571104719663 ,おさかな生活　サーモン入りまぐろ,１８０ｇ,10,11/15まで,-,-,-,-,-,-
4571104719670 ,おさかな生活　かにかま入りまぐろ,１８０ｇ,10,11/15まで,-,-,-,-,-,-
4571104719687 ,おさかな生活　シニア猫用　まぐろ,１８０ｇ,10,11/15まで,-,-,-,-,-,-
4571104719717 ,おにく生活　ビーフ味,１８０ｇ,10,11/15まで,-,-,-,-,-,-
4571104719724 ,おにく生活　チキン味,１８０ｇ,10,11/15まで,-,-,-,-,-,-
4571104719731 ,おにく生活　ツナ味,１８０ｇ,10,11/15まで,-,-,-,-,-,-
4580101261327 ,チキンとかつお生活　プレーン,６０ｇ×３,10,11/15まで,-,-,-,-,-,-
4580101261334 ,チキンとかつお生活　まぐろ入り,６０ｇ×３,10,11/15まで,-,-,-,-,-,-
4580101261341 ,チキンとかつお生活　あじ入り,６０ｇ×３,10,11/15まで,-,-,-,-,-,-
4580101261921 ,おさかな生活　かつお,１８０ｇ,10,11/15まで,-,-,-,-,-,-
4580101261938 ,おさかな生活　白身魚入りまぐろ,１８０ｇ,10,11/15まで,-,-,-,-,-,-
4580101262591 ,とりにく生活　プレーン,１８０ｇ,10,11/15まで,-,-,-,-,-,-
4580101262607 ,とりにく生活　まぐろ,１８０ｇ,10,11/15まで,-,-,-,-,-,-
4580101262614 ,とりにく生活　ローストチキン,１８０ｇ,10,11/15まで,-,-,-,-,-,-
4580225391276 ,ｍｋ　トイレブリーチ,５００ｇ,10,11/15まで,-,-,-,-,-,-
4580225391375 ,ｍｋ　ナイロンボディタオル　ふつう,１枚入り,10,11/15まで,-,-,-,-,-,-
4580225391382 ,ｍｋ　ナイロンボディタオル　かため,１枚入り,10,11/15まで,-,-,-,-,-,-
4582559942179 ,ｍｋ　抗菌まな板シート,１５枚,10,11/15まで,-,-,-,-,-,-
4589506151608 ,ｍｋ　ノンアルコール除菌ウェットティッシュ,６０枚３Ｐ,10,11/15まで,-,-,-,-,-,-
4900480221994 ,ｍｋ　洗浄タブレット,５．５ｇＸ１２,10,11/15まで,-,-,-,-,-,-
4900480226098 ,ｍｋ　ふろ水清浄剤,２０錠,10,11/15まで,-,-,-,-,-,-
4901070126125 ,トイレの消臭力スプレーウイルス除去プラスＣソープ,２８０ｍｌ,10,11/15まで,-,-,-,-,-,-
4901070129607 ,トイレの消臭力スプレーウイルス除去プラスＣソープ,２８０ｍｌ,10,11/15まで,-,-,-,-,-,-
4901070130511 ,トイレの消臭力スプレーウイルス除去プラス　無香性,２８０ｍｌ,10,11/15まで,-,-,-,-,-,-
4902705097384 ,明治ヘモグロビンＡ１ｃ対策ヨーグルト,１１２ｇ,10,11/15まで,-,-,-,-,-,-
4902705097391 ,明治ヘモグロビンＡ１ｃ対策ヨーグルトドリンク,１１２ｇ,10,11/15まで,-,-,-,-,-,-
4902705127586 ,明治Ｗのスキンケアヨーグルト,１１２ｇ,10,11/15まで,-,-,-,-,-,-
4902777034966 ,ラムネアップ,１００Ｇ,10,11/15まで,-,-,-,-,-,-
4902777133959 ,コーラアップ,１００Ｇ,10,11/15まで,-,-,-,-,-,-
4902777208800 ,プッカチョコレート,３９ｇ,10,11/15まで,-,-,-,-,-,-
4902777222585 ,プッカ塩ミルク,３９ｇ,10,11/15まで,-,-,-,-,-,-
4902777234502 ,メロンソーダアップ,１００ｇ,10,11/15まで,-,-,-,-,-,-
4903020055363 ,ｍｋ　スモークカルパス,６５ｇ,10,11/15まで,-,-,-,-,-,-
4903333207237 ,ゼロカカオ７０％,５０ｇ,10,11/15まで,-,-,-,-,-,-
4903333215737 ,ＴｈｅＣＡＲＡＭＥＬ,３個,10,11/15まで,-,-,-,-,-,-
4903333248735 ,ゼロ,５０ｇ,10,11/15まで,-,-,-,-,-,-
4903333299591 ,ＴｈｅＢＵＴＴＥＲ,３個,10,11/15まで,-,-,-,-,-,-
4904075000964 ,ｍｋ　コーンフレークシュガー,２３０ｇ,10,11/15まで,-,-,-,-,-,-
4904075000971 ,ｍｋ　コーンフレークミルクココア,２３０ｇ,10,11/15まで,-,-,-,-,-,-
4905006809113 ,ｍｋ　こがねさきいか,３７ｇ,10,11/15まで,-,-,-,-,-,-
4908011621633 ,プルーンＦｅ１日分の鉄分のむヨーグルト,１９０ｇ,10,11/15まで,-,-,-,-,-,-
4908011621787 ,プルーンＦｅ１日分の鉄分のむＹＧ糖質カロリーオフ,１９０ｇ,10,11/15まで,-,-,-,-,-,-
4909411086459 ,キリン　イミューズ　レモン,５００ｍｌ,10,11/15まで,-,-,-,-,-,-
4909411086626 ,キリン　イミューズ　ヨーグルトテイスト,５００ｍｌ,10,11/15まで,-,-,-,-,-,-
4909411089900 ,キリン　イミューズ　ヨーグルトテイスト,５００ｍｌ,10,11/15まで,-,-,-,-,-,-
4909411089948 ,キリン　イミューズ　免疫ケアウォーター,５００ｍｌ,10,11/15まで,-,-,-,-,-,-
4909411089986 ,キリン　イミューズ　レモン,５００ｍｌ,10,11/15まで,-,-,-,-,-,-
4909411097066 ,キリン　イミューズ　グリーン,５００ｍｌ,10,11/15まで,-,-,-,-,-,-
4901070907601 ,備長炭ドライペット　くつ用,２１ｇ×４,10,11/15まで,-,-,-,-,-,-
4901080091017 ,ダモン　リラックスミント,３８０ｍｌ,10,11/15まで,-,-,-,-,-,-
4901080211811 ,ダモン　ブライトレモン,３８０ｍｌ,10,11/15まで,-,-,-,-,-,-
4901080212115 ,ダモン　リラックスミント,１２ｍｌ×５本入,10,11/15まで,-,-,-,-,-,-
4901080218919 ,ブラックキャップ,１８個入,10,11/15まで,-,-,-,-,-,-
4901080246516 ,オフロムスローリータブレット　ムスクサボンの香り,１錠,10,11/15まで,-,-,-,-,-,-
4901080246615 ,オフロムスローリータブレット　チュベローズの香り,１錠,10,11/15まで,-,-,-,-,-,-
4901080314611 ,ダモン　リラックスミント,１２ｍｌ×５本入,10,11/15まで,-,-,-,-,-,-
4901080317513 ,ダモン　ブライトレモン,１２ｍｌ×５本入,10,11/15まで,-,-,-,-,-,-
4901080320117 ,ｍｋお風呂の防カビくん煙剤タイプサボンの香り,１個,10,11/15まで,-,-,-,-,-,-
4901080507310 ,モンダミンＪｒ．ミックスグレープ,６００ｍｌ,10,11/15まで,-,-,-,-,-,-
4901080510419 ,モンダミンＫｉｄ’ｓ　いちご味,２５０ｍｌ,10,11/15まで,-,-,-,-,-,-
4901080510518 ,モンダミンＫｉｄ’ｓ　ぶどう味,２５０ｍｌ,10,11/15まで,-,-,-,-,-,-
4901121325101 ,ｍｋ　キッチンタオル８０カット４Ｒ,８０カット４Ｒ,10,11/15まで,-,-,-,-,-,-
4901133182419 ,旅するちゅ～る　地鶏食べ比べセレクション,６ｇ×６本,10,11/15まで,-,-,-,-,-,-
4901133182426 ,旅するちゅ～る　深みだしセレクション,６ｇ×６本,10,11/15まで,-,-,-,-,-,-
4901133216299 ,ちゅ～るテリーヌ　サーモン,１５ｇ×４本,10,11/15まで,-,-,-,-,-,-
4901133216305 ,ちゅ～るテリーヌ　かつお,１５ｇ×４本,10,11/15まで,-,-,-,-,-,-
4901133216312 ,ちゅ～るテリーヌ　チーズ,１５ｇ×４本,10,11/15まで,-,-,-,-,-,-
4901133216329 ,ちゅ～るテリーヌ　さつまいも,１５ｇ×４本,10,11/15まで,-,-,-,-,-,-
4901133216343 ,ちゅ～るテリーヌ　総合栄養食　とりささみ,１５ｇ×４本,10,11/15まで,-,-,-,-,-,-
4901133216350 ,ちゅ～るテリーヌ　総合栄養食　ささみ緑黄色野菜,１５ｇ×４本,10,11/15まで,-,-,-,-,-,-
4901133216367 ,ちゅ～るテリーヌ　総合栄養食　まぐろ,１５ｇ×４本,10,11/15まで,-,-,-,-,-,-
4901133216374 ,ちゅ～るテリーヌ　総合栄養食　ビーフ,１５ｇ×４本,10,11/15まで,-,-,-,-,-,-
4901133216381 ,ちゅ～るテリーヌ　総合栄養食　とりささみチーズ,１５ｇ×４本,10,11/15まで,-,-,-,-,-,-
4901133291722 ,焼かつおちゅ～る　かつお節味,８ｇ×４本,10,11/15まで,-,-,-,-,-,-
4901133291739 ,焼かつおちゅ～る　ほたて味,８ｇ×４本,10,11/15まで,-,-,-,-,-,-
4901133298974 ,ちゅ～るボール　とりささみ,１０ｇ×３,10,11/15まで,-,-,-,-,-,-
4901133298981 ,ちゅ～るボール　とりささみ　野菜,１０ｇ×３,10,11/15まで,-,-,-,-,-,-
4901133298998 ,ちゅ～るボール　とりささみ　軟骨,１０ｇ×３,10,11/15まで,-,-,-,-,-,-
4901133331572 ,ＣＩＡＯクランキーちゅ～る和え　まぐろ味,６ｇ×７袋,10,11/15まで,-,-,-,-,-,-
4901133331589 ,ＣＩＡＯクランキーちゅ～る和え　かつお味,６ｇ×７袋,10,11/15まで,-,-,-,-,-,-
4901133331596 ,ＣＩＡＯクランキーちゅ～る和え　チキン味,６ｇ×７袋,10,11/15まで,-,-,-,-,-,-
4901133331619 ,ＣＩＡＯクランキーちゅ～る和え　本格鰹だし味,６ｇ×７袋,10,11/15まで,-,-,-,-,-,-
4901133345135 ,ちゅ～るソーセージとりささみ,３０ｇ,10,11/15まで,-,-,-,-,-,-
4901133345142 ,ちゅ～るソーセージとりささみビーフ,３０ｇ,10,11/15まで,-,-,-,-,-,-
4901133345159 ,ちゅ～るソーセージとりささみ野菜,３０ｇ,10,11/15まで,-,-,-,-,-,-
4901133378447 ,ちゅ～るボール　まぐろ,１０ｇ×３,10,11/15まで,-,-,-,-,-,-
4901133378461 ,ちゅ～るボール　かつお,１０ｇ×３,10,11/15まで,-,-,-,-,-,-
4901133378478 ,ちゅ～るボール　とりささみ,１０ｇ×３,10,11/15まで,-,-,-,-,-,-
4901133381454 ,旅するちゅ～る　北の海幸セレクション,６ｇ×６本,10,11/15まで,-,-,-,-,-,-
4901133381461 ,旅するちゅ～る　贅沢ごちそうセレクション,６ｇ×６本,10,11/15まで,-,-,-,-,-,-
4901133381478 ,旅するちゅ～る　魚介の旨みだしセレクション,６ｇ×６本,10,11/15まで,-,-,-,-,-,-
4901133381485 ,旅するちゅ～る　鶏とお魚味わいセレクション,６ｇ×６本,10,11/15まで,-,-,-,-,-,-
4901133415708 ,ちゅ～るごはん　まぐろ,１４ｇ×４,10,11/15まで,-,-,-,-,-,-
4901133415715 ,ちゅ～るごはん　かつお,１４ｇ×４,10,11/15まで,-,-,-,-,-,-
4901133415722 ,ちゅ～るごはん　とりささみ,１４ｇ×４,10,11/15まで,-,-,-,-,-,-
4901133415739 ,ちゅ～るごはん　まぐろ＆かつお,１４ｇ×４,10,11/15まで,-,-,-,-,-,-
4901133438714 ,チャオピュアパウチ　まぐろ　ささみ　ほたて味,３０ｇ,10,11/15まで,-,-,-,-,-,-
4901133438721 ,チャオピュアパウチ　まぐろ　ささみ・しらす,３０ｇ,10,11/15まで,-,-,-,-,-,-
4901133438738 ,チャオピュアパウチ　まぐろ　ささみ・まぐろ節,３０ｇ,10,11/15まで,-,-,-,-,-,-
4901133438745 ,チャオピュアパウチ　ささみ　ほたて味,３０ｇ,10,11/15まで,-,-,-,-,-,-
4901133441721 ,ちゅ～るごはん　とりささみ,１４ｇ×４本,10,11/15まで,-,-,-,-,-,-
4901133441738 ,ちゅ～るごはん　とりささみ＆緑黄色野菜,１４ｇ×４本,10,11/15まで,-,-,-,-,-,-
4901133441745 ,ちゅ～るごはん　とりささみ＆ビーフ・緑黄色野菜,１４ｇ×４本,10,11/15まで,-,-,-,-,-,-
4901133441752 ,ちゅ～るごはん　とりささみ＆チーズ,１４ｇ×４本,10,11/15まで,-,-,-,-,-,-
4901133478420 ,焼かつおディナーちゅ～るかつお節・ほたて貝柱入り,１４ｇ×４本,10,11/15まで,-,-,-,-,-,-
4901133478444 ,焼かつおディナーちゅ～るしらす・ほたて貝柱入り,１４ｇ×４本,10,11/15まで,-,-,-,-,-,-
4901133478451 ,焼かつおディナーちゅ～るほたて貝柱入り　本格だし味,１４ｇ×４本,10,11/15まで,-,-,-,-,-,-
4901133503115 ,プレミアムちゅ～る　まぐろ,１４ｇ×４本,10,11/15まで,-,-,-,-,-,-
4901133503122 ,プレミアムちゅ～る　かつお,１４ｇ×４本,10,11/15まで,-,-,-,-,-,-
4901133503139 ,プレミアムちゅ～る　とりささみ,１４ｇ×４本,10,11/15まで,-,-,-,-,-,-
4901133503825 ,ピュアちゅ～る　まぐろ,１４ｇ×４,10,11/15まで,-,-,-,-,-,-
4901133503832 ,ピュアちゅ～る　まぐろ＆ほたて貝柱,１４ｇ×４,10,11/15まで,-,-,-,-,-,-
4901133604454 ,チャオこだわりテイストパウチ　まぐろささみほたて,３０ｇ,10,11/15まで,-,-,-,-,-,-
4901133604461 ,チャオこだわりテイストパウチ　かつおささみおかか,３０ｇ,10,11/15まで,-,-,-,-,-,-
4901133604478 ,チャオこだわりテイストパウチ　ささみほたて,３０ｇ,10,11/15まで,-,-,-,-,-,-
4901133604485 ,チャオこだわりスープパウチ　まぐろほたてささみ,３０ｇ,10,11/15まで,-,-,-,-,-,-
4901133604515 ,チャオこだわりフレーク　まぐろ,３０ｇ,10,11/15まで,-,-,-,-,-,-
4901133604522 ,チャオこだわりフレーク　かつお,３０ｇ,10,11/15まで,-,-,-,-,-,-
4901133604539 ,チャオこだわりフレーク　まぐろ削り節入り,３０ｇ,10,11/15まで,-,-,-,-,-,-
4901133614392 ,チャオパウチ　総合栄養食　かつおささみおかか味,４０ｇ,10,11/15まで,-,-,-,-,-,-
4901133614460 ,チャオだしスープ　下部尿路配慮　まぐろほたてささみ,４０ｇ,10,11/15まで,-,-,-,-,-,-
4901133614651 ,魚づくし　まぐろ・かつお,６０ｇ×３,10,11/15まで,-,-,-,-,-,-
4901133614668 ,魚づくし　まぐろ・かつお　しらす入り,６０ｇ×３,10,11/15まで,-,-,-,-,-,-
4901133614675 ,魚づくし　まぐろ・かつお　ささみ入り,６０ｇ×３,10,11/15まで,-,-,-,-,-,-
4901133614682 ,魚づくし　まぐろ・かつお　かつお節入り,６０ｇ×３,10,11/15まで,-,-,-,-,-,-
4901133614699 ,魚づくし　まぐろ・かつお　いか,６０ｇ×３,10,11/15まで,-,-,-,-,-,-
4901133614705 ,魚づくし　まぐろ・かつお　貝柱,６０ｇ×３,10,11/15まで,-,-,-,-,-,-
4901133614712 ,魚づくし　高齢猫用　まぐろ・かつお,６０ｇ×３,10,11/15まで,-,-,-,-,-,-
4901133614729 ,魚づくし　高齢猫用　まぐろ・かつお　ささみ,６０ｇ×３,10,11/15まで,-,-,-,-,-,-
4901133618536 ,チャオパウチ　まぐろ　ささみ入り　ほたて味,４０ｇ,10,11/15まで,-,-,-,-,-,-
4901133618543 ,チャオパウチ　まぐろ　ささみ・しらす入り,４０ｇ,10,11/15まで,-,-,-,-,-,-
4901133618550 ,チャオパウチ　かつお　ささみ入り　ほたて味,４０ｇ,10,11/15まで,-,-,-,-,-,-
4901133618567 ,チャオパウチかつおささみ・おかか入り,４０ｇ,10,11/15まで,-,-,-,-,-,-
4901133618574 ,チャオパウチ　ささみ　ほたて味,４０ｇ,10,11/15まで,-,-,-,-,-,-
4901133618581 ,チャオパウチ１歳までの子ねこ用まぐろ・ささみ,４０ｇ,10,11/15まで,-,-,-,-,-,-
4901133618604 ,チャオスープパウチ　まぐろ　ほたて貝柱・ささみ,４０ｇ,10,11/15まで,-,-,-,-,-,-
4901133618611 ,チャオスープパウチ　かつお　ほたて貝柱・ささみ入り,４０ｇ,10,11/15まで,-,-,-,-,-,-
4901133618628 ,チャオスープパウチ　ささみ　ほたて貝柱入り,４０ｇ,10,11/15まで,-,-,-,-,-,-
4901133618635 ,チャオパウチ　まぐろささみ・まぐろ節入り,４０ｇ,10,11/15まで,-,-,-,-,-,-
4901133618642 ,チャオパウチ　ささみ　かにかま入り　ほたて味,４０ｇ,10,11/15まで,-,-,-,-,-,-
4901133618673 ,焼かつおディナー　かつお節・ほたて貝柱入り,５０ｇ,10,11/15まで,-,-,-,-,-,-
4901133618680 ,焼かつおディナー　ほたて貝柱入り,５０ｇ,10,11/15まで,-,-,-,-,-,-
4901133618697 ,焼かつおディナー　しらす・ほたて貝柱入り,５０ｇ,10,11/15まで,-,-,-,-,-,-
4901133618703 ,焼かつおディナー　高齢猫用　かつお節・ほたて貝柱,５０ｇ,10,11/15まで,-,-,-,-,-,-
4901133618710 ,焼かつおディナー　子ねこ用　かつお節・ほたて貝柱入,５０ｇ,10,11/15まで,-,-,-,-,-,-
4901133619380 ,焼ささみディナー　かにかま・ほたて貝柱入り,５０ｇ,10,11/15まで,-,-,-,-,-,-
4901133619397 ,焼ささみディナー　ほたて貝柱入り,５０ｇ,10,11/15まで,-,-,-,-,-,-
4901133619403 ,チャオスープパウチ　まぐろ　かつお節・ささみ,４０ｇ,10,11/15まで,-,-,-,-,-,-
4901133619410 ,チャオスープパウチ　ささみ　かつお節入り,４０ｇ,10,11/15まで,-,-,-,-,-,-
4901133619649 ,焼かつおディナー　ほたて貝柱入り　本格だし味,５０ｇ,10,11/15まで,-,-,-,-,-,-
4901133619656 ,焼かつおディナー　高齢猫用　ほたて貝柱,５０ｇ,10,11/15まで,-,-,-,-,-,-
4901133619755 ,チャオパウチ乳酸菌入りまぐろささみ入りかつお節味,４０ｇ,10,11/15まで,-,-,-,-,-,-
4901133619762 ,チャオパウチ乳酸菌入りささみかつお節味,４０ｇ,10,11/15まで,-,-,-,-,-,-
4901133619892 ,チャオパウチ　総合栄養食　まぐろささみほたて味,４０ｇ,10,11/15まで,-,-,-,-,-,-
4901133620126 ,チャオパウチ贅沢　本まぐろ　まぐろ・とりささみ,３５ｇ,10,11/15まで,-,-,-,-,-,-
4901133620164 ,焼かつおディナー　毛玉配慮　かつお節,５０ｇ,10,11/15まで,-,-,-,-,-,-
4901133620171 ,焼かつおディナー　サーモン・ほたて貝柱入り,５０ｇ,10,11/15まで,-,-,-,-,-,-
4901133620997 ,旨みスープパウチ　まぐろ,４０ｇ,10,11/15まで,-,-,-,-,-,-
4901133621024 ,旨みスープパウチ　まぐろかつお節入り,４０ｇ,10,11/15まで,-,-,-,-,-,-
4901133628412 ,にぼしちゅ～る　まぐろ　煮干,１４ｇ×４,10,11/15まで,-,-,-,-,-,-
4901133628429 ,にぼしちゅ～る　かつお　煮干,１４ｇ×４,10,11/15まで,-,-,-,-,-,-
4901133628436 ,にぼしちゅ～る　とりささみ　煮干,１４ｇ×４,10,11/15まで,-,-,-,-,-,-
4901133656316 ,贅沢ぽんちゅ～る　まぐろ,３５ｇ×２個,10,11/15まで,-,-,-,-,-,-
4901133656323 ,贅沢ぽんちゅ～る　まぐろ＆しらす,３５ｇ×２個,10,11/15まで,-,-,-,-,-,-
4901133656330 ,贅沢ぽんちゅ～る　かつお,３５ｇ×２個,10,11/15まで,-,-,-,-,-,-
4901133656347 ,贅沢ぽんちゅ～る　かつお＆おかか,３５ｇ×２個,10,11/15まで,-,-,-,-,-,-
4901133656354 ,贅沢ぽんちゅ～る　とりささみ,３５ｇ×２個,10,11/15まで,-,-,-,-,-,-
4901133657221 ,ちゅ～るテリーヌ　ビーフ,１５ｇ×４本,10,11/15まで,-,-,-,-,-,-
4901133657238 ,ちゅ～るテリーヌ　ビーフ＆ささみ,１５ｇ×４本,10,11/15まで,-,-,-,-,-,-
4901133657245 ,ちゅ～るテリーヌ　レバー＆ビーフ,１５ｇ×４本,10,11/15まで,-,-,-,-,-,-
4901133657252 ,ちゅ～るテリーヌ　とりささみ,１５ｇ×４本,10,11/15まで,-,-,-,-,-,-
4901133657269 ,ちゅ～るテリーヌ　ささみ＆緑黄色野菜,１５ｇ×４本,10,11/15まで,-,-,-,-,-,-
4901133673672 ,ちゅ～るテリーヌ　まぐろ,１５ｇ×４本,10,11/15まで,-,-,-,-,-,-
4901133673689 ,ちゅ～るテリーヌ　まぐろ＆ささみ,１５ｇ×４本,10,11/15まで,-,-,-,-,-,-
4901133673696 ,ちゅ～るテリーヌ　まぐろほたて貝柱,１５ｇ×４本,10,11/15まで,-,-,-,-,-,-
4901133673702 ,ちゅ～るテリーヌ　まぐろサーモン,１５ｇ×４本,10,11/15まで,-,-,-,-,-,-
4901133682315 ,ちゅ～るビッツ　乳酸菌３０００億個とりささみ,１２ｇ×６袋,10,11/15まで,-,-,-,-,-,-
4901133682322 ,ちゅ～るビッツ　乳酸菌３０００億ささみビーフ,１２ｇ×６袋,10,11/15まで,-,-,-,-,-,-
4901133682469 ,ちゅ～るビッツ　とりささみ　軟骨入り,１２ｇ×３袋,10,11/15まで,-,-,-,-,-,-
4901133682476 ,ちゅ～るビッツ　とりささみ　チーズ入り,１２ｇ×３袋,10,11/15まで,-,-,-,-,-,-
4901133682483 ,ちゅ～るビッツ　とりささみ　さつまいも入り,１２ｇ×３袋,10,11/15まで,-,-,-,-,-,-
4901133682520 ,ワンちゅ～る　総合栄養食　まぐろ,１４ｇ×４,10,11/15まで,-,-,-,-,-,-
4901133694493 ,ｆｏｒ　ＡＩＭアミノ酸Ｓ１８ちゅ～るタイプ,１４ｇ×４本,10,11/15まで,-,-,-,-,-,-
4901133694509 ,ｆｏｒ　ＡＩＭちゅ～る腎臓の健康維持まぐろ,１４ｇ×４本,10,11/15まで,-,-,-,-,-,-
4901133694516 ,ｆｏｒ　ＡＩＭちゅ～る腎臓の健康維持とりささみ,１４ｇ×４本,10,11/15まで,-,-,-,-,-,-
4901133694523 ,ｆｏｒ　ＡＩＭちゅ～る腎臓の健康維持まぐろ海鮮,１４ｇ×４本,10,11/15まで,-,-,-,-,-,-
4901133716577 ,ちゅ～る　まぐろ,１４ｇ×４,10,11/15まで,-,-,-,-,-,-
4901133716584 ,ちゅ～る　かつお,１４ｇ×４,10,11/15まで,-,-,-,-,-,-
4901133716591 ,ちゅ～る　とりささみ,１４ｇ×４,10,11/15まで,-,-,-,-,-,-
4901133716607 ,ちゅ～る　１１歳からのまぐろ・かつお,１４ｇ×４,10,11/15まで,-,-,-,-,-,-
4901133716676 ,ちゅ～る　宗田かつお＆かつお節,１４ｇ×４,10,11/15まで,-,-,-,-,-,-
4901133716683 ,ちゅ～る　とりささみ＆日本海産かに,１４ｇ×４,10,11/15まで,-,-,-,-,-,-
4901133716690 ,ちゅ～る　まぐろ＆ほたて貝柱,１４ｇ×４,10,11/15まで,-,-,-,-,-,-
4901133716706 ,ちゅ～る　１１歳からのとりささみ,１４ｇ×４,10,11/15まで,-,-,-,-,-,-
4901133718274 ,チャオちゅ～る　とりささみ＆いか,１４ｇ×４本,10,11/15まで,-,-,-,-,-,-
4901133718281 ,ちゅ～る　１歳までの子ねこ用　まぐろ,１４ｇ×４,10,11/15まで,-,-,-,-,-,-
4901133718298 ,ちゅ～る　毛玉配慮　まぐろ,１４ｇ×４,10,11/15まで,-,-,-,-,-,-
4901133718434 ,ちゅ～る　まぐろ＆タラバガニ入り,１４ｇ×４,10,11/15まで,-,-,-,-,-,-
4901133718458 ,ちゅ～る　まぐろ＆まぐろ節,１４ｇ×４,10,11/15まで,-,-,-,-,-,-
4901133718465 ,ちゅ～る　とりささみ＆甘えび,１４ｇ×４,10,11/15まで,-,-,-,-,-,-
4901133718502 ,エナジーちゅ～る　まぐろ,１４ｇ×４,10,11/15まで,-,-,-,-,-,-
4901133718519 ,エナジーちゅ～る　かつお,１４ｇ×４,10,11/15まで,-,-,-,-,-,-
4901133718526 ,エナジーちゅ～る　とりささみ,１４ｇ×４,10,11/15まで,-,-,-,-,-,-
4901133718533 ,ちゅ～る　まぐろ＆贅沢サーモン,１４ｇ×４,10,11/15まで,-,-,-,-,-,-
4901133718540 ,ちゅ～る　とりささみ＆黒毛和牛,１４ｇ×４,10,11/15まで,-,-,-,-,-,-
4901133718694 ,チャオちゅ～る　いわし＆まぐろ,１４ｇ×４本,10,11/15まで,-,-,-,-,-,-
4901133718700 ,ちゅ～る　サーモン＆とりささみ,１４ｇ×４,10,11/15まで,-,-,-,-,-,-
4901133718823 ,ちゅ～る　毛玉配慮　とりささみ,１４ｇ×４,10,11/15まで,-,-,-,-,-,-
4901133718830 ,チャオちゅ～る　下部尿路配慮まぐろ,１４ｇ×４本,10,11/15まで,-,-,-,-,-,-
4901133718847 ,チャオちゅ～る　下部尿路配慮　とりささみ,１４ｇ×４本,10,11/15まで,-,-,-,-,-,-
4901133718854 ,ちゅ～る　総合栄養食　まぐろ,１４ｇ×４,10,11/15まで,-,-,-,-,-,-
4901133718861 ,ちゅ～る　総合栄養食　とりささみ,１４ｇ×４,10,11/15まで,-,-,-,-,-,-
4901133718892 ,ちゅ～る　乳酸菌入り　まぐろ,１４ｇ×４,10,11/15まで,-,-,-,-,-,-
4901133718908 ,チャオちゅ～る　乳酸菌入り　かつお,１４ｇ×４本,10,11/15まで,-,-,-,-,-,-
4901133718915 ,ちゅ～る　乳酸菌入り　とりささみ,１４ｇ×４,10,11/15まで,-,-,-,-,-,-
4901133718922 ,チャオちゅ～る　まぐろ＆贅沢ロブスター,１４ｇ×４本,10,11/15まで,-,-,-,-,-,-
4901133718939 ,ちゅ～る　まぐろ＆贅沢本まぐろ,１４ｇ×４,10,11/15まで,-,-,-,-,-,-
4901133719059 ,チャオちゅ～る　腎臓の健康配慮　まぐろ,１４ｇ×４本,10,11/15まで,-,-,-,-,-,-
4901133719066 ,チャオちゅ～る総合栄養食　　かつお,１４ｇ×４本,10,11/15まで,-,-,-,-,-,-
4901133719073 ,ちゅ～る　総合栄養食　まぐろ＆ほたて貝柱,１４ｇ×４,10,11/15まで,-,-,-,-,-,-
4901133719158 ,ちゅ～るビッツ　まぐろ,１２ｇ×３袋,10,11/15まで,-,-,-,-,-,-
4901133719172 ,ちゅ～るビッツ　かつお,１２ｇ×３袋,10,11/15まで,-,-,-,-,-,-
4901133719189 ,ちゅ～るビッツ　とりささみ,１２ｇ×３袋,10,11/15まで,-,-,-,-,-,-
4901133719363 ,ちゅ～る　まぐろ＆国産真鯛,１４ｇ×４本,10,11/15まで,-,-,-,-,-,-
4901133719370 ,ちゅーる　かつお＆国産あごだし,１４ｇ×４本,10,11/15まで,-,-,-,-,-,-
4901133719387 ,ちゅ～る　水分補給　まぐろ,１４ｇ×４,10,11/15まで,-,-,-,-,-,-
4901133719394 ,ちゅーる　水分補給　とりささみ,１４ｇ×４本,10,11/15まで,-,-,-,-,-,-
4901133719691 ,チャオちゅーる　贅沢本まぐろ＆キングサーモン,１４ｇ×４Ｐ,10,11/15まで,-,-,-,-,-,-
4901133720352 ,チャオちゅ～る　まぐろほたて味,１４ｇ×１０本,10,11/15まで,-,-,-,-,-,-
4901133720598 ,ワンちゅ～る　総合栄養食　とりささみ,１４ｇ×４,10,11/15まで,-,-,-,-,-,-
4901133720604 ,ワンちゅ～る　総合栄養食　とりささみ　ビーフ入り,１４ｇ×４,10,11/15まで,-,-,-,-,-,-
4901133720611 ,ワンちゅ～る　総合栄養食　とりささみ　チーズ入り,１４ｇ×４,10,11/15まで,-,-,-,-,-,-
4901133773648 ,ぺろちゅ～るまぐろ,１４ｇ×３個,10,11/15まで,-,-,-,-,-,-
4901133773655 ,ぺろちゅ～るかつお,１４ｇ×３個,10,11/15まで,-,-,-,-,-,-
4901133773662 ,ぺろちゅ～るとりささみ,１４ｇ×３個,10,11/15まで,-,-,-,-,-,-
4901133773679 ,ぺろちゅ～るまぐろ貝柱,１４ｇ×３個,10,11/15まで,-,-,-,-,-,-
4901133773686 ,ぺろちゅ～るかつお＆かつお節,１４ｇ×３個,10,11/15まで,-,-,-,-,-,-
4901133773693 ,ぺろちゅ～る毛玉配慮まぐろ,１４ｇ×３個,10,11/15まで,-,-,-,-,-,-
4901133779374 ,ピュアちゅ～る　とりささみ　緑黄色野菜,１４ｇ×４,10,11/15まで,-,-,-,-,-,-
4901133779381 ,ピュアちゅ～る　とりささみ　ビーフ,１４ｇ×４,10,11/15まで,-,-,-,-,-,-
4901133779398 ,ピュアちゅ～る　とりささみ　チーズ,１４ｇ×４,10,11/15まで,-,-,-,-,-,-
4901133802508 ,チャオこだわりフレーク　まぐろ　本まぐろ,３０ｇ,10,11/15まで,-,-,-,-,-,-
4901133802515 ,チャオこだわりフレーク　まぐろ　キングサーモン,３０ｇ,10,11/15まで,-,-,-,-,-,-
4901133802522 ,チャオこだわりフレーク　まぐろ　ほたて貝柱,３０ｇ,10,11/15まで,-,-,-,-,-,-
4901133823961 ,ちゅ～るバー８本とりささみ野菜　お腹の健康配慮,８本,10,11/15まで,-,-,-,-,-,-
4901133823978 ,ちゅ～るバー８本とりささみ軟骨　関節の健康配慮,８本,10,11/15まで,-,-,-,-,-,-
4901133827341 ,ワンちゅ～る　１歳までの子犬用　とりささみ,１４ｇ×４,10,11/15まで,-,-,-,-,-,-
4901133844300 ,旅するちゅ～る　北の大地セレクション,６ｇ×６本,10,11/15まで,-,-,-,-,-,-
4901133844317 ,旅するちゅ～る　地鶏堪能セレクション,６ｇ×６本,10,11/15まで,-,-,-,-,-,-
4901133844324 ,旅するちゅ～る　海の味覚セレクション,６ｇ×６本,10,11/15まで,-,-,-,-,-,-
4901133844331 ,旅するちゅ～る　至福の味セレクション,６ｇ×６本,10,11/15まで,-,-,-,-,-,-
4901133874048 ,ＪｕｍｐＬｉｆｅちゅ～る　とりささみ,１４ｇ×４本,10,11/15まで,-,-,-,-,-,-
4901301334220 ,トイレマジックリン消臭ＳＰツヤプラストローズ詰替,３３０ｍｌ,10,11/15まで,-,-,-,-,-,-
4901301334824 ,トイレマジックリン消臭ＳＰツヤプラスシトラスＭ詰替,３３０ｍｌ,10,11/15まで,-,-,-,-,-,-
4901301347206 ,バスマジックリン泡ＳＰスーパーグリーンハーブ詰替,３３０ｍｌ,10,11/15まで,-,-,-,-,-,-
4901301347213 ,バスマジックリン泡ＳＰスーパーアロマローズ詰替,３３０ｍｌ,10,11/15まで,-,-,-,-,-,-
4901301347220 ,バスマジックリン泡ＳＰスーパー香り残らない詰替,３３０ｍｌ,10,11/15まで,-,-,-,-,-,-
4901301365606 ,バスマジックリンデオクリア詰替,３３０ｍｌ,10,11/15まで,-,-,-,-,-,-
4901301379252 ,クイックルホームリセット泡Ｃつめかえ用,２５０ｍｌ,10,11/15まで,-,-,-,-,-,-
4901301392688 ,バスマジックリン除菌・抗菌アルコール成分プラス詰替,３３０ｍｌ,10,11/15まで,-,-,-,-,-,-
4901301424938 ,トイレマジックリン消臭ＳＰ香り消臭ローズ詰替,３００ｍｌ,10,11/15まで,-,-,-,-,-,-
4901301424969 ,トイレマジックリン消臭ＳＰ汚れ予防ミント詰替,３００ｍｌ,10,11/15まで,-,-,-,-,-,-
4901301426536 ,バスマジックリンＳＵＰＥＲ泡洗浄香りが残らない詰替,３００ｍｌ,10,11/15まで,-,-,-,-,-,-
4901301426567 ,バスマジックリンＳＵＰＥＲ泡洗浄グリーンハーブ詰替,３００ｍｌ,10,11/15まで,-,-,-,-,-,-
4901301426598 ,バスマジックリンＳＵＰＥＲ泡洗浄アロマローズ詰替用,３００ｍｌ,10,11/15まで,-,-,-,-,-,-
4901301467799 ,バスマジックリンパワフル泡洗浄　無残香　替２８０,２８０ｍｌ,10,11/15まで,-,-,-,-,-,-
4901301468017 ,バスマジックリンパワフル泡洗浄　ハーブ　替２８０,２８０ｍｌ,10,11/15まで,-,-,-,-,-,-
4901301468024 ,バスマジックリンパワフル泡洗浄　ローズ　替２８０,２８０ｍｌ,10,11/15まで,-,-,-,-,-,-
4901329190341 ,ＭＫ　キッチンブリーチ,６００ｍｌ,10,11/15まで,-,-,-,-,-,-
4901329290638 ,ｍｋ　次亜塩素酸水クリーナー付替,４００ｍｌ,10,11/15まで,-,-,-,-,-,-
4901422152208 ,クレラップミニ,２２ｃｍ×２０ｍ,10,11/15まで,-,-,-,-,-,-
4901422152222 ,ＮＥＷクレラップ　ミニ　楽天イーグルス,２２ｃｍ×２０ｍ,10,11/15まで,-,-,-,-,-,-
4901422152604 ,クレラップ徳用ミニ　６０ｍ,２２ｃｍ×６０ｍ,10,11/15まで,-,-,-,-,-,-
4901422152611 ,クレラップ徳用ミニ　ポケモン,２２ｃｍ×５０ｍ,10,11/15まで,-,-,-,-,-,-
4901422152659 ,ＮＥＷクレラップミニ５０ｍ＋５ｍ,２２ｃｍ×５５ｍ,10,11/15まで,-,-,-,-,-,-
4901422152673 ,クレラップ徳用ミニ　ポケモン,２２ｃｍ×５０ｍ,10,11/15まで,-,-,-,-,-,-
4901422152680 ,ＮＥＷクレラップ　ミニ５０ｍ＋５ｍ増量クレりん,２２ｃｍ×５５ｍ,10,11/15まで,-,-,-,-,-,-
4901422153205 ,クレラップレギュラー,３０ｃｍ×２０ｍ,10,11/15まで,-,-,-,-,-,-
4901422153243 ,ＮＥＷクレラップ　レギュラー　楽天イーグルス,３０ｃｍ×２０ｍ,10,11/15まで,-,-,-,-,-,-
4901422153618 ,クレラップ徳用レギュラー　ポケモン,３０ｃｍ×５０ｍ,10,11/15まで,-,-,-,-,-,-
4901422153649 ,ＮＥＷクレラップレギュラー５０ｍ＋５ｍ,３０ｃｍ×５５ｍ,10,11/15まで,-,-,-,-,-,-
4901422153663 ,クレラップ徳用レギュラー　ポケモン,３０ｃｍ×５０ｍ,10,11/15まで,-,-,-,-,-,-
4901422153670 ,ＮＥＷクレラップ　レギュラー５０ｍ＋５ｍ増量クレま,３０ｃｍ×５５ｍ,10,11/15まで,-,-,-,-,-,-
4901422339029 ,キチントさん　ごはん冷凍保存容器　一膳分　３個,３個,10,11/15まで,-,-,-,-,-,-
4901422339036 ,キチントさん　ごはん冷凍保存容器　一膳分　５個,５個,10,11/15まで,-,-,-,-,-,-
4901422339074 ,イレモ　ごはん保存容器　丸　一膳　３個,３個,10,11/15まで,-,-,-,-,-,-
4901422339081 ,イレモ　ごはん保存容器　丸　一膳　５個,５個,10,11/15まで,-,-,-,-,-,-
4901422361303 ,クレハ　ダストマン○マル浅型,５０枚入り,10,11/15まで,-,-,-,-,-,-
4901422361334 ,ダストマン○マル浅型,５０枚入り,10,11/15まで,-,-,-,-,-,-
4901422361358 ,クレハ　ダストマン兼用,５０枚入り,10,11/15まで,-,-,-,-,-,-
4901422361372 ,ダストマン兼用,５０枚入り,10,11/15まで,-,-,-,-,-,-
4901422365264 ,キチントさん　ダストマン抗菌スタンド,２０枚入り,10,11/15まで,-,-,-,-,-,-
4901422365271 ,ダストマン抗菌スタンド,２０枚入り,10,11/15まで,-,-,-,-,-,-
4901670104509 ,ジップロック　スクリューロック４７３ｍｌ,２個入,10,11/15まで,-,-,-,-,-,-
4901670108187 ,ジップロックコンテナー　スクリューロック３００ｍｌ,２個,10,11/15まで,-,-,-,-,-,-
4901670108651 ,ジップロックスクリューロック７３０ｍｌ,１個,10,11/15まで,-,-,-,-,-,-
4901670111927 ,ジップロックコンテナー正方形１３０ｍｌ,４個入り,10,11/15まで,-,-,-,-,-,-
4901670111934 ,ジップロックコンテナー長方形３００ｍｌ,２個入り,10,11/15まで,-,-,-,-,-,-
4901670111941 ,ジップロックコンテナー長方形５１０ｍｌ,２個入り,10,11/15まで,-,-,-,-,-,-
4901670111958 ,ジップロックコンテナー正方形７００ｍｌ,２個入り,10,11/15まで,-,-,-,-,-,-
4901670111965 ,ジップロックコンテナー正方形１１００ｍｌ,２個入り,10,11/15まで,-,-,-,-,-,-
4901670111972 ,ジップロックコンテナー長方形１１００ｍｌ,１個入り,10,11/15まで,-,-,-,-,-,-
4901670111989 ,ジップロックコンテナー長方形１９００ｍｌ,１個入り,10,11/15まで,-,-,-,-,-,-
4901670112887 ,ジップロック　コンテナー　ごはん保存容器,２個入り,10,11/15まで,-,-,-,-,-,-
4901670112894 ,ジップロック　コンテナー　長方形４８０ＭＬ,２個入り,10,11/15まで,-,-,-,-,-,-
4901670112900 ,ジップロック　コンテナー　長方形８２０ＭＬ,２個入り,10,11/15まで,-,-,-,-,-,-
4901670114614 ,ジップロック　イージージッパーＬ,８枚,10,11/15まで,-,-,-,-,-,-
4901670114621 ,ジップロック　イージージッパーＭ,１２枚,10,11/15まで,-,-,-,-,-,-
4901670116496 ,ごはん保存容器　大盛用,２個,10,11/15まで,-,-,-,-,-,-
4901670116502 ,ごはん保存容器　小盛用,４個,10,11/15まで,-,-,-,-,-,-
4901670117899 ,リードクッキングペーパースマートタイプ,３６枚,10,11/15まで,-,-,-,-,-,-
4901670117905 ,リードクッキングペーパーレギュラー,４０枚,10,11/15まで,-,-,-,-,-,-
4901730080156 ,キズパワーパッド＿ジャンボサイズ,３枚,10,11/15まで,-,-,-,-,-,-
4901730080163 ,キズパワーパッド＿ひじ・ひざ用,３枚,10,11/15まで,-,-,-,-,-,-
4901730230162 ,バンドエイド　超フィット　ワイド　１６枚,１６枚,10,11/15まで,-,-,-,-,-,-
4901730230186 ,バンドエイド　超フィット　Ｍサイズ　２０枚,２０枚,10,11/15まで,-,-,-,-,-,-
4901730230261 ,バンドエイド　超フィット　Ｌサイズ　７枚,７枚,10,11/15まで,-,-,-,-,-,-
4901730230315 ,バンドエイド　超フィット　ＬＬサイズ　５枚,５枚,10,11/15まで,-,-,-,-,-,-
4901750228019 ,クリネックス　コトネル　ダブル,４ロール,10,11/15まで,-,-,-,-,-,-
4901750377205 ,スコッティ　ハンドタオル　ソフトタイプ　１００組,１００組【２００枚】,10,11/15まで,-,-,-,-,-,-
4901750443030 ,スコッティカシミヤ　スヌーピーハロウィン,２２０Ｗ,10,11/15まで,-,-,-,-,-,-
4909411120061 ,キリン　イミューズ　フルーツＲ　グレープフルーツＭ,５００ｍｌ,10,11/15まで,-,-,-,-,-,-
4909411120108 ,キリン　イミューズ　フルーツＲ　アップルミックス,５００ｍｌ,10,11/15まで,-,-,-,-,-,-
49202229 ,ＭＢＰドリンク糖質オフ・低カロリー,１００ｇ,10,11/15まで,-,-,-,-,-,-
49202250 ,恵　ガセリ菌ＳＰ株ヨーグルト　プレーン加糖,１００ｇ,10,11/15まで,-,-,-,-,-,-
49202267 ,恵　ガセリ菌ＳＰ株ヨーグルトドリンクいちご,１００ｇ,10,11/15まで,-,-,-,-,-,-
49202274 ,恵　ガセリ菌ＳＰ株ヨーグルト　アロエ,１００ｇ,10,11/15まで,-,-,-,-,-,-
49202281 ,恵　ガセリ菌ＳＰ株ヨーグルト　いちご,１００ｇ,10,11/15まで,-,-,-,-,-,-
49212600 ,恵　ガセリ菌ＳＰ株ヨーグルト,１００ｇ,10,11/15まで,-,-,-,-,-,-
49212617 ,恵　ガセリ菌ＳＰ株ヨーグルトドリンク,１００ｇ,10,11/15まで,-,-,-,-,-,-
49212624 ,恵　ガセリ菌ＳＰ株ヨーグルトドリンクベリーミックス,１００ｇ,10,11/15まで,-,-,-,-,-,-
4941983012924 ,ｍｋ　焼きいもスティック,６０ｇ,10,11/15まで,-,-,-,-,-,-
4948143923816 ,ｍｋ　浜さきいか,６０ｇ,10,11/15まで,-,-,-,-,-,-
4950861143872 ,ｍｋ　焼きかまぼこ,６９ｇ,10,11/15まで,-,-,-,-,-,-
4950861143889 ,ｍｋ　激辛　焼きかまぼこ,６０ｇ,10,11/15まで,-,-,-,-,-,-
4950861144022 ,ｍｋ　やわらかいあたりめ,３２ｇ,10,11/15まで,-,-,-,-,-,-
4955905130337 ,ｍｋ　魚の骨ミックス,４５ｇ,10,11/15まで,-,-,-,-,-,-
4955905130351 ,ｍｋ　小いわしノンフライチップス,４５ｇ,10,11/15まで,-,-,-,-,-,-
4971423605133 ,ｍｋ　焼きほたて貝ひも,３４ｇ,10,11/15まで,-,-,-,-,-,-
4972151018080 ,ｍｋ　いかり豆,６０ｇ,10,11/15まで,-,-,-,-,-,-
4972151018097 ,ｍｋ　柿の種ピーナッツ,１００ｇ,10,11/15まで,-,-,-,-,-,-
4972151018103 ,ｍｋ　バタピー,８０ｇ,10,11/15まで,-,-,-,-,-,-
4979317884039 ,ｍｋ　ラーメン柿ピー,６５ｇ,10,11/15まで,-,-,-,-,-,-
4979317912206 ,ｍｋ　フライコーン　ペッパーベーコン味,４０ｇ,10,11/15まで,-,-,-,-,-,-
49794052 ,ＭＢＰドリンク,１００ｇ,10,11/15まで,-,-,-,-,-,-
4987244171917 ,ベビーのじかんアクアライトりんご,５００ｍｌ,10,11/15まで,-,-,-,-,-,-
4987244171924 ,ベビーのじかんアクアライト白ぶどう,５００ｍｌ,10,11/15まで,-,-,-,-,-,-
4987244171931 ,ベビーのじかんむぎ茶,５００ｍｌ,10,11/15まで,-,-,-,-,-,-
4987244171955 ,ベビーのじかんアップルウォーター,５００ｍｌ,10,11/15まで,-,-,-,-,-,-
4987244172280 ,ベビーのじかん赤ちゃんの純水５００ｍｌ,５００ｍｌ,10,11/15まで,-,-,-,-,-,-
4987244183477 ,赤ちゃんのおやつ＋Ｃａ　小魚せんべい,２枚×６袋,10,11/15まで,-,-,-,-,-,-
4987244183484 ,赤ちゃんのおやつ＋Ｃａ　ほうれん草と小松菜せんべい,２枚×６袋,10,11/15まで,-,-,-,-,-,-
4987244183491 ,赤ちゃんのおやつ＋Ｃａ　たまごボーロ,１５ｇ×３袋,10,11/15まで,-,-,-,-,-,-
4987244183507 ,赤ちゃんのおやつ＋Ｃａ　緑黄色野菜ボーロ,１５ｇ×３袋,10,11/15まで,-,-,-,-,-,-
4987244183514 ,赤ちゃんのおやつ＋Ｃａ　かぼちゃ＆にんじんリング,４ｇ×３袋,10,11/15まで,-,-,-,-,-,-
4987244183552 ,赤ちゃんのおやつ＋Ｃａ　やきいもクッキー,２本×６袋,10,11/15まで,-,-,-,-,-,-
4987244183569 ,赤ちゃんのおやつ＋Ｃａ　かぼちゃクッキー,２本×６袋,10,11/15まで,-,-,-,-,-,-
4987244183576 ,赤ちゃんのおやつ＋Ｃａ　バナナクッキー,２本×６袋,10,11/15まで,-,-,-,-,-,-
4987244183590 ,赤ちゃんのおやつ＋Ｃａ　チーズスティック,３本×７袋,10,11/15まで,-,-,-,-,-,-
4987244183606 ,赤ちゃんのおやつ＋Ｃａ　ミルクウエハース,１枚×８袋,10,11/15まで,-,-,-,-,-,-
4987244183651 ,１歳からのおやつ＋ＤＨＡ　えびせんべい,６ｇ×３袋,10,11/15まで,-,-,-,-,-,-
4987244183668 ,１歳からのおやつ＋ＤＨＡ　黒豆きなこクッキー,２本×６袋,10,11/15まで,-,-,-,-,-,-
4987244183682 ,１歳からのおやつ＋ＤＨＡ　小魚すなっく,４ｇ×３袋,10,11/15まで,-,-,-,-,-,-
4987244183699 ,１歳からのおやつ＋ＤＨＡ　ウエハースヨーグルト風味,１枚×８袋,10,11/15まで,-,-,-,-,-,-
4987244183705 ,１歳からのおやつ＋ＤＨＡ　いちごみるくクッキー,１６ｇ×３袋,10,11/15まで,-,-,-,-,-,-
4987244183712 ,１歳からのおやつ　わかめせんべい,３袋,10,11/15まで,-,-,-,-,-,-
4987244183729 ,１歳からのおやつ＋ＤＨＡ　とうもろこしすなっく,４ｇ×３袋,10,11/15まで,-,-,-,-,-,-
4987244183736 ,１歳からのおやつ＋ＤＨＡ　小魚ポンせん,３ｇ×３袋,10,11/15まで,-,-,-,-,-,-
4987244183750 ,１歳からのおやつ　豆乳ココアクッキー,６袋,10,11/15まで,-,-,-,-,-,-
4987244601476 ,赤ちゃんの天然水,５００ｍｌ,10,11/15まで,-,-,-,-,-,-
4987244601483 ,１歳からのむぎ茶,５００ｍｌ,10,11/15まで,-,-,-,-,-,-
4987244601490 ,ベビーのじかんアクアライトＷａｔｅｒりんご,５００ｍｌ,10,11/15まで,-,-,-,-,-,-
4987244601506 ,ベビーのじかんアクアライトＷａｔｅｒ白ぶどう,５００ｍｌ,10,11/15まで,-,-,-,-,-,-
4987244602749 ,はじめてのフルーチェジュレ　いちご,７０ｇ,10,11/15まで,-,-,-,-,-,-
4987244602756 ,はじめてのフルーチェジュレ　もも,７０ｇ,10,11/15まで,-,-,-,-,-,-
4987244602824 ,ベビーのじかんむぎ茶　増量品,６００ｍｌ,10,11/15まで,-,-,-,-,-,-
4901750443153 ,スコッティカシミヤティシュー２４年クリスマス企画品,２２０Ｗ,10,11/15まで,-,-,-,-,-,-
4901750443177 ,スコッティカシミヤティシュー　４０周年記念デザイン,２２０Ｗ,10,11/15まで,-,-,-,-,-,-
4901750444976 ,スコッティカシミヤティシューＡＵＴＵＭＮ２４年,２２０Ｗ,10,11/15まで,-,-,-,-,-,-
4901750445287 ,スコッティカシミヤ　サクラ,２２０Ｗ,10,11/15まで,-,-,-,-,-,-
4901750446123 ,スコッティ　カシミヤ　ひまわり,２２０Ｗ,10,11/15まで,-,-,-,-,-,-
4901750446185 ,スコッティカシミヤティシュー２３年クリスマス企画品,２２０Ｗ,10,11/15まで,-,-,-,-,-,-
4901750446222 ,スコッティカシミヤティシュー２４年サクラ企画品,２２０Ｗ,10,11/15まで,-,-,-,-,-,-
4901750446277 ,スコッティカシミヤティシュー２５年サクラ企画品,２２０Ｗ,10,11/15まで,-,-,-,-,-,-
4901750446291 ,スコッティカシミヤティシュー２６年サクラ企画品,２２０Ｗ,10,11/15まで,-,-,-,-,-,-
4901750446321 ,スコッティカシミヤティシュー２５年クリスマス企画品,２２０Ｗ,10,11/15まで,-,-,-,-,-,-
4901750474423 ,カシミヤ　ポケットティシュ,４個,10,11/15まで,-,-,-,-,-,-
4901750485016 ,ＭＫクリネックス肌うるるティシュー　３Ｐ,２０４組３Ｐ,10,11/15まで,-,-,-,-,-,-
4901987202103 ,ｍｋ　クッキングシートミニ,２５ｃｍｘ６ｍ,10,11/15まで,-,-,-,-,-,-
4901987203018 ,ｍｋ　クッキングシート,３０ｃｍｘ６ｍ,10,11/15まで,-,-,-,-,-,-
4901988100118 ,ｍｋ　水に流せるポケットティシュー,１２Ｐ,10,11/15まで,-,-,-,-,-,-
4902011103014 ,エリス新・素肌感（ふつう－多い日用）羽なし２６枚,２６枚,10,11/15まで,-,-,-,-,-,-
4902011103021 ,エリス新・素肌感（ふつう－多い日用）羽つき２０枚,２０枚,10,11/15まで,-,-,-,-,-,-
4902011103038 ,エリス新・素肌感（多い日の夜用）羽なし１０枚,１０枚,10,11/15まで,-,-,-,-,-,-
4902011103045 ,エリス新・素肌感（多い日の夜用）羽つき９枚,９枚,10,11/15まで,-,-,-,-,-,-
4902011105742 ,キミおもい　アクティブウェアＳＳＳ－Ｓ　お試し,４枚,10,11/15まで,-,-,-,-,-,-
4902011105780 ,キミおもい　アクティブウェアＭ－Ｌ　お試し,４枚,10,11/15まで,-,-,-,-,-,-
4902011106480 ,エリスショーツ４Ｐ昼・夜長時間用ブラックＭＬ,４枚,10,11/15まで,-,-,-,-,-,-
4902011108552 ,エリエールソフトパックティシュ１６０Ｗ８Ｐ,１６０Ｗ８Ｐ,10,11/15まで,-,-,-,-,-,-
4902011109399 ,ＥＬ除菌できるノンアルコールタオル携帯用,３２枚携帯用,10,11/15まで,-,-,-,-,-,-
4902011109474 ,エリエールウェットティシュー贅沢保湿　携帯用,２８枚,10,11/15まで,-,-,-,-,-,-
4902011111989 ,エリエール吸収力２倍シャワートイレ１２Ｒハロウィン,１１２カット,10,11/15まで,-,-,-,-,-,-
4902011114140 ,エリスショーツ４Ｐ昼・夜長時間用ブラックＬＬ,４枚,10,11/15まで,-,-,-,-,-,-
4902011120578 ,キミおもい　アクティブウェアＬゆったり　お試し,４枚,10,11/15まで,-,-,-,-,-,-
4902011121834 ,エリエール超除菌できるアルコールタオル携帯用２４枚,２４枚,10,11/15まで,-,-,-,-,-,-
4902011122893 ,ナチュラ吸水ショーツＭＬ２枚,２枚,10,11/15まで,-,-,-,-,-,-
4902011123111 ,エリエールポケットウエット　除菌アルコール,７枚×６Ｐ,10,11/15まで,-,-,-,-,-,-
4902011123128 ,エリエールポケットウエット　除菌ノンアルコール,７枚×６Ｐ,10,11/15まで,-,-,-,-,-,-
4902011123135 ,エリエールポケットウエット　トイレに流せる,７枚×６Ｐ,10,11/15まで,-,-,-,-,-,-
4902011126488 ,エリエール超吸収キッチンタオル無漂白,４Ｒ１００カット,10,11/15まで,-,-,-,-,-,-
4902011717037 ,エリエールイーナソフトパック,１５０Ｗ１０Ｐ,10,11/15まで,-,-,-,-,-,-
4902011732078 ,エリエール除菌できるアルコールタオル　携帯用,３２枚携帯用,10,11/15まで,-,-,-,-,-,-
4902011732511 ,ＥＬ　除菌アルコールタオルウィルス除去　携帯用,３０枚携帯用,10,11/15まで,-,-,-,-,-,-
4902011733174 ,ＥＬ　薬用消毒できるアルコールタオル　携帯用,２８枚携帯用,10,11/15まで,-,-,-,-,-,-
4902011821291 ,エリエール吸水力２倍トイレット１２Ｒ,１２Ｒ,10,11/15まで,-,-,-,-,-,-
4902011821734 ,エリエール吸収力２倍シャワートイレ用１２Ｒ,１１２カット,10,11/15まで,-,-,-,-,-,-
4902011821772 ,エリエール吸収力２倍シャワートイレ用フラワー１２Ｒ,１１２カット,10,11/15まで,-,-,-,-,-,-
4902011826913 ,エリエール吸収力２倍シャワー１２Ｒハロウイン,２５Ｍ,10,11/15まで,-,-,-,-,-,-
4902011880472 ,エリス新・素肌感（ふつう－多い日用）羽なし２８枚,２８枚,10,11/15まで,-,-,-,-,-,-
4902011880496 ,エリス新・素肌感（ふつう－多い日用）羽つき２２枚,２２枚,10,11/15まで,-,-,-,-,-,-
4902011880519 ,エリス新・素肌感ウルトラフィットナイト羽なし,１１枚,10,11/15まで,-,-,-,-,-,-
4902011880533 ,エリス新・素肌感ウルトラフィットナイト羽つき,１０枚,10,11/15まで,-,-,-,-,-,-
4902050450124 ,ｍｋ　洗たく槽クリーナー　粉末　酸素系,２５０ｇ,10,11/15まで,-,-,-,-,-,-
4902111780764 ,ラックス　ダメージリペア　シャンプー　詰替,２８０ｇ,10,11/15まで,-,-,-,-,-,-
4902111780771 ,ラックス　モイスチャー　保湿シャンプー　詰替,２８０ｇ,10,11/15まで,-,-,-,-,-,-
4902111780788 ,ラックスス　ストレートビューティーシャンプー　詰替,２８０ｇ,10,11/15まで,-,-,-,-,-,-
4902111780795 ,ラックス　リラックスナイトケアケアシャンプー　詰替,２８０ｇ,10,11/15まで,-,-,-,-,-,-
4902111780801 ,ラックス　ダメージリペア　コンディショナー　詰替,２８０ｇ,10,11/15まで,-,-,-,-,-,-
4902111780818 ,ラックス　モイスチャー保湿コンディショナー　詰替,２８０ｇ,10,11/15まで,-,-,-,-,-,-
4902111780825 ,ラックスストレートビューティーコンディショナー詰替,２８０ｇ,10,11/15まで,-,-,-,-,-,-
4902111780832 ,ラックスリラックスナイトケア　コンディショナー詰替,２８０ｇ,10,11/15まで,-,-,-,-,-,-
4902111782096 ,ラックス　キンモクセイ　シャンプー詰替,２８０ｇ,10,11/15まで,-,-,-,-,-,-
4902111782102 ,ラックス　キンモクセイコンディショナー詰替,２８０ｇ,10,11/15まで,-,-,-,-,-,-
4902201204224 ,ピュリナワンおやつ　毛玉ケアチキン,５６ｇ,10,11/15まで,-,-,-,-,-,-
4902201204231 ,ピュリナワンおやつ　尿路の健康ほたて入りサーモン,５６ｇ,10,11/15まで,-,-,-,-,-,-
4902201217279 ,ピュリナワンおやつ　総合栄養食ほたて入りサーモン,５６ｇ,10,11/15まで,-,-,-,-,-,-
4902201217750 ,ピュリナワンおやつ　免疫ケアまぐろゼリー,５６ｇ,10,11/15まで,-,-,-,-,-,-
4902201217767 ,ピュリナワンおやつ　免疫ケアまぐろペースト,５６ｇ,10,11/15まで,-,-,-,-,-,-
4902201217774 ,ピュリナワンおやつ　免疫ケアまぐろ＆かつおペースト,５６ｇ,10,11/15まで,-,-,-,-,-,-
4902201217781 ,ピュリナワンおやつ　免疫ケアチキンペースト,５６ｇ,10,11/15まで,-,-,-,-,-,-
4902201217798 ,ピュリナワンおやつ　消化とお腹の健康ケア,５６ｇ,10,11/15まで,-,-,-,-,-,-
4902201217804 ,ピュリナワンおやつ　総合栄養食バランス,５６ｇ,10,11/15まで,-,-,-,-,-,-
4902397847922 ,シーバパウチ　フレーク　お魚ミックスまぐろ・たい,３５ｇ,10,11/15まで,-,-,-,-,-,-
4902397848028 ,シーバパウチ　フレーク　お魚Ｍかつお・サーモン,３５ｇ,10,11/15まで,-,-,-,-,-,-
4902397848066 ,シーバパウチ　フレーク　お魚ミックス蟹かま・白身魚,３５ｇ,10,11/15まで,-,-,-,-,-,-
4902397848103 ,シーバパウチ　フレーク　お魚にささみ添え,３５ｇ,10,11/15まで,-,-,-,-,-,-
4902397848158 ,シーバパウチ　フレーク　お魚にかつお節添え,３５ｇ,10,11/15まで,-,-,-,-,-,-
4902397848189 ,シーバパウチ　フレーク　お魚に蟹かま添え,３５ｇ,10,11/15まで,-,-,-,-,-,-
4902397848264 ,シーバパウチ　フレーク　シーフードＭまぐろ・蟹かま,３５ｇ,10,11/15まで,-,-,-,-,-,-
4902397848424 ,シーバパウチ　フレーク　１８歳お魚Ｍまぐろ・たい,３５ｇ,10,11/15まで,-,-,-,-,-,-
4902397848455 ,シーバパウチ　フレーク　１８歳　お魚にささみ添え,３５ｇ,10,11/15まで,-,-,-,-,-,-
4902397848738 ,シーバパウチ　お魚スープ　まぐろ、かつお節,４０ｇ,10,11/15まで,-,-,-,-,-,-
4902397848769 ,シーバパウチ　お魚スープ　ささみ添え,４０ｇ,10,11/15まで,-,-,-,-,-,-
4902397848820 ,シーバパウチ　シーフードスープ　蟹かま、サーモン,４０ｇ,10,11/15まで,-,-,-,-,-,-
4902397848912 ,シーバパウチ　お魚スープ　１８歳まぐろ、かつお節,４０ｇ,10,11/15まで,-,-,-,-,-,-
4902397858706 ,シーザー　蒸しささみ,７０ｇ×４,10,11/15まで,-,-,-,-,-,-
4902397858720 ,シーザー　蒸しささみ　彩り野菜,７０ｇ×４,10,11/15まで,-,-,-,-,-,-
4902397858744 ,シーザー　ふっくら蒸しささみ　チーズ・彩り野菜入り,７０ｇ×４,10,11/15まで,-,-,-,-,-,-
4902397858768 ,シーザーパウチ　ささみ白身魚野菜,７０ｇ×４袋,10,11/15まで,-,-,-,-,-,-
4902397858782 ,シーザー　蒸しささみ　彩り野菜　１４歳,７０ｇ×４,10,11/15まで,-,-,-,-,-,-
4902397864578 ,シーザー　ジューシー厳選ビーフ入り　彩り野菜入り,７０ｇ×４,10,11/15まで,-,-,-,-,-,-
4902397865117 ,シーザー　ごろっと蒸しささみ　さつまいも入り,７０ｇ×４,10,11/15まで,-,-,-,-,-,-
4902397865131 ,シーザー　ごろっと蒸しささみ　鶏レバー入り,７０ｇ×４,10,11/15まで,-,-,-,-,-,-
4902397869573 ,シーバリッチ　まぐろ,３５ｇ,10,11/15まで,-,-,-,-,-,-
4902397869580 ,シーバリッチ　ささみ,３５ｇ,10,11/15まで,-,-,-,-,-,-
4902397869634 ,シーバパウチ　自然素材レシピまぐろ,３５ｇ,10,11/15まで,-,-,-,-,-,-
4902397869641 ,シーバパウチ　自然素材レシピかつお,３５ｇ,10,11/15まで,-,-,-,-,-,-
4902397869658 ,シーバパウチ　自然素材レシピまぐろかつおささみ,３５ｇ,10,11/15まで,-,-,-,-,-,-
4902397871781 ,シーザー　自然素材ささみ＆にんじん,６０ｇ×４,10,11/15まで,-,-,-,-,-,-
4902397871989 ,シーザー　自然素材ささみ＆さつまいも,６０ｇ×４,10,11/15まで,-,-,-,-,-,-
4902397872009 ,シーザー　自然素材ささみビーフ,６０ｇ×４,10,11/15まで,-,-,-,-,-,-
4902397872016 ,シーザー　自然素材ささみラム,６０ｇ×４,10,11/15まで,-,-,-,-,-,-
4902397872023 ,シーザー　自然素材ささみ＆農園野菜,６０ｇ×４,10,11/15まで,-,-,-,-,-,-
4902418004488 ,懐石　５つのごほうび　深紅,２００ｇ,10,11/15まで,-,-,-,-,-,-
4902418004495 ,懐石　５つのごほうび　群青,２００ｇ,10,11/15まで,-,-,-,-,-,-
4902418004501 ,懐石　５つのごほうび　新緑,２００ｇ,10,11/15まで,-,-,-,-,-,-
4902418004518 ,懐石　５つのごほうび　グレインフリー,１８０ｇ,10,11/15まで,-,-,-,-,-,-
4902418004525 ,懐石　５つのごほうび　下部尿路の健康維持,１８０ｇ,10,11/15まで,-,-,-,-,-,-
4902418004532 ,懐石　５つのごほうび　毛玉に配慮,１８０ｇ,10,11/15まで,-,-,-,-,-,-
4902418004549 ,懐石　５つのごほうび　腎臓の健康維持,１８０ｇ,10,11/15まで,-,-,-,-,-,-
4902418004556 ,懐石　５つのごほうび　低脂肪,１８０ｇ,10,11/15まで,-,-,-,-,-,-
4902430708487 ,機械用ジョイ除菌詰替,４９０ｇ,10,11/15まで,-,-,-,-,-,-
4902430708494 ,機械用ジョイオレンジピール成分入り詰替,４９０ｇ,10,11/15まで,-,-,-,-,-,-
4902430932196 ,レノアリセットヤマユリグリーンブーケ詰替,４８０ｍＬ,10,11/15まで,-,-,-,-,-,-
4903111014514 ,ライフリーらくらくおしりふきトイレ流せる７２枚,７２枚,10,11/15まで,-,-,-,-,-,-
4903111020812 ,シルコットアルコール除菌ウェット詰替　４０枚×３個,４０枚×３個,10,11/15まで,-,-,-,-,-,-
4903111022212 ,シルコット　うるのびコットン,８０枚,10,11/15まで,-,-,-,-,-,-
4903111158201 ,ム－ニ－おしりふきやわらか厚手詰替６０枚×８,６０枚×８,10,11/15まで,-,-,-,-,-,-
4903111159802 ,ム－ニ－おしりふきやわらか素材詰替７６枚×８,７６枚×８,10,11/15まで,-,-,-,-,-,-
4903111161560 ,ＭＮおしりふきトイレに流せるタイプ替５０×８,５０枚×８,10,11/15まで,-,-,-,-,-,-
4903111162802 ,ム－ニ－手口ふき詰替６０枚×８,６０枚×８,10,11/15まで,-,-,-,-,-,-
4903111180868 ,ム－ニ－おしりふきこすらずスッキリ詰替６０枚×８,６０枚×８,10,11/15まで,-,-,-,-,-,-
4903111181339 ,ム－ニ－おしりふきやわらか素材詰替８０枚×８,８０枚×８,10,11/15まで,-,-,-,-,-,-
4903111182435 ,ＭＮおしりふきトイレに流せるタイプ替５０×８,５０枚×８,10,11/15まで,-,-,-,-,-,-
4903111432011 ,シルコット　９９％除菌詰替４０枚×３　ＢＲＵＮＯ,４０枚　３Ｐ,10,11/15まで,-,-,-,-,-,-
4903111437108 ,シルコット９９．９９％除菌　抗菌　詰替　３４枚,３４枚×３,10,11/15まで,-,-,-,-,-,-
4903111437368 ,シルコットＷＴピュアウォーター詰替３Ｐ,６０枚　３Ｐ,10,11/15まで,-,-,-,-,-,-
4903111440269 ,シルコットウェットティッシュ安心除菌詰替３Ｐ,４５枚　３Ｐ,10,11/15まで,-,-,-,-,-,-
4903111458790 ,シルコットＷＴピュアウォーター詰替３Ｐ,５８枚　３Ｐ,10,11/15まで,-,-,-,-,-,-
4903111459674 ,シルコットウェットティッシュ安心除菌詰替３Ｐ,４３枚　３Ｐ,10,11/15まで,-,-,-,-,-,-
4903111463909 ,シルコット　ウイルス除去　詰替,４０枚×３,10,11/15まで,-,-,-,-,-,-
4903111482627 ,シルコット消毒ウェット詰替４０枚×３（旧品）,１２０枚,10,11/15まで,-,-,-,-,-,-
4903111486595 ,シルコット　９９．９９％除菌ＷＴ詰替４０枚×３,４０枚×３,10,11/15まで,-,-,-,-,-,-
4903111487202 ,シルコット除菌ウェットアルコールタイプ,４０枚×３,10,11/15まで,-,-,-,-,-,-
4903111677603 ,ライフリーらくらくおしりふきやわらか厚手７２枚,７２枚,10,11/15まで,-,-,-,-,-,-
4903111687800 ,ライフリーらくらくからだふき３０枚,３０枚,10,11/15まで,-,-,-,-,-,-
4903111700189 ,ム－ニ－おしりふきやわ素材詰替７６枚×８トミカ,７６枚×８,10,11/15まで,-,-,-,-,-,-
4903111791446 ,シルコット　ノンアル除菌詰替４３枚×３　ＢＲＵＮＯ,４３枚　３Ｐ,10,11/15まで,-,-,-,-,-,-
4903111900671 ,ムーニーおしりふきトイレに流せるタイプ替５４×８,５４枚×８,10,11/15まで,-,-,-,-,-,-
4903111988686 ,ムーニーおしりふき水分たっぷり厚手詰替６４枚×８,６４枚×８,10,11/15まで,-,-,-,-,-,-
4903111992737 ,ライフリーらくらくおしりふき超大判６０枚,６０枚,10,11/15まで,-,-,-,-,-,-
4903301252276 ,クリニカＫｉｄｓハブラシ,０～２才用,10,11/15まで,-,-,-,-,-,-
4903301252283 ,クリニカＫｉｄｓハブラシ,３～５才用,10,11/15まで,-,-,-,-,-,-
4903301252290 ,クリニカＫｉｄｓハブラシ,６～１２才用,10,11/15まで,-,-,-,-,-,-
4903301252306 ,クリニカＫｉｄｓハブラシ,仕上げみがき専用,10,11/15まで,-,-,-,-,-,-
4903301274827 ,アクロンフローラルブーケ替え大,９００ｍｌ,10,11/15まで,-,-,-,-,-,-
4903301274865 ,アクロンナチュラルソープ詰替大型,９００ｍｌ,10,11/15まで,-,-,-,-,-,-
4903301282020 ,ＮＯＮＩＯマウススプレー　クリアハーブミント,５ｍｌ,10,11/15まで,-,-,-,-,-,-
4903301282037 ,ＮＯＮＩＯマウススプレー　スプラッシュシトラス,５ｍｌ,10,11/15まで,-,-,-,-,-,-
4903301282044 ,ＮＯＮＩＯマウススプレー　ピュアフルーティミント,５ｍｌ,10,11/15まで,-,-,-,-,-,-
4903301291718 ,クリニカＫｉｄｓハブラシアナと雪の女王デザイン,０～２才用,10,11/15まで,-,-,-,-,-,-
4903301291732 ,クリニカＫｉｄｓハブラシアナと雪の女王デザイン,３～５才用,10,11/15まで,-,-,-,-,-,-
4903301291749 ,クリニカＫｉｄｓハブラシアナと雪の女王デザイン,６～１２才用,10,11/15まで,-,-,-,-,-,-
4903301325215 ,クリニカＫｉｄｓハブラシミニオンデザイン,０～２才用,10,11/15まで,-,-,-,-,-,-
4903301325260 ,クリニカＫｉｄｓハブラシミニオンデザイン,３～５才用,10,11/15まで,-,-,-,-,-,-
4903301325314 ,クリニカＫｉｄｓハブラシミニオンデザイン,６～１２才用,10,11/15まで,-,-,-,-,-,-
4903301331681 ,クリニカＪｒ．ハミガキ　やさしいミント香味,６０ｇ,10,11/15まで,-,-,-,-,-,-
4903301331698 ,クリニカＪｒ．デンタルリンス　やさしいミント香味,４５０ｍｌ,10,11/15まで,-,-,-,-,-,-
4903301332466 ,電動アシストブラシ付替　システマ,ふつう　２本,10,11/15まで,-,-,-,-,-,-
4903301332480 ,電動アシストブラシ付替　システマ,やわらかめ　２本,10,11/15まで,-,-,-,-,-,-
4903301332510 ,電動アシストブラシ付替　システマハグキプラス,やわらかめ　２本,10,11/15まで,-,-,-,-,-,-
4903301332534 ,電動アシストブラシ付替　システマ極上プレミアム,ふつう　２本,10,11/15まで,-,-,-,-,-,-
4903301332541 ,電動アシストブラシ付替　クリニカＡＤコンパクト,ふつう　２本,10,11/15まで,-,-,-,-,-,-
4903301332565 ,電動アシストブラシ付替　クリニカＡＤ超コンパクト,ふつう　２本,10,11/15まで,-,-,-,-,-,-
4903301332589 ,電動アシストブラシ付替　ＮＯＮＩＯ＋ホワイトニング,ふつう　２本,10,11/15まで,-,-,-,-,-,-
4903301344582 ,アクロンフローラルブーケ替え大,８５０ｍｌ,10,11/15まで,-,-,-,-,-,-
4903301344612 ,アクロンナチュラルソープ詰替大,８５０ｍｌ,10,11/15まで,-,-,-,-,-,-
4903301347699 ,リードクッキングペーパー　レギュラー,４０枚,10,11/15まで,-,-,-,-,-,-
4903301347705 ,リードクッキングペーパー　スマートタイプ,３６枚,10,11/15まで,-,-,-,-,-,-
4903320167643 ,ｍｋ　フローリング用ワックスシート,２０枚,10,11/15まで,-,-,-,-,-,-
4903320167650 ,ｍｋ　フローリング用ウエットシート,４０枚,10,11/15まで,-,-,-,-,-,-
4903320167667 ,ｍｋ　フローリング用アルカリ電解水ウエットシート,２０枚,10,11/15まで,-,-,-,-,-,-
4903320167674 ,ｍｋ　フローリング用ドライシート,３０枚,10,11/15まで,-,-,-,-,-,-
4903320483934 ,ｍｋ　除菌ウエットティシュ３０枚３Ｐ,３０枚３Ｐ,10,11/15まで,-,-,-,-,-,-
4904740532356 ,ＭＫ　柿渋石けん　１Ｐ,１００ｇ,10,11/15まで,-,-,-,-,-,-
49541434 ,サクセス　プレシェーブローション,１００ｍＬ,10,11/15まで,-,-,-,-,-,-
4957434010081 ,ｍｋ　除菌流せるトイレクリーナー,２０枚２Ｐ,10,11/15まで,-,-,-,-,-,-
4957434010098 ,ｍｋ　除菌流せる大判トイレクリーナー,１０枚２Ｐ,10,11/15まで,-,-,-,-,-,-
4957434011095 ,ｍｋ　フローリング用３層保水ウエットシート,２０枚,10,11/15まで,-,-,-,-,-,-
4967576481687 ,ナノエアーマスク　小さめ,７枚,10,11/15まで,-,-,-,-,-,-
4967576481694 ,ナノエアーマスクふつう,７枚,10,11/15まで,-,-,-,-,-,-
4967576704281 ,ＢＩＧＣＡＰＡ　アルカリ乾電池単３　４本,ＬＲ６Ｂｂｐ／４Ｂ,10,11/15まで,-,-,-,-,-,-
4967576704335 ,ＢＩＧＣＡＰＡ　アルカリ乾電池単４　４本,ＬＲ０３Ｂｂｐ／４Ｂ,10,11/15まで,-,-,-,-,-,-
4976558006916 ,ｍｋ　抗菌綿棒２００本,２００本,10,11/15まで,-,-,-,-,-,-
4976558006923 ,ｍｋ　抗菌綿棒詰替２００本,２００本,10,11/15まで,-,-,-,-,-,-
4976558006985 ,ｍｋ　抗菌綿棒個包装,１００本,10,11/15まで,-,-,-,-,-,-
4976861002261 ,ｍｋ　レンジ＆冷蔵庫クリーナー,２０枚,10,11/15まで,-,-,-,-,-,-
4976861003305 ,ｍｋ　リビング＆食卓クリーナー,２０枚,10,11/15まで,-,-,-,-,-,-
4976861004852 ,ｍｋ　ＩＨ＆ガスコンロ用クリーナー,２０枚,10,11/15まで,-,-,-,-,-,-
4978951901171 ,ｍｋ　キッチン泡ブリーチ本体,５２０ｍｌ,10,11/15まで,-,-,-,-,-,-
4978951901188 ,ｍｋ　キッチン泡ブリーチ付替,５２０ｍｌ,10,11/15まで,-,-,-,-,-,-
4978951910661 ,ｍｋ　高粘度パイプクリーナー,５００ｇ,10,11/15まで,-,-,-,-,-,-
4978951910678 ,ｍｋ　パイプクリーナー,１０００ｍｌ,10,11/15まで,-,-,-,-,-,-
4978951910685 ,ｍｋ　洗たく槽クリーナー　液体　塩素系,５５０ｇ,10,11/15まで,-,-,-,-,-,-
4978951910760 ,ｍｋ　こすらず流す　バスタブクリーナー　本体,５００ｍｌ,10,11/15まで,-,-,-,-,-,-
4978951910784 ,ｍｋ　こすらず流す　トイレ泡クリーナー本体,３００ｍｌ,10,11/15まで,-,-,-,-,-,-
4978951910791 ,ｍｋ　こすらず流す　トイレ泡クリーナーつめかえ,８００ｍｌ,10,11/15まで,-,-,-,-,-,-
4987009111844 ,アラクス　ノーシンピュア　（Ｎ）,８４錠,10,11/15まで,-,-,-,-,-,-
4987072049471 ,Ｓａｗａｄａｙクルマ用クリップパルファムノアール,６ｍｌ,10,11/15まで,-,-,-,-,-,-
4987072049488 ,Ｓａｗａｄａｙクルマ用クリップパルファムブラン,６ｍｌ,10,11/15まで,-,-,-,-,-,-
4987072049495 ,Ｓａｗａｄａｙクルマ専用ゲル　パルファムノアール,９０ｇ,10,11/15まで,-,-,-,-,-,-
4987072049501 ,Ｓａｗａｄａｙクルマ専用ゲル　パルファムブラン,９０ｇ,10,11/15まで,-,-,-,-,-,-
4987072050651 ,Ｓａｗａｄａｙクルマ専用ゲル　パルファムロゼ,９０ｇ,10,11/15まで,-,-,-,-,-,-
4987072050668 ,Ｓａｗａｄａｙクルマ用クリップパルファムロゼ,６ｍｌ,10,11/15まで,-,-,-,-,-,-
4987072052938 ,Ｓａｗａｄａｙクルマ用クリップパルファムアクア,６ｍｌ,10,11/15まで,-,-,-,-,-,-
4987072053768 ,Ｓａｗａｄａｙクルマ専用ボタニカル　グリーンリーフ,６．０ｍｌ,10,11/15まで,-,-,-,-,-,-
4987072053775 ,Ｓａｗａｄａｙクルマ専用ボタニカル　Ｆラベンダー,６．０ｍｌ,10,11/15まで,-,-,-,-,-,-
4987072053782 ,Ｓａｗａｄａｙクルマ専用ボタニカル　Ｎブロッサム,６．０ｍｌ,10,11/15まで,-,-,-,-,-,-
4987072086872 ,トイレ洗浄中３錠,３錠入り,10,11/15まで,-,-,-,-,-,-
4987072087695 ,ブルーレットさぼったリング大盛り泡　２包,２包,10,11/15まで,-,-,-,-,-,-
4987072087701 ,ブルーレット　さぼったリング,３包,10,11/15まで,-,-,-,-,-,-
4987072087930 ,Ｓａｗａｄａｙクルマ用クリップパルファムＷムスク,６ｍｌ,10,11/15まで,-,-,-,-,-,-
4987072096727 ,消臭元ＰＲＯタバコ　パワフルＥＸクリーン,４００ｍｌ,10,11/15まで,-,-,-,-,-,-
4987072096734 ,消臭元ＰＲＯペット　ティーグリーン,４００ｍｌ,10,11/15まで,-,-,-,-,-,-
4987072096741 ,消臭元ＰＲＯペット　無香料,４００ｍｌ,10,11/15まで,-,-,-,-,-,-
4987072099179 ,Ｓａｗａｄａｙクルマ専用クリップＰキンモクセイ,６ｍｌ,10,11/15まで,-,-,-,-,-,-
4987072099650 ,トイレの消臭元ふんわり清潔せっけん,４００ｍｌ,10,11/15まで,-,-,-,-,-,-
4987072099667 ,トイレの消臭元爽やかはじけるレモン,４００ｍｌ,10,11/15まで,-,-,-,-,-,-
4987072099674 ,トイレの消臭元幸せはこぶフェアリーローズ,４００ｍｌ,10,11/15まで,-,-,-,-,-,-
4987072099681 ,トイレの消臭元もぎたて白桃,４００ｍｌ,10,11/15まで,-,-,-,-,-,-
4987072099698 ,トイレの消臭元心がなごむ炭の香り,４００ｍｌ,10,11/15まで,-,-,-,-,-,-
4987072099704 ,トイレの消臭元　癒しをはこぶキンモクセイ,４００ｍｌ,10,11/15まで,-,-,-,-,-,-
4987072099711 ,トイレの消臭元やすらぎそよぐラベンダー,４００ｍｌ,10,11/15まで,-,-,-,-,-,-
4987072099742 ,トイレの消臭元カモミール＆アロマの香り,４００ｍｌ,10,11/15まで,-,-,-,-,-,-
4987072099759 ,トイレの消臭元　すっきりアップル＆ミント,４００ｍｌ,10,11/15まで,-,-,-,-,-,-
4987072099766 ,トイレの消臭元　風そよぐエアリーガーデン,４００ｍｌ,10,11/15まで,-,-,-,-,-,-
4987072099773 ,お部屋の消臭元ふんわり清潔せっけん,４００ｍｌ,10,11/15まで,-,-,-,-,-,-
4987072099780 ,お部屋の消臭元もぎたて白桃,４００ｍｌ,10,11/15まで,-,-,-,-,-,-
4987072099797 ,お部屋の消臭元カモミール＆アロマの香り,４００ｍｌ,10,11/15まで,-,-,-,-,-,-
4987072099803 ,お部屋の消臭元幸せはこぶフェアリーローズ,４００ｍｌ,10,11/15まで,-,-,-,-,-,-
4987072099810 ,お部屋の消臭元　　癒しをはこぶキンモクセイ,４００ｍｌ,10,11/15まで,-,-,-,-,-,-
4987072099827 ,お部屋の消臭元心がなごむ炭の香り,４００ｍｌ,10,11/15まで,-,-,-,-,-,-
4987072099834 ,お部屋の消臭元　　風そよぐエアリーガーデン,４００ｍｌ,10,11/15まで,-,-,-,-,-,-
4987072099872 ,お部屋の消臭元やすらぎそよぐラベンダー,４００ｍｌ,10,11/15まで,-,-,-,-,-,-
4987115000131 ,金鳥の渦巻Ｖ　３０巻缶入,３０巻,10,11/15まで,-,-,-,-,-,-
4987115250024 ,シンカトリ　２００日取替,１個,10,11/15まで,-,-,-,-,-,-
4987115351189 ,アリがいなくなるコンバット,６個,10,11/15まで,-,-,-,-,-,-
4987115521506 ,ハチ・アブ　キンチョール　５１０ｍＬ,５１０ｍｌ,10,11/15まで,-,-,-,-,-,-
4987115522022 ,ダニがいなくなるスプレーつけかえ用,３００ｍｌ,10,11/15まで,-,-,-,-,-,-
4987115522114 ,ダニがいなくなるスプレー　ミスト噴射,２００ｍｌ,10,11/15まで,-,-,-,-,-,-
4987115522251 ,ムカデキンチョール行動停止プラス,３００ｍｌ,10,11/15まで,-,-,-,-,-,-
4987176124739 ,レノアリセットシトラス＆ヴァーベナ詰替,４８０ｍＬ,10,11/15まで,-,-,-,-,-,-
4987176145567 ,レノアリセットフレッシュローズ＆フラワー詰替,４８０ｍＬ,10,11/15まで,-,-,-,-,-,-
4987176275783 ,レノアハピネス夢ふわタッチさくらの香り本体,４２５ｍＬ,10,11/15まで,-,-,-,-,-,-
4987176348685 ,レノア消臭抗菌ビーズ部屋干し花とおひさま本体ミニ,２６０ｍＬ,10,11/15まで,-,-,-,-,-,-
4987176348715 ,レノアアロマジュエルブロッサム本体ミニ,２６０ｍＬ,10,11/15まで,-,-,-,-,-,-
4987176348739 ,レノア消臭抗菌ビーズスポーツクールリフレッシュ本体,２６０ｍＬ,10,11/15まで,-,-,-,-,-,-
4987176348753 ,レノアアロマジュエルホワイトティー本体ミニ,２６０ｍＬ,10,11/15まで,-,-,-,-,-,-
4987176365415 ,さらさファブリーズスプレー詰替特大,６４０ｍｌ,10,11/15まで,-,-,-,-,-,-
4987176365439 ,さらさファブリーズスプレー本体,３７０ｍｌ,10,11/15まで,-,-,-,-,-,-
4987176403001 ,アリエールジェルボール爽快クール本体,１３個,10,11/15まで,-,-,-,-,-,-
4987205302916 ,ビゲンヘアマスカラ　ライトブラウン,ライトブラウン,10,11/15まで,-,-,-,-,-,-
4987205302923 ,ビゲンヘアマスカラ　ナチュラルブラウン,ナチュラルブラウン,10,11/15まで,-,-,-,-,-,-
4987205302930 ,ビゲンヘアマスカラ　ダークブラウン,ダークブラウン,10,11/15まで,-,-,-,-,-,-
4987205302947 ,ビゲンヘアマスカラ　ナチュラルブラック,ナチュラルブラック,10,11/15まで,-,-,-,-,-,-
4987205302954 ,ビゲン　ヘアマスカラ　アッシュブラウン,アッシュブラウン,10,11/15まで,-,-,-,-,-,-
4995860514551 ,ｍｋ　排水口用ヌメリ取り,３０ｇｘ２Ｐ,10,11/15まで,-,-,-,-,-,-
4514410169852 ,ストロングサワークリームオニオン,５３ｇ,10,10/15まで,-,-,-,-,-,-
4514410169869 ,ストロングデラックスピザ,５３ｇ,10,10/15まで,-,-,-,-,-,-
4514410169876 ,ストロング海苔ざんまい,５３ｇ,10,10/15まで,-,-,-,-,-,-
4514410169883 ,ストロング　ぎゅっと濃い梅,５２ｇ,10,10/15まで,-,-,-,-,-,-
4514410169890 ,ストロング爽快本わさび,５２ｇ,10,10/15まで,-,-,-,-,-,-
4514410169906 ,湖池屋ストロング　サラミ＆粗挽きペッパー,５２ｇ,10,10/15まで,-,-,-,-,-,-
4514410170209 ,ストロング　サワークリームオニオン,５３ｇ,10,10/15まで,-,-,-,-,-,-
4514410170216 ,ストロング　豪快のり,５３ｇ,10,10/15まで,-,-,-,-,-,-
4514410170223 ,ストロング　辛レモン,５３ｇ,10,10/15まで,-,-,-,-,-,-
4514410178083 ,湖池屋プライドポテト　渚のカルパッチョ,５５ｇ,10,10/15まで,-,-,-,-,-,-
4514410178090 ,プライドポテト日本の神業　金沢の甘えび,５２ｇ,10,10/15まで,-,-,-,-,-,-
4514410178106 ,プライドポテト日本の神業　飛騨牛炭火焼,５２ｇ,10,10/15まで,-,-,-,-,-,-
4514410179004 ,湖池屋プライドポテト　神のり塩,５５ｇ,10,10/15まで,-,-,-,-,-,-
4514410179011 ,湖池屋プライドポテト　ぞっこん岩塩,５５ｇ,10,10/15まで,-,-,-,-,-,-
4514410179035 ,湖池屋プライドポテト　通の黒胡椒,５５ｇ,10,10/15まで,-,-,-,-,-,-
4514410179387 ,プライドポテトＧＯＬＤＳＴＹＬＥ幸せだし食塩不使用,５５ｇ,10,10/15まで,-,-,-,-,-,-
4514410179448 ,プライドポテト　日本の神業　小豆島オリーブソルト,５２ｇ,10,10/15まで,-,-,-,-,-,-
4514410179455 ,プライドポテト　日本の神業　神戸ビーフ,５２ｇ,10,10/15まで,-,-,-,-,-,-
4514410179462 ,プライドポテト日本の神業　京都柚子七味,５２ｇ,10,10/15まで,-,-,-,-,-,-
4514410179479 ,プライドポテト日本の神業　九州焼のり醤油,５２ｇ,10,10/15まで,-,-,-,-,-,-
4514410179486 ,湖池屋プライドポテト　日本の神業　くまもとあか牛,５２ｇ,10,10/15まで,-,-,-,-,-,-
4514410179493 ,湖池屋プライドポテト　日本の神業　縄文香る帆立だし,５２ｇ,10,10/15まで,-,-,-,-,-,-
4514410179509 ,プライドポテト　心とろけるチーズ,５０ｇ,10,10/15まで,-,-,-,-,-,-
4514410179516 ,プライドポテト　ドはまり黒胡椒,５５ｇ,10,10/15まで,-,-,-,-,-,-
4514410179554 ,湖池屋プライドポテト　神のり塩,５５ｇ,10,10/15まで,-,-,-,-,-,-
4514410179561 ,湖池屋プライドポテト　ぞっこん岩塩,５５ｇ,10,10/15まで,-,-,-,-,-,-
4514410179578 ,湖池屋プライドポテト　ドはまり黒胡椒,５５ｇ,10,10/15まで,-,-,-,-,-,-
4514410179592 ,湖池屋プライドポテト　情熱コンソメ,５５ｇ,10,10/15まで,-,-,-,-,-,-
4547894660461 ,オレオ　ファミリーパック　バニラクリーム　２４枚,２４枚,10,10/15まで,-,-,-,-,-,-
4547894660539 ,オレオ　ファミリーパック　チョコレートクリーム,２４枚（３枚×８袋）,10,10/15まで,-,-,-,-,-,-
4547894660720 ,オレオ　ファミリーパック　いちごクリーム　２４枚,２４枚,10,10/15まで,-,-,-,-,-,-
4547894660744 ,オレオ　メッセージパック　バニラクリーム,２４枚,10,10/15まで,-,-,-,-,-,-
4547894660782 ,オレオ　ハロウィンパック　バニラクリーム,２４枚,10,10/15まで,-,-,-,-,-,-
4901313204689 ,亀田の柿の種わさび６袋詰,１６４ｇ,10,10/15まで,-,-,-,-,-,-
4901313204757 ,亀田の柿の種梅しそ６袋詰,１６４ｇ,10,10/15まで,-,-,-,-,-,-
4901313204894 ,減塩亀田の柿の種６袋詰,１６４ｇ,10,10/15まで,-,-,-,-,-,-
4901313205167 ,亀田の柿の種６袋詰,１８０ｇ,10,10/15まで,-,-,-,-,-,-
4901313228951 ,亀田の柿の種うましお,１５０ｇ,10,10/15まで,-,-,-,-,-,-
4901313258675 ,亀田の柿の種山椒味,１６４ｇ,10,10/15まで,-,-,-,-,-,-
4901313258811 ,亀田の柿の種ダブルコンソメ,１３５ｇ,10,10/15まで,-,-,-,-,-,-
4901313270547 ,亀田の柿の種麻辣味,１６４ｇ,10,10/15まで,-,-,-,-,-,-
4901313273081 ,亀田の柿の種ハッピーターン味,１２０ｇ,10,10/15まで,-,-,-,-,-,-
4901335134889 ,スティックカラムーチョ　ホットチリ味,９０ｇ,10,10/15まで,-,-,-,-,-,-
4901335134896 ,スティックわびさびカラムーチョ　肉ウマわさび,８５ｇ,10,10/15まで,-,-,-,-,-,-
4901987230748 ,東洋　整流板付専用パッと貼るだけスーパーフィルター,＿,10,10/15まで,-,-,-,-,-,-
4901987254096 ,東洋　パッと貼るだけホコリとり換気扇用１５ｃｍ,６枚入,10,10/15まで,-,-,-,-,-,-
4901987254102 ,東洋　パッと貼るだけホコリとり換気扇用３０ｃｍ,５枚入,10,10/15まで,-,-,-,-,-,-
4901987254287 ,東洋アルミ　貼るホコリとりフィルター２０ｃｍ３枚入,３枚,10,10/15まで,-,-,-,-,-,-
4901987254553 ,東洋パッと貼るだけホコリとりＦ換気扇用１５ｃｍ１８,１５ｃｍ　１８枚,10,10/15まで,-,-,-,-,-,-
4901987254560 ,東洋パッと貼るだけホコリとりＦ換気扇用３０ｃｍ９枚,３０ｃｍ　９枚,10,10/15まで,-,-,-,-,-,-
4902508275026 ,全身泡ソープ　濃密ホイップ泡　詰めかえ用３００ｍｌ,３００ｍｌ,10,10/15まで,-,-,-,-,-,-
4902720150972 ,マウントレーニア　カフェラッテ,２４０ｍｌ,10,10/15まで,-,-,-,-,-,-
4902720150989 ,マウントレーニア　エスプレッソ,２４０ｍｌ,10,10/15まで,-,-,-,-,-,-
4902720150996 ,マウントレーニア　ノンシュガー,２４０ｍｌ,10,10/15まで,-,-,-,-,-,-
4902720151009 ,マウントレーニア　クリーミーラテ,２４０ｍｌ,10,10/15まで,-,-,-,-,-,-
4902720151016 ,マウントレーニア　コールドブリュー,２４０ｍｌ,10,10/15まで,-,-,-,-,-,-
4902720151092 ,マウントレーニア　ノンスイート,２４０ｍｌ,10,10/15まで,-,-,-,-,-,-
4902720151108 ,マウントレーニアクリームストロベリーラテ,２４０ｍｌ,10,10/15まで,-,-,-,-,-,-
4902720152792 ,マウントレーニア　モカチーノ,２４０ｍｌ,10,10/15まで,-,-,-,-,-,-
4902720154956 ,マウントレーニア　カフェインレス,２４０ｍｌ,10,10/15まで,-,-,-,-,-,-
4902720159098 ,マウントレーニア　クリーミー抹茶ラテ,２４０ｍｌ,10,10/15まで,-,-,-,-,-,-
4902720161503 ,マウントレーニア　ソイラテ,２４０ｍｌ,10,10/15まで,-,-,-,-,-,-
4902720162876 ,マウントレーニア　カフェラッテ　無糖ラテ,１０００ｍｌ,10,10/15まで,-,-,-,-,-,-
4902720164122 ,マウントレーニアクリーミーほうじ茶ラテ,２４０ｍｌ,10,10/15まで,-,-,-,-,-,-
4902720166256 ,マウントレーニア　プロテイン　カフェラッテ,２４０ｍｌ,10,10/15まで,-,-,-,-,-,-
4902720167222 ,森永おいしい牛乳,９００ｍｌ,10,10/15まで,-,-,-,-,-,-
4902720167277 ,森永おいしい高たんぱく高カルシウム,９００ｍｌ,10,10/15まで,-,-,-,-,-,-
4902720167918 ,マウントレーニア　塩バニラ　やさしいミルクの甘み,２４０ｍｌ,10,10/15まで,-,-,-,-,-,-
4902720168151 ,マウントレーニア　シナモンヘーゼルナッツ,２４０ｍｌ,10,10/15まで,-,-,-,-,-,-
4903301259299 ,ＮＯＮＩＯハミガキクリアハーブミント,１３０ｇ,10,10/15まで,-,-,-,-,-,-
4903301259305 ,ＮＯＮＩＯハミガキピュアリーミント,１３０ｇ,10,10/15まで,-,-,-,-,-,-
4903301259312 ,ＮＯＮＩＯハミガキスプラッシュシトラスミント,１３０ｇ,10,10/15まで,-,-,-,-,-,-
4903301268352 ,ＮＯＮＩＯハミガキクリアハーブミント１０％増量,１４３ｇ,10,10/15まで,-,-,-,-,-,-
4903301268369 ,ＮＯＮＩＯハミガキピュアリーミント１０％増量,１４３ｇ,10,10/15まで,-,-,-,-,-,-
4903301268376 ,ＮＯＮＩＯハミガキスプラッシュシトラス１０％増量,１４３ｇ,10,10/15まで,-,-,-,-,-,-
4903301280408 ,ＮＯＮＩＯハミガキ　ピュアリーミントデザイン品,１３０ｇ,10,10/15まで,-,-,-,-,-,-
4903301282839 ,ＮＯＮＩＯ　舌クリーナー,１本,10,10/15まで,-,-,-,-,-,-
4903301283768 ,ＮＯＮＩＯハミガキピュアリーミニハーブリンス付,１３０ｇ＋８０ｍｌ,10,10/15まで,-,-,-,-,-,-
4903301293149 ,ＮＯＮＩＯプラス知覚過敏ケアハミガキ,１３０ｇ,10,10/15まで,-,-,-,-,-,-
4903301293156 ,ＮＯＮＩＯプラス知覚過敏ケアハミガキ１０％増量,１４３ｇ,10,10/15まで,-,-,-,-,-,-
4903301293170 ,ＮＯＮＩＯハブラシ　ＴＹＰＥ－ＳＨＡＲＰ,ふつう,10,10/15まで,-,-,-,-,-,-
4903301293187 ,ＮＯＮＩＯハブラシ　ＴＹＰＥ－ＳＨＡＲＰ,やわらかめ,10,10/15まで,-,-,-,-,-,-
4903301293194 ,ＮＯＮＩＯハブラシ　ＴＹＰＥ－ＲＩＣＨ,ふつう,10,10/15まで,-,-,-,-,-,-
4903301293200 ,ＮＯＮＩＯハブラシ　ＴＹＰＥ－ＲＩＣＨ,やわらかめ,10,10/15まで,-,-,-,-,-,-
4903301297253 ,ＮＯＮＩＯハミガキピュアリーミントデザイン品,１３０ｇ,10,10/15まで,-,-,-,-,-,-
4903301297291 ,ＮＯＮＩＯハミガキスプラッシュシトラスデザイン,１３０ｇ,10,10/15まで,-,-,-,-,-,-
4903301300496 ,ＮＯＮＩＯハミガキ　スパイシーミント,１３０ｇ,10,10/15まで,-,-,-,-,-,-
4903301300502 ,ＮＯＮＩＯハミガキスパイシーミント１０％増量,１４３ｇ,10,10/15まで,-,-,-,-,-,-
4903301304524 ,ＮＯＮＩＯ舌専用クリーニングジェル＋舌クリーナー,４５ｇ＋１本,10,10/15まで,-,-,-,-,-,-
4903301309635 ,ＮＯＮＩＯプラスホワイトニングハミガキ,１３０ｇ,10,10/15まで,-,-,-,-,-,-
4903301309666 ,ＮＯＮＩＯプラスホワイトニングハミガキ１０％増量,１４３ｇ,10,10/15まで,-,-,-,-,-,-
4903301311478 ,ＮＯＮＩＯハミガキピュアリー２０２０限定デザイン,１３０ｇ,10,10/15まで,-,-,-,-,-,-
4903301318187 ,ＮＯＮＩＯハブラシ　ＴＹＰＥ－ＳＭＯＯＴＨ,ふつう,10,10/15まで,-,-,-,-,-,-
4903301318194 ,ＮＯＮＩＯハブラシ　ＴＹＰＥ－ＳＭＯＯＴＨ,やわらかめ,10,10/15まで,-,-,-,-,-,-
4903301326724 ,ＮＯＮＩＯハミガキクリアハーブミント限定デザイン,１３０ｇ,10,10/15まで,-,-,-,-,-,-
4903301326731 ,ＮＯＮＩＯハミガキピュアリーミント限定デザイン,１３０ｇ,10,10/15まで,-,-,-,-,-,-
4903301326786 ,ＮＯＮＩＯハミガキシトラスミント限定デザイン,１３０ｇ,10,10/15まで,-,-,-,-,-,-
4903333133062 ,コアラのマーチ＜いちご＞,４８Ｇ,10,10/15まで,-,-,-,-,-,-
4903333205554 ,コアラのマーチ＜いちご＞,４６ｇ,10,10/15まで,-,-,-,-,-,-
4903333206186 ,カジッテストロベリー＆ピーチ,８０ｇ,10,10/15まで,-,-,-,-,-,-
4903333208708 ,クランキー,１枚,10,10/15まで,-,-,-,-,-,-
4903333214105 ,カジッテ＜キウイ＆アップル＞,８０ｇ,10,10/15まで,-,-,-,-,-,-
4903333226771 ,ザクザクやみつきクランキービッグパウチ,６７ｇ,10,10/15まで,-,-,-,-,-,-
4903333235162 ,コアラのマーチ＜全粒粉ｉｎ旨ビス＞,４６ｇ,10,10/15まで,-,-,-,-,-,-
4903333235216 ,カジッテ＜グレープ＆マスカット＞,８０ｇ,10,10/15まで,-,-,-,-,-,-
4903333246038 ,クランキービッグパウチ,７２ｇ,10,10/15まで,-,-,-,-,-,-
4903333253920 ,コアラのマーチチョコ,４８ｇ,10,10/15まで,-,-,-,-,-,-
4903333275595 ,カジッテ＜ミカン＆レモン＞,８０ｇ,10,10/15まで,-,-,-,-,-,-
4903333281428 ,ザクザクやみつきクランキー板,１枚,10,10/15まで,-,-,-,-,-,-
4971710638493 ,サンカット　ＵＶリップエッセンス,１０ｇ,10,10/15まで,-,-,-,-,-,-
49795462 ,ＮＯＮＩＯ　舌専用クリーニングジェル,４５ｇ,10,10/15まで,-,-,-,-,-,-
4901085663370 ,お～いお茶　ＰＵＲＥ　ＧＲＥＥＮ,６００ｍｌ,20,11/15まで,-,-,-,-,87,11/15まで
4901085663394 ,お～いお茶　ＬＥＭＯＮ　ＧＲＥＥＮ,６００ｍｌ,20,11/15まで,-,-,-,-,87,11/15まで
4909411085438 ,キリン　ラブズ　スポーツ,５５５ｍｌ,20,11/15まで,-,-,-,-,107,11/15まで
4909411085551 ,キリン　世界のＫｉｔｃｈｅｎから　ソルティライチ,５００ｍｌ,20,11/15まで,-,-,-,-,107,11/15まで
4909411090630 ,キリン×ファンケル　アミノサプリ　プラス,５５５ｍｌ,20,11/15まで,-,-,-,-,107,11/15まで
4909411106607 ,キリン　世界のＫｉｔｃｈｅｎから　ライムソルト,５００ｍｌ,20,11/15まで,-,-,-,-,107,11/15まで
4901777018686 ,サントリー　天然水,２Ｌ,20,11/15まで,-,-,-,-,117,11/15まで
4902750605510 ,コロロ　マスカット,４８ｇ,20,11/15まで,-,-,-,-,137,11/15まで
4902750607286 ,コロロ　沖縄パイン,４０ｇ,20,11/15まで,-,-,-,-,137,11/15まで
4902750667945 ,コロロ　清水白桃,４０ｇ,20,11/15まで,-,-,-,-,137,11/15まで
4902750682467 ,コロロ　二十世紀梨,４０ｇ,20,11/15まで,-,-,-,-,137,11/15まで
4902750706200 ,コロロ　グレープ,４８ｇ,20,11/15まで,-,-,-,-,137,11/15まで
4902750706255 ,コロロ　マスカット,４８ｇ,20,11/15まで,-,-,-,-,137,11/15まで
4902750771956 ,コロロ　巨峰,４８ｇ,20,11/15まで,-,-,-,-,137,11/15まで
4902750773059 ,コロロ　清水白桃,４０ｇ,20,11/15まで,-,-,-,-,137,11/15まで
4902888273261 ,ハイチュウプレミアム＜巨峰＞,３２ｇ,20,11/15まで,-,-,-,-,137,11/15まで
4902888274244 ,すッパイチュウプレミアム＜レモン＞,３２ｇ,20,11/15まで,-,-,-,-,137,11/15まで
4902888275265 ,ハイチュウプレミアム＜甘熟マンゴー＞,３２ｇ,20,11/15まで,-,-,-,-,137,11/15まで
4902888275548 ,ハイチュウプレミアム＜南高梅＞,３２ｇ,20,11/15まで,-,-,-,-,137,11/15まで
4902888276095 ,ハイチュウプレミアム＜ラ・フランス＞,３２ｇ,20,11/15まで,-,-,-,-,137,11/15まで
4901301386182 ,クリアクリーンナチュラルミント　１２０ｇ,１２０ｇ,20,11/15まで,-,-,-,-,193,11/15まで
4901301386199 ,クリアクリーンフレッシュシトラス　１２０ｇ,１２０ｇ,20,11/15まで,-,-,-,-,193,11/15まで
4901301386205 ,クリアクリーンエクストラクール　１２０ｇ,１２０ｇ,20,11/15まで,-,-,-,-,193,11/15まで
4902111775203 ,ダヴ　ホホバオイル＆サンダルウッド　詰替,３３０ｇ,20,11/15まで,-,-,-,-,216,11/15まで
4902111775227 ,ダヴ　モイスチャーケア　詰替,３３０ｇ,20,11/15まで,-,-,-,-,216,11/15まで
4902111775241 ,ダヴ　センシティブマイルド　詰替,３３０ｇ,20,11/15まで,-,-,-,-,216,11/15まで
4902111775265 ,ダヴ　シアバター＆バニラ　詰替,３３０ｇ,20,11/15まで,-,-,-,-,216,11/15まで
4902111775289 ,ダヴ　ピーチ＆スイートピー　詰替,３３０ｇ,20,11/15まで,-,-,-,-,216,11/15まで
4902111775302 ,ダヴ　ライスファーメント＆キンモクセイ　詰替,３３０ｇ,20,11/15まで,-,-,-,-,216,11/15まで
4902111775326 ,ダヴ　グレープフルーツ＆レモングラス　詰替,３３０ｇ,20,11/15まで,-,-,-,-,216,11/15まで
4902111775340 ,ダヴ　ホワイトクレイ＆ガーデニア　詰替,３３０ｇ,20,11/15まで,-,-,-,-,216,11/15まで
4902111776057 ,ダヴ　さくら　詰替,３３０ｇ,20,11/15まで,-,-,-,-,216,11/15まで
4902111776088 ,ダヴ　ボディウォッシュ　ミモザ　詰替,３３０ｇ,20,11/15まで,-,-,-,-,216,11/15まで
4902111776118 ,ダヴ　さらさら透明感　詰替,３３０ｇ,20,11/15まで,-,-,-,-,216,11/15まで
4902111777894 ,ダヴ　ラベンダー＆オーツミルク　詰替,３３０ｇ,20,11/15まで,-,-,-,-,216,11/15まで
4902111778792 ,ダヴ　濃厚シアバター＆バニラ　詰替用,３３０ｇ,20,11/15まで,-,-,-,-,216,11/15まで
4902111779614 ,ダヴボディ　堂島ロール　シャインマスカット詰替,３３０ｇ,20,11/15まで,-,-,-,-,216,11/15まで
4902111780443 ,ダヴ　ボディ　シトラス＆バーベナ　詰替,３３０ｇ,20,11/15まで,-,-,-,-,216,11/15まで
4902111782577 ,ダヴ　堂島ロール　甘酸っぱい摘みたていちご　詰替,３２０ｇ,20,11/15まで,-,-,-,-,216,11/15まで
4902111782607 ,ダヴ　ボディ　濃厚シアバター＆バニラ　詰替,３２０ｇ,20,11/15まで,-,-,-,-,216,11/15まで
4902111782638 ,ダヴ　ボディ　ナイトギンモクセイ　詰替,３２０ｇ,20,11/15まで,-,-,-,-,216,11/15まで
4902111784045 ,ダヴ　ボディウォッシュ　ミモザ　詰替,３２０ｇ,20,11/15まで,-,-,-,-,216,11/15まで
4902111785561 ,ダヴ　ボディ　モイスチャーケア　詰替,３００ｇ,20,11/15まで,-,-,-,-,216,11/15まで
4902111785691 ,ダヴ　ボディ　キンモクセイ　詰替,３００ｇ,20,11/15まで,-,-,-,-,216,11/15まで
4902111785721 ,ダヴ　ボディ　ピーチ　詰替,３００ｇ,20,11/15まで,-,-,-,-,216,11/15まで
4902111785752 ,ダヴ　ボディ　シアバター　詰替,３００ｇ,20,11/15まで,-,-,-,-,216,11/15まで
4902111785776 ,ダヴ　ボディ　センシティブ　詰替,３００ｇ,20,11/15まで,-,-,-,-,216,11/15まで
4902111785783 ,ダヴ　ボディ　ラベンダー　詰替,３００ｇ,20,11/15まで,-,-,-,-,216,11/15まで
4902111785790 ,ダヴ　ボディ　シトラス　詰替,３００ｇ,20,11/15まで,-,-,-,-,216,11/15まで
8801043025348 ,農心　辛ラーメン焼きそばカップ,１０５ｇ,20,11/15まで,-,-,-,-,216,11/15まで
8801043054928 ,農心　辛ラーメン　トゥーンバカップ,１１３ｇ,20,11/15まで,-,-,-,-,216,11/15まで
4901301381118 ,クリアクリーンフレッシュシトラス　ＢＩＧ　１７０ｇ,１７０ｇ,20,11/15まで,-,-,-,-,256,11/15まで
4901301381125 ,クリアクリーンエクストラクール　ＢＩＧ　１７０ｇ,１７０ｇ,20,11/15まで,-,-,-,-,256,11/15まで
4901301381132 ,クリアクリーンナチュラルミント　ＢＩＧ　１７０ｇ,１７０ｇ,20,11/15まで,-,-,-,-,256,11/15まで
4901001198429 ,味の素　ピュアセレクトローカロリー　コクうま,３６０ｇ,20,11/15まで,-,-,-,-,257,11/15まで
4901301334091 ,クリアクリーンＮＥＸＤＥＮＴ　ピュアミント,１２０Ｇ,20,11/15まで,-,-,-,-,276,11/15まで
4901301334176 ,クリアクリーンＮＥＸＤＥＮＴ　エクストラフレッシュ,１２０Ｇ,20,11/15まで,-,-,-,-,276,11/15まで
4901301334183 ,クリアクリーンＮＥＸＤＥＮＴ　マイルドシトラス,１２０Ｇ,20,11/15まで,-,-,-,-,276,11/15まで
4901301374004 ,クリアクリーンＮＥＸＤＥＮＴエクストラフレッシュ増,１３２Ｇ,20,11/15まで,-,-,-,-,276,11/15まで
4901301374011 ,クリアクリーンＮＥＸＤＥＮＴマイルドシトラス増量,１３２Ｇ,20,11/15まで,-,-,-,-,276,11/15まで
4901301374134 ,クリアクリーンＮＥＸＤＥＮＴピュアミント増量,１３２Ｇ,20,11/15まで,-,-,-,-,276,11/15まで
4901301394040 ,クリアクリーンＮＥＸＤＥＮＴホワイト　ミント増量,１３２Ｇ,20,11/15まで,-,-,-,-,276,11/15まで
4901301394682 ,クリアクリーンＮＥＸＤＥＮＴホワイト　アップル,１２０Ｇ,20,11/15まで,-,-,-,-,276,11/15まで
4901301394699 ,クリアクリーンＮＥＸＤＥＮＴホワイト　ミント,１２０Ｇ,20,11/15まで,-,-,-,-,276,11/15まで
4901301399793 ,クリアクリーンＮＥＸＤＥＮＴ息までキレイ　ミント,１１０ｇ,20,11/15まで,-,-,-,-,276,11/15まで
4901301399809 ,クリアクリーンＮＥＸＤＥＮＴ息までキレイ　シトラス,１１０ｇ,20,11/15まで,-,-,-,-,276,11/15まで
4901301399816 ,クリアクリーンＮＥＸＤＥＮＴ息キレイ　ミント増量,１２１ｇ,20,11/15まで,-,-,-,-,276,11/15まで
4901301399823 ,クリアクリーンＮＥＸＤＥＮＴ息キレイ　シトラス増量,１２１ｇ,20,11/15まで,-,-,-,-,276,11/15まで
4901301463029 ,クリアクリーンＮＥＸＤＥＮＴ　美白口臭　シトラス,１１０ｇ,20,11/15まで,-,-,-,-,276,11/15まで
4901301463036 ,クリアクリーンＮＥＸＤＥＮＴ　美白口臭　ミント,１１０ｇ,20,11/15まで,-,-,-,-,276,11/15まで
4901301463043 ,クリアクリーンＮＥＸＤＥＮＴ　美白口臭　アップル,１１０ｇ,20,11/15まで,-,-,-,-,276,11/15まで
4901301463050 ,クリアクリーンＮＥＸＤＥＮＴ　ピュアミント,１２０ｇ,20,11/15まで,-,-,-,-,276,11/15まで
4901301463067 ,クリアクリーンＮＥＸＤＥＮＴ　シャインシトラス,１２０ｇ,20,11/15まで,-,-,-,-,276,11/15まで
4901301463074 ,クリアクリーンＮＥＸＤＥＮＴ　エクストラフレッシュ,１２０ｇ,20,11/15まで,-,-,-,-,276,11/15まで
4901301466594 ,クリアクリーンＮＥＸＤＥＮＴ　ピュアミント増量,１３２ｇ,20,11/15まで,-,-,-,-,276,11/15まで
4901301466600 ,クリアクリーンＮＥＸＤＥＮＴ　エクストラＦ増量,１３２ｇ,20,11/15まで,-,-,-,-,276,11/15まで
4901301466617 ,クリアクリーンＮＥＸＤＥＮＴ　シャインシトラス増量,１３２ｇ,20,11/15まで,-,-,-,-,276,11/15まで
4901001114030 ,ピュアセレクトマヨネーズ,４００ｇ,20,11/15まで,-,-,-,-,287,11/15まで
4902111734965 ,ダヴフレッシュ洗顔料,１３０ｇ,20,11/15まで,-,-,-,-,296,11/15まで
4902111736655 ,ダヴビューティモイスチャー洗顔料,１３０ｇ,20,11/15まで,-,-,-,-,296,11/15まで
4902111736662 ,ダヴセンシティブマイルド洗顔料,１３０ｇ,20,11/15まで,-,-,-,-,296,11/15まで
4902111736679 ,ダヴディープピュア洗顔料,１３０ｇ,20,11/15まで,-,-,-,-,296,11/15まで
4902111736686 ,ダヴクリアリニュー洗顔料,１３０ｇ,20,11/15まで,-,-,-,-,296,11/15まで
4902111772295 ,ダヴ　ビューティモイスチャー　洗顔料　増量品,１４３ｇ,20,11/15まで,-,-,-,-,296,11/15まで
4902111779713 ,ダヴクリアリニュー洗顔料増量　サクラデザイン,１４３ｇ,20,11/15まで,-,-,-,-,296,11/15まで
4902111782799 ,ダヴ　トリプルＶＣ　洗顔料,１４３ｇ,20,11/15まで,-,-,-,-,296,11/15まで
4901301257666 ,メンズビオレ　ダブルスクラブ洗顔,１３０Ｇ,20,11/15まで,-,-,-,-,346,11/15まで
4901301257673 ,メンズビオレ　オイルクリア洗顔,１３０ｇ,20,11/15まで,-,-,-,-,346,11/15まで
4901301257680 ,メンズビオレ　ミクロスクラブ洗顔,１３０Ｇ,20,11/15まで,-,-,-,-,346,11/15まで
4901301257697 ,メンズビオレ　ディープモイスト洗顔,１３０Ｇ,20,11/15まで,-,-,-,-,346,11/15まで
4901301286833 ,メンズビオレ　薬用アクネケア洗顔,１３０ｇ,20,11/15まで,-,-,-,-,346,11/15まで
4902111775043 ,ダヴ泡ボディウォッシュ　つややか　詰替,４３０ｇ,20,11/15まで,-,-,-,-,366,3/31まで
4902111784144 ,ダヴ　泡ボディ　トワイライトブーケ　詰替,４３０ｇ,20,11/15まで,-,-,-,-,366,3/31まで
4903111313440 ,ソフィＳＰＯＲＴＳ２６０羽なし２４枚,２４枚,20,11/15まで,-,-,-,-,366,3/31まで
4903111593248 ,ソフィクールフレッシュ超涼感ナプキン２９０羽つき１,１２枚,20,11/15まで,-,-,-,-,366,3/31まで
4903111778034 ,ソフィクールフレッシュ涼感おりものシート５０枚,５０枚,20,11/15まで,-,-,-,-,366,3/31まで
4901301422736 ,クイックルホームリセットシートクリーナー　１８枚入,１８枚,20,11/15まで,-,-,-,-,456,11/15まで
4987176066398 ,レノアハピネス夢ふわタッチアンティークローズ特大,８１０ｍｌ,20,11/15まで,-,-,-,-,466,11/15まで
4987176066411 ,レノアハピネス夢ふわタッチヴェッルベットＢ特大,８１０ｍｌ,20,11/15まで,-,-,-,-,466,11/15まで
4987176192646 ,レノアハピネスヴェルベット＆フローラル詰替特大,７５０ｍＬ,20,11/15まで,-,-,-,-,466,11/15まで
4987176192660 ,レノアハピネス夢ふわアンティークローズ詰替特大,７５０ｍＬ,20,11/15まで,-,-,-,-,466,11/15まで
4987176277206 ,レノアハピネス夢ふわタッチホワイトティー詰替特大,７２０ｍＬ,20,11/15まで,-,-,-,-,466,11/15まで
4987176277213 ,レノアハピネス夢ふわアンティークローズ詰替特大,７２０ｍＬ,20,11/15まで,-,-,-,-,466,11/15まで
4987176277268 ,レノアハピネスヴェルベット＆フローラル詰替特大,７２０ｍＬ,20,11/15まで,-,-,-,-,466,11/15まで
4987176277282 ,レノアハピネス夢ふわタッチホワイトムスク詰替特大,７２０ｍＬ,20,11/15まで,-,-,-,-,466,11/15まで
4987176285362 ,レノアハピネス夢ふわタッチウォームコットン詰替特大,７２０ｍＬ,20,11/15まで,-,-,-,-,466,11/15まで
4987176319982 ,レノアハピネス夢ふわタッチジャスミンムスク特大,７２０ｍＬ,20,11/15まで,-,-,-,-,466,11/15まで
4987176350350 ,レノアハピネス夢ふわフローラル＆リネン詰替特大,７２０ｍＬ,20,11/15まで,-,-,-,-,466,11/15まで
4987176277176 ,レノアハピネス夢ふわシャインマスカット詰替特大,７２０ｍＬ,20,11/15まで,-,-,-,-,466,11/15まで
4903301169994 ,ルックおふろの防カビくん煙剤,５ｇ,20,11/15まで,-,-,-,-,616,11/15まで
4903301219583 ,ルックおふろの防カビくん煙剤　せっけんの香り,５ｇ,20,11/15まで,-,-,-,-,616,11/15まで
4903301234982 ,ルック　おふろの防カビくん煙剤　消臭ミントの香り,５ｇ,20,11/15まで,-,-,-,-,616,11/15まで
4903301372547 ,ルック＋　トイレのまるごと除菌消臭くん煙剤,４ｇ,20,11/15まで,-,-,-,-,616,11/15まで
4903301291930 ,ＮＯＮＩＯマウスウォッシュスプラッシュシトラス,１０００ｍｌ,20,11/15まで,-,-,-,-,618,3/31まで
4511413310113 ,ＤＨＣボタニカルオイルリップクリーム,１．５ｇ,20,11/15まで,-,-,-,-,628,3/31まで
4903111850853 ,ウェーブ１枚完結フロア用ウェットシート２４枚,２４枚,20,11/15まで,-,-,-,-,716,3/31まで
4901670000061 ,サランラップ　徳用Ｍ　２２ｃｍ×５０ｍ　パックリー,５０Ｍ＊２Ｐ,20,11/15まで,-,-,-,-,717,11/15まで
4901670110425 ,サランラップ　徳用Ｍ　２２ｃｍ×５０ｍ　２本パック,お買得２本パック,20,11/15まで,-,-,-,-,717,11/15まで
4901301455284 ,クリアクリーン　ラク落ちとろみ液　３８０ｍＬ,３８０ｍＬ,20,11/15まで,-,-,-,-,816,11/15まで
4987176122315 ,レノアクエン酸インさわやかシトラスつめかえ特大,６９０ｍｌ,20,11/15まで,-,-,-,-,816,11/15まで
4987176122339 ,レノアクエン酸インフレッシュグリーンつめかえ特大,６９０ｍｌ,20,11/15まで,-,-,-,-,816,11/15まで
4987176122353 ,レノアクエン酸インクリアフローラルつめかえ特大,６９０ｍｌ,20,11/15まで,-,-,-,-,816,11/15まで
4987176293022 ,レノアクエン酸イン超消臭無臭シトラス特大,７３０ｍｌ,20,11/15まで,-,-,-,-,896,11/15まで
4987176293145 ,レノアクエン酸イン超消臭部屋干しフレッシュグリーン,７３０ｍｌ,20,11/15まで,-,-,-,-,896,11/15まで
4987176293190 ,レノアクエン酸イン超消臭スポーツフレッシュリリー特,７３０ｍｌ,20,11/15まで,-,-,-,-,896,11/15まで
4901670000054 ,サランラップ　徳用Ｒ　３０ｃｍｘ５０ｍ　パックリー,５０Ｍ＊２Ｐ,20,11/15まで,-,-,-,-,917,11/15まで
4901670110418 ,サランラップ　徳用Ｒ　３０ｃｍｘ５０ｍ　２本パック,お買得２本パック,20,11/15まで,-,-,-,-,917,11/15まで
4901670117103 ,サランラップ　徳用レギュラー　２Ｐ,３０ｃｍｘ５０ｍ×２,20,11/15まで,-,-,-,-,917,11/15まで
4901301439383 ,ビオレ　パーフェクトオイル　つめかえ用　大容量,３９０ｍＬ,20,11/15まで,-,-,-,-,1219,11/15まで
4001686381137 ,ハリボー　　グレープフルーツ,８０ｇ,20,11/15まで,-,-,-,-,-,-
4001686396476 ,ハリボーゴールドベア,８０ｇ,20,11/15まで,-,-,-,-,-,-
4511413309919 ,ＤＨＣ薬用リップクリームセンシティブ,１．５ｇ,20,11/15まで,-,-,-,-,-,-
4511413310243 ,ＤＨＣカラーリップクリーム　シアーボルドー,１．５ｇ,20,11/15まで,-,-,-,-,-,-
4511413310250 ,ＤＨＣカラーリップクリーム　シアーレッド,１．５ｇ,20,11/15まで,-,-,-,-,-,-
4511413310267 ,ＤＨＣカラーリップクリーム　シアーローズピンク,１．５ｇ,20,11/15まで,-,-,-,-,-,-
4511413310281 ,ＤＨＣリップクリーム　ボタニカル,１．５ｇ,20,11/15まで,-,-,-,-,-,-
4511413310533 ,ＤＨＣ薬用リップクリームセンシティブ,１．５ｇ,20,11/15まで,-,-,-,-,-,-
4511413310670 ,ＤＨＣカラーリップクリーム　シアーブラウンベージュ,１．５ｇ,20,11/15まで,-,-,-,-,-,-
4511413310687 ,ＤＨＣカラーリップクリーム　シアーオレンジベージュ,１．５ｇ,20,11/15まで,-,-,-,-,-,-
4514603325812 ,アサヒ　ウィルキンソン　タンサン,５００ｍｌ,20,11/15まで,-,-,-,-,-,-
4514603347418 ,アサヒ　ウィルキンソン　タンサン　レモン,５００ｍｌ,20,11/15まで,-,-,-,-,-,-
4514603449112 ,アサヒ　ウィルキンソン　ジンジャエール,５００ｍｌ,20,11/15まで,-,-,-,-,-,-
4514603456110 ,アサヒ　ウィルキンソンタンサン　Ｗグレープ,５００ｍｌ,20,11/15まで,-,-,-,-,-,-
4514603461510 ,アサヒ　ドデカミン,５００ｍｌ,20,11/15まで,-,-,-,-,-,-
4514603461718 ,アサヒ　ドデカミンのゼロがこんなにおいしいわけがな,５００ｍｌ,20,11/15まで,-,-,-,-,-,-
4514603463415 ,アサヒ　ウィルキンソン　タンサン　ザ　フルーティー,４９０ｍｌ,20,11/15まで,-,-,-,-,-,-
4514603470710 ,アサヒ　ウィルキンソン　タンサン　ダブルグレープ（,５００ｍｌ,20,11/15まで,-,-,-,-,-,-
4514603490015 ,アサヒ　ウィルキンソンタンサン　ライチ＆レモン,５００ｍｌ,20,11/15まで,-,-,-,-,-,-
4514603492316 ,アサヒ　ウィルキンソン　タンサングレフルスカッシュ,４９０ｍｌ,20,11/15まで,-,-,-,-,-,-
4514603492415 ,アサヒ　ドデカミン,５００ｍｌ,20,11/15まで,-,-,-,-,-,-
4514603492514 ,アサヒ　ドデカミンのゼロが好きだと叫びたい,５００ｍｌ,20,11/15まで,-,-,-,-,-,-
45198618 ,大鵬薬品　ピタスのどトローチ,１２個,20,11/15まで,-,-,-,-,-,-
45198625 ,大鵬薬品　ピタスせきトローチ,１２個,20,11/15まで,-,-,-,-,-,-
4520699017302 ,銀のスプーンおやつ　カリカリッチシーフードかつお節,１２０ｇ,20,11/15まで,-,-,-,-,-,-
4520699601129 ,三ツ星グルメ　クッキーサンドまぐろ＆かつお＆ほたて,１２０ｇ,20,11/15まで,-,-,-,-,-,-
4520699601280 ,三ツ星グルメ　クッキーサンドまぐろチキンシーフード,１２０ｇ,20,11/15まで,-,-,-,-,-,-
4520699624272 ,銀のスプーンおやつ　毛玉ケアカリカリシーフード,１２０ｇ,20,11/15まで,-,-,-,-,-,-
4520699698471 ,銀のスプーンおやつ　しっとりシーフード＆チキン,１００ｇ,20,11/15まで,-,-,-,-,-,-
4520699698761 ,銀のスプーンおやつ　しっとりシーフード,１００ｇ,20,11/15まで,-,-,-,-,-,-
4520699698822 ,銀のスプーンおやつ　カリカリシーフード,１２０ｇ,20,11/15まで,-,-,-,-,-,-
4520699752104 ,銀のスプーンおやつ　カリカリッチ腎臓健康シーフード,１２０ｇ,20,11/15まで,-,-,-,-,-,-
45209604 ,大鵬薬品　ピタスのどトローチ（オレンジ）,１２個,20,11/15まで,-,-,-,-,-,-
45209611 ,大鵬薬品　ピタスのどトローチ（ライチ）,１２個,20,11/15まで,-,-,-,-,-,-
45209642 ,大鵬薬品）ピタスクールトローチＳ,１２個,20,11/15まで,-,-,-,-,-,-
4525678095913 ,ｍｋキッチンカウンタークロス,３０枚,20,11/15まで,-,-,-,-,-,-
4547691817785 ,ｍｋ　衣類に貼るカイロ　高温タイプ,１０枚入,20,11/15まで,-,-,-,-,-,-
4547691817792 ,ｍｋ　貼らないカイロ　高温タイプ,１０枚入,20,11/15まで,-,-,-,-,-,-
4547691819390 ,ｍｋ　衣類に貼るカイロ　高温タイプミニサイズ,１０枚入,20,11/15まで,-,-,-,-,-,-
4547691819406 ,ｍｋ　貼らないカイロ　高温タイプミニサイズ,１０枚入,20,11/15まで,-,-,-,-,-,-
4548514138216 ,薬用ソフレ入浴液ホワイトフローラルボトル,４８０ｍｌ,20,11/15まで,-,-,-,-,-,-
4548514138254 ,薬用ソフレ入浴液ホワイトフローラル替え,４００ｍｌ,20,11/15まで,-,-,-,-,-,-
4548514153790 ,ソフレマイルド・ミーミルク入浴液サクラ,７２０ｍｌ,20,11/15まで,-,-,-,-,-,-
4548514153813 ,ソフレマイルド・ミーミルク入浴液サクラ詰替,６００ｍｌ,20,11/15まで,-,-,-,-,-,-
4548514158733 ,ソフレマイルド・ミー　ミルク入浴液　金木犀,７２０ｍＬ,20,11/15まで,-,-,-,-,-,-
4548514158740 ,ソフレマイルド・ミー　ミルク入浴液　金木犀　替え,６００ｍＬ,20,11/15まで,-,-,-,-,-,-
4550585129567 ,サブリナタフパンストブラック,Ｌ－ＬＬ,20,11/15まで,-,-,-,-,-,-
4550585129581 ,サブリナタフパンストナチュラルベージュ,Ｌ－ＬＬ,20,11/15まで,-,-,-,-,-,-
4550585129598 ,サブリナタフパンストヌードベージュ,Ｌ－ＬＬ,20,11/15まで,-,-,-,-,-,-
4550585129604 ,サブリナタフパンストブラック,Ｍ－Ｌ,20,11/15まで,-,-,-,-,-,-
4550585129628 ,サブリナタフパンストナチュラルベージュ,Ｍ－Ｌ,20,11/15まで,-,-,-,-,-,-
4550585129635 ,サブリナタフパンストヌードベージュ,Ｍ－Ｌ,20,11/15まで,-,-,-,-,-,-
4550585288905 ,コスメディカルパンスト　ナチュラルベージュ　Ｍ,Ｍ,20,11/15まで,-,-,-,-,-,-
4550585288912 ,コスメディカルパンスト　ナチュラルベージュ　Ｌ,Ｌ,20,11/15まで,-,-,-,-,-,-
4550585292254 ,コスメディカルパンスト　ヌードベージュ　Ｍ,Ｍ,20,11/15まで,-,-,-,-,-,-
4550585292261 ,コスメディカルパンスト　ヌードベージュ　Ｌ,Ｌ,20,11/15まで,-,-,-,-,-,-
4550585362872 ,コスメディカルゾッキパンスト　ナチュラルベージュＭ,Ｍ,20,11/15まで,-,-,-,-,-,-
4550585362896 ,コスメディカルゾッキパンスト　ナチュラルベージュＬ,Ｌ,20,11/15まで,-,-,-,-,-,-
4560279550492 ,リーチＲホワイトニングとってもコンパクト,ふつう,20,11/15まで,-,-,-,-,-,-
4560279550508 ,リーチＲホワイトニングとってもコンパクト,やわらかめ,20,11/15まで,-,-,-,-,-,-
4560279550515 ,リーチホワイトニング　ふつう,１本,20,11/15まで,-,-,-,-,-,-
4560279550522 ,リーチホワイトニング　やわらかめ,１本,20,11/15まで,-,-,-,-,-,-
4560279564895 ,リーチホワイトニングコンパクトふつう,１本,20,11/15まで,-,-,-,-,-,-
4560279565175 ,リーチホワイトニングとってもコンパクトふつう,１本,20,11/15まで,-,-,-,-,-,-
4560279568428 ,リーチ　ホワイトニングＥＸ　コンパクト　ふつう,１本,20,11/15まで,-,-,-,-,-,-
4560279568435 ,リーチ　ホワイトニングＥＸ　コンパクト　やわらかめ,１本,20,11/15まで,-,-,-,-,-,-
4560279568442 ,リーチ　ホワイトニングＥＸ　レギュラー　ふつう,１本,20,11/15まで,-,-,-,-,-,-
4560279568459 ,リーチ　ホワイトニングＥＸ　レギュラー　やわらかめ,１本,20,11/15まで,-,-,-,-,-,-
4562192367997 ,烏江搾菜　ピリ辛味,３００ｇ,20,11/15まで,-,-,-,-,-,-
4562192368765 ,烏江搾菜　塩味,３００ｇ,20,11/15まで,-,-,-,-,-,-
4580225390934 ,ＭＫ　衣料用防虫剤,８００Ｇ,20,11/15まで,-,-,-,-,-,-
4580771740320 ,ＣＩＣＩＢＥＬＬＡ加湿マスク　就寝用,５枚入,20,11/15まで,-,-,-,-,-,-
4900480430778 ,ＭＫ　においのつかない防虫剤　１年防虫　引き出し用,２４個入り,20,11/15まで,-,-,-,-,-,-
4900480430785 ,ＭＫ　においのつかない防虫剤　１年防虫　洋服ダンス,２本分,20,11/15まで,-,-,-,-,-,-
4900480430792 ,ＭＫ　においのつかない防虫剤　クローゼット用,３個入り,20,11/15まで,-,-,-,-,-,-
4901002045876 ,ＳＢ　和風スパゲッティソース生ツナ醤油,８２ｇ,20,11/15まで,-,-,-,-,-,-
4901002125745 ,ＳＢ　まぜるだけのスパゲッティソースペペロンチーノ,４４．６ｇ,20,11/15まで,-,-,-,-,-,-
4901002125752 ,ＳＢ　まぜるだけのスパゲッティソースバジル,４８．６ｇ,20,11/15まで,-,-,-,-,-,-
4901002132323 ,ＳＢ　まぜスパ　生風味たらこバター,５３．４ｇ,20,11/15まで,-,-,-,-,-,-
4901002186562 ,ＳＢ　まぜスパ瀬戸内レモンオリーブ,４３．２ｇ,20,11/15まで,-,-,-,-,-,-
4901002186593 ,ＳＢ　まぜスパ有明海苔あごだし仕立,４５ｇ,20,11/15まで,-,-,-,-,-,-
4901002869878 ,ＳＢ　生風味パスタソース　たらこ,５３．４ｇ,20,11/15まで,-,-,-,-,-,-
4901002869885 ,ＳＢ　生風味パスタソース　明太子,５３．４ｇ,20,11/15まで,-,-,-,-,-,-
4901005006652 ,ポッキー２層仕立て＜濃い渋み抹茶＞,２袋,20,11/15まで,-,-,-,-,-,-
4901005009134 ,ポッキー極細,２袋,20,11/15まで,-,-,-,-,-,-
4901005009158 ,ポッキーチョコレート,２袋,20,11/15まで,-,-,-,-,-,-
4901005009561 ,ポッキー２層仕立て＜バニラ香るホワイト＞,２袋,20,11/15まで,-,-,-,-,-,-
4901005010529 ,冬のくちどけポッキー,２袋,20,11/15まで,-,-,-,-,-,-
4901005010642 ,冬のきらめきポッキー,２袋,20,11/15まで,-,-,-,-,-,-
4901005011847 ,ポッキー２層仕立て＜薫るカカオ＞,２袋,20,11/15まで,-,-,-,-,-,-
4901005014183 ,ポッキー＜濃い深み抹茶＞,２袋,20,11/15まで,-,-,-,-,-,-
4901005015760 ,ポッキー２層仕立て＜濃い渋み抹茶＞,２袋,20,11/15まで,-,-,-,-,-,-
4901005020115 ,ポッキー２層仕立てバニラ香るホワイト,２袋,20,11/15まで,-,-,-,-,-,-
4901005020993 ,冬のくちどけポッキー,２袋,20,11/15まで,-,-,-,-,-,-
4901005021181 ,冬のきらめきポッキー,２袋,20,11/15まで,-,-,-,-,-,-
4901005512429 ,つぶつぶいちごポッキー,２袋,20,11/15まで,-,-,-,-,-,-
4901005512436 ,アーモンドクラッシュポッキー,２袋,20,11/15まで,-,-,-,-,-,-
4901005512610 ,冬のくちどけポッキー,２袋,20,11/15まで,-,-,-,-,-,-
4901005512627 ,冬のきらめきポッキー,２袋,20,11/15まで,-,-,-,-,-,-
4901005512672 ,ポッキーチョコレート,２袋,20,11/15まで,-,-,-,-,-,-
4901005512689 ,ポッキー極細,２袋,20,11/15まで,-,-,-,-,-,-
4901005512696 ,ポッキーカカオ６０％,２袋,20,11/15まで,-,-,-,-,-,-
4901011201188 ,イチビキ　あわせだしめんつゆ　１Ｌ,１Ｌ,20,11/15まで,-,-,-,-,-,-
4901011201423 ,イチビキ　合わせ出しめんつゆ　１Ｌ,１Ｌ,20,11/15まで,-,-,-,-,-,-
4901070132423 ,消臭力　ＲＥＳＥＴＴＯピュアサボン替,５０ｍｌ,20,11/15まで,-,-,-,-,-,-
4901070132430 ,消臭力　ＲＥＳＥＴＴＯハーバルリフレッシュ替,５０ｍｌ,20,11/15まで,-,-,-,-,-,-
4901070132447 ,消臭力　ＲＥＳＥＴＴＯ　フローラルハグ替,５０ｍｌ,20,11/15まで,-,-,-,-,-,-
4901070132683 ,消臭力　ＲＥＳＥＴＴＯウッディカーム　替,５０ｍｌ,20,11/15まで,-,-,-,-,-,-
4901070302390 ,ムシューダ防虫カバー１年用スーツ４枚,４枚,20,11/15まで,-,-,-,-,-,-
4901070302406 ,ムシューダ防虫カバー１年用コート３枚,３枚,20,11/15まで,-,-,-,-,-,-
4901070303014 ,ムシューダ　１年間　洋服ダンス用　２個入,２個,20,11/15まで,-,-,-,-,-,-
4901070304042 ,消臭力　ＮＯＴＥ　クローゼット用　ホワイトリリー,１個,20,11/15まで,-,-,-,-,-,-
4901070304059 ,消臭力　ＮＯＴＥ　クローゼット用　サボン,１個,20,11/15まで,-,-,-,-,-,-
4901070304066 ,消臭力　ＮＯＴＥ　クローゼット用　フリージア,１個,20,11/15まで,-,-,-,-,-,-
4901070304127 ,消臭力　ＮＯＴＥ　クローゼット用　ペパーミント＆ベ,１個,20,11/15まで,-,-,-,-,-,-
4901070906796 ,ドライペットコンパクト　本体,１７０ｇ,20,11/15まで,-,-,-,-,-,-
4901070908691 ,おひさまの洗たく　くつクリーナー　つめかえ,２００ｍｌ,20,11/15まで,-,-,-,-,-,-
4901070909704 ,ドライペット　コンパクト　つめかえ用　３個入,３５０ｍｌ×３,20,11/15まで,-,-,-,-,-,-
4901071408183 ,超大盛りスーパーカップ　横浜家系豚骨醤油ラーメン,１７０ｇ,20,11/15まで,-,-,-,-,-,-
4901071408206 ,超大盛りスーパーカップ　濃厚豚醤油ラーメン,176,20,11/15まで,-,-,-,-,-,-
4901071409531 ,エース　スーパーカップ超大盛り魚介豚骨醤油ラーメン,１６８ｇ,20,11/15まで,-,-,-,-,-,-
4901080099518 ,ウルモア高保湿入浴液　クリーミーフローラルつめかえ,４８０ｍｌ,20,11/15まで,-,-,-,-,-,-
4901080099617 ,ウルモア高保湿入浴液　クリーミーローズ　つめかえ,４８０ｍｌ,20,11/15まで,-,-,-,-,-,-
4901080099716 ,ウルモア高保湿入浴液ボタニカルナチュラルハーブ替え,４８０ｍｌ,20,11/15まで,-,-,-,-,-,-
4901080216014 ,ＮＵＲＵＲＵ　ホワイトティーの香り１包,１包,20,11/15まで,-,-,-,-,-,-
4901080216113 ,ＮＵＲＵＲＵ　ブラックティーの香り１包,１包,20,11/15まで,-,-,-,-,-,-
4901080245311 ,スパサプリ　シャインレモン４００ｇ,４００ｇ,20,11/15まで,-,-,-,-,-,-
4901080245410 ,スパサプリ　ピュアリリー４００ｇ,４００ｇ,20,11/15まで,-,-,-,-,-,-
4901085658857 ,お～いお茶　ＰＵＲＥ　ＧＲＥＥＮ,６００ｍｌ,20,11/15まで,-,-,-,-,-,-
4901085658871 ,お～いお茶　ＬＥＭＯＮ　ＧＲＥＥＮ,６００ｍｌ,20,11/15まで,-,-,-,-,-,-
4901112600828 ,ビオプレーン加糖,７５ｇ×４,20,11/15まで,-,-,-,-,-,-
4901112600835 ,ビオ砂糖不使用,７５ｇ×４,20,11/15まで,-,-,-,-,-,-
4901112600859 ,ビオ脂肪０プレーン・砂糖不使用,４Ｐ,20,11/15まで,-,-,-,-,-,-
4901112600873 ,ビオいちじく,７５ｇ×４,20,11/15まで,-,-,-,-,-,-
4901112610452 ,ビオシチリア産レモン,７５ｇ×４,20,11/15まで,-,-,-,-,-,-
4901112610469 ,ダノンダノンビオ白桃＆黄桃,７５ｇ×４,20,11/15まで,-,-,-,-,-,-
4901112610582 ,ビオ完熟ストロベリー,７５ｇ×４,20,11/15まで,-,-,-,-,-,-
4901112610599 ,ビオ旬摘みブルーベリー,７５ｇ×４,20,11/15まで,-,-,-,-,-,-
4901112611343 ,ビオ　贅沢搾りぶどう,７５ｇＸ４,20,11/15まで,-,-,-,-,-,-
4901112611374 ,ビオ腸活これだけ　贅沢５種のフルーツ,１５０ｇ,20,11/15まで,-,-,-,-,-,-
4901112611480 ,ダノンビオ脂肪燃焼ドリンク,１００ｇ,20,11/15まで,-,-,-,-,-,-
4901112611497 ,ダノンビオ脂肪燃焼ドリンク　ブルーベリー風味,１００ｇ,20,11/15まで,-,-,-,-,-,-
4901112611572 ,ビオ贅沢ブルーベリーミックス,１５０ｇ,20,11/15まで,-,-,-,-,-,-
4901112611664 ,ダノンビオヨーグルト腸活これだけ贅沢百花はちみつ,１５０ｇ,20,11/15まで,-,-,-,-,-,-
4901112611671 ,ダノンビオ　ニュージーランド産キウイ,７５ｇ×４,20,11/15まで,-,-,-,-,-,-
4901121636078 ,ネピア鼻セレブティシュ３Ｐ,２００Ｗ３Ｐ,20,11/15まで,-,-,-,-,-,-
4901121636825 ,ネピア鼻セレブティシュ　ムーミン３Ｐ,２００Ｗ３Ｐ,20,11/15まで,-,-,-,-,-,-
4901121636870 ,ネピア鼻セレブティシュ　華麗なる名馬３Ｐ,２００Ｗ３Ｐ,20,11/15まで,-,-,-,-,-,-
4901133630842 ,チャオちゅ～ぶ　まぐろ,８０ｇ,20,11/15まで,-,-,-,-,-,-
4901133707278 ,とり三昧　チキン味,６０ｇ×３袋,20,11/15まで,-,-,-,-,-,-
4901133707285 ,とり三昧　レバー入り,６０ｇ×３袋,20,11/15まで,-,-,-,-,-,-
4901133707292 ,とり三昧　軟骨・野菜入り,６０ｇ×３袋,20,11/15まで,-,-,-,-,-,-
4901133707308 ,とり三昧　軟骨,６０ｇ×３袋,20,11/15まで,-,-,-,-,-,-
4901201146596 ,ＵＣＣ　職人の珈琲　無糖,９００ｍｌ,20,11/15まで,-,-,-,-,-,-
4901201146633 ,ＵＣＣ　職人の珈琲　低糖,９００ｍｌ,20,11/15まで,-,-,-,-,-,-
4901201146657 ,ＵＣＣ　職人の珈琲　ミルクに最適,９００ｍｌ,20,11/15まで,-,-,-,-,-,-
4901201150197 ,ＵＣＣ　おいしいカフェインレスコーヒー　無糖　ＰＥ,９００ｍｌ,20,11/15まで,-,-,-,-,-,-
4901201150319 ,ＵＣＣ　ゴールドスペシャル　アイスコーヒー　無糖,１０００ｍｌ,20,11/15まで,-,-,-,-,-,-
4901201150333 ,ＵＣＣ　ゴールドスペシャル　アイス　甘さひかえめ,１０００ｍｌ,20,11/15まで,-,-,-,-,-,-
4901234366510 ,マジアボタニカ　スキンコンディショナー,５００ｍｌ,20,11/15まで,-,-,-,-,-,-
4901234366558 ,マジアボタニカ　スキンコンディショナー限定企画品,５００ｍｌ,20,11/15まで,-,-,-,-,-,-
4901234366619 ,マジアボタニカ　スキンコンディショナー　ローズ,５００ｍｌ,20,11/15まで,-,-,-,-,-,-
4901234366916 ,マジアボタニカ　ミルクジェル,１８０ｇ,20,11/15まで,-,-,-,-,-,-
4901234367012 ,マジアボタニカ　ＡＣプラス　薬用バリアミスト,１００ｍｌ,20,11/15まで,-,-,-,-,-,-
4901234367029 ,マジアボタニカ　ＡＣプラス　薬用バリアクリーム,２０ｇ,20,11/15まで,-,-,-,-,-,-
4901301031525 ,サクセス　薬用シェービングジェル　フレッシュタイプ,１８０ｇ,20,11/15まで,-,-,-,-,-,-
4901301043344 ,サクセス　薬用シェービングジェル　スキンケアタイプ,１８０ｇ,20,11/15まで,-,-,-,-,-,-
4901301235442 ,ピュオーラ　オフィス＆トラベル,１組,20,11/15まで,-,-,-,-,-,-
4901301261984 ,メンズビオレ　泡タイプオイルクリア洗顔　つめかえ,１３０ｍＬ,20,11/15まで,-,-,-,-,-,-
4901301261991 ,メンズビオレ　泡タイプ洗顔　つめかえ,１３０ｍＬ,20,11/15まで,-,-,-,-,-,-
4901301262035 ,ピュオーラハブラシ　コンパクト　やわらかめ,１ホン,20,11/15まで,-,-,-,-,-,-
4901301262042 ,ピュオーラハブラシ　超コンパクト　やわらかめ,１ホン,20,11/15まで,-,-,-,-,-,-
4901301262059 ,ピュオーラハブラシ　コンパクトスリム　やわらかめ,１ホン,20,11/15まで,-,-,-,-,-,-
4901301262288 ,ピュオーラハブラシ　コンパクト　ふつう,１ホン,20,11/15まで,-,-,-,-,-,-
4901301262295 ,ピュオーラハブラシ　超コンパクト　ふつう,１ホン,20,11/15まで,-,-,-,-,-,-
4901301262318 ,ピュオーラハブラシ　コンパクトスリム　ふつう,１ホン,20,11/15まで,-,-,-,-,-,-
4901301262547 ,アトリックス　メディケイティッド　エクストラクリー,７０ｇ,20,11/15まで,-,-,-,-,-,-
4901301267764 ,サクセス薬用シェービングジェル　多枚刃カミソリ用,１８０Ｇ,20,11/15まで,-,-,-,-,-,-
4901301277817 ,メンズビオレ　泡タイプ薬用アクネケア洗顔　つめかえ,１３０ｍＬ,20,11/15まで,-,-,-,-,-,-
4901301289858 ,サクセス　ウェット剃りシェーバー専用ジェル,１８０ｇ,20,11/15まで,-,-,-,-,-,-
4901301293176 ,ニベア　モイストピュアカラーリップ　ピンクベージュ,３．５ｇ,20,11/15まで,-,-,-,-,-,-
4901301293183 ,ニベア　モイストピュアカラーリップ　チェリーレッド,３．５ｇ,20,11/15まで,-,-,-,-,-,-
4901301307088 ,ロリエきれいスタイル無香料３６コ入×３,１０８個,20,11/15まで,-,-,-,-,-,-
4901301314598 ,アトリックス　エクストラプロテクションチューブ大容,１０５ｇ,20,11/15まで,-,-,-,-,-,-
4901301325730 ,ニベア　モイストピュアカラーリップ　アプリコットピ,３．５ｇ,20,11/15まで,-,-,-,-,-,-
4901301342485 ,ピュオーラハブラシ　薄型コンパクト　ふつう,１本,20,11/15まで,-,-,-,-,-,-
4901301342492 ,ピュオーラハブラシ　薄型コンパクト　やわらかめ,１本,20,11/15まで,-,-,-,-,-,-
4901301343055 ,サクセスシェービングジェル　プレミアム,１８０ｇ,20,11/15まで,-,-,-,-,-,-
4901301359841 ,クリアクリーンハブラシ奥歯プラス　コンパクトふつう,１本,20,11/15まで,-,-,-,-,-,-
4901301359896 ,クリアクリーンハブラシ歯間プラス　コンパクトふつう,１本,20,11/15まで,-,-,-,-,-,-
4901301359919 ,クリアクリーンハブラシ歯間プラス　レギュラーふつう,１本,20,11/15まで,-,-,-,-,-,-
4901301359933 ,クリアクリーンハブラシ歯面＆すき間コンパクトふつう,１本,20,11/15まで,-,-,-,-,-,-
4901301359940 ,クリアクリーンハブラシ歯面＆すき間超コンふつう,１本,20,11/15まで,-,-,-,-,-,-
4901301359971 ,クリアクリーンハブラシ　歯面＆すき間ワイド　ふつう,１本,20,11/15まで,-,-,-,-,-,-
4901301361769 ,メンズビオレ　泡タイプ洗顔　ディープモイスト詰替,１３０ｍＬ,20,11/15まで,-,-,-,-,-,-
4901301375131 ,ケープ　フォーアクティブ　無香料　１８０ｇ,１８０ｇ,20,11/15まで,-,-,-,-,-,-
4901301375148 ,ケープ　フォーアクティブ　微香性　１８０ｇ,１８０ｇ,20,11/15まで,-,-,-,-,-,-
4901301415288 ,８ｘ４アロマスイッチスプレー　パリスブーケ,１５０ｇ,20,11/15まで,-,-,-,-,-,-
4901301415295 ,８ｘ４アロマスイッチロールオン　パリスブーケ,６５ｍＬ,20,11/15まで,-,-,-,-,-,-
4901301415301 ,８ｘ４アロマスイッチスプレー　マンハッタンリネン,１５０ｇ,20,11/15まで,-,-,-,-,-,-
4901301415318 ,８ｘ４アロマスイッチロールオン　マンハッタンリネン,６５ｍＬ,20,11/15まで,-,-,-,-,-,-
4901301419323 ,ニベア　スキンミルク　しっとり　ポンプつめかえ,２９０ｇ,20,11/15まで,-,-,-,-,-,-
4901301424228 ,ケープ　フォーアクティブ　無香料　３００ｇ,３００ｇ,20,11/15まで,-,-,-,-,-,-
4901301430212 ,花王ホワイト　バスサイズ　３コパック,３９０Ｇ,20,11/15まで,-,-,-,-,-,-
4901301430229 ,花王ホワイト　アロマティックローズの香り　Ｂ３コ,３９０Ｇ,20,11/15まで,-,-,-,-,-,-
4901301430236 ,花王ホワイトリフレッシュシトラスの香りＢ３Ｐ,３９０Ｇ,20,11/15まで,-,-,-,-,-,-
4901301431585 ,８ｘ４アロマネックジェル　パリスブーケ,２０ｇ,20,11/15まで,-,-,-,-,-,-
4901301431592 ,８Ｘ４　アロマスイッチスプレー　プロヴァンス,１５０ｇ,20,11/15まで,-,-,-,-,-,-
4901301431813 ,８ｘ４アロマネックジェル　マンハッタンリネン,２０ｇ,20,11/15まで,-,-,-,-,-,-
4901301431820 ,８ｘ４アロマネックジェル　アイランドブロッサム,２０ｇ,20,11/15まで,-,-,-,-,-,-
4901301431974 ,８ｘ４アロマネックジェル　プロヴァンステラス,２０ｇ,20,11/15まで,-,-,-,-,-,-
4901301431981 ,８Ｘ４　アロマスイッチロールオン　プロヴァンス,６５ｍＬ,20,11/15まで,-,-,-,-,-,-
4901301432957 ,ピュオーラハブラシすき間ＰＲＯ　コンパクトふつう,１本,20,11/15まで,-,-,-,-,-,-
4901301447159 ,ピュオーラハブラシすき間ＰＲＯ　コンパクトやわらか,１本,20,11/15まで,-,-,-,-,-,-
4901301452047 ,ビオレザハンド　泡ハンドソープ　ウッド　ポンプ,２８０ｍＬ,20,11/15まで,-,-,-,-,-,-
4901301467287 ,ビオレザハンド　泡ハンドソープ　ムスク　ポンプ,２８０ｍＬ,20,11/15まで,-,-,-,-,-,-
4901301467294 ,ビオレザハンド　泡ハンドソープ　ほうじ茶　ポンプ,２８０ｍＬ,20,11/15まで,-,-,-,-,-,-
4901301467553 ,ピュオーラハブラシすき間ＰＲＯ超コンパクトふつう,１本,20,11/15まで,-,-,-,-,-,-
4901301467560 ,ピュオーラハブラシすき間ＰＲＯ超コンパクトやわらか,１本,20,11/15まで,-,-,-,-,-,-
4901301469304 ,ロリエきれいスタイルオーガニックコットン無香５０コ,５０個,20,11/15まで,-,-,-,-,-,-
4901301469311 ,ロリエきれいスタイルオーガニックコットンサボン５０,５０個,20,11/15まで,-,-,-,-,-,-
4901306074367 ,野菜生活１００Ｓｍｏｏｔｈｉｅ　グリーンスムージー,１０００ｇ,20,11/15まで,-,-,-,-,-,-
4901340010543 ,カルピス　カルピスソーダ,５００ｍｌ,20,11/15まで,-,-,-,-,-,-
4901340083042 ,カルピス　ＴＨＥ　ＲＩＣＨ,４９０ｍｌ,20,11/15まで,-,-,-,-,-,-
4901340094048 ,カルピス　ＴＨＥ　ＲＩＣＨ,４７０ｍｌ,20,11/15まで,-,-,-,-,-,-
4901340098046 ,カルピス　ＣＡＬＰＩＳ　濃いめ,４９０ｍｌ,20,11/15まで,-,-,-,-,-,-
4901340689213 ,カルピス　カルピスウォーター,５００ｍｌ,20,11/15まで,-,-,-,-,-,-
4901550272595 ,かき氷グミ,５５ｇ,20,11/15まで,-,-,-,-,-,-
4901550272618 ,すいかグミ,５０ｇ,20,11/15まで,-,-,-,-,-,-
4901550272915 ,雪ふるいちごグミ,５２ｇ,20,11/15まで,-,-,-,-,-,-
4901550272922 ,まんまる雪ぼうやグミ,５５ｇ,20,11/15まで,-,-,-,-,-,-
4901609015067 ,カビキラー付替　６５０ｇ,６５０ｇ,20,11/15まで,-,-,-,-,-,-
4901609017726 ,ＳＢ流せるトイレブラシ除菌消臭ＷＢ替え４８個,替え４８個,20,11/15まで,-,-,-,-,-,-
4901620170257 ,シスコーン　フロスト,２２０ｇ,20,11/15まで,-,-,-,-,-,-
4901620170578 ,シスコーン　マイルドチョコ,２００ｇ,20,11/15まで,-,-,-,-,-,-
4901620171162 ,シスコーン　サクサクハートいちご味,１３０ｇ,20,11/15まで,-,-,-,-,-,-
4901620171179 ,シスコーン　サクリングチョコ,１５０ｇ,20,11/15まで,-,-,-,-,-,-
4901625272284 ,ゴールドベア４連グミ,６４ｇ,20,11/15まで,-,-,-,-,-,-
4901730230117 ,バンドエイド　肌色　Ｍサイズ　２５枚,２５枚入,20,11/15まで,-,-,-,-,-,-
4901730230124 ,バンドエイド　肌色　Ｓサイズ　２５枚,２５枚,20,11/15まで,-,-,-,-,-,-
4901730230193 ,バンドエイド　肌色　ワイド　２０枚,２０枚,20,11/15まで,-,-,-,-,-,-
4901730230308 ,バンドエイド　肌色　Ｍサイズ　５０枚,５０枚入,20,11/15まで,-,-,-,-,-,-
4901730260343 ,バンドエイド　顔用パッチ大きめ　１０枚,１０枚,20,11/15まで,-,-,-,-,-,-
4901734049975 ,サッポロ一番　カップスター　醤油,７１ｇ,20,11/15まで,-,-,-,-,-,-
4901734049999 ,サッポロ一番　カップスター　味噌,７８ｇ,20,11/15まで,-,-,-,-,-,-
4901734050087 ,サッポロ一番　カップスター　旨塩,７５ｇ,20,11/15まで,-,-,-,-,-,-
4901734050100 ,サッポロ一番　カップスター　豚骨,７５ｇ,20,11/15まで,-,-,-,-,-,-
4901734051817 ,サッポロ一番　カップスターカレーうどん,８０ｇ,20,11/15まで,-,-,-,-,-,-
4901734059660 ,サッポロ一番　カップスター　鶏天そば,６４ｇ,20,11/15まで,-,-,-,-,-,-
4901734059684 ,サッポロ一番　カップスター　ほたて塩味,６０ｇ,20,11/15まで,-,-,-,-,-,-
4901734063377 ,サッポロ一番　減塩　塩らーめん　３食パック,２６７ｇ,20,11/15まで,-,-,-,-,-,-
4901734063414 ,サッポロ一番　減塩　みそラーメン　３食パック,２６７ｇ,20,11/15まで,-,-,-,-,-,-
4901777216884 ,サントリー　天然水,５５０ｍｌ,20,11/15まで,-,-,-,-,-,-
4901777285705 ,サントリー　ヨーグリーナ＆天然水,５４０ｍｌ,20,11/15まで,-,-,-,-,-,-
4901777317604 ,サントリー　天然水スパークリングレモン,５００ｍｌ,20,11/15まで,-,-,-,-,-,-
4901777338685 ,サントリー　天然水うめソルティ,５４０ｍｌ,20,11/15まで,-,-,-,-,-,-
4901777347663 ,サントリー　ＺＯＮｅ,５００ｍｌ,20,11/15まで,-,-,-,-,-,-
4901777362437 ,サントリー　ヨーグリーナ＆天然水ＢＩＯＸ,５４０ｍｌ,20,11/15まで,-,-,-,-,-,-
4901777364547 ,サントリー　ＳＴＲＯＮＧ天然水スパークリング,５１０ｍｌ,20,11/15まで,-,-,-,-,-,-
4901777373341 ,サントリー天然水　特製レモンスカッシュ,５００ｍｌ,20,11/15まで,-,-,-,-,-,-
4901777385894 ,サントリー　ＨＹＰＥＲ　ＺＯＮｅ,４００ｍｌ,20,11/15まで,-,-,-,-,-,-
4901777391888 ,サントリー　ＨＹＰＥＲ　ＺＯＮｅ　ＺＥＲＯ,４００ｍｌ,20,11/15まで,-,-,-,-,-,-
4901777410121 ,サントリー　ＨＹＰＥＲ　ＺＯＮｅ　ＩＮＦＥＲＮＯ,４００ｍｌ,20,11/15まで,-,-,-,-,-,-
4901777410145 ,サントリー　ＨＹＰＥＲ　ＺＯＮｅ　ＷＨＩＴＥ　ＰＥ,４００ｍｌ,20,11/15まで,-,-,-,-,-,-
4901777423077 ,サントリー　天然水特製ヨーグルスカッシュペット,５００ｍｌ,20,11/15まで,-,-,-,-,-,-
4901777429253 ,ＺＯＮｅ　ＰＯＷＥＲ　ＭＯＲＮＩＮＧ　ＥＮＥＲＧＹ,４００ｍｌ,20,11/15まで,-,-,-,-,-,-
4901777446748 ,サントリー　ロコモアＷＡＴＥＲ,５００ｍｌ,20,11/15まで,-,-,-,-,-,-
4901777447578 ,サントリー　セサミン１０００,５００ｍｌ,20,11/15まで,-,-,-,-,-,-
4902011110340 ,キレキラトイレＣ詰替用クリーンフローラル４０枚,１０枚×４Ｐ,20,11/15まで,-,-,-,-,-,-
4902011130690 ,エリエール超吸収キッチンタオルタフタオル２ＷＡＹ,８０枚,20,11/15まで,-,-,-,-,-,-
4902011130881 ,エリエール贅沢保湿ハンドタオル１２０Ｗ３Ｐ,１２０Ｗ３Ｐ,20,11/15まで,-,-,-,-,-,-
4902011833140 ,除菌できるアルコールタオル食卓テーブル用　ＥＸ,３４枚,20,11/15まで,-,-,-,-,-,-
4902102112109 ,爽健美茶,２０００ｍＬ,20,11/15まで,-,-,-,-,-,-
4902102141253 ,やかんの麦茶,２．０Ｌ,20,11/15まで,-,-,-,-,-,-
4902105117521 ,日清　辛ミョン　韓国風旨辛ラーメン　３食,３００ｇ,20,11/15まで,-,-,-,-,-,-
4902105118979 ,日清　辛ミョン　トムヤムクンラーメン　３食,２７６ｇ,20,11/15まで,-,-,-,-,-,-
4902105242414 ,日清　カップヌードル　チリトマトヌードル,７６ｇ,20,11/15まで,-,-,-,-,-,-
4902105242971 ,日清　カップヌードル　トムヤムクンヌードル,７５ｇ,20,11/15まで,-,-,-,-,-,-
4902105244982 ,カップヌードル　蘭州牛肉麺,７６ｇ,20,11/15まで,-,-,-,-,-,-
4902105266281 ,日清　カップヌードル　欧風チーズカレー,８５ｇ,20,11/15まで,-,-,-,-,-,-
4902105267837 ,日清　カップヌードル　辛麺,８２ｇ,20,11/15まで,-,-,-,-,-,-
4902105271278 ,日清　カップヌードル　味噌,８２ｇ,20,11/15まで,-,-,-,-,-,-
4902105278246 ,日清　カップヌードル　シンガポール風ラクサ,８０ｇ,20,11/15まで,-,-,-,-,-,-
4902105278420 ,日清　カップヌードル　ねぎ塩,７６ｇ,20,11/15まで,-,-,-,-,-,-
4902105279595 ,日清　カップヌードル　担担,８７ｇ,20,11/15まで,-,-,-,-,-,-
4902105289327 ,日清　カップヌードル　魚豚,８５ｇ,20,11/15まで,-,-,-,-,-,-
4902105292785 ,日清　魔改造カップヌードル,７９ｇ,20,11/15まで,-,-,-,-,-,-
4902105292792 ,日清　魔改造カップヌードル　カレー,８２ｇ,20,11/15まで,-,-,-,-,-,-
4902105292808 ,日清　魔改造カップヌードル　シーフードヌードル,７７ｇ,20,11/15まで,-,-,-,-,-,-
4902105292815 ,日清　魔改造カップヌードル　チリトマトヌードル,７６ｇ,20,11/15まで,-,-,-,-,-,-
4902105299197 ,日清　カップヌードル　感謝の謎肉増量,８０ｇ,20,11/15まで,-,-,-,-,-,-
4902105299203 ,日清　カップヌードル　カレー　感謝の謎肉増量,８８ｇ,20,11/15まで,-,-,-,-,-,-
4902105299210 ,日清　カップヌードル　シーフードヌードル　感謝のカ,７６ｇ,20,11/15まで,-,-,-,-,-,-
4902105299227 ,日清　カップヌードル　チリトマトヌードル　感謝の謎,７８ｇ,20,11/15まで,-,-,-,-,-,-
4902106838562 ,ミツカン　おむすび山　梅じそ青菜,６３ｇ,20,11/15まで,-,-,-,-,-,-
4902106838593 ,ミツカン　おむすび山　鮭青菜,６３ｇ,20,11/15まで,-,-,-,-,-,-
4902111362120 ,ドメスト,５００ｍｌ,20,11/15まで,-,-,-,-,-,-
4902111721019 ,除菌クリーナー　ドメスト　お買い得品,５００ｍｌ,20,11/15まで,-,-,-,-,-,-
4902111742106 ,ドメストホワイト＆クリーン,５００ｍｌ,20,11/15まで,-,-,-,-,-,-
4902111768274 ,除菌クリーナー　ドメスト　お買い得品,５００ｍｌ,20,11/15まで,-,-,-,-,-,-
4902111777801 ,ドメスト　限定デザイン　アイスミントの香り,５００ｍｌ,20,11/15まで,-,-,-,-,-,-
4902111784632 ,ダヴ泡ボディ　ピーチホワイトティー　詰替,４３０ｇ,20,11/15まで,-,-,-,-,-,-
4902111785516 ,ドメストお買い得品　ヨッシースタンプ　限定デザイン,５００ｍｌ,20,11/15まで,-,-,-,-,-,-
4902115391089 ,角煮（トンポーロー）０．１１５,１パック,20,11/15まで,-,-,-,-,-,-
4902115420888 ,とろけたま角煮,１パック,20,11/15まで,-,-,-,-,-,-
4902170260023 ,オーマイ　ナポリタン（レンジ）,２２０ｇ,20,11/15まで,-,-,-,-,-,-
4902170260030 ,オーマイ　カルボナーラ（レンジ）,２２０ｇ,20,11/15まで,-,-,-,-,-,-
4902179021496 ,サンガリア　まろやかいちご＆ミルク,５００ｍｌ,20,11/15まで,-,-,-,-,-,-
4902179021502 ,サンガリア　まろやかバナナ＆ミルク,５００ｍｌ,20,11/15まで,-,-,-,-,-,-
4902179024572 ,サンガリア　オレンジマンゴーウォーター,５００ｍｌ,20,11/15まで,-,-,-,-,-,-
4902179024879 ,サンガリア　まろやかいちご＆ミルク,４２０ｍｌ,20,11/15まで,-,-,-,-,-,-
4902179024886 ,サンガリア　まろやかバナナ＆ミルク,４２０ｍｌ,20,11/15まで,-,-,-,-,-,-
4902179024893 ,サンガリア　まろやかメロン＆ミルク,４２０ｍｌ,20,11/15まで,-,-,-,-,-,-
4902181097519 ,徳用カルパス,１３７ｇ,20,11/15まで,-,-,-,-,-,-
4902181097533 ,辛口徳用カルパス,１２９ｇ,20,11/15まで,-,-,-,-,-,-
4902188226615 ,ＴＥＢＥＳミルキーピーチ,３３０ｍｌ,20,11/15まで,-,-,-,-,-,-
4902188226622 ,ＴＥＢＥＳミルキーホワイト,３３０ｍｌ,20,11/15まで,-,-,-,-,-,-
4902201183901 ,キットカット　伊藤園　抹茶ラテ味,９枚,20,11/15まで,-,-,-,-,-,-
4902201184168 ,キットカット　苺のガトーショコラ味,９枚,20,11/15まで,-,-,-,-,-,-
4902201184175 ,キットカット　ミルクティー味,９枚,20,11/15まで,-,-,-,-,-,-
4902201184199 ,キットカット　オトナの甘さダブルベリーナッツ仕立て,９枚,20,11/15まで,-,-,-,-,-,-
4902201184236 ,キットカット　苺ショコラ味,９枚,20,11/15まで,-,-,-,-,-,-
4902407100689 ,洋服ダンス用パラゾール詰替　３個入,３個,20,11/15まで,-,-,-,-,-,-
4902407100795 ,洋服ダンス用かおりパラゾール金木犀詰替　３個入,３個,20,11/15まで,-,-,-,-,-,-
4902424448252 ,ドラデスパワーまとめて一掃６包入,１０ｇ×６個,20,11/15まで,-,-,-,-,-,-
4902424448467 ,ドラデスパワー強力粘着シート２枚入,２枚入,20,11/15まで,-,-,-,-,-,-
4902430777360 ,食洗機用ジョイ　オレンジピール成分入り　詰替特大,９３０ｇ,20,11/15まで,-,-,-,-,-,-
4902430777537 ,食洗機用ジョイ　除菌　詰替特大,９３０ｇ,20,11/15まで,-,-,-,-,-,-
4902470363004 ,ピアニィ敏感肌まゆ用,３本入,20,11/15まで,-,-,-,-,-,-
4902470363059 ,ＭＫ　ピアニィ敏感肌まゆ用,６本入,20,11/15まで,-,-,-,-,-,-
4902470372518 ,ピアニイ敏感肌フェイス用,３本入,20,11/15まで,-,-,-,-,-,-
4902470372631 ,ＭＫ　ピアニイ敏感肌フェイス用,６本入,20,11/15まで,-,-,-,-,-,-
4902470832463 ,薬用ハイシェーブマリン２６０ｇ,２６０ｇ,20,11/15まで,-,-,-,-,-,-
4902470833064 ,薬用ハイシェーブ２６０ｇ,２６０ｇ,20,11/15まで,-,-,-,-,-,-
4902470833200 ,薬用ハイシェーブ　ライム,２６０ｇ,20,11/15まで,-,-,-,-,-,-
4902590144231 ,ＡＪＩＮＯＭＯＴＯ　さらさらキャノーラ油軽やか仕立,９００ｇ,20,11/15まで,-,-,-,-,-,-
4902590150027 ,ＡＪＩＮＯＭＯＴＯサラダ油,９００ｇ,20,11/15まで,-,-,-,-,-,-
4902590152571 ,Ｊオイル　ダブルハーフ,９００ｇ,20,11/15まで,-,-,-,-,-,-
4902590156043 ,ＡＪＩＮＯＭＯＴＯ　えごま油の力,９０ｇ,20,11/15まで,-,-,-,-,-,-
4902705097100 ,チューブでクリーミースプレッド,１２０ｇ,20,11/15まで,-,-,-,-,-,-
4902750834255 ,特濃ミルク８．２　紅ほっぺ,７５ｇ,20,11/15まで,-,-,-,-,-,-
4902750910454 ,特濃ミルク８．２,８８ｇ,20,11/15まで,-,-,-,-,-,-
4902750911208 ,特濃ミルク８．２　塩ミルク,７５ｇ,20,11/15まで,-,-,-,-,-,-
4902750968349 ,特濃ミルク８．２　もも,７０ｇ,20,11/15まで,-,-,-,-,-,-
4902777319001 ,銀座バターチキン,１８０ｇ,20,11/15まで,-,-,-,-,-,-
4902777329321 ,まるごと野菜　なすと完熟トマトのカレー,１８０ｇ,20,11/15まで,-,-,-,-,-,-
4902777339306 ,銀座カリー中辛,１８０ｇ,20,11/15まで,-,-,-,-,-,-
4902777339313 ,銀座カリー辛口,１８０ｇ,20,11/15まで,-,-,-,-,-,-
4902777339399 ,銀座ハヤシ,１８０ｇ,20,11/15まで,-,-,-,-,-,-
4902777339405 ,銀座キーマカレー,１５０ｇ,20,11/15まで,-,-,-,-,-,-
4902777339412 ,銀座バターチキン,１８０ｇ,20,11/15まで,-,-,-,-,-,-
4902777339641 ,明治　銀座カリー　大辛,１８０ｇ,20,11/15まで,-,-,-,-,-,-
4902777342788 ,まいにちおいしい銀座カリー　中辛,１７０ｇ,20,11/15まで,-,-,-,-,-,-
4902777342795 ,まいにちおいしい銀座カリー　辛口,１７０ｇ,20,11/15まで,-,-,-,-,-,-
4902777342856 ,まいにちおいしい銀座カリー　甘口,１７０ｇ,20,11/15まで,-,-,-,-,-,-
4902777345055 ,銀座キーマカリー,１５０ｇ,20,11/15まで,-,-,-,-,-,-
4902777351223 ,銀座カリー　中辛,１８０ｇ,20,11/15まで,-,-,-,-,-,-
4902777351384 ,銀座カリー　辛口,１８０ｇ,20,11/15まで,-,-,-,-,-,-
4902777351469 ,銀座ハヤシ,１８０ｇ,20,11/15まで,-,-,-,-,-,-
4902820020212 ,丸美屋　麻婆豆腐の素　中辛,１６２ｇ,20,11/15まで,-,-,-,-,-,-
4902820020236 ,丸美屋　麻婆豆腐の素　甘口,１６２ｇ,20,11/15まで,-,-,-,-,-,-
4902820020243 ,丸美屋　麻婆豆腐の素　辛口,１６２ｇ,20,11/15まで,-,-,-,-,-,-
4902820201017 ,麻婆豆腐の素　大辛,１６２ｇ,20,11/15まで,-,-,-,-,-,-
4902820201031 ,麻婆豆腐の素　鶏白湯味,１６２ｇ,20,11/15まで,-,-,-,-,-,-
4902887022082 ,テーブルランド　まろやかなめ茸,３９５ｇ,20,11/15まで,-,-,-,-,-,-
4902895038969 ,汗かきエステ気分　リラックスナイト,５００ｇ,20,11/15まで,-,-,-,-,-,-
4902895039409 ,汗かきエステ気分Ｐスキンケア　ローズ,５００ｇ,20,11/15まで,-,-,-,-,-,-
4902895040115 ,汗かきエステ気分　ゲルマホットチリ,５００ｇ,20,11/15まで,-,-,-,-,-,-
4902895040450 ,汗かきエステ気分　ホワイトスキンケア,５００ｇ,20,11/15まで,-,-,-,-,-,-
4902895041426 ,汗かきエステ気分　スウィートドリーム,５００ｇ,20,11/15まで,-,-,-,-,-,-
4902895041860 ,汗かきエステ気分　ヒーリングオレンジ,５００ｇ,20,11/15まで,-,-,-,-,-,-
4902895042256 ,汗かきエステ気分　黒の衝撃～魅惑のカシスの香り～,５００ｇ,20,11/15まで,-,-,-,-,-,-
4902895042386 ,汗かきエステ気分　モイストハピネス,５００ｇ,20,11/15まで,-,-,-,-,-,-
4902895042645 ,汗かきエステ気分　白の誘惑,４５０ｇ,20,11/15まで,-,-,-,-,-,-
4902895043055 ,ＭＫ汗かきエステ気分　小悪魔の眠り,４５０ｇ,20,11/15まで,-,-,-,-,-,-
4902895043062 ,ＭＫ汗かきエステ気分　天使の誘い,４５０ｇ,20,11/15まで,-,-,-,-,-,-
4902895043437 ,ＭＫ汗かきエステ　サウナ心地,４５０ｇ,20,11/15まで,-,-,-,-,-,-
4902895043697 ,汗かきエステ気分　グッドナイト,５００ｇ,20,11/15まで,-,-,-,-,-,-
4902895043765 ,ＭＫ　汗かきエステ気分　一緒にご自愛,４５０ｇ,20,11/15まで,-,-,-,-,-,-
4902895043789 ,汗かきエステ気分　分包セレクトボックス,５包,20,11/15まで,-,-,-,-,-,-
4902895044427 ,ＭＫ汗かきエステ気分　ときめき☆タイム,４５０ｇ,20,11/15まで,-,-,-,-,-,-
4902899482010 ,ｍｋ　靴の中敷きカイロＡ２２ｃｍ　３Ｐ,３足,20,11/15まで,-,-,-,-,-,-
4902899482119 ,ｍｋ　靴の中敷きカイロＡ２５ｃｍ　３Ｐ,３足,20,11/15まで,-,-,-,-,-,-
4903111024322 ,超快適マスク　会話ストレスフリー　ふつう７枚,７枚,20,11/15まで,-,-,-,-,-,-
4903111026548 ,ソフィＳＰＯＲＴＳ２３０羽つき２１枚,２１枚,20,11/15まで,-,-,-,-,-,-
4903111054961 ,超快適マスク　会話ストレスフリー　大きめ７枚,７枚,20,11/15まで,-,-,-,-,-,-
4903111109906 ,ソフィＳＰＯＲＴＳ２３０羽つき３２枚,３２枚,20,11/15まで,-,-,-,-,-,-
4903111359509 ,超快適マスク　会話ストレスフリー　ふつう２０枚,２０枚,20,11/15まで,-,-,-,-,-,-
4903111770045 ,超快適スマートカラー血色感あふれるツヤのせベージュ,６枚,20,11/15まで,-,-,-,-,-,-
4903111970407 ,超快適スマートカラー透明感あふれるツヤのせベージュ,６枚,20,11/15まで,-,-,-,-,-,-
4903308060621 ,モッツァレラとろけるチーズ,２５０ｇ,20,11/15まで,-,-,-,-,-,-
4903320166424 ,激落ちくんもこもこ泡のウロコ取り,８０ｍｌ,20,11/15まで,-,-,-,-,-,-
4903333201778 ,冬のチョコパイ,６個,20,11/15まで,-,-,-,-,-,-
4903333235773 ,バッカス,１０粒,20,11/15まで,-,-,-,-,-,-
4903333264209 ,ラミー,３本,20,11/15まで,-,-,-,-,-,-
4903333269419 ,カカオの恵み砂糖ゼロ糖類ゼロ７０％シェアパック,８４ｇ,20,11/15まで,-,-,-,-,-,-
4904071404629 ,永井海苔　味付ジャバンのり,５０ｇ,20,11/15まで,-,-,-,-,-,-
4904071408986 ,永井海苔　味付ジャバンのり　こいうま,５０ｇ,20,11/15まで,-,-,-,-,-,-
4909411084790 ,キリン　午後の紅茶　ストレ－トティ－,５００ｍｌ,20,11/15まで,-,-,-,-,-,-
4909411084875 ,キリン　午後の紅茶　レモンティ－,５００ｍｌ,20,11/15まで,-,-,-,-,-,-
4909411084950 ,キリン　午後の紅茶　ミルクティ－,５００ｍｌ,20,11/15まで,-,-,-,-,-,-
4909411085650 ,キリン　午後の紅茶　おいしい無糖,５００ｍｌ,20,11/15まで,-,-,-,-,-,-
4909411088477 ,キリン　午後の紅茶　おいしい無糖　香るレモン,５００ｍｌ,20,11/15まで,-,-,-,-,-,-
4909411089368 ,キリン　ファイア　ワンデイブラック,６００ｍｌ,20,11/15まで,-,-,-,-,-,-
4909411090517 ,キリン　ファイア　ワンデイラテ　微糖,６００ｍｌ,20,11/15まで,-,-,-,-,-,-
4909411091217 ,キリン　午後の紅茶　おいしい無糖ミルクティー,５００ｍｌ,20,11/15まで,-,-,-,-,-,-
4909411093181 ,キリン　ファイア　ワンデイラテ　砂糖不使用,６００ｍｌ,20,11/15まで,-,-,-,-,-,-
4909411093280 ,キリン　午後の紅茶　ＴＳ　ロイヤルブレンドティーラ,５００ｍｌ,20,11/15まで,-,-,-,-,-,-
4909411114718 ,キリン　午後の紅茶　Ｆ＆Ｉ　ＴＥＡ　オレンジとＧＦ,５００ｍｌ,20,11/15まで,-,-,-,-,-,-
4909411114732 ,キリン　午後の紅茶　Ｆ＆Ｉ　ＴＥＡ白ぶどうとレモン,５００ｍｌ,20,11/15まで,-,-,-,-,-,-
4934352154646 ,ｍｋ　食塩無添加　食べる小魚,５０ｇ,20,11/15まで,-,-,-,-,-,-
4957434008460 ,ｍｋ　トイレに流せるおしりふき,７０枚,20,11/15まで,-,-,-,-,-,-
4960085265113 ,ｍｋ　救急用絆創膏　Ｌサイズ,２０枚,20,11/15まで,-,-,-,-,-,-
4960085265212 ,ｍｋ　救急用絆創膏　Ｍサイズ,５０枚,20,11/15まで,-,-,-,-,-,-
49698626 ,日清　カップヌードル,７８ｇ,20,11/15まで,-,-,-,-,-,-
49698633 ,日清　カップヌードル　シーフード,７５ｇ,20,11/15まで,-,-,-,-,-,-
49698640 ,日清　カップヌードル　カレー,８７ｇ,20,11/15まで,-,-,-,-,-,-
4971617015311 ,ｍｋ　おいしくカテキン,６０ｇ,20,11/15まで,-,-,-,-,-,-
4972195030277 ,キョクヨー　さば水煮,１６０ｇ,20,11/15まで,-,-,-,-,-,-
4972195030727 ,キョクヨー　さば味噌煮,１６０ｇ,20,11/15まで,-,-,-,-,-,-
4972195031144 ,キョクヨー　さば味付,１６０ｇ,20,11/15まで,-,-,-,-,-,-
4973077813261 ,サブリナナチュラル　ナチュラルベージュ,Ｌ－ＬＬ,20,11/15まで,-,-,-,-,-,-
4973077813278 ,サブリナナチュラル　ヌードベージュ,Ｌ－ＬＬ,20,11/15まで,-,-,-,-,-,-
4973077813285 ,サブリナナチュラル　ナチュラルベージュ,Ｍ－Ｌ,20,11/15まで,-,-,-,-,-,-
4973077813292 ,サブリナナチュラル　ヌードベージュ,Ｍ－Ｌ,20,11/15まで,-,-,-,-,-,-
4973077813346 ,サブリナシェイプ　ナチュラルベージュ,Ｌ－ＬＬ,20,11/15まで,-,-,-,-,-,-
4973077813353 ,サブリナシェイプ　ヌードベージュ,Ｌ－ＬＬ,20,11/15まで,-,-,-,-,-,-
4973077813360 ,サブリナシェイプ　ナチュラルベージュ,Ｍ－Ｌ,20,11/15まで,-,-,-,-,-,-
4973077813377 ,サブリナシェイプ　ヌードベージュ,Ｍ－Ｌ,20,11/15まで,-,-,-,-,-,-
4973077813384 ,サブリナブラックパンスト　ブラック　ＬＬＬ,Ｌ－ＬＬ,20,11/15まで,-,-,-,-,-,-
4973077813391 ,サブリナブラックパンストブラック,Ｍ－Ｌ,20,11/15まで,-,-,-,-,-,-
4973077813407 ,サブリナブラック２５Ｄ　ブラック,Ｌ－ＬＬ,20,11/15まで,-,-,-,-,-,-
4973077813414 ,サブリナブラック２５Ｄ　ブラック,Ｍ－Ｌ,20,11/15まで,-,-,-,-,-,-
4973077836178 ,サブリナナチュラル　ブラック,Ｌ－ＬＬ,20,11/15まで,-,-,-,-,-,-
4973077836239 ,サブリナナチュラル　ブラック,Ｍ－Ｌ,20,11/15まで,-,-,-,-,-,-
4973077836499 ,サブリナシェイプ　ブラック,Ｌ－ＬＬ,20,11/15まで,-,-,-,-,-,-
4973077836550 ,サブリナシェイプ　ブラック,Ｍ－Ｌ,20,11/15まで,-,-,-,-,-,-
4973512263712 ,スマートハイジーン　ノロアウトアルコール除菌シート,１５枚,20,11/15まで,-,-,-,-,-,-
4976558007388 ,ｍｋ　ウエットティシューナチュラルウォーター,１０枚×５個入,20,11/15まで,-,-,-,-,-,-
4978441339354 ,ｍｋ　３種の梅アソート,２７個,20,11/15まで,-,-,-,-,-,-
4987009101821 ,アラクス　ノーシン　（Ｎ）,４０包,20,11/15まで,-,-,-,-,-,-
4987036454556 ,ＭＫ　メンタームメディカルクリームＧ,１８５ｇ,20,11/15まで,-,-,-,-,-,-
4987067216802 ,興和）ケラチナミン２０％クリーム,６０ｇ,20,11/15まで,-,-,-,-,-,-
4987072012888 ,噛むブレスケア　レモン,２５粒,20,11/15まで,-,-,-,-,-,-
4987072039168 ,スピードブレスケアグレープミント,３０粒,20,11/15まで,-,-,-,-,-,-
4987072042557 ,噛むブレスケアマスカット２５粒,２５粒,20,11/15まで,-,-,-,-,-,-
4987072042748 ,スピードブレスケアマスカット３０粒,３０粒,20,11/15まで,-,-,-,-,-,-
4987072044490 ,噛むブレスケアジューシーグレープ,２５粒,20,11/15まで,-,-,-,-,-,-
4987072050286 ,噛むブレスケアピーチ,２５粒,20,11/15まで,-,-,-,-,-,-
4987072054376 ,噛むブレスケアミルキー限定,２５粒,20,11/15まで,-,-,-,-,-,-
4987072054383 ,噛むブレスケアアソートグレープ＆ピーチ,２５粒,20,11/15まで,-,-,-,-,-,-
4987072057537 ,噛むブレスケアなっちゃんコラボ,２５粒,20,11/15まで,-,-,-,-,-,-
4987072058213 ,うる息ブレスケアフレッシュレモン,３０粒,20,11/15まで,-,-,-,-,-,-
4987072078983 ,スピードブレスケアソーダミント,３０粒,20,11/15まで,-,-,-,-,-,-
4987072082898 ,噛むブレスケアスッキリクールミント,２５粒,20,11/15まで,-,-,-,-,-,-
4987072085738 ,噛むブレスケアライム,２５粒,20,11/15まで,-,-,-,-,-,-
4987072086384 ,噛むブレスケスア（ライム＆ヨーグルト味）,２５粒,20,11/15まで,-,-,-,-,-,-
4987072086759 ,噛むブレスケア　さくら,２５粒,20,11/15まで,-,-,-,-,-,-
4987072091975 ,噛むブレスケアコナンコラボ（レモン＆ＹＧ）,２５粒,20,11/15まで,-,-,-,-,-,-
4987072093375 ,噛むブレスケア　オレンジ　２５粒,２５粒,20,11/15まで,-,-,-,-,-,-
4987072094327 ,噛むブレスケア　セサミ,２５粒,20,11/15まで,-,-,-,-,-,-
4987072098530 ,噛むブレスケアミニオンコラボレモン＆オレンジ,２５粒,20,11/15まで,-,-,-,-,-,-
4987072100127 ,噛むブレスケアたまごっちコラボレモン＆ヨーグルト,２５粒,20,11/15まで,-,-,-,-,-,-
4987072102114 ,噛むブレスケアたまごっちコラボレモン＆ピーチ,２５粒,20,11/15まで,-,-,-,-,-,-
4987244601629 ,手づかみお米スティック,１５ｇ,20,11/15まで,-,-,-,-,-,-
4987244601636 ,手づかみとうもろこしスティック,１１ｇ,20,11/15まで,-,-,-,-,-,-
4987244601643 ,手づかみ野菜スティック,１５ｇ,20,11/15まで,-,-,-,-,-,-
4987244602558 ,元気のミカタ　ぎゅっとカロリーゼリー　りんごミック,７０ｇ,20,11/15まで,-,-,-,-,-,-
4987244602565 ,元気のミカタ　ぎゅっとカロリーゼリー　マンゴーミッ,７０ｇ,20,11/15まで,-,-,-,-,-,-
4987244602572 ,元気のミカタ　ぎゅっとカロリーゼリー　マスカットミ,７０ｇ,20,11/15まで,-,-,-,-,-,-
8801043054782 ,農心　辛ラ－メン　キムチ　３個パック,１２０ｇ×３,20,11/15まで,-,-,-,-,-,-
8801043157506 ,農心　辛ラ－メン　３個パック,１２０ｇ×３,20,11/15まで,-,-,-,-,-,-
9002975318655 ,サワ－ハッピ－コ－ラ,８０ｇ,20,11/15まで,-,-,-,-,-,-
9002975319065 ,ハリボー　ハッピーグレープ,８０ｇ,20,11/15まで,-,-,-,-,-,-
4987072008041 ,小林製薬）薬用ハミガキ生葉ｃ,１００ｇ,20,11/15まで,-,-,-,-,-,-
4987072009741 ,サラサーティ　コットン１００　１１２枚,１１２枚,20,11/15まで,-,-,-,-,-,-
4987072027110 ,生葉知覚過敏症状予防タイプ,１００ｇ,20,11/15まで,-,-,-,-,-,-
4987072031339 ,のどぬ～るぬれマスク就寝用　プリーツ　１枚増量,３枚＋１枚,20,11/15まで,-,-,-,-,-,-
4987072031346 ,のどぬ～るぬれマスク昼夜兼　立体タイプ　１枚増量,３枚＋１枚,20,11/15まで,-,-,-,-,-,-
4987072031353 ,のどぬ～るぬれマスク就寝用　立体タイプ　１枚増量,３枚＋１枚,20,11/15まで,-,-,-,-,-,-
4987072031995 ,のどぬ～るぬれマスク就寝用ゆず＆かりんの香り,３組入り,20,11/15まで,-,-,-,-,-,-
4987072032374 ,のどぬ～るぬれマスク就寝用　無香料　プリーツ,３組入り,20,11/15まで,-,-,-,-,-,-
4987072032381 ,のどぬ～るぬれマスク就寝用ハーブ＆ユーカリの香り,３組入り,20,11/15まで,-,-,-,-,-,-
4987072036655 ,生葉ｍ無研磨タイプ,９５ｇ,20,11/15まで,-,-,-,-,-,-
4987072047712 ,サラサーティコットン１００　ナチュラルローズの香り,１１２枚,20,11/15まで,-,-,-,-,-,-
4987072052327 ,のどぬ～るぬれマスク就寝用　無香料　立体タイプ,３組入り,20,11/15まで,-,-,-,-,-,-
4987072056745 ,ブルーレットスタンピー除菌効果スーパーミント,２８ｇ,20,11/15まで,-,-,-,-,-,-
4987072056752 ,ブルーレットスタンピー除菌効果コットン,２８ｇ,20,11/15まで,-,-,-,-,-,-
4987072056769 ,ブルーレットスタンピー除菌効果リラックスアロマ,２８ｇ,20,11/15まで,-,-,-,-,-,-
4987072058671 ,のどぬ～るぬれマスク昼夜兼　無香料　立体タイプ,３組入り,20,11/15まで,-,-,-,-,-,-
4987072058688 ,のどぬ～るぬれマスク　昼夜兼用立体タイプ　ハーブ＆,３組,20,11/15まで,-,-,-,-,-,-
4987072096802 ,消臭元Ａｉｒｂｒｅｅｚｅ　スプラッシュソープ,５９ｍｌ,20,11/15まで,-,-,-,-,-,-
4987072096819 ,消臭元Ａｉｒｂｒｅｅｚｅ　ヴァーベナシャワー,５９ｍｌ,20,11/15まで,-,-,-,-,-,-
4987072099292 ,トイレの消臭元スプレー　パルファム　ホワイトムスク,２８０ｍｌ,20,11/15まで,-,-,-,-,-,-
4987072100400 ,ブルーレットスタンピー除菌フレグランスキンモクセイ,２８ｇ,20,11/15まで,-,-,-,-,-,-
4987072100967 ,消臭元パルファムゆず,４００ｍｌ,20,11/15まで,-,-,-,-,-,-
4987072102503 ,Ｓａｗａｄａｙ香るＳｔｉｃｋ　アールグレイ,７０ｍｌ,20,11/15まで,-,-,-,-,-,-
4987072102527 ,消臭元パルファムピーチ＆アールグレイ,４００ｍｌ,20,11/15まで,-,-,-,-,-,-
4987072102534 ,消臭元パルファムラフランス＆フリージア,４００ｍｌ,20,11/15まで,-,-,-,-,-,-
4987072102794 ,消臭元パルファムみかん,４００ｍｌ,20,11/15まで,-,-,-,-,-,-
4987115523401 ,ダニコナーズスプレーＶ,３００ｍｌ,20,11/15まで,-,-,-,-,-,-
4987156211602 ,常盤薬品　南天のど飴（パウチ）,２２錠,20,11/15まで,-,-,-,-,-,-
4987156211664 ,常盤薬品　南天のど飴はちみつ梅（パウチ）,２２錠,20,11/15まで,-,-,-,-,-,-
4987156211947 ,常盤薬品　南天のど飴はちみつ柚子（パウチ）,２２錠,20,11/15まで,-,-,-,-,-,-
4987156212012 ,常盤薬品　南天のど飴はちみつぶどう　パウチ,２２錠,20,11/15まで,-,-,-,-,-,-
4987176066459 ,レノアハピネス夢ふわタッチホワイトティーの香り特大,８１０ｍｌ,20,11/15まで,-,-,-,-,-,-
4987176367020 ,ファブリーズ玄関用＋自然ホワイトムスク,７ｍｌ,20,11/15まで,-,-,-,-,-,-
4987176371973 ,ファブリーズ除菌消臭プレミアム部屋干し詰替,３２０ｍＬ,20,11/15まで,-,-,-,-,-,-
4987176393739 ,ファブリーズ玄関用　＋自然　ホワイトティー,７ｍｌ,20,11/15まで,-,-,-,-,-,-
4987176394620 ,レノアハピネス夢ふわタッチアンティークローズ特大,６２０ｍＬ,20,11/15まで,-,-,-,-,-,-
4987176394712 ,レノアハピネス夢ふわタッチジャスミンムスク特大,６２０ｍＬ,20,11/15まで,-,-,-,-,-,-
4987176394811 ,レノアハピネス夢ふわタッチホワイトティーの香り特大,６２０ｍＬ,20,11/15まで,-,-,-,-,-,-
4987176395023 ,レノアハピネス夢ふわタッチホワイトムスクの香り特大,６２０ｍＬ,20,11/15まで,-,-,-,-,-,-
4987176395054 ,レノアハピネス夢ふわタッチフラワーガーデン特大,６２０ｍＬ,20,11/15まで,-,-,-,-,-,-
4987176395122 ,レノアハピネス夢ふわフローラルブーケ＆リネン特大,６２０ｍＬ,20,11/15まで,-,-,-,-,-,-
4987176402066 ,ｈ＆ｓｍｅｎ２ｉｎ１オールドスパイスＣＡＰ詰替,３００ｇ,20,11/15まで,-,-,-,-,-,-
4987234361670 ,サイオスカラージェニックミルキーＮ０１,５０ｇ１００ｍＬ１５ｇ,20,11/15まで,-,-,-,-,-,-
4987234361694 ,サイオスカラージェニックミルキーＰ０１,５０ｇ１００ｍＬ１５ｇ,20,11/15まで,-,-,-,-,-,-
4987234361717 ,サイオスカラージェニックミルキーＡ０２,５０ｇ１００ｍＬ１５ｇ,20,11/15まで,-,-,-,-,-,-
4987234361748 ,サイオスカラージェニックミルキーＡ０１,５０ｇ１００ｍＬ１５ｇ,20,11/15まで,-,-,-,-,-,-
4987234362288 ,サイオス　カラージェニックミルキー　ＬＡ０３,５０ｇ１００ｍＬ１５ｇ,20,11/15まで,-,-,-,-,-,-
4987234362295 ,サイオス　カラージェニックミルキー　ＬＡ０４,５０ｇ１００ｍＬ１５ｇ,20,11/15まで,-,-,-,-,-,-
4987234362301 ,サイオス　カラージェニックミルキー　ＰＡ０２,５０ｇ１００ｍＬ１５ｇ,20,11/15まで,-,-,-,-,-,-
4987234362318 ,サイオス　カラージェニックミルキー　ＰＡ０３,５０ｇ１００ｍＬ１５ｇ,20,11/15まで,-,-,-,-,-,-
4987234362370 ,サイオスカラージェニックミルキーＯＰ０２,５０ｇ１００ｍＬ１５ｇ,20,11/15まで,-,-,-,-,-,-
4987234362608 ,サイオス　カラージェニック　ミルキー　ＭＩ０３,５０ｇ＋１００ｍＬ＋１５,20,11/15まで,-,-,-,-,-,-
4987234363230 ,サイオス　カラージェニックミルキーヘアカラーＧ０１,５０ｇ＋１００ｍＬ,20,11/15まで,-,-,-,-,-,-
4987234363391 ,サイオス　カラージェニック　ミルキー　ＢＥ０１,５０ｇ＋１００ｍＬ,20,11/15まで,-,-,-,-,-,-
4987234363636 ,サイオスカラージェニックミルキーＧ０２,５０ｇ１００ｍＬ１５ｇ,20,11/15まで,-,-,-,-,-,-
4987244164018 ,オーラルプラス　口腔ケアスポンジ,１０本,20,11/15まで,-,-,-,-,-,-
4987244170705 ,歯みがきシートベビー,３０包,20,11/15まで,-,-,-,-,-,-
4987244172457 ,ＯＰ口腔ケアウエッティー３０枚,３０枚,20,11/15まで,-,-,-,-,-,-
4987244172464 ,ＯＰ口腔ケアウエッティー６０枚,６０枚,20,11/15まで,-,-,-,-,-,-
4987244172471 ,ＯＰ口腔ケアウエッティー１００枚,１００枚,20,11/15まで,-,-,-,-,-,-
4987244172488 ,ＯＰ口腔ケアウエッティー詰替え用１００枚,１００枚替,20,11/15まで,-,-,-,-,-,-
4987244172495 ,ＯＰ口腔ケアウエッティーマイルド６０枚,６０枚,20,11/15まで,-,-,-,-,-,-
4987244172501 ,ＯＰ口腔ケアウエッティーマイルド１００枚,１００枚,20,11/15まで,-,-,-,-,-,-
4987244172518 ,ＯＰ口腔ケアウエッティーマイルド　詰替え用１００枚,１００枚替,20,11/15まで,-,-,-,-,-,-
4987244172525 ,ＯＰ口腔ケア綿棒１５本,１５本,20,11/15まで,-,-,-,-,-,-
4987244172556 ,ＯＰ舌ブラシ,１本,20,11/15まで,-,-,-,-,-,-
4987244174185 ,ミルふわベビーケアスティック,５ｇ,20,11/15まで,-,-,-,-,-,-
4987973222768 ,ｍｋ低温タイプおなかに貼るカイロ　レギュラー,１０Ｐ,20,11/15まで,-,-,-,-,-,-
4987973222782 ,ｍｋ低温タイプおなかに貼るカイロ　ミニ,１０Ｐ,20,11/15まで,-,-,-,-,-,-
4547894156360 ,クロレッツＸＰ　オリジナルミント　スタンドパウチ,２５０ｇ,20,10/15まで,-,-,-,-,-,-
4547894156377 ,クロレッツＸＰ　クリアミント　スタンドパウチ,２５０ｇ,20,10/15まで,-,-,-,-,-,-
4547894156384 ,クロレッツＸＰ　シャープミントスタンドパウチ,２５０ｇ,20,10/15まで,-,-,-,-,-,-
4547894156476 ,クロレッツＸＰ　シーズンアソート　スタンドパウチ,２５０ｇ,20,10/15まで,-,-,-,-,-,-
4547894156964 ,クロレッツＸＰ　ライムスタンドパウチ,２５０ｇ,20,10/15まで,-,-,-,-,-,-
4547894640012 ,リッツ・クラッカーＳ,１２８ｇ,20,10/15まで,-,-,-,-,-,-
4547894640463 ,リッツ　サラダ　クラッカー,１２８ｇ,20,10/15まで,-,-,-,-,-,-
4547894640487 ,リッツ　ブラックペッパー　クラッカー,１２８ｇ,20,10/15まで,-,-,-,-,-,-
4901335176704 ,ピュアポテト　オホーツクの塩と岩塩,５５ｇ,20,10/15まで,-,-,-,-,-,-
4901335176711 ,ピュアポテト　ゆず胡椒,５２ｇ,20,10/15まで,-,-,-,-,-,-
4901335176728 ,ピュアポテト鬼ノ宴　鬼もハマる辛さシラチャーソース,５２ｇ,20,10/15まで,-,-,-,-,-,-
4901335176735 ,ピュアポテト　超コンソメ,５２ｇ,20,10/15まで,-,-,-,-,-,-
4901335176742 ,ピュアポテト　濃いのり塩,５２ｇ,20,10/15まで,-,-,-,-,-,-
4901335176766 ,ピュアポテト　凄じゃがきたかむい×塩辛,５２ｇ,20,10/15まで,-,-,-,-,-,-
4901335176773 ,ピュアポテト　凄じゃがマチルダ×サワークリーム,５２ｇ,20,10/15まで,-,-,-,-,-,-
4901335176780 ,ピュアポテト　凄じゃがひかる×甘辛しょうゆ,５２ｇ,20,10/15まで,-,-,-,-,-,-
4901335176841 ,ピュアポテト　シラチャーソース,５２ｇ,20,10/15まで,-,-,-,-,-,-
4901335176858 ,ピュアポテト　オホーツクの塩と岩塩,５５ｇ,20,10/15まで,-,-,-,-,-,-
4901335176865 ,ピュアポテト　濃いのり塩,５２ｇ,20,10/15まで,-,-,-,-,-,-
4901335176872 ,ピュアポテト　シラチャーソース,５２ｇ,20,10/15まで,-,-,-,-,-,-
4901335176889 ,ピュアポテト　Ｗｅラブケチャップ,５２ｇ,20,10/15まで,-,-,-,-,-,-
4901335176902 ,ピュアポテト　ビーフ＆チーズ,５２ｇ,20,10/15まで,-,-,-,-,-,-
4901360365616 ,ふんわりオムレット春めく白桃,５個,20,10/15まで,-,-,-,-,-,-
4901360368433 ,シルベーヌ巨峰のショートケーキ,６個,20,10/15まで,-,-,-,-,-,-
4901616011007 ,オーラツーミーステインクリアナチュラルミント,１３０ｇ,20,10/15まで,-,-,-,-,-,-
4901616011014 ,オーラツーミーステインクリアピーチリーフミント,１３０ｇ,20,10/15まで,-,-,-,-,-,-
4901616011021 ,オーラツーミーマイルドフローラルホワイトティー,１２５ｇ,20,10/15まで,-,-,-,-,-,-
4901616013117 ,オーラツーミーステインクリアハニーレモンミント,１３０ｇ,20,10/15まで,-,-,-,-,-,-
4901616963863 ,オーラツーミーステインクリアフレッシュキウイミント,１３０ｇ,20,10/15まで,-,-,-,-,-,-
4901616964297 ,オーラツーミーステインナチュラルミント１０ｇ増量,１４０ｇ,20,10/15まで,-,-,-,-,-,-
4901616964303 ,オーラツーミーステインピーチリーフミント１０ｇ増量,１４０ｇ,20,10/15まで,-,-,-,-,-,-
4901616964310 ,オーラツーミーフローラルホワイトティー１０ｇ増量,１３５ｇ,20,10/15まで,-,-,-,-,-,-
4901616965003 ,オーラツーミーナチュラルミントプレミアムミント付,１３０ｇ＋２５ｇ,20,10/15まで,-,-,-,-,-,-
4901616965010 ,オーラツーミーピーチミントプレミアムミント付,１３０ｇ＋２５ｇ,20,10/15まで,-,-,-,-,-,-
4901616965027 ,オーラツーミーホワイトティプレミアムミント付,１２５ｇ＋２５ｇ,20,10/15まで,-,-,-,-,-,-
4901616965324 ,オーラツーミーハミガキさくらふわりミント,１３０ｇ,20,10/15まで,-,-,-,-,-,-
4901616966819 ,オーラツーミーナチュラルミントプレミアムミント付,１３０ｇ＋２５ｇ,20,10/15まで,-,-,-,-,-,-
4901616966826 ,オーラツーミーピーチミントプレミアムミント付,１３０ｇ＋２５ｇ,20,10/15まで,-,-,-,-,-,-
4901616966833 ,オーラツーミーホワイトティプレミアムミント付,１２５ｇ＋２５ｇ,20,10/15まで,-,-,-,-,-,-
4901616967021 ,オーラツミーハミガキナチュラルミントムーミン,１３０ｇ,20,10/15まで,-,-,-,-,-,-
4901616967052 ,オーラツミーハミガキピーチミントムーミン,１３０ｇ,20,10/15まで,-,-,-,-,-,-
4901616967069 ,オーラツミーハミガキフローラルホワイトティムーミン,１２５ｇ,20,10/15まで,-,-,-,-,-,-
4901616967816 ,オーラツーミーステインナチュラルミントプロセカ増量,１４０ｇ,20,10/15まで,-,-,-,-,-,-
4901616967823 ,オーラツーミーステインピーチミントプロセカ増量,１４０ｇ,20,10/15まで,-,-,-,-,-,-
4901616967830 ,オーラツーミーステインホワイトティープロセカ増量,１４０ｇ,20,10/15まで,-,-,-,-,-,-
4901616968400 ,オーラツーミーナチュラルミント推しの子１０ｇ増量,１４０ｇ,20,10/15まで,-,-,-,-,-,-
4901616968417 ,オーラツーミーピーチリーフミント推しの子１０ｇ増量,１４０ｇ,20,10/15まで,-,-,-,-,-,-
4901616968424 ,オーラツーミーＦホワイトティー推しの子１０ｇ増量,１３５ｇ,20,10/15まで,-,-,-,-,-,-
4901616969131 ,オーラツーミーナチュラルミントＦＡＮＴＡコラボ,１３０ｇ,20,10/15まで,-,-,-,-,-,-
4901616969148 ,オーラツーミーステインピーチミントＦＡＮＴＡコラボ,１３０ｇ,20,10/15まで,-,-,-,-,-,-
4901616969155 ,オーラツーミーホワイトティーミントＦＡＮＴＡコラボ,１２５ｇ,20,10/15まで,-,-,-,-,-,-
4901616969902 ,オーラツーミーステインハニーレモンミント１０ｇ増量,１４０ｇ,20,10/15まで,-,-,-,-,-,-
4901616970793 ,オーラツーミーステインナチュラルミント１０％増量,１４３ｇ,20,10/15まで,-,-,-,-,-,-
4901616970809 ,オーラツーミーステインピーチリーフミント１０％増量,１４３ｇ,20,10/15まで,-,-,-,-,-,-
4901616970816 ,オーラツーミーステインハニーレモンミント１０％増量,１４３ｇ,20,10/15まで,-,-,-,-,-,-
4902720116466 ,ビヒダスＢＢ５３６プレーンヨーグルト,４００ｇ,20,10/15まで,-,-,-,-,-,-
4902720116497 ,ビヒダスＢＢ５３６プレーンヨーグルト脂肪ゼロ,４００ｇ,20,10/15まで,-,-,-,-,-,-
4903333205448 ,プレミアムガーナ　濃厚ショコラ,６０ｇ,20,10/15まで,-,-,-,-,-,-
4903333232420 ,プレミアムガーナティーショコラ芳醇アールグレイ,６５ｇ,20,10/15まで,-,-,-,-,-,-
4903333239467 ,プレミアムガーナフルーツショコラ濃熟オレンジ,６５ｇ,20,10/15まで,-,-,-,-,-,-
4903333263141 ,プレミアムガーナ　濃厚生チョコレート芳醇ミルク,１２枚,20,10/15まで,-,-,-,-,-,-
4903333276387 ,プレミアムガーナ　濃厚生チョコレート芳醇カカオ,１２枚,20,10/15まで,-,-,-,-,-,-
4903333278084 ,プレミアムガーナナッツショコラヘーゼルナッツ,４２ｇ,20,10/15まで,-,-,-,-,-,-
4908011601307 ,牧場の朝ヨーグルト,７０ｇ×３,20,10/15まで,-,-,-,-,-,-
4908011601314 ,牧場の朝ヨーグルトいちご,７０ｇ×３,20,10/15まで,-,-,-,-,-,-
4908011601345 ,牧場の朝ヨーグルトぶどう,７０ｇ×３,20,10/15まで,-,-,-,-,-,-
4908011601352 ,牧場の朝ヨーグルト　マスカット,７０ｇ×３,20,10/15まで,-,-,-,-,-,-
4973512259715 ,アラウベビー衣料のラク洗い泡スプレー詰替,２３０ＭＬ,20,10/15まで,-,-,-,-,-,-
4513574033924 ,ｍｋ　ベビーローション　無香料,３５０ｍｌ,20,11/15まで,-,-,-,-,-,-
4514603392517 ,アサヒ　十六茶麦茶,２Ｌ,20,11/15まで,-,-,-,-,-,-
4514603405712 ,アサヒ　十六茶,２Ｌ,20,11/15まで,-,-,-,-,-,-
4514603493115 ,アサヒ　グリーンコーラ,５００ｍｌ,20,11/15まで,-,-,-,-,-,-
4516825006685 ,ｍｋ　ＷＡＳＨＢＬＡＣＫ　バスクリーナー,３００ｍｌ,20,11/15まで,-,-,-,-,-,-
4516825006708 ,ｍｋ　ＷＡＳＨＢＬＡＣＫ　コゲ落とし,３００ｍｌ,20,11/15まで,-,-,-,-,-,-
4550516495211 ,ＡＧデオ２４メン　薬用メンズボディクレンズ　詰替,４２０ＭＬ,20,11/15まで,-,-,-,-,-,-
4550516503251 ,ウーノ　オールインワンシャンプー　ボリューム　詰替,４８０ＭＬ,20,11/15まで,-,-,-,-,-,-
4550516503268 ,ウーノ　オールインワンシャンプー　スマート　詰替,４８０ＭＬ,20,11/15まで,-,-,-,-,-,-
4562100012148 ,ｍｋ　抗菌防臭マイクロファイバーふきん５枚,２９×２９ｃｍ５枚,20,11/15まで,-,-,-,-,-,-
4580213581238 ,四季苑　舌ブラシダブルワン,＿,20,11/15まで,-,-,-,-,-,-
4580213581801 ,舌みがきスムーザー　Ｗ－１　ＰＲＥＭＩＵＭ,ー,20,11/15まで,-,-,-,-,-,-
4580213581870 ,舌みがきスムーザーＷ－１Ｐキッズ,１本,20,11/15まで,-,-,-,-,-,-
4580312896028 ,ｍｋ　３Ｄ　スマートマスク　シアーライラック　Ｍ,１０枚,20,11/15まで,-,-,-,-,-,-
4580312896035 ,ｍｋ　３Ｄ　スマートマスク　ホワイトベージュ　Ｍ,１０枚,20,11/15まで,-,-,-,-,-,-
4580312896103 ,ｍｋ　３Ｄ　スマートマスク　ホワイト　Ｍ　１０枚,１０枚,20,11/15まで,-,-,-,-,-,-
4580312896110 ,ｍｋ　３Ｄ　スマートマスク　ホワイト　Ｌ　１０枚,１０枚,20,11/15まで,-,-,-,-,-,-
4580312896127 ,ｍｋ　３Ｄ　スマートマスク　グレー　Ｍ　１０枚,１０枚,20,11/15まで,-,-,-,-,-,-
4580312896134 ,ｍｋ　３Ｄ　スマートマスク　グレー　Ｌ　１０枚,１０枚,20,11/15まで,-,-,-,-,-,-
4580312896226 ,ｍｋ　３Ｄ　スマートマスク　ＷＢ×ＬＢ　Ｍ　１０枚,１０枚,20,11/15まで,-,-,-,-,-,-
4580312896233 ,ｍｋ　３Ｄ　スマートマスク　ＷＢ×ＢＫ　Ｍ　１０枚,１０枚,20,11/15まで,-,-,-,-,-,-
4580312896240 ,ｍｋ　３Ｄ　スマートマスク　ＷＢ×ＣＰ　Ｍ　１０枚,１０枚,20,11/15まで,-,-,-,-,-,-
4580312896257 ,ｍｋ　３Ｄ　スマートマスク　ＷＢ×ＬＰ　Ｍ　１０枚,１０枚,20,11/15まで,-,-,-,-,-,-
4580312896516 ,ｍｋ　３Ｄスマートマスクグリッターライトグレージュ,１０枚,20,11/15まで,-,-,-,-,-,-
4580312896523 ,ｍｋ　３Ｄスマートマスク　グリッター　オフホワイト,１０枚,20,11/15まで,-,-,-,-,-,-
4580543942754 ,レック　グロンサン強力内服液Ｎ,３０ｍｌ,20,11/15まで,-,-,-,-,-,-
4580543942839 ,レック　グロモントＰＲＥＭＩＵＭ,１００ｍｌ,20,11/15まで,-,-,-,-,-,-
4580543943263 ,レック　グロンサン用刃棒　１００ｍｌ,１００ｍｌ,20,11/15まで,-,-,-,-,-,-
4580771745110 ,ＣＩＣＩＢＥＬＬＡ３Ｄ冷感マスクホワイト,１０枚入,20,11/15まで,-,-,-,-,-,-
4580771745127 ,ＣＩＣＩＢＥＬＬＡ３Ｄ冷感マスクオールドレース,１０枚入,20,11/15まで,-,-,-,-,-,-
4580771745134 ,ＣＩＣＩＢＥＬＬＡ３Ｄ冷感マスクグレージュ,１０枚入,20,11/15まで,-,-,-,-,-,-
4580771745196 ,ＣＩＣＩＢＥＬＬＡ５Ｄ冷感マスク　オールドレース,１０枚入,20,11/15まで,-,-,-,-,-,-
4580771745202 ,ＣＩＣＩＢＥＬＬＡ５Ｄ冷感マスク　グレージュ,１０枚入,20,11/15まで,-,-,-,-,-,-
4580771756925 ,ＣＩＣＩＢＥＬＬＡ３Ｄ冷感マスクＬ　グレージュ,１０枚入,20,11/15まで,-,-,-,-,-,-
4580771756932 ,ＣＩＣＩＢＥＬＬＡ３Ｄ冷感マスクＬ　ホワイト,１０枚入,20,11/15まで,-,-,-,-,-,-
4582751871741 ,ｍｋ　ＲＥＬＡＸのど飴,４８ｇ,20,11/15まで,-,-,-,-,-,-
4589506152209 ,ｍｋ　除菌ができるペット用ウェットティシュー,８０枚入×３個,20,11/15まで,-,-,-,-,-,-
4901070111176 ,エステー）　脱臭炭　冷蔵庫用　備長炭パワー,１４０ｇ,20,11/15まで,-,-,-,-,-,-
4901070111817 ,エステー）　脱臭炭　冷凍室用　備長炭パワー,７０ｇ【冷凍室用】,20,11/15まで,-,-,-,-,-,-
4901070112982 ,脱臭炭こわけ下駄箱用,３個入り,20,11/15まで,-,-,-,-,-,-
4901070112999 ,エステー　脱臭炭　キッチン流しの下用　備長炭パワー,３個入【こわけ】,20,11/15まで,-,-,-,-,-,-
4901070114306 ,エステー）　脱臭炭大型　冷蔵庫用　備長炭パワー,２４０ｇ【大型】,20,11/15まで,-,-,-,-,-,-
4901070117192 ,エステー）　脱臭炭　野菜室用　備長炭パワー,１４０ｇ＋吸着袋２ｇ,20,11/15まで,-,-,-,-,-,-
4901070908158 ,備長炭ドライペット下駄箱用,１個入り,20,11/15まで,-,-,-,-,-,-
4901070909865 ,ドライペット　クリア,３５０ｍｌ,20,11/15まで,-,-,-,-,-,-
4901070910021 ,備長炭ドライペット　クリア,３５０ｍｌ,20,11/15まで,-,-,-,-,-,-
4901070910359 ,ドライペット　ＮＯＴＥ　置き型　ホワイトリリー,３５０ｍｌ,20,11/15まで,-,-,-,-,-,-
4901070910366 ,ドライペット　ＮＯＴＥ　置き型　サボン,３５０ｍｌ,20,11/15まで,-,-,-,-,-,-
4901080012012 ,おすだけノーマットスプレープロプレミ,１２５ｍｌ,20,11/15まで,-,-,-,-,-,-
4901080085115 ,遊べる入浴あわっぴー　イチゴの香り,１６０ｍｌ,20,11/15まで,-,-,-,-,-,-
4901080085214 ,遊べる入浴あわっぴー　ブドウの香り,１６０ｍｌ,20,11/15まで,-,-,-,-,-,-
4901080099914 ,遊べる入浴あわっぴー　ミカンの香り,１６０ｍｌ,20,11/15まで,-,-,-,-,-,-
4901080195012 ,おすだけノーマットロングスプレータイプ２００日,４１．７ｍｌ,20,11/15まで,-,-,-,-,-,-
4901080213419 ,温泡　デカまる　エナジーシトラスジンジャーの香り,４錠,20,11/15まで,-,-,-,-,-,-
4901080213617 ,温泡　デカまる　ウォームウッドハーブの香り　４錠入,４錠,20,11/15まで,-,-,-,-,-,-
4901080222619 ,温泡デカまるフレッシュハーバルシトラスの香り,４錠,20,11/15まで,-,-,-,-,-,-
4901080245618 ,オフロムスローリータブレット　チュベローズの香り,４錠,20,11/15まで,-,-,-,-,-,-
4901080245717 ,遊べる入浴あわっぴーシナモロールミルクの香り,１６０ｍｌ,20,11/15まで,-,-,-,-,-,-
4901080245816 ,オフロムスローリータブレット　ムスクサボンの香り,４錠,20,11/15まで,-,-,-,-,-,-
4901080321411 ,オフロムスローリータブレットマスカットミントの香り,４錠,20,11/15まで,-,-,-,-,-,-
4901080728319 ,シュミテクト　やさしく歯周ハブラシ３次元Ｃ　ふつう,ふつう,20,11/15まで,-,-,-,-,-,-
4901080728418 ,シュミテクト　やさしく歯周ハブラシ３次元Ｃやわらか,やわらか,20,11/15まで,-,-,-,-,-,-
4901080729811 ,シュミテクト　やさしく歯周ハブラシ３次元Ｒ　ふつう,ふつう,20,11/15まで,-,-,-,-,-,-
4901080729910 ,シュミテクト　やさしく歯周ハブラシ３次元Ｒやわらか,やわらか,20,11/15まで,-,-,-,-,-,-
4901080731517 ,シュミテクトやさしく歯周ケアハブラシ薄型Ｒふつう,ふつう,20,11/15まで,-,-,-,-,-,-
4901080731616 ,シュミテクトやさしく歯周ケアハブラシ薄型Ｒやわらか,やわらか,20,11/15まで,-,-,-,-,-,-
4901080731715 ,シュミテクトやさしく歯周ケアハブラシ薄型Ｃふつう,ふつう,20,11/15まで,-,-,-,-,-,-
4901080731814 ,シュミテクトやさしく歯周ケアハブラシ薄型Ｃやわらか,やわらか,20,11/15まで,-,-,-,-,-,-
4901080731913 ,シュミテクトやさしく歯周ケアハブラシ薄型Ｗふつう,ふつう,20,11/15まで,-,-,-,-,-,-
4901080732019 ,シュミテクトやさしく歯周ケアハブラシ薄型Ｗやわらか,やわらか,20,11/15まで,-,-,-,-,-,-
4901080732118 ,シュミテクトやさしく歯周ハブラシ３次元ＵＲふつう,ふつう,20,11/15まで,-,-,-,-,-,-
4901080732217 ,シュミテクトやさしく歯周ハブラシ３次元ＵＲやわらか,やわらか,20,11/15まで,-,-,-,-,-,-
4901080732316 ,シュミテクトやさしく歯周ハブラシ３次元ＵＣふつう,ふつう,20,11/15まで,-,-,-,-,-,-
4901080732415 ,シュミテクトやさしく歯周ハブラシ３次元ＵＣやわらか,やわらか,20,11/15まで,-,-,-,-,-,-
4901080732514 ,シュミテクトやさしく歯周ハブラシ３次元ＵＷふつう,ふつう,20,11/15まで,-,-,-,-,-,-
4901080732613 ,シュミテクトやさしく歯周ハブラシ３次元ＵＷやわらか,やわらか,20,11/15まで,-,-,-,-,-,-
4901080769619 ,シュミテクトやさしく歯周ケアハブラシＲやわらかめ,やわらかめ,20,11/15まで,-,-,-,-,-,-
4901080769718 ,シュミテクトやさしく歯周ケアハブラシＲ超やわらかめ,超やわらかめ,20,11/15まで,-,-,-,-,-,-
4901080769817 ,シュミテクトやさしく歯周ケアハブラシＣやわらかめ,やわらかめ,20,11/15まで,-,-,-,-,-,-
4901080769916 ,シュミテクトやさしく歯周ケアハブラシＣ超やわらかめ,超やわらかめ,20,11/15まで,-,-,-,-,-,-
4901080770813 ,シュミテクトやさしく歯周ケアハブラシＲふつう,ふつう,20,11/15まで,-,-,-,-,-,-
4901080770912 ,シュミテクトやさしく歯周ケアハブラシＣふつう,ふつう,20,11/15まで,-,-,-,-,-,-
4901085617786 ,香り薫るむぎ茶ティーバッグ,５４袋,20,11/15まで,-,-,-,-,-,-
4901121335032 ,ネピア激吸収キッチンタオル４Ｒ１００カット,４Ｒ,20,11/15まで,-,-,-,-,-,-
4901121635231 ,ネピアよそいき保湿ソフトパックティシュポケットイン,５０組（１５０枚）５Ｐ,20,11/15まで,-,-,-,-,-,-
4901133369605 ,ちゅ～るフリーズドライチキン,２０ｇ,20,11/15まで,-,-,-,-,-,-
4901133481345 ,鶏三昧　チキン味,６０ｇ×３,20,11/15まで,-,-,-,-,-,-
4901133481352 ,鶏三昧　ほたて味,６０ｇ×３,20,11/15まで,-,-,-,-,-,-
4901133481369 ,鶏三昧　鶏軟骨入り,６０ｇ×３,20,11/15まで,-,-,-,-,-,-
4901133481376 ,鶏三昧　かにかま入り,６０ｇ×３,20,11/15まで,-,-,-,-,-,-
4901133481383 ,鶏三昧　和牛入り,６０ｇ×３,20,11/15まで,-,-,-,-,-,-
4901133481390 ,鶏三昧　ほたて貝柱入り,６０ｇ×３,20,11/15まで,-,-,-,-,-,-
4901133481406 ,鶏三昧　高齢猫用チキン味,６０ｇ×３,20,11/15まで,-,-,-,-,-,-
4901133834998 ,おさかな三昧　まぐろ,６０ｇ×３,20,11/15まで,-,-,-,-,-,-
4901133835001 ,おさかな三昧　まぐろシーフード,６０ｇ×３,20,11/15まで,-,-,-,-,-,-
4901133835018 ,おさかな三昧　かつおかつお節,６０ｇ×３,20,11/15まで,-,-,-,-,-,-
4901133835025 ,おさかな三昧　かつおささみ　しらす入り,６０ｇ×３,20,11/15まで,-,-,-,-,-,-
4901133835063 ,おさかな三昧　まぐろささみ　しらす入り,６０ｇ×３,20,11/15まで,-,-,-,-,-,-
4901133835070 ,おさかな三昧　かつおほたて味,６０ｇ×３,20,11/15まで,-,-,-,-,-,-
4901133835094 ,おさかな三昧　高齢猫用まぐろ,６０ｇ×３,20,11/15まで,-,-,-,-,-,-
4901301289476 ,クリアクリーンダブルプラス　ライトミントＳＴ１３０,１３０ｇ,20,11/15まで,-,-,-,-,-,-
4901301289483 ,クリアクリーンダブルプラス　クールミントＳＴ１３０,１３０ｇ,20,11/15まで,-,-,-,-,-,-
4901301289544 ,クリアクリーンホワイトニング　アップルＣＳＴ１２０,１２０ｇ,20,11/15まで,-,-,-,-,-,-
4901301289551 ,クリアクリーンホワイトニング　クリアＭ　ＳＴ１２０,１２０ｇ,20,11/15まで,-,-,-,-,-,-
4901301348333 ,リセッシュ除菌デオドラントパワー香り残らない詰替え,３１０ｍｌ,20,11/15まで,-,-,-,-,-,-
4901301348340 ,リセッシュ除菌ＥＸ香り残らないつめかえ用,３２０ｍｌ,20,11/15まで,-,-,-,-,-,-
4901301348357 ,リセッシュ除菌ＥＸグリーンハーブの香りつめかえ用,３２０ｍｌ,20,11/15まで,-,-,-,-,-,-
4901301348364 ,リセッシュ除菌ＥＸピュアソープの香りつめかえ用,３２０ｍｌ,20,11/15まで,-,-,-,-,-,-
4901301348388 ,リセッシュ除菌ＥＸデオドラントパワーＳシトラス詰替,３１０ｍｌ,20,11/15まで,-,-,-,-,-,-
4901301348968 ,ＩＲＯＫＡ　ネイキッドリリーミスト本体,２００ｍｌ,20,11/15まで,-,-,-,-,-,-
4901301362032 ,リセッシュ除菌ＥＸプロテクトガード詰替,３１０ｍｌ,20,11/15まで,-,-,-,-,-,-
4901301362049 ,リセッシュ除菌ＥＸフレグランスピュアローズ詰替,３２０ｍｌ,20,11/15まで,-,-,-,-,-,-
4901301362063 ,リセッシュ除菌ＥＸフレグランスフォレスト詰替,３２０ｍｌ,20,11/15まで,-,-,-,-,-,-
4901301362087 ,リセッシュ除菌ＥＸフレグランスオリエンタル詰替,３２０ＭＬ,20,11/15まで,-,-,-,-,-,-
4901301377135 ,リセッシュ除菌ＥＸルームクリアつめかえ用,３００ＭＬ,20,11/15まで,-,-,-,-,-,-
4901301377159 ,リセッシュ除菌ＥＸアクティブアップつめかえ用,３００ＭＬ,20,11/15まで,-,-,-,-,-,-
4901301378163 ,クイックルホームリセット泡クリーナー本体,３００ｍｌ,20,11/15まで,-,-,-,-,-,-
4901301379221 ,クイックルホームリセットシートクリーナー,３０枚,20,11/15まで,-,-,-,-,-,-
4901301382467 ,ロリエ　しあわせ素肌ライナー無香料７２コ入,７２個,20,11/15まで,-,-,-,-,-,-
4901301382474 ,ロリエ　しあわせ素肌ライナーフローラル７２コ入,７２個,20,11/15まで,-,-,-,-,-,-
4901301382481 ,ロリエ　しあわせ素肌ライナー天然コットン５４コ入,５４個,20,11/15まで,-,-,-,-,-,-
4901301382498 ,ロリエ　しあわせ素肌ライナーボタスズラン５４コ入,５４個,20,11/15まで,-,-,-,-,-,-
4901301382504 ,ロリエ　しあわせ素肌ライナーボタニカルラベン５４コ,５４個,20,11/15まで,-,-,-,-,-,-
4901301382511 ,ロリエ　しあわせ素肌ライナーボタニカル消臭５４コ入,５４個,20,11/15まで,-,-,-,-,-,-
4901301396730 ,リセッシュ除菌ＥＸプロテクトガード詰替え,３００ｍｌ,20,11/15まで,-,-,-,-,-,-
4901301397003 ,クイックルＪｏａｎ除菌スプレー携帯用,５０ｍｌ,20,11/15まで,-,-,-,-,-,-
4901301399625 ,クイックルホームリセット泡クリーナー本体ミニオン,３００ＭＬ,20,11/15まで,-,-,-,-,-,-
4901301400758 ,リセッシュ除菌ＥＸプロテクトガードシャボン詰替,３００ｍｌ,20,11/15まで,-,-,-,-,-,-
4901301400901 ,クイックルＪｏａｎ除菌シート携帯用３２枚,３２枚,20,11/15まで,-,-,-,-,-,-
4901301403018 ,クイックルホームリセット泡クリーナー本体鬼滅,３００ＭＬ,20,11/15まで,-,-,-,-,-,-
4901301408556 ,アタック泡スプレー除菌プラス本体,３００ｍｌ,20,11/15まで,-,-,-,-,-,-
4901301412201 ,リセッシュ除菌ＥＸガーデンローズの香りつめかえ用,３２０ｍｌ,20,11/15まで,-,-,-,-,-,-
4901301413444 ,クイックルホームリセット泡クリーナー本体企画品,３００ＭＬ,20,11/15まで,-,-,-,-,-,-
4901301418241 ,ビオレｕ　泡ハンドソープ　１２００ｍｌ,１２００ｍＬ,20,11/15まで,-,-,-,-,-,-
4901301418258 ,ビオレｕ　泡ハンドソープ　フルーツ　１２００ｍｌ,１２００ｍＬ,20,11/15まで,-,-,-,-,-,-
4901301419514 ,アタック泡スプレー　除菌プラス　消臭パワー　本体,３００ｍｌ,20,11/15まで,-,-,-,-,-,-
4901301435033 ,ビオレｕ　泡ハンドソープ無香料つめかえ１２００ｍＬ,１２００ｍＬ,20,11/15まで,-,-,-,-,-,-
4901301454447 ,リセッシュ除菌ＥＸアールグレイ＆シトラスの香り詰替,３２０ｍｌ,20,11/15まで,-,-,-,-,-,-
4901301455000 ,リセッシュ除菌ＥＸリラクシーサボンの香り　詰替,３２０ｍｌ,20,11/15まで,-,-,-,-,-,-
4901301455291 ,ディープクリーン　ＭＯＴＴＯ　黒ジェル　美白タイプ,１００ｇ,20,11/15まで,-,-,-,-,-,-
4901301455307 ,ディープクリーンＭＯＴＴＯ　桃色ジェル　ハグキケア,１００ｇ,20,11/15まで,-,-,-,-,-,-
4901301463166 ,ＭビオレデオドラントＢＷ　ミントの香り　本体,４２０ｍＬ,20,11/15まで,-,-,-,-,-,-
4901301463173 ,ＭビオレデオドラントＢＷ　せっけんの香り　本体,４２０ｍＬ,20,11/15まで,-,-,-,-,-,-
4901301463234 ,ＭＢデオドラントＢＷ　肌ケアタイプ　本体,４２０ｍＬ,20,11/15まで,-,-,-,-,-,-
4901301733818 ,キッチン泡ハイター　ツケカエ,４００ｍｌ,20,11/15まで,-,-,-,-,-,-
4901301755032 ,アタックシュッと泡スプレー,３００ｍｌ,20,11/15まで,-,-,-,-,-,-
4901422324452 ,キチントさん　クッキングシート,３０ｃｍ×５ｍ,20,11/15まで,-,-,-,-,-,-
4901422324469 ,キチントさん　クッキングシートミニ,２５ｃｍ×５ｍ,20,11/15まで,-,-,-,-,-,-
4901422324537 ,ラクッチョ　クッキングシート　Ｌ　５ｍ,３０ｃｍ×５ｍ,20,11/15まで,-,-,-,-,-,-
4901422324544 ,ラクッチョ　クッキングシート　Ｍ　５ｍ,２５ｃｍ×５ｍ,20,11/15まで,-,-,-,-,-,-
4901422324551 ,ラクッチョ　クッキングシート　Ｌ　５ｍ　ポケモン,３０ｃｍ×５ｍ,20,11/15まで,-,-,-,-,-,-
4901609017122 ,ＳＢ流せるトイレブラシフローラルソープ替え４８個,替え４８個,20,11/15まで,-,-,-,-,-,-
4901616216235 ,オーラツーミーハブラシミラクルキャッチ,超やわらかめ,20,11/15まで,-,-,-,-,-,-
4901616216242 ,オーラツーミーハブラシミラクルキャッチ,やわらかめ,20,11/15まで,-,-,-,-,-,-
4901616216259 ,オーラツーミーハブラシミラクルキャッチ,ふつう,20,11/15まで,-,-,-,-,-,-
4901616216266 ,オーラツーミーハブラシスパイラルキャッチ,ふつう,20,11/15まで,-,-,-,-,-,-
4901616216273 ,オーラツーミーハブラシスパイラルキャッチ,かため,20,11/15まで,-,-,-,-,-,-
4901616216532 ,オーラツーミーハブラシステインクリア,やわらかめ,20,11/15まで,-,-,-,-,-,-
4901616216549 ,オーラツーミーハブラシステインクリア,ふつう,20,11/15まで,-,-,-,-,-,-
4901616965386 ,オーラツーミーハブラシミラクルキャッチさくら,ふつう,20,11/15まで,-,-,-,-,-,-
4901616967144 ,オーラツーミーハブラシミラクルキャッチムーミン,ふつう,20,11/15まで,-,-,-,-,-,-
4901616967786 ,オーラツーミーハブラシミラクルキャッチプロセカ,ふつう,20,11/15まで,-,-,-,-,-,-
4901616970090 ,オーラツーミーハブラシステインクリアさくら,ふつう,20,11/15まで,-,-,-,-,-,-
4901616970687 ,オーラツーミーハブラシミラクルプルバトゥコラボ,ふつう,20,11/15まで,-,-,-,-,-,-
4901616970694 ,オーラツーミーハブラシスパイラルプルバトゥコラボ,ふつう,20,11/15まで,-,-,-,-,-,-
4901655440509 ,スコッティ　カシミヤ　ティシュー,２２０Ｗ,20,11/15まで,-,-,-,-,-,-
4901670117547 ,サランラップ　ミニ　２２ｃｍ×１５ｍ,２２ｃｍ×１５ｍ,20,11/15まで,-,-,-,-,-,-
4901670117912 ,リードクッキングペーパー　ダブル,７６枚,20,11/15まで,-,-,-,-,-,-
4901730016322 ,キズパワーパッド指用指巻用,指用４枚＋指関節用２枚,20,11/15まで,-,-,-,-,-,-
4901730021906 ,バンドエイド＿キズパワーパッド＿ふつうサイズ,１０枚,20,11/15まで,-,-,-,-,-,-
4901730021913 ,バンドエイド＿キズパワーパッド＿大きめサイズ,６枚,20,11/15まで,-,-,-,-,-,-
4901730077699 ,バンドエイド＿キズパワーパッド＿スポットタイプ,１０枚入り,20,11/15まで,-,-,-,-,-,-
4901730090889 ,バンドエイド＿キズパワーパッド＿靴ずれ用,６枚,20,11/15まで,-,-,-,-,-,-
4901730120012 ,キズパワーパッド　水仕事用,１０枚,20,11/15まで,-,-,-,-,-,-
4901730230131 ,バンドエイド　透明　Ｍサイズ　２０枚,２０枚入,20,11/15まで,-,-,-,-,-,-
4901730230155 ,バンドエイド　防水　Ｍサイズ　２０枚,２０枚入,20,11/15まで,-,-,-,-,-,-
4901730230216 ,バンドエイド　透明　Ｍサイズ　４０枚,４０枚,20,11/15まで,-,-,-,-,-,-
4901730230223 ,バンドエイド　防水　Ｍサイズ　４０枚,４０枚,20,11/15まで,-,-,-,-,-,-
4901730230230 ,バンドエイド　防水　指先用　１０枚,１０枚,20,11/15まで,-,-,-,-,-,-
4901730230278 ,バンドエイド　防水　Ｌサイズ　７枚,７枚,20,11/15まで,-,-,-,-,-,-
4901730230292 ,バンドエイド　超フィット　Ｍサイズ　５０枚,５０枚,20,11/15まで,-,-,-,-,-,-
4901730250252 ,バンドエイド　顔用パッチ　１６枚,１６枚,20,11/15まで,-,-,-,-,-,-
4901750211585 ,クリネックスソフティ４ロールダブル,４ロール,20,11/15まで,-,-,-,-,-,-
4901750251277 ,クリネックスシスティ４ロールダブルリラックスブルー,４ロール,20,11/15まで,-,-,-,-,-,-
4901750251291 ,クリネックスシスティ４ロールダブルハピネスピンク,４ロール,20,11/15まで,-,-,-,-,-,-
4901750332457 ,スコッティＦ　３倍長持ち　キッチンタオル　２ロール,１５０カット×２ロール,20,11/15まで,-,-,-,-,-,-
4901750377540 ,スコッティ　セレクト　ハンドタオル２００組×３Ｐ,２００組【４００枚】×３,20,11/15まで,-,-,-,-,-,-
4901750413309 ,スコッティフラワーティシュ３Ｐ,２５０組,20,11/15まで,-,-,-,-,-,-
4901750413583 ,スコッティフラワーティシュ３Ｐ　ポケモン,２５０組,20,11/15まで,-,-,-,-,-,-
4901750413750 ,スコッティフラワーティシュ　ポケモン３Ｐ,２５０組,20,11/15まで,-,-,-,-,-,-
4901750446154 ,スコッティ　カシミヤ　サマー,２２０Ｗ,20,11/15まで,-,-,-,-,-,-
4902011103052 ,エリス新・素肌感（ふつう－多い日用）羽なし２Ｐ,２６枚Ｘ２Ｐ,20,11/15まで,-,-,-,-,-,-
4902011103069 ,エリス新・素肌感（ふつう－多い日用）羽つき４０枚,４０枚,20,11/15まで,-,-,-,-,-,-
4902011103076 ,エリス新・素肌感（多い日の夜用）羽なし２０個入,２０個入,20,11/15まで,-,-,-,-,-,-
4902011103083 ,エリス新・素肌感（多い日の夜用）羽つき１８個入,１８個入,20,11/15まで,-,-,-,-,-,-
4902011120226 ,エリエール超除菌できるアルコールタオル詰替,６０枚ボトル詰替用,20,11/15まで,-,-,-,-,-,-
4902011120240 ,エリエール超除菌できるアルコールタオル詰替２Ｐ,６０枚ｘ２Ｐ【ボトル替】,20,11/15まで,-,-,-,-,-,-
4902011122114 ,ナチュラ吸水ショーツＭＬ７枚,７枚,20,11/15まで,-,-,-,-,-,-
4902011122985 ,エリエール北海道キッチンタオル４Ｒ１００カット,４Ｒ　１００カット,20,11/15まで,-,-,-,-,-,-
4902011713619 ,エリエールティシュー１８０Ｗ５Ｐ,１８０Ｗ５Ｐ,20,11/15まで,-,-,-,-,-,-
4902011730678 ,エリエール　除菌できるアルコール　ボトル詰替２Ｐ,８０枚ｘ２Ｐ【ボトル替】,20,11/15まで,-,-,-,-,-,-
4902011730739 ,ミチガエルトイレクリーナー本体,１０枚,20,11/15まで,-,-,-,-,-,-
4902011730937 ,エリエールミチガエル　トイレクリーナー詰替,１０枚×２Ｐ,20,11/15まで,-,-,-,-,-,-
4902011731125 ,エリエール除菌できるアルコールタオル　ボトル詰替,８０枚ボトル詰替用,20,11/15まで,-,-,-,-,-,-
4902011731156 ,ＥＬ　除菌アルコールタオルウィルス除去　ボトル詰替,７０枚ボトル詰替用,20,11/15まで,-,-,-,-,-,-
4902011732290 ,エリエール除菌できるウェットタオル食卓テーブル用,７０枚,20,11/15まで,-,-,-,-,-,-
4902011733167 ,ＥＬ　薬用消毒できるアルコールタオル　ボトル詰替,７０枚ボトル詰替用,20,11/15まで,-,-,-,-,-,-
4902011735260 ,エリエール　除菌・ウイルス除去用　ボトル詰替２Ｐ,７０枚ｘ２Ｐ【ボトル替】,20,11/15まで,-,-,-,-,-,-
4902011823950 ,ラクらクックパパッとキッチンペーパー８０Ｗ６Ｐ,８０Ｗ６Ｐ,20,11/15まで,-,-,-,-,-,-
4902011824360 ,Ｐｌｕｓ＋キレイペーパータオルＣＰ２００Ｗ３Ｐ,２００Ｗ３Ｐ,20,11/15まで,-,-,-,-,-,-
4902011824377 ,Ｐｌｕｓ＋キレイペーパータオルＣＰ２００Ｗ５Ｐ,２００Ｗ５Ｐ,20,11/15まで,-,-,-,-,-,-
4902011880489 ,エリス新・素肌感（ふつう－多い日用）羽なし２Ｐ,２８枚Ｘ２Ｐ,20,11/15まで,-,-,-,-,-,-
4902011880502 ,エリス新・素肌感（ふつう－多い日用）羽つき２Ｐ,２２枚Ｘ２Ｐ,20,11/15まで,-,-,-,-,-,-
4902011880526 ,エリス新・素肌感ウルトラフィットナイト羽なし２Ｐ,１１枚Ｘ２Ｐ,20,11/15まで,-,-,-,-,-,-
4902011880540 ,エリス新・素肌感ウルトラフィットナイト羽つき２Ｐ,１０枚Ｘ２Ｐ,20,11/15まで,-,-,-,-,-,-
4902111736884 ,ダヴディープピュアクリーミー泡洗顔料詰替,１４０ｍｌ,20,11/15まで,-,-,-,-,-,-
4902111736907 ,ダヴビューティモイスチャークリーミー泡洗顔料詰替,１４０ｍｌ,20,11/15まで,-,-,-,-,-,-
4902111736945 ,ダヴモイスチャーミルククレンジング詰替,１８０ｍｌ,20,11/15まで,-,-,-,-,-,-
4902111738178 ,ダヴクリアリニュークリーミー泡洗顔料詰替,１４０ｍｌ,20,11/15まで,-,-,-,-,-,-
4902111746425 ,ダヴモイスチャー泡洗顔料詰替増量,１５５ｍｌ,20,11/15まで,-,-,-,-,-,-
4902111749372 ,ダヴニキビケアクリーミー泡洗顔料つめかえ用,１４０ｍｌ,20,11/15まで,-,-,-,-,-,-
4902111750125 ,ダヴボタニカル　ポアビューティ―　泡洗顔料　替え,１３５ｍｌ,20,11/15まで,-,-,-,-,-,-
4902111750149 ,ダヴボタニカル　ナチュラルラディアンス泡洗顔料替え,１３５ｍｌ,20,11/15まで,-,-,-,-,-,-
4902111754840 ,ダヴ　センシティブマイルド　クリーミー泡洗顔料詰替,１４０ｍｌ,20,11/15まで,-,-,-,-,-,-
4902111754857 ,ダヴセンシティブミルククレンジング詰替,１８０ｍｌ,20,11/15まで,-,-,-,-,-,-
4902111756066 ,ダヴニキビケアクリーミー泡洗顔料つめかえ用増量,１５５ｇ,20,11/15まで,-,-,-,-,-,-
4902111759845 ,ダヴボタニカル　ビューティーＲ　泡洗顔料詰替え,１３５ｍｌ,20,11/15まで,-,-,-,-,-,-
4902111773438 ,ダヴビューティモイスチャークリーミー泡洗顔料　詰替,１２５ｍｌ,20,11/15まで,-,-,-,-,-,-
4902111773445 ,ダヴクリアリニュー　クリーミー泡洗顔料　詰替,１２５ｍｌ,20,11/15まで,-,-,-,-,-,-
4902111773452 ,ダヴディープピュア　クリーミー泡洗顔料　詰替,１２５ｍｌ,20,11/15まで,-,-,-,-,-,-
4902111773469 ,ダヴニキビケア　クリーミー泡洗顔料　詰替,１２５ｍｌ,20,11/15まで,-,-,-,-,-,-
4902111773476 ,ダヴセンシティブマイルド　クリーミー泡洗顔料　詰替,１２５ｍｌ,20,11/15まで,-,-,-,-,-,-
4902111775036 ,ダヴ泡ボディウォッシュ　しっとり　詰替,４３０ｇ,20,11/15まで,-,-,-,-,-,-
4902111777597 ,ダヴ　泡ボディウォッシュ　ふっくら　つめかえ用,４３０ｇ,20,11/15まで,-,-,-,-,-,-
4902111778136 ,ダヴ　トリプルビタミンＣ泡洗顔料つめかえ,１２５ｍｌ,20,11/15まで,-,-,-,-,-,-
4902111779874 ,ダヴ　泡ボディ　キンモクセイ　詰替,４３０ｇ,20,11/15まで,-,-,-,-,-,-
4902111785196 ,ダヴモイスチャー　詰替２個セット　ＦＩＦＡ,６６０ｇ,20,11/15まで,-,-,-,-,-,-
4902111785202 ,ダヴピーチ＆スイートピー詰替２個セット　ＦＩＦＡ,６６０ｇ,20,11/15まで,-,-,-,-,-,-
4902170260009 ,オーマイ　ミートソース（レンジ）,２４０ｇ,20,11/15まで,-,-,-,-,-,-
4902170260016 ,オーマイ　ガーリックトマト（レンジ）,２４０ｇ,20,11/15まで,-,-,-,-,-,-
4902170260054 ,オーマイ　明太子カルボナーラ（レンジ）,２２０ｇ,20,11/15まで,-,-,-,-,-,-
4902201183000 ,キットカット　伊藤園抹茶ショコラ味,１０枚,20,11/15まで,-,-,-,-,-,-
4902201183017 ,キットカット　部活応援ゴールド　塩キャラメル味,１０枚,20,11/15まで,-,-,-,-,-,-
4902201183505 ,キットカット　ショコラオレンジ,９枚,20,11/15まで,-,-,-,-,-,-
4902201183550 ,キットカットオトナの甘さ　ダブルベリー＆ナッツ仕立,９枚,20,11/15まで,-,-,-,-,-,-
4902201183598 ,キットカット　サクラサク桜味,９枚,20,11/15まで,-,-,-,-,-,-
4902201183895 ,キットカット　いちごのショートケーキ味,９枚,20,11/15まで,-,-,-,-,-,-
4902201183987 ,キットカット　部活応援バナナ味,９枚,20,11/15まで,-,-,-,-,-,-
4902201184045 ,キットカット部活応援塩キャラメル,９枚,20,11/15まで,-,-,-,-,-,-
4902201184052 ,キットカットオレンジショコラ,９枚,20,11/15まで,-,-,-,-,-,-
4902201184090 ,キットカット伊藤園抹茶ショコラ味,９枚,20,11/15まで,-,-,-,-,-,-
4902201184106 ,キットカット　クッキー＆クリーム,９枚,20,11/15まで,-,-,-,-,-,-
4902201184137 ,キットカット３１チョコレートミントアイスクリーム味,９枚,20,11/15まで,-,-,-,-,-,-
4902201184144 ,キットカット３１コラボストロベリーチーズケーキ味,９枚,20,11/15まで,-,-,-,-,-,-
4902201184182 ,キットカットスパイダーマンコラボＮＹチーズケーキ味,９枚,20,11/15まで,-,-,-,-,-,-
4902201218665 ,モンプチジェムズ　チキン贅沢ジュレソース,１１４ｇ,20,11/15まで,-,-,-,-,-,-
4902201218672 ,モンプチジェムズ　サーモン贅沢ジュレソース,１１４ｇ,20,11/15まで,-,-,-,-,-,-
4902201218689 ,モンプチジェムズ　ツナ贅沢ジュレソース,１１４ｇ,20,11/15まで,-,-,-,-,-,-
4902201218696 ,モンプチジェムズ　ビーフ贅沢ジュレソース,１１４ｇ,20,11/15まで,-,-,-,-,-,-
4902424451627 ,ハチ・アブダブルジェット４５０ｍｌ,４５０ｍｌ,20,11/15まで,-,-,-,-,-,-
4902424452396 ,カメムシ凍殺ジェット３００ｍｌ,３００ｍｌ,20,11/15まで,-,-,-,-,-,-
4902430035873 ,置型ファブリーズ　本体　さわやか,１３０ｇ,20,11/15まで,-,-,-,-,-,-
4902430036016 ,置型ファブリーズ　付替　無香,１３０ｇ,20,11/15まで,-,-,-,-,-,-
4902430036023 ,置型ファブリーズ　本体　無香,１３０ｇ,20,11/15まで,-,-,-,-,-,-
4902430036030 ,置型ファブリーズ　本体　すがすがしい,１３０ｇ,20,11/15まで,-,-,-,-,-,-
4902430036047 ,置型ファブリーズ　付替　すがすがしい,１３０ｇ,20,11/15まで,-,-,-,-,-,-
4902430036054 ,置型ファブリーズ　付替　さわやか,１３０ｇ,20,11/15まで,-,-,-,-,-,-
4902430113205 ,ファブリーズ　除菌プラス　詰替,３２０ｍｌ,20,11/15まで,-,-,-,-,-,-
4902430221511 ,ファブリーズフラワーブロッサムの香り詰替,３２０ｍｌ,20,11/15まで,-,-,-,-,-,-
4902430363938 ,ファブリーズ緑茶成分入り本体,３７０ｍｌ,20,11/15まで,-,-,-,-,-,-
4902430374125 ,ファブリーズイージークリップエイプリルフレッシュ,２ｍｌ,20,11/15まで,-,-,-,-,-,-
4902430520294 ,香料無添加ファブリーズ本体,３７０ｍｌ,20,11/15まで,-,-,-,-,-,-
4902430520300 ,香料無添加ファブリーズ替え,３２０ｍｌ,20,11/15まで,-,-,-,-,-,-
4902430649452 ,置き型ファブリーズナチュラルガーデンつけかえ用２Ｐ,１３０ｇ×２,20,11/15まで,-,-,-,-,-,-
4902430649469 ,置き型ファブリーズスカイシャワーつけかえ２Ｐ,１３０ｇ×２,20,11/15まで,-,-,-,-,-,-
4902430658232 ,ファブリーズＷ除菌無香料アルコール成分入り特大,６４０ｍＬ,20,11/15まで,-,-,-,-,-,-
4902430672894 ,置き型ファブリーズ無香タイプつけかえ用２個パック,１３０ｇ×２Ｐ,20,11/15まで,-,-,-,-,-,-
4902430673587 ,置き型ファブリーズ靴箱用ピュアクリーンの香り,１３０ｇ,20,11/15まで,-,-,-,-,-,-
4902430673594 ,置き型ファブリーズ靴箱用ピュアクリーンの香りつけ替,１３０ｇ,20,11/15まで,-,-,-,-,-,-
4902430687171 ,ファブリーズＷ除菌つめかえ特大,６４０ｍｌ,20,11/15まで,-,-,-,-,-,-
4902430687188 ,ファブリーズＷ除菌緑茶成分入りつめかえ特大,６４０ｍｌ,20,11/15まで,-,-,-,-,-,-
4902430699068 ,レノアハピネスアンティークローズ＆フローラルかえ用,４３０ｍｌ,20,11/15まで,-,-,-,-,-,-
4902430699082 ,レノアハピネスヴェルベットフローラル＆ブロッサム詰,４３０ｍｌ,20,11/15まで,-,-,-,-,-,-
4902430736220 ,ファブリーズマイクロミストクラシックガーデンの香り,３００ｍｌ,20,11/15まで,-,-,-,-,-,-
4902430736237 ,ファブリーズマイクロミストエレガントリリーの香り,３００ｍｌ,20,11/15まで,-,-,-,-,-,-
4902430736244 ,ファブリーズマイクロミストフレッシュシトラスの香り,３００ｍｌ,20,11/15まで,-,-,-,-,-,-
4902430744966 ,ｈ＆ｓｆｏｒｍｅｎ　スカルプゴールド　ＣＤ詰替,３００ｇ,20,11/15まで,-,-,-,-,-,-
4902430744973 ,ｈ＆ｓｆｏｒｍｅｎ　スカルプゴールド　ＳＰ詰替,３００ｍｌ,20,11/15まで,-,-,-,-,-,-
4902430744980 ,ｈ＆ｓ　ｆｏｒｍｅｎ　コンディショナー　詰替,３００ｇ,20,11/15まで,-,-,-,-,-,-
4902430744997 ,ｈ＆ｓ　ｆｏｒｍｅｎ　シャンプー詰替,３００ｍｌ,20,11/15まで,-,-,-,-,-,-
4902430839761 ,ファブリーズマイクロミスト　ウォータリー・モリンガ,３００ｍｌ,20,11/15まで,-,-,-,-,-,-
4902430890083 ,レノアオードリュクススタイルイノセントつめかえ,４１０ｍＬ,20,11/15まで,-,-,-,-,-,-
4902430890663 ,レノアオードリュクス　マインドフルネス特大,６００ｍＬ,20,11/15まで,-,-,-,-,-,-
4902430893541 ,レノアオードリュクスパルファムイノセントつめかえ,４１０ｍＬ,20,11/15まで,-,-,-,-,-,-
4902430910279 ,ファブリーズ無香料アルコール詰替,３２０ｍｌ,20,11/15まで,-,-,-,-,-,-
4902430955102 ,緑茶成分入りファブリーズ　詰替,３２０ｍｌ,20,11/15まで,-,-,-,-,-,-
4902430964494 ,置き型ファブリーズ靴箱用つけかえ用２個パック,１３０ｇ×２Ｐ,20,11/15まで,-,-,-,-,-,-
4902450445300 ,ピーナツあげ,６８ｇ,20,11/15まで,-,-,-,-,-,-
4902493229929 ,ｍｋ　抗菌厚手食器用ふきん,３枚入り,20,11/15まで,-,-,-,-,-,-
4902508276924 ,幼児食やわらかパックごはん　１才６ヵ月,１２０ｇ×６,20,11/15まで,-,-,-,-,-,-
4902508277914 ,すくすくタブレット　いちご味　３０粒入,３０粒,20,11/15まで,-,-,-,-,-,-
4902555267784 ,ピーナッツチョコレート,１４０ｇ,20,11/15まで,-,-,-,-,-,-
4902555267791 ,アーモンドチョコレート,１７粒,20,11/15まで,-,-,-,-,-,-
4902555274591 ,カントリーマアムマイスターズ（ＮＹチーズケーキ）,１０７ｇ,20,11/15まで,-,-,-,-,-,-
4902555274607 ,カントリーマアムマイスターズ（チョコブラウニー）,１２４ｇ,20,11/15まで,-,-,-,-,-,-
4902555279916 ,カントリーマアムマイスターズ（ＮＹチーズケーキ）,１０７ｇ,20,11/15まで,-,-,-,-,-,-
4902555279923 ,カントリーマアムマイスターズ（チョコブラウニー）,１２４ｇ,20,11/15まで,-,-,-,-,-,-
4902720167116 ,はじめてのベビーフード　トマトとにんじんのリゾット,７０ｇ,20,11/15まで,-,-,-,-,-,-
4902720167123 ,はじめてのベビーフードいちごとバナナのオートミール,７０ｇ,20,11/15まで,-,-,-,-,-,-
4902720167130 ,はじめてのベビーフードぶどうと紫いものオートミール,７０ｇ,20,11/15まで,-,-,-,-,-,-
4902727016264 ,ｍｋ５倍巻きトイレットペーパーＳ,２５０ｍ　４Ｒ,20,11/15まで,-,-,-,-,-,-
4902777006673 ,チョコレート効果カカオ７２％パウチ,４０ｇ,20,11/15まで,-,-,-,-,-,-
4902777026473 ,チョコレート効果カカオ８６％パウチ,３７ｇ,20,11/15まで,-,-,-,-,-,-
4902777080093 ,アポロマイスタイル,４１ｇ,20,11/15まで,-,-,-,-,-,-
4902777200217 ,明治ミルクチョコレートミニキューブ,２５０ｇ,20,11/15まで,-,-,-,-,-,-
4902777206646 ,アポロシンプル包装大容量パウチ,２２６ｇ,20,11/15まで,-,-,-,-,-,-
4902777206806 ,アーモンドチョコレートシンプル包装大容量パウチ,２３１ｇ,20,11/15まで,-,-,-,-,-,-
4902777215082 ,アーモンドチョコビッグパック,１５１ｇ,20,11/15まで,-,-,-,-,-,-
4902777215129 ,マカダミアチョコビッグパック,１１５ｇ,20,11/15まで,-,-,-,-,-,-
4902777237404 ,マカダミアチョコレート抹茶ビッグパック,１１２ｇ,20,11/15まで,-,-,-,-,-,-
4902777247571 ,たけのこの里シンプル包装,１８８ｇ,20,11/15まで,-,-,-,-,-,-
4902777250113 ,明治ミルクチョコレートビッグパック,１５２ｇ,20,11/15まで,-,-,-,-,-,-
4902777257532 ,きのこたけのこ袋ハロウィン,８袋,20,11/15まで,-,-,-,-,-,-
4902777257549 ,アポロ袋ハロウィン,１２袋,20,11/15まで,-,-,-,-,-,-
4902806112412 ,ＧＢフェイシャルペーパー　徳用,４２枚,20,11/15まで,-,-,-,-,-,-
4902806112436 ,ＧＢフェイシャルペーパー　アイスタイプ　徳用,４２枚,20,11/15まで,-,-,-,-,-,-
4902806112573 ,ＧＢフェイシャルペーパー　モイストタイプ　徳用,４２枚,20,11/15まで,-,-,-,-,-,-
4902806112610 ,ＧＢフェイシャルペーパー　薬用アクネケア　徳用,４２枚,20,11/15まで,-,-,-,-,-,-
4902806112634 ,ＧＢフェイシャルペーパー　せっけんの香り　徳用,４２枚,20,11/15まで,-,-,-,-,-,-
4902806112641 ,ＧＢフェイシャルペーパー　アイス　せっけん徳用,４２枚,20,11/15まで,-,-,-,-,-,-
4902806120950 ,ＭＫＧＢフェイシャルペーパー　クリアフルーティ,４２枚,20,11/15まで,-,-,-,-,-,-
4902806129229 ,ＭＫＧＢフェイシャルペーパー　スキンケアタイプ徳用,４２枚,20,11/15まで,-,-,-,-,-,-
4902806133707 ,ＭＫＧＢフェイシャルペーパー　肌トラブル対策徳用,３４枚,20,11/15まで,-,-,-,-,-,-
4902806133721 ,ＭＫ　ＧＢフェイシャルペーパー　美容保湿徳用,３４枚,20,11/15まで,-,-,-,-,-,-
4902806133875 ,ＧＢフェイシャルペーパー　キンモクセイ　徳用,３４枚,20,11/15まで,-,-,-,-,-,-
4902888269196 ,チョコボール＜ピーナッツ＞大袋,１０２ｇ,20,11/15まで,-,-,-,-,-,-
4902888270611 ,パックンチョ＜チョコ＞大袋,１０１ｇ,20,11/15まで,-,-,-,-,-,-
4902888271885 ,ハイチュウミニ大袋,１２０ｇ,20,11/15まで,-,-,-,-,-,-
4902888272561 ,チョコボール＜ピーナッツ＞ＨＷ,９０ｇ,20,11/15まで,-,-,-,-,-,-
4903020055394 ,ｍｋ　やわらかビーフジャーキー,３６ｇ,20,11/15まで,-,-,-,-,-,-
4903105104238 ,ビズーレペーパータオルレギュラー５Ｐ,２００Ｗ５Ｐ,20,11/15まで,-,-,-,-,-,-
4903111021208 ,ウェーブハンディワイパー本体＋１枚,１本＋１枚,20,11/15まで,-,-,-,-,-,-
4903111021253 ,超快適スマートカラー　ベージュ×バーガンディ,７枚,20,11/15まで,-,-,-,-,-,-
4903111021611 ,超快適マスク　涼感マイナス２℃　ふつうサイズ５枚,５枚,20,11/15まで,-,-,-,-,-,-
4903111022380 ,超快適スマートカラーＡＩＲ＆ＤＲＹ　シアーベージュ,６枚,20,11/15まで,-,-,-,-,-,-
4903111023509 ,ソフィクールフレッシュ超涼感ナプキン２６０羽つき,１４枚,20,11/15まで,-,-,-,-,-,-
4903111030125 ,ウェーブ１枚完結フロア用ウェットシート１２枚,１２枚,20,11/15まで,-,-,-,-,-,-
4903111042937 ,ソフィＫｉｙｏｒａ金木犀７２枚,７２枚,20,11/15まで,-,-,-,-,-,-
4903111043507 ,ＭＫＣＩコンパクトオーガニック無香多い昼用,２２枚,20,11/15まで,-,-,-,-,-,-
4903111046706 ,ウェーブ１枚完結フロアウェットハーバルシトラス,１２枚,20,11/15まで,-,-,-,-,-,-
4903111050024 ,ソフィクール超涼感デリケートウェット８枚×２,８×２Ｐ,20,11/15まで,-,-,-,-,-,-
4903111115617 ,超快適スマートカラー　ラベンダー×パープル,７枚,20,11/15まで,-,-,-,-,-,-
4903111243747 ,ＭＫオヤスミマン男の子ＢＩＧ以上,１４枚,20,11/15まで,-,-,-,-,-,-
4903111244362 ,ＭＫオヤスミマン女の子ＢＩＧ以上,１４枚,20,11/15まで,-,-,-,-,-,-
4903111303618 ,ソフィＫｉｙｏｒａフレグランス７２枚限定品,７２枚,20,11/15まで,-,-,-,-,-,-
4903111310432 ,ソフィシンクロフィット特に多い昼用２０ピース,２０ピース,20,11/15まで,-,-,-,-,-,-
4903111313099 ,ソフィはだおもい極うすスリム２９０多い夜２４枚,２４枚,20,11/15まで,-,-,-,-,-,-
4903111314058 ,ソフィはだおもい極うすスリム３６０特に多い夜２０枚,２０枚,20,11/15まで,-,-,-,-,-,-
4903111314171 ,ソフィＳＰＯＲＴＳ２６０羽つき１９枚,１９枚,20,11/15まで,-,-,-,-,-,-
4903111316595 ,ソフィＳＰＯＲＴＳ３００羽つき１７枚,１７枚,20,11/15まで,-,-,-,-,-,-
4903111318209 ,ソフィＫｉｙｏｒａサクラリラックス７２枚２１春,７２枚,20,11/15まで,-,-,-,-,-,-
4903111318247 ,ソフィＫｉｙｏｒａフレグランス７２枚春,７２枚,20,11/15まで,-,-,-,-,-,-
4903111318728 ,ＭＫソフィシンクロフィット特に多い昼用,３０ピース,20,11/15まで,-,-,-,-,-,-
4903111319077 ,ソフィＫｉｙｏｒａサクラハピネス７２枚２１春,７２枚,20,11/15まで,-,-,-,-,-,-
4903111319947 ,ソフィＫｉｙｏｒａさくら７２枚,７２枚,20,11/15まで,-,-,-,-,-,-
4903111320295 ,ソフィＫｉｙｏｒａ贅沢吸収ホワイトＦ多い用３６枚,３６枚,20,11/15まで,-,-,-,-,-,-
4903111322947 ,ソフィＫｉｙｏｒａフローラルリラックス７２枚,７２枚,20,11/15まで,-,-,-,-,-,-
4903111323197 ,ソフィＫｉｙｏｒａアナスイ７２枚２１春,７２枚,20,11/15まで,-,-,-,-,-,-
4903111325443 ,ソフィはだおもい極うすスリム２１０羽つき３８枚,３８枚,20,11/15まで,-,-,-,-,-,-
4903111325993 ,ソフィＳＰＯＲＴＳ２６０羽つき２９枚,２９枚,20,11/15まで,-,-,-,-,-,-
4903111326488 ,ソフィはだおもい極うすスリム２６０羽つき２８枚,２８枚,20,11/15まで,-,-,-,-,-,-
4903111327287 ,ソフィＳＰＯＲＴＳ３００羽つき２６枚,２６枚,20,11/15まで,-,-,-,-,-,-
4903111330997 ,ソフィＫｉｙｏｒａホワイトフローラル７２枚,７２枚,20,11/15まで,-,-,-,-,-,-
4903111331314 ,ソフィソフトタンポン　レギュラー　３４個,３４個,20,11/15まで,-,-,-,-,-,-
4903111332311 ,ソフィシンクロフィット,２４ピース,20,11/15まで,-,-,-,-,-,-
4903111333523 ,ソフィシンクロフィットまとめ買いパック,２４ピース,20,11/15まで,-,-,-,-,-,-
4903111333745 ,ソフィはだおもい極うすスリム３６０特に多い夜１６枚,１６枚,20,11/15まで,-,-,-,-,-,-
4903111337798 ,ソフィＢＦス－パ－ナイトガ－ド羽つき９枚×２,９枚×２,20,11/15まで,-,-,-,-,-,-
4903111339259 ,ＭＫソフィシンクロフィットまとめ買いパック,３６ピース,20,11/15まで,-,-,-,-,-,-
4903111340286 ,ソフィはだおもい極うすスリム２３０羽つき３０枚,３０枚,20,11/15まで,-,-,-,-,-,-
4903111346042 ,ソフィＫｉｙｏｒａプレミアムエレガントロ－ズ６２枚,６２枚,20,11/15まで,-,-,-,-,-,-
4903111346134 ,ソフィＫｉｙｏｒａプレミアムオレンジフラワ－６２枚,６２枚,20,11/15まで,-,-,-,-,-,-
4903111346400 ,ソフィボディフィット羽なし２８枚×２,２８枚×２,20,11/15まで,-,-,-,-,-,-
4903111346561 ,ソフィボディフィット羽つき２０枚×２,２０枚×２,20,11/15まで,-,-,-,-,-,-
4903111346615 ,ソフィボディフィットナイトガード羽なし,２２枚,20,11/15まで,-,-,-,-,-,-
4903111346981 ,ソフィボディフィットＳナイトガード羽なし,２０枚,20,11/15まで,-,-,-,-,-,-
4903111347445 ,ソフィボディフィットＳナイトガード羽つき,１８枚,20,11/15まで,-,-,-,-,-,-
4903111352593 ,ソフィはだおもい特に多い昼用２３０羽つき　ＦＰ,３０枚,20,11/15まで,-,-,-,-,-,-
4903111357055 ,ソフィはだおもい多い夜用２９０１６枚,１６枚,20,11/15まで,-,-,-,-,-,-
4903111357734 ,ソフィはだおもい極うすスリム２１０羽なし４２枚,４２枚,20,11/15まで,-,-,-,-,-,-
4903111358144 ,ソフィＫｉｙｏｒａ贅沢吸収無香料６２枚,６２枚,20,11/15まで,-,-,-,-,-,-
4903111358274 ,ソフィＫｉｙｏｒａ贅沢吸収ホワイトフロ－ラル６２枚,６２枚,20,11/15まで,-,-,-,-,-,-
4903111358557 ,ソフィＫｉｙｏｒａ贅沢吸収天然コットン５２枚,５２枚,20,11/15まで,-,-,-,-,-,-
4903111359592 ,ソフィＫｉｙｏｒａ贅沢吸収天然Ｃ少し多い用４４枚,４４枚,20,11/15まで,-,-,-,-,-,-
4903111359622 ,ソフィＫｉｙｏｒａ贅沢吸収ホワイトフロ－ラル５２枚,５２枚,20,11/15まで,-,-,-,-,-,-
4903111363766 ,ソフィＫｉｙｏｒａホワイトリリー７２枚,７２枚,20,11/15まで,-,-,-,-,-,-
4903111363810 ,ソフィ贅沢吸収ホワイトリリーふつう用６２枚,６２枚,20,11/15まで,-,-,-,-,-,-
4903111364244 ,ソフィｋｉｙｏｒａフローラル＆シトラス７２枚,７２枚,20,11/15まで,-,-,-,-,-,-
4903111369126 ,ソフィＫｉｙｏｒａ金木犀７２枚,７２枚,20,11/15まで,-,-,-,-,-,-
4903111369331 ,ソフィ贅沢吸収金木犀ふつう用６２枚,６２枚,20,11/15まで,-,-,-,-,-,-
4903111369744 ,ソフィＫｉｙｏｒａラベンダーリラックス７２枚２１秋,７２枚,20,11/15まで,-,-,-,-,-,-
4903111371174 ,ソフィソフトタンポンスーパー３２個,３２個,20,11/15まで,-,-,-,-,-,-
4903111371259 ,ソフィソフトタンポンスーパープラス２５個,２５個,20,11/15まで,-,-,-,-,-,-
4903111375103 ,ソフィｋｉｙｏｒａグリーンフレッシュ７２枚,７２枚,20,11/15まで,-,-,-,-,-,-
4903111375592 ,ソフィＫｉｙｏｒａ無香料,７２枚,20,11/15まで,-,-,-,-,-,-
4903111375677 ,ソフィＫｉｙｏｒａやさしいローズ７２枚,７２枚,20,11/15まで,-,-,-,-,-,-
4903111381432 ,ソフィＫｉｙｏｒａプレミアムエレガントロ－ズ７２枚,７２枚,20,11/15まで,-,-,-,-,-,-
4903111381593 ,ＣＩコンパクトオーガニックサボン多い昼用２２枚,２２枚,20,11/15まで,-,-,-,-,-,-
4903111381753 ,ソフィＫｉｙｏｒａプレミアムオレンジフラワ－７２枚,７２枚,20,11/15まで,-,-,-,-,-,-
4903111382392 ,ソフィはだおもい特に多い昼用２６０羽つき２６枚,２６枚,20,11/15まで,-,-,-,-,-,-
4903111382897 ,ＣＩコンパクトオーガニックサボン特に多い昼用１６枚,１６枚,20,11/15まで,-,-,-,-,-,-
4903111382965 ,ソフィボディフィット羽なし３０枚×２,３０枚×２,20,11/15まで,-,-,-,-,-,-
4903111383146 ,ソフィボディフィット羽つき２２枚×２,２２枚×２,20,11/15まで,-,-,-,-,-,-
4903111383214 ,ソフィボディフィットナイトガ－ド１２枚×２,１２枚×２,20,11/15まで,-,-,-,-,-,-
4903111383399 ,ソフィボディフィットス－パ－ナイトガ－ド１０枚×２,１０枚×２,20,11/15まで,-,-,-,-,-,-
4903111383412 ,ソフィＫｉｙｏｒａ金木犀７２枚,７２枚,20,11/15まで,-,-,-,-,-,-
4903111384358 ,ソフィ贅沢吸収金木犀ふつう用６２枚,６２枚,20,11/15まで,-,-,-,-,-,-
4903111388196 ,ＭＫ限定ソフィＫｉｙｏｒａ無香料４２枚,４２枚,20,11/15まで,-,-,-,-,-,-
4903111388332 ,ＭＫ限定ソフィＫｉｙｏｒａフラワ－シャワ－４２枚,４２枚,20,11/15まで,-,-,-,-,-,-
4903111423002 ,ウェーブハンディワイパー本体,１本＋１枚,20,11/15まで,-,-,-,-,-,-
4903111423644 ,ウェーブハンディワイパー本体　ピンク,１本＋１枚,20,11/15まで,-,-,-,-,-,-
4903111423897 ,ウェーブハンディワイパーのびるタイプ本体＋２枚,１本＋２枚,20,11/15まで,-,-,-,-,-,-
4903111452477 ,ウェ－ブハンディ本体＋１枚ケ－ス付スリム白,１本＋１枚,20,11/15まで,-,-,-,-,-,-
4903111499786 ,ソフィクールフレッシュ超涼感おりものシート５０枚,５０枚,20,11/15まで,-,-,-,-,-,-
4903111512805 ,超快適スマートカラーパールホワイト７枚,７枚,20,11/15まで,-,-,-,-,-,-
4903111517732 ,超快適スマートカラーグレー,７枚,20,11/15まで,-,-,-,-,-,-
4903111517879 ,超快適スマートカラーピンク,７枚,20,11/15まで,-,-,-,-,-,-
4903111517909 ,超快適スマートカラーベージュ,７枚,20,11/15まで,-,-,-,-,-,-
4903111538539 ,超快適マスクプリーツタイプ　やや大きめ　７枚,７枚,20,11/15まで,-,-,-,-,-,-
4903111539864 ,超快適スマートカラー　ベージュ　大きめ,７枚,20,11/15まで,-,-,-,-,-,-
4903111540198 ,超快適スマートカラー　グレー　大きめ,７枚,20,11/15まで,-,-,-,-,-,-
4903111540211 ,超快適Ａｉｒｌｉｓｈ　Ｇｒａｙ,１０枚,20,11/15まで,-,-,-,-,-,-
4903111540327 ,超快適スマートカラー　パールホワイト　大きめ,７枚,20,11/15まで,-,-,-,-,-,-
4903111553808 ,超快適マスク息ムレクリアタイプブラックふつう５枚,５枚,20,11/15まで,-,-,-,-,-,-
4903111554287 ,超快適スマートカラー　ベージュ×テラコッタ,７枚,20,11/15まで,-,-,-,-,-,-
4903111555536 ,超快適スマートカラー　ベージュ×ショコラ,７枚,20,11/15まで,-,-,-,-,-,-
4903111557615 ,超快適マスク　涼感マイナス２℃　ふつうサイズ５枚,５枚,20,11/15まで,-,-,-,-,-,-
4903111564330 ,超快適スマートカラーベージュ×グレー,７枚,20,11/15まで,-,-,-,-,-,-
4903111564576 ,超快適スマートカラーホワイト×グレー,７枚,20,11/15まで,-,-,-,-,-,-
4903111564699 ,超快適スマートカラーピンク×グレー,７枚,20,11/15まで,-,-,-,-,-,-
4903111578979 ,超快適マスクプリーツタイプ小さめ７枚,７枚,20,11/15まで,-,-,-,-,-,-
4903111579648 ,超快適マスクプリーツタイプふつう７枚,７枚,20,11/15まで,-,-,-,-,-,-
4903111580019 ,超快適マスクプリーツタイプやや大きめ７枚,７枚,20,11/15まで,-,-,-,-,-,-
4903111580040 ,超快適マスクプリーツタイプ女性用ふつう７枚,７枚,20,11/15まで,-,-,-,-,-,-
4903111580590 ,超快適マスクプリーツタイプピンク小さめ７枚,７枚,20,11/15まで,-,-,-,-,-,-
4903111581313 ,超快適マスクプリーツタイプピンクふつう７枚,７枚,20,11/15まで,-,-,-,-,-,-
4903111582099 ,超快適マスク　プリーツタイプ　グレー　ふつう,７枚,20,11/15まで,-,-,-,-,-,-
4903111591459 ,超快適スマートカラー　ラベンダー×ココア,７枚,20,11/15まで,-,-,-,-,-,-
4903111613243 ,ソフィＫｉｙｏｒａ贅沢吸収金木犀ふつう用６２枚,６２枚,20,11/15まで,-,-,-,-,-,-
4903111668090 ,超快適スマートカラー　アイボリー×グリーン,７枚,20,11/15まで,-,-,-,-,-,-
4903111781690 ,ソフィクール涼感デリケートウェット８枚×２,８×２Ｐ,20,11/15まで,-,-,-,-,-,-
4903111807451 ,超快適スマートカラー　アイボリー×ブラウン,７枚,20,11/15まで,-,-,-,-,-,-
4903111898640 ,ＭＫＣＩコンパクトオーガニック無香特に多い昼用,１６枚,20,11/15まで,-,-,-,-,-,-
4903111901869 ,超立体マスク　小さめ　７枚,７枚,20,11/15まで,-,-,-,-,-,-
4903111901937 ,超立体マスク　ふつう　７枚,７枚,20,11/15まで,-,-,-,-,-,-
4903111902293 ,超立体マスク　大きめ　７枚,７枚,20,11/15まで,-,-,-,-,-,-
4903111940288 ,ウェーブハンディ本体＋１枚ケース付スリム白,１本＋１枚,20,11/15まで,-,-,-,-,-,-
4903111950164 ,超快適マスクプリ－ツタイプ小さめ７枚,７枚,20,11/15まで,-,-,-,-,-,-
4903111950232 ,超快適マスクプリ－ツタイプふつう７枚,７枚,20,11/15まで,-,-,-,-,-,-
4903111950485 ,超快適マスクプリ－ツタイプ女性用小さめ７枚,７枚,20,11/15まで,-,-,-,-,-,-
4903111956050 ,超快適スマートカラー　ベージュ×アプリコット,７枚,20,11/15まで,-,-,-,-,-,-
4903111988631 ,超快適スマートカラーＡＩＲ＆ＤＲＹ　シアーホワイト,６枚,20,11/15まで,-,-,-,-,-,-
4903301238997 ,ｈａｄａｋａｒａボディソープ　フローラル詰替,３６０ｍｌ,20,11/15まで,-,-,-,-,-,-
4903301239031 ,ｈａｄａｋａｒａボディソープ　リッチソープ詰替,３６０ｍｌ,20,11/15まで,-,-,-,-,-,-
4903301241546 ,クリニカアドバンテージデンタルリンス低刺激タイプ,４５０ｍｌ,20,11/15まで,-,-,-,-,-,-
4903301241553 ,クリニカアドバンテージデンタルリンス低刺激タイプ,９００ｍｌ,20,11/15まで,-,-,-,-,-,-
4903301241614 ,クリニカアドバンテージデンタルリンスすっきりタイプ,４５０ｍｌ,20,11/15まで,-,-,-,-,-,-
4903301241621 ,クリニカアドバンテージデンタルリンスすっきりタイプ,９００ｍｌ,20,11/15まで,-,-,-,-,-,-
4903301252955 ,ｈａｄａｋａｒａボディソープ　フローラル詰替増量,３９６ｍｌ,20,11/15まで,-,-,-,-,-,-
4903301252986 ,ｈａｄａｋａｒａボディソープ　フルーツ詰替増量,３９６ｍｌ,20,11/15まで,-,-,-,-,-,-
4903301252993 ,ｈａｄａｋａｒａボディソープ　リッチソープ詰替増量,３９６ｍｌ,20,11/15まで,-,-,-,-,-,-
4903301254706 ,クリニカクイックウォッシュ,４５０ｍｌ,20,11/15まで,-,-,-,-,-,-
4903301254737 ,ｈａｄａｋａｒａボディソープグリーンフルーティ替え,３４０ｍｌ,20,11/15まで,-,-,-,-,-,-
4903301261025 ,ライオン）クリニカフッ素メディカルコート２５０ｍｌ,２５０ｍｌ,20,11/15まで,-,-,-,-,-,-
4903301265023 ,ｈａｄａｋａｒａボディソープ　サラサラ詰替増量,３７４ｍｌ,20,11/15まで,-,-,-,-,-,-
4903301269090 ,ｈａｄａｋａｒａＢソープ詰替　アクアソープの香り,３４０ｍｌ,20,11/15まで,-,-,-,-,-,-
4903301269113 ,ｈａｄａｋａｒａボディソープ　アクアソープ詰替増量,３７４ｍｌ,20,11/15まで,-,-,-,-,-,-
4903301291343 ,ｈａｄａｋａｒａボディソープシトラス＆カシス替,３４０ｍｌ,20,11/15まで,-,-,-,-,-,-
4903301291350 ,ｈａｄａｋａｒａボディソープシトラス＆カシス替増量,３９６ｍｌ,20,11/15まで,-,-,-,-,-,-
4903301291923 ,ＮＯＮＩＯマウスウォッシュクリアハーブミント,１０００ｍｌ,20,11/15まで,-,-,-,-,-,-
4903301291947 ,ＮＯＮＩＯマウスウォッシュＮＡライトハーブミント,１０００ｍｌ,20,11/15まで,-,-,-,-,-,-
4903301301561 ,ｈａｄａｋａｒａボディソープ　クールフレッシュ詰替,３２０ｍｌ,20,11/15まで,-,-,-,-,-,-
4903301304654 ,ｈａｄａｋａｒａ詰替増量品２個パック　フローラル,３９６ｍｌ×２個,20,11/15まで,-,-,-,-,-,-
4903301304753 ,ｈａｄａｋａｒａ詰替増量品２個パック　グリーン,３７４ｍｌ×２個,20,11/15まで,-,-,-,-,-,-
4903301311898 ,ｈａｄａｋａｒａボディソープ　オイルインタイプ詰替,３４０ｍｌ,20,11/15まで,-,-,-,-,-,-
4903301312321 ,ｈａｄａｋａｒａボディソープ　オイルイン詰替増量,３７４ｍｌ,20,11/15まで,-,-,-,-,-,-
4903301321903 ,ｈａｄａｋａｒａ詰替増量品２個パックオイルイン,３７４ｍｌ×２個,20,11/15まで,-,-,-,-,-,-
4903301326472 ,ｈａｄａｋａｒａ　薬用デオドラントボディソープ詰替,３６０ｍｌ,20,11/15まで,-,-,-,-,-,-
4903301326861 ,ＮＯＮＩＯプラスホワイトニングデンタルリンス,１０００ｍｌ,20,11/15まで,-,-,-,-,-,-
4903301332602 ,ＮＯＮＩＯリンスクリアハーブミント詰替用,９５０ｍｌ,20,11/15まで,-,-,-,-,-,-
4903301332626 ,ＮＯＮＩＯリンスライトハーブミント詰替用,９５０ｍｌ,20,11/15まで,-,-,-,-,-,-
4903301332725 ,ＮＯＮＩＯリンススプラッシュシトラスミント詰替用,９５０ｍｌ,20,11/15まで,-,-,-,-,-,-
4903301332732 ,ＮＯＮＩＯプラスホワイトニング　デンタルリンス替え,９５０ｍｌ,20,11/15まで,-,-,-,-,-,-
4903301332763 ,ＮＯＮＩＯリンスクリアハーブミント詰替増量,１２００ｍｌ,20,11/15まで,-,-,-,-,-,-
4903301332787 ,ＮＯＮＩＯリンスライトハーブミント詰替増量,１２００ｍｌ,20,11/15まで,-,-,-,-,-,-
4903301332831 ,ＮＯＮＩＯリンススプラッシュシトラスミント詰替増量,１２００ｍｌ,20,11/15まで,-,-,-,-,-,-
4903301332893 ,ＮＯＮＩＯプラスホワイトニングリンス詰替増量,１２００ｍｌ,20,11/15まで,-,-,-,-,-,-
4903301336372 ,ＮＯＮＩＯリンスクリアハーブミント本体＋詰替え用,６００ｍｌ＋９５０ｍｌ,20,11/15まで,-,-,-,-,-,-
4903301336396 ,ＮＯＮＩＯリンスライトハーブミント本体＋詰替え用,６００ｍｌ＋９５０ｍｌ,20,11/15まで,-,-,-,-,-,-
4903301336402 ,ＮＯＮＩＯリンスシトラスミント本体＋詰替え用,６００ｍｌ＋９５０ｍｌ,20,11/15まで,-,-,-,-,-,-
4903301341499 ,ＮＯＮＩＯプラスＷデンタルＲ６００ｍｌ＋詰替え,６００ｍｌ＋９５０ｍｌ,20,11/15まで,-,-,-,-,-,-
4903301347712 ,リードクッキングペーパー　ダブル,７６枚,20,11/15まで,-,-,-,-,-,-
4903301375272 ,ルックプラストイレクレンジングクールシトラス本体,３００ｍｌ,20,11/15まで,-,-,-,-,-,-
4903301375296 ,ルックプラストイレクレンジングミンティ本体,３００ｍｌ,20,11/15まで,-,-,-,-,-,-
4903333205400 ,ハロウィンパイの実シェアパック,１２４ｇ,20,11/15まで,-,-,-,-,-,-
4903333208784 ,コアラのマーチシェアパック,９６ｇ,20,11/15まで,-,-,-,-,-,-
4903333221356 ,ガーナ＆クランキーシェアパック,１０５ｇ,20,11/15まで,-,-,-,-,-,-
4903333225446 ,ハーシーチョコケーキ＜抹茶＞,６個,20,11/15まで,-,-,-,-,-,-
4903333229208 ,チョコを味わうパイの実シェアパック深みショコラ,１２４ｇ,20,11/15まで,-,-,-,-,-,-
4903333229666 ,カカオの恵み７２％シェアパック,１０３ｇ,20,11/15まで,-,-,-,-,-,-
4903333231775 ,パイの実シェアパック＜宇治抹茶＞,１２４ｇ,20,11/15まで,-,-,-,-,-,-
4903333238118 ,ザクザクやみつきクランキーシェアパック,１２３ｇ,20,11/15まで,-,-,-,-,-,-
4903333239214 ,カスタードケーキ,６個,20,11/15まで,-,-,-,-,-,-
4903333239535 ,ＬＡＴＴＥ　ＭＩＬＫ,１３５ｇ,20,11/15まで,-,-,-,-,-,-
4903333251612 ,ハロウィンチョコパイパーティーパック,９個,20,11/15まで,-,-,-,-,-,-
4903333254859 ,カスタードケーキパーティーパック,９個,20,11/15まで,-,-,-,-,-,-
4903333264230 ,チョコパイパーティーパック,９個,20,11/15まで,-,-,-,-,-,-
4903333268832 ,ハロウィンコアラのマーチシェアパック,９６個,20,11/15まで,-,-,-,-,-,-
4903333270378 ,トッポ袋,７袋,20,11/15まで,-,-,-,-,-,-
4903333275465 ,クランキー３種アソートパック,９８ｇ,20,11/15まで,-,-,-,-,-,-
4903333278275 ,ザクザクやみつきクランキースナックインシェアパック,１１６ｇ,20,11/15まで,-,-,-,-,-,-
4903333284443 ,パイの実シェアパック,１２４ｇ,20,11/15まで,-,-,-,-,-,-
4903333298617 ,ゼロチョコレート袋,８４ｇ,20,11/15まで,-,-,-,-,-,-
4903333298853 ,チョコパイ,６個,20,11/15まで,-,-,-,-,-,-
4903588144004 ,素材そのまま　完全無添加　３ヶ月から蒸しササミ,４５ｇ,20,11/15まで,-,-,-,-,-,-
4903588144011 ,素材そのまま　完全無添加　３ヶ月から蒸しなんこつ,３５ｇ,20,11/15まで,-,-,-,-,-,-
4903588144028 ,素材そのまま　完全無添加　３ヶ月から蒸しレバー,４５ｇ,20,11/15まで,-,-,-,-,-,-
4903588144035 ,素材そのままねこ　完全無添加　３ヶ月から蒸しマグロ,２５ｇ,20,11/15まで,-,-,-,-,-,-
4903588144042 ,素材そのままねこ　完全無添加　３ヶ月から蒸しカツオ,２５ｇ,20,11/15まで,-,-,-,-,-,-
4903588144059 ,素材そのままねこ完全無添加３ヶ月から蒸しササミ,４５ｇ,20,11/15まで,-,-,-,-,-,-
4903588147029 ,素材そのまま　フリーズドライ　ねこ草＆まぐろ,１２ｇ,20,11/15まで,-,-,-,-,-,-
4904740532363 ,ＭＫ　柿渋石けん　３Ｐ,８０ｇ×３,20,11/15まで,-,-,-,-,-,-
4951418000303 ,ｍｋ　味付けのり卓上　８０枚,１０切８０枚,20,11/15まで,-,-,-,-,-,-
4957434010876 ,ｍｋ　メガネクリーナーくもり止めつきＳ２０包,２０包,20,11/15まで,-,-,-,-,-,-
4957584004701 ,ｍｋ　滅菌パッドＳ,１２枚,20,11/15まで,-,-,-,-,-,-
4957584004718 ,ｍｋ　滅菌パッドＭ,１０枚,20,11/15まで,-,-,-,-,-,-
4957584004725 ,ｍｋ　滅菌パッドＬ,７枚,20,11/15まで,-,-,-,-,-,-
4957584004824 ,ｍｋ　不織布テープ　２５ｍｍ幅×９ｍ巻,１個,20,11/15まで,-,-,-,-,-,-
4957584004831 ,ｍｋ　プラスチックテープ　１２ｍｍ幅×７ｍ巻,１個,20,11/15まで,-,-,-,-,-,-
4957584004848 ,ｍｋ　プラスチックテープ　２５ｍｍ幅×７ｍ巻,１個,20,11/15まで,-,-,-,-,-,-
4957584004947 ,ｍｋ　滅菌パッドＬＬ,３枚,20,11/15まで,-,-,-,-,-,-
4957584005128 ,ｍｋ　やさしく剥がせる不織布テープ２５×７,２５×７,20,11/15まで,-,-,-,-,-,-
4960085001414 ,ｍｋ　キズテープ　アクリノール,１００枚,20,11/15まで,-,-,-,-,-,-
4960085211325 ,ｍｋ　キズテープ　防水,７２枚,20,11/15まで,-,-,-,-,-,-
4960085213411 ,ｍｋ　キズテープ,１００枚,20,11/15まで,-,-,-,-,-,-
4960085265717 ,ｍｋ　キズテープ　２サイズ,１００枚,20,11/15まで,-,-,-,-,-,-
4960085715007 ,ｍｋ　おやすみテープミント,３０枚,20,11/15まで,-,-,-,-,-,-
4960085715106 ,ｍｋ　おやすみテープゼラニウム,３０枚,20,11/15まで,-,-,-,-,-,-
4960085715205 ,ｍｋ　おやすみテープベルガモット,３０枚,20,11/15まで,-,-,-,-,-,-
4960085715304 ,ｍｋ　おやすみテープ無香料,３０枚,20,11/15まで,-,-,-,-,-,-
4960085990404 ,ｍｋ　超薄型ハイドロコロイドパッチ　顔用１４枚,顔用１４枚,20,11/15まで,-,-,-,-,-,-
4960085990435 ,ｍｋ　超薄型ハイドロコロイド　指先用６枚,６枚,20,11/15まで,-,-,-,-,-,-
4960085990459 ,ｍｋ　超薄型ハイドロコロイド　指用１０枚,１０枚,20,11/15まで,-,-,-,-,-,-
4960085990466 ,ｍｋ　超薄型ハイドロコロイド　マルチフィット,１０枚,20,11/15まで,-,-,-,-,-,-
4960085990497 ,ｍｋ　超薄型ハイドロコロイドパッチ　顔用Ｓサイズ,１８枚,20,11/15まで,-,-,-,-,-,-
4973321943485 ,ＡＩＭ３０　カリッとトリーツ　フィッシュ味,２５ｇ,20,11/15まで,-,-,-,-,-,-
4973321943515 ,ＡＩＭ３０　カリッとトリーツ　シーフード味,２５ｇ,20,11/15まで,-,-,-,-,-,-
4973321943539 ,ＡＩＭ３０　カリッとトリーツ　ミックス味,２５ｇ,20,11/15まで,-,-,-,-,-,-
4973321945182 ,ＡＩＭ３０　カリッとトリーツ　マグロ味　総合栄養食,２５ｇ,20,11/15まで,-,-,-,-,-,-
4973321945199 ,ＡＩＭ３０　カリッとトリーツ　チキン味　総合栄養食,２５ｇ,20,11/15まで,-,-,-,-,-,-
4973321945205 ,ＡＩＭ３０　カリッとトリーツ　マグロ＆カツオ味,２５ｇ,20,11/15まで,-,-,-,-,-,-
4973321945236 ,ＡＩＭ３０　カリッとトリーツ　チキン＆カニ味,２５ｇ,20,11/15まで,-,-,-,-,-,-
4973321945472 ,ＡＩＭ３０　マグロのスライス,３０ｇ,20,11/15まで,-,-,-,-,-,-
4973321945489 ,ＡＩＭ３０　毛玉ケアジャーキー,３０ｇ,20,11/15まで,-,-,-,-,-,-
4973560073875 ,ｍｋ　目まわり専用清浄綿３２包,３２包,20,11/15まで,-,-,-,-,-,-
4976558006909 ,ｍｋ　抗菌綿棒３００本,３００本,20,11/15まで,-,-,-,-,-,-
4976558006930 ,ｍｋ　抗菌スパイラル綿棒,２２０本,20,11/15まで,-,-,-,-,-,-
4976558006954 ,ｍｋ　抗菌ブラック綿棒,２００本,20,11/15まで,-,-,-,-,-,-
4976558007364 ,ｍｋ　ウエットティシュー除菌アルコールタイプ,１０枚×５個入,20,11/15まで,-,-,-,-,-,-
4976558007371 ,ｍｋ　ウエットティシュー除菌ノンアルコールタイプ,１０枚×５個入,20,11/15まで,-,-,-,-,-,-
4976558008095 ,ｍｋ　１／２の化粧水でしっかりうるおうコットン,５２枚,20,11/15まで,-,-,-,-,-,-
4976861008065 ,ｍｋ　ふた付きレンジ＆冷蔵庫クリーナー,８０枚,20,11/15まで,-,-,-,-,-,-
4976861008072 ,ｍｋ　ふた付きＩＨ＆ガスコンロクリーナー,８０枚,20,11/15まで,-,-,-,-,-,-
4976861008089 ,ｍｋ　ふた付きリビング＆食卓クリーナー,８０枚,20,11/15まで,-,-,-,-,-,-
4979654029261 ,山本漢方　ＭＥＮ　からだグミ,３２粒,20,11/15まで,-,-,-,-,-,-
4979654029278 ,山本漢方　ＷＯＭＥＮ　からだグミ,３２粒,20,11/15まで,-,-,-,-,-,-
4987035338727 ,大塚　ポカリスエット　パウダー,１Ｌ用×５袋,20,11/15まで,-,-,-,-,-,-
4987045000126 ,クラシエ薬品　新ワカ末プラスＡ錠,６０錠,20,11/15まで,-,-,-,-,-,-
4987045042119 ,クラシエ薬品　芍薬甘草湯エキス顆粒,１２包,20,11/15まで,-,-,-,-,-,-
4987067325306 ,三次元マスク　ふつうＭサイズ７枚（Ｎ）,７枚,20,11/15まで,-,-,-,-,-,-
4987067325405 ,三次元マスク　すこし小さめＭＳサイズ７枚　－３－,７枚,20,11/15まで,-,-,-,-,-,-
4987067325504 ,三次元マスク　小さめＳサイズピンク７枚（Ｎ）,７枚,20,11/15まで,-,-,-,-,-,-
4987067407804 ,三次元マスク　ふつうＳサイズピンク７枚,７枚,20,11/15まで,-,-,-,-,-,-
4987072025581 ,やわらか歯間ブラシＳＳＳ－Ｓ,２０本,20,11/15まで,-,-,-,-,-,-
4987072029022 ,香るかんたん洗浄丸ピーチの香り,１２錠,20,11/15まで,-,-,-,-,-,-
4987072037010 ,香るかんたん洗浄丸シトラス,１２錠,20,11/15まで,-,-,-,-,-,-
4987072038475 ,Ｓａｗａｄａｙ香るＳｔｉｃｋ　パルファムノアール,７０ｍｌ,20,11/15まで,-,-,-,-,-,-
4987072038482 ,Ｓａｗａｄａｙ香るＳｔｉｃｋ　パルファムブラン,７０ｍｌ,20,11/15まで,-,-,-,-,-,-
4987072041888 ,Ｓａｗａｄａｙ香るＳｔｉｃｋ　パルファムギュールズ,７０ｍｌ,20,11/15まで,-,-,-,-,-,-
4987072044636 ,Ｓａｗａｄａｙ香るＳｔｉｃｋ　パルファムＳピンク,７０ｍｌ,20,11/15まで,-,-,-,-,-,-
4987072044995 ,やわらか歯間ブラシＬ字ＳＳ－Ｍサイズ,１６本,20,11/15まで,-,-,-,-,-,-
4987072048979 ,トイレの消臭元スプレー　パルファムノアール,２８０ｍｌ,20,11/15まで,-,-,-,-,-,-
4987072049051 ,トイレの消臭元スプレー　パルファムブラン,２８０ｍｌ,20,11/15まで,-,-,-,-,-,-
4987072051290 ,やわらか歯間ブラシＳＳＳＳ－ＳＳ,２０本,20,11/15まで,-,-,-,-,-,-
4987072051955 ,Ｓａｗａｄａｙクルマ用クリップＰノアール２Ｐ,６ｍｌ×２,20,11/15まで,-,-,-,-,-,-
4987072051962 ,Ｓａｗａｄａｙクルマ用クリップＰブラン２Ｐ,６ｍｌ×２,20,11/15まで,-,-,-,-,-,-
4987072052495 ,Ｓａｗａｄａｙ香るＳｔｉｃｋ　パルファムグリ,７０ｍｌ,20,11/15まで,-,-,-,-,-,-
4987072054741 ,Ｓａｗａｄａｙクルマ用クリップＰロゼ２Ｐ,６ｍｌ×２,20,11/15まで,-,-,-,-,-,-
4987072055083 ,無香空間ほのかなせっけん３１５ｇ,３１５ｇ,20,11/15まで,-,-,-,-,-,-
4987072056615 ,Ｓａｗａｄａｙ香るＳｔｉｃｋ北欧レモンリーフ,７０ｍｌ,20,11/15まで,-,-,-,-,-,-
4987072056622 ,Ｓａｗａｄａｙ香るＳｔｉｃｋ北欧リラクシングウッド,７０ｍｌ,20,11/15まで,-,-,-,-,-,-
4987072058343 ,香るＳｔｉｃｋＳＡＶＯＮ　ＷｈｉｔｉｓｈＳａｖｏｎ,７０ｍｌ,20,11/15まで,-,-,-,-,-,-
4987072058350 ,香るＳｔｉｃｋＳＡＶＯＮ　ＣｌｅａｎＳａｖｏｎ,７０ｍｌ,20,11/15まで,-,-,-,-,-,-
4987072060001 ,香るＳｔｉｃｋフルーツ　オレンジ＆ベルガモット,７０ｍｌ,20,11/15まで,-,-,-,-,-,-
4987072060032 ,香るＳｔｉｃｋフルーツ　レモン＆ヴァーベナ,７０ｍｌ,20,11/15まで,-,-,-,-,-,-
4987072060063 ,Ｓａｗａｄａｙ香るＳｔｉｃｋ北欧クリーンハーブ,７０ｍｌ,20,11/15まで,-,-,-,-,-,-
4987072060100 ,やわらか歯間ブラシＬ字型カーブＳＳＳ－Ｓサイズ,２０本入,20,11/15まで,-,-,-,-,-,-
4987072060407 ,香るＳｔｉｃｋヒーリングストーンピュアサボン,７０ｍｌ,20,11/15まで,-,-,-,-,-,-
4987072060414 ,香るＳｔｉｃｋヒーリングストーンローズ,７０ｍｌ,20,11/15まで,-,-,-,-,-,-
4987072063729 ,かんたん洗浄丸小粒タイプ,６錠×８,20,11/15まで,-,-,-,-,-,-
4987072071298 ,ＤＥＮＴＡＲＵ　Ｄｒ．やわらか歯間ブラシ,２０本,20,11/15まで,-,-,-,-,-,-
4987072071892 ,ＤｅｎｔａｌＤｒ．マイクロ歯間ブラシ,１５本入り,20,11/15まで,-,-,-,-,-,-
4987072073469 ,無香空間,３１５ｇ,20,11/15まで,-,-,-,-,-,-
4987072073988 ,食器洗い機洗浄中,２包,20,11/15まで,-,-,-,-,-,-
4987072082041 ,やわらか歯間ブラシＭ－ＬＬサイズ,２０本,20,11/15まで,-,-,-,-,-,-
4987072084441 ,香るＳｔｉｃｋＳＡＶＯＮ　ＣｌｅａｒＦｌｏｒａｌ,７０ｍｌ,20,11/15まで,-,-,-,-,-,-
4987072085769 ,消臭元パルファムノアール　玄関用,６ｍｌ,20,11/15まで,-,-,-,-,-,-
4987072085776 ,消臭元パルファムブラン　玄関用,６ｍｌ,20,11/15まで,-,-,-,-,-,-
4987072085851 ,香るＳｔｉｃｋおそとのかおりすっきりとした深い森,７０ｍｌ,20,11/15まで,-,-,-,-,-,-
4987072085868 ,香るＳｔｉｃｋおそとのかおりひだまりの庭,７０ｍｌ,20,11/15まで,-,-,-,-,-,-
4987072086025 ,トイレの消臭元スプレーＰスパークリングピンク,２８０ｍｌ,20,11/15まで,-,-,-,-,-,-
4987072086483 ,Ｓａｗａｄａｙ香るＳｔｉｃｋパルファムキンモクセイ,７０ｍｌ,20,11/15まで,-,-,-,-,-,-
4987072087367 ,消臭元パルファムスパークリングピンク　玄関用,６ｍｌ,20,11/15まで,-,-,-,-,-,-
4987072087534 ,消臭元ＳＡＶＯＮ　洗濯したてふんわりＦソープ,４００ｍｌ,20,11/15まで,-,-,-,-,-,-
4987072087541 ,消臭元ＳＡＶＯＮ　シャンプーしたてＢソープ,４００ｍｌ,20,11/15まで,-,-,-,-,-,-
4987072087558 ,消臭元ＳＡＶＯＮ　洗いあがりすっきりＣソープ,４００ｍｌ,20,11/15まで,-,-,-,-,-,-
4987072087923 ,Ｓａｗａｄａｙクルマ用クリップＰＷムスク２Ｐ,６ｍｌ×２,20,11/15まで,-,-,-,-,-,-
4987072087978 ,香るＳｔｉｃｋフルーツ　マスカット＆リーフ,７０ｍｌ,20,11/15まで,-,-,-,-,-,-
4987072088791 ,香るＳｔｉｃｋＴｈｅＴＥＡストレートティ,７０ｍｌ,20,11/15まで,-,-,-,-,-,-
4987072089392 ,Ｓａｗａｄａｙ香るＳｔｉｃｋパルファムシャルドネ,７０ｍｌ,20,11/15まで,-,-,-,-,-,-
4987072089552 ,香るＳｔｉｃｋＴｈｅＴＥＡアールグレイ,７０ｍｌ,20,11/15まで,-,-,-,-,-,-
4987072089798 ,Ｓａｗａｄａｙ香るＳｔｉｃｋパルファムゆず,７０ｍｌ,20,11/15まで,-,-,-,-,-,-
4987072092071 ,Ｓａｗａｄａｙ香るＳｔｉｃｋパルファムミモザ,７０ｍｌ,20,11/15まで,-,-,-,-,-,-
4987072093238 ,トイレの消臭元スプレーＰキンモクセイ,２８０ｍｌ,20,11/15まで,-,-,-,-,-,-
4987072093252 ,消臭元寝室用　ドリーミングアロマ,５．８ｍｌ,20,11/15まで,-,-,-,-,-,-
4987072093269 ,消臭元寝室用　コンフォートリネン,５．８ｍｌ,20,11/15まで,-,-,-,-,-,-
4987072093276 ,消臭元ペット用　ウォータリーヴァーベナ,６．２ｍｌ,20,11/15まで,-,-,-,-,-,-
4987072093689 ,消臭元パルファムホワイトムスク　玄関用,６ｍｌ,20,11/15まで,-,-,-,-,-,-
4987072094242 ,ＳａｗａｄａｙＬａＢｏｕｑｕｅｔガーデン,７０ｍｌ,20,11/15まで,-,-,-,-,-,-
4987072094259 ,ＳａｗａｄａｙＬａＢｏｕｑｕｅｔローズ,７０ｍｌ,20,11/15まで,-,-,-,-,-,-
4987072094266 ,ＳａｗａｄａｙＬａＢｏｕｑｕｅｔフローラル,７０ｍｌ,20,11/15まで,-,-,-,-,-,-
4987072095829 ,Ｓａｗａｄａｙ香るＳｔｉｃｋパルファムフィグ,７０ｍｌ,20,11/15まで,-,-,-,-,-,-
4987072095881 ,Ｓａｗａｄａｙクルマ専用クリップＰキンモクセイ２Ｐ,６ｍｌ×２,20,11/15まで,-,-,-,-,-,-
4987072096055 ,クルマの消臭元ＳＡＶＯＮクリップ　ブルーソープ２Ｐ,６ｍｌ×２,20,11/15まで,-,-,-,-,-,-
4987072096260 ,クルマの消臭元ＳＡＶＯＮクリップ　フローラル２Ｐ,６ｍｌ×２,20,11/15まで,-,-,-,-,-,-
4987072096697 ,消臭元ＳＡＶＯＮ　ホワイトラベンダーリネン,４００ｍｌ,20,11/15まで,-,-,-,-,-,-
4987072096710 ,消臭元ＳＡＶＯＮ　シルキーアプリコットジャスミン,４００ｍｌ,20,11/15まで,-,-,-,-,-,-
4987072096765 ,消臭元ＳＡＶＯＮスプレーシャンプーしたてＢソープ,２８０ｍｌ,20,11/15まで,-,-,-,-,-,-
4987072096772 ,消臭元ＳＡＶＯＮスプレー洗濯したてふんわりＦソープ,２８０ｍｌ,20,11/15まで,-,-,-,-,-,-
4987072097243 ,Ｓａｗａｄａｙ香るＳｔｉｃｋパルファムＷムスク,７０ｍｌ,20,11/15まで,-,-,-,-,-,-
4987072098165 ,ＭＫ　Ｓａｗａｄａｙ香るＳｔｉｃｋパルファムローズ,７０ｍｌ,20,11/15まで,-,-,-,-,-,-
4987072098813 ,無香空間　無香料３１５ｇ,３１５ｇ,20,11/15まで,-,-,-,-,-,-
4987072098820 ,無香空間ほのかなせっけん３１５ｇ,３１５ｇ,20,11/15まで,-,-,-,-,-,-
4987072099216 ,Ｓａｗａｄａｙ香るＳｔｉｃｋパルファム　ネモフィラ,７０ｍｌ,20,11/15まで,-,-,-,-,-,-
4987072100295 ,Ｓａｗａｄａｙ香るＳｔｉｃｋパルファムギンモクセイ,７０ｍｌ,20,11/15まで,-,-,-,-,-,-
4987072100387 ,消臭元パルファムノアール,４００ｍｌ,20,11/15まで,-,-,-,-,-,-
4987072100523 ,消臭元パルファムブラン,４００ｍｌ,20,11/15まで,-,-,-,-,-,-
4987072100547 ,消臭元パルファムスパークリングピンク,４００ｍｌ,20,11/15まで,-,-,-,-,-,-
4987072100554 ,消臭元パルファムピュアホワイトティー,４００ｍｌ,20,11/15まで,-,-,-,-,-,-
4987072100561 ,消臭元パルファムエアリーミュゲ,４００ｍｌ,20,11/15まで,-,-,-,-,-,-
4987072100578 ,消臭元パルファムグリーンシトラス,４００ｍｌ,20,11/15まで,-,-,-,-,-,-
4987072100585 ,消臭元パルファムフェアリーシャボン,４００ｍｌ,20,11/15まで,-,-,-,-,-,-
4987072100592 ,消臭元パルファムホワイトムスク,４００ｍｌ,20,11/15まで,-,-,-,-,-,-
4987072100608 ,消臭元パルファムキンモクセイ,４００ｍｌ,20,11/15まで,-,-,-,-,-,-
4987072101582 ,消臭元ＳＡＶＯＮ　心はなやぐ優雅なホワイトソープ,４００ｍｌ,20,11/15まで,-,-,-,-,-,-
4987072101612 ,Ｓａｗａｄａｙ香るＳｔｉｃｋ　ウッディ,７０ｍｌ,20,11/15まで,-,-,-,-,-,-
4987072101773 ,消臭元パルファム紫陽花,４００ｍｌ,20,11/15まで,-,-,-,-,-,-
4987072101780 ,消臭元パルファムネモフィラ,４００ｍｌ,20,11/15まで,-,-,-,-,-,-
4987072101957 ,ＭＫ　無香空間　無香料３１５ｇ,３１５ｇ,20,11/15まで,-,-,-,-,-,-
4987072101988 ,消臭元パルファムクールモヒート,４００ｍｌ,20,11/15まで,-,-,-,-,-,-
4987072102138 ,消臭元パルファムギンモクセイ,４００ｍｌ,20,11/15まで,-,-,-,-,-,-
4987072102183 ,Ｓａｗａｄａｙ香るＳｔｉｃｋパルファムギンモクセイ,７０ｍｌ,20,11/15まで,-,-,-,-,-,-
4987072124901 ,小林　かんたん洗浄丸,１２錠入り,20,11/15まで,-,-,-,-,-,-
4987115105867 ,蚊がいなくなるスプレーＶ　２００回無香料,４５ｍｌ,20,11/15まで,-,-,-,-,-,-
4987115250031 ,シンカトリ　１２０日本体セット,１セット,20,11/15まで,-,-,-,-,-,-
4987115351202 ,アリがいなくなるコンバット,１２個,20,11/15まで,-,-,-,-,-,-
4987115521469 ,コバエがいなくなるスプレー８０回用,２０ｍＬ,20,11/15まで,-,-,-,-,-,-
4987115521575 ,クモの巣阻止キンチョールジェット　４５０ｍｌ,４５０ｍｌ,20,11/15まで,-,-,-,-,-,-
4987115521605 ,イヤな虫ムエンダー６０プッシュ,３０ｍｌ,20,11/15まで,-,-,-,-,-,-
4987115521612 ,イヤな虫ムエンダー６０プッシュＮ,３０ｍｌ,20,11/15まで,-,-,-,-,-,-
4987115521728 ,イヤな虫キンチョールＶ　４５０ｍＬ,４５０ｍｌ,20,11/15まで,-,-,-,-,-,-
4987115522220 ,ダニがいなくなるスプレーＶ,３００ｍｌ,20,11/15まで,-,-,-,-,-,-
4987176066022 ,レノアオードリュクスマインドフルスリープつめかえ,４１０ｍＬ,20,11/15まで,-,-,-,-,-,-
4987176066305 ,レノアハピネス夢ふわタッチアンティークローズ詰替,４００ｍｌ,20,11/15まで,-,-,-,-,-,-
4987176066329 ,レノアハピネス夢ふわタッチヴェッルベットＢ詰替,４００ｍｌ,20,11/15まで,-,-,-,-,-,-
4987176066343 ,レノアハピネス夢ふわタッチパステルフローラル詰替,４００ｍｌ,20,11/15まで,-,-,-,-,-,-
4987176066374 ,レノアハピネス夢ふわタッチホワイトティーの香り詰替,４００ｍｌ,20,11/15まで,-,-,-,-,-,-
4987176118172 ,除菌ジョイ　逆さボトル,２９０ｍｌ,20,11/15まで,-,-,-,-,-,-
4987176118226 ,除菌ジョイ　シトラスオレンジの香り　逆さボトル,２９０ｍｌ,20,11/15まで,-,-,-,-,-,-
4987176118240 ,除菌ジョイ　スパークリングレモンの香り逆さボトル,２９０ｍｌ,20,11/15まで,-,-,-,-,-,-
4987176118295 ,除菌ジョイ　緑茶の香り逆さボトル,２９０ｍｌ,20,11/15まで,-,-,-,-,-,-
4987176118363 ,除菌ジョイＷ消臭　フレッシュクリーン　逆さボトル,２９０ｍｌ,20,11/15まで,-,-,-,-,-,-
4987176118387 ,除菌ジョイ　グレープフルーツの香り　逆さボトル,２９０ｍｌ,20,11/15まで,-,-,-,-,-,-
4987176126924 ,レノアハピネス夢ふわタッチＮザクロ＆フローラル詰替,４００ｍｌ,20,11/15まで,-,-,-,-,-,-
4987176127204 ,レノアハピネス夢ふわタッチシトラス＆ヴァーベナ詰替,４００ｍｌ,20,11/15まで,-,-,-,-,-,-
4987176127211 ,レノアハピネス夢ふわタッチシトラス＆ヴァーベナ特大,８１０ｍｌ,20,11/15まで,-,-,-,-,-,-
4987176131799 ,ボールドジェルアロマティックＦ＆サボン詰替超特大,９４５ｇ,20,11/15まで,-,-,-,-,-,-
4987176131836 ,ボールドジェルフレッシュサボン詰替超特大,９４５ｇ,20,11/15まで,-,-,-,-,-,-
4987176140531 ,ファブリーズＷ除菌お花の香り詰替,３２０ｍｌ,20,11/15まで,-,-,-,-,-,-
4987176140548 ,ファブリーズＷ除菌お花の香り本体,３７０ｍｌ,20,11/15まで,-,-,-,-,-,-
4987176140555 ,ファブリーズＷ除菌お花の香り特大,６４０ｍｌ,20,11/15まで,-,-,-,-,-,-
4987176141521 ,ファブリーズＷ除菌本体,３７０ｍｌ,20,11/15まで,-,-,-,-,-,-
4987176141538 ,ファブリーズＷ除菌無香料アルコール,３７０ｍｌ,20,11/15まで,-,-,-,-,-,-
4987176162236 ,ファブリーズ速乾ジェットお洗濯の香りつめかえ特大,６４０ｍｌ,20,11/15まで,-,-,-,-,-,-
4987176162243 ,ファブリーズ速乾ジェットお洗濯の香り本体,３２０ｍｌ,20,11/15まで,-,-,-,-,-,-
4987176162274 ,ファブリーズ速乾ジェットお洗濯の香りつめかえ,３２０ｍｌ,20,11/15まで,-,-,-,-,-,-
4987176162885 ,ファブリーズ速乾ジェットおひさまの香り本体,３２０ｍｌ,20,11/15まで,-,-,-,-,-,-
4987176162908 ,ファブリーズ速乾ジェットおひさまの香りつめかえ特大,６４０ｍｌ,20,11/15まで,-,-,-,-,-,-
4987176162915 ,ファブリーズ速乾ジェットおひさまの香りつめかえ,３２０ｍｌ,20,11/15まで,-,-,-,-,-,-
4987176167590 ,レノア超消臭１ｗｅｅｋフレッシュグリーン詰替,３８０ｍｌ,20,11/15まで,-,-,-,-,-,-
4987176167613 ,レノア超消臭１ｗｅｅｋフローラルフルーティーＳ詰替,３８０ｍｌ,20,11/15まで,-,-,-,-,-,-
4987176167620 ,レノア超消臭１ｗｅｅｋシトラス詰替,３８０ｍｌ,20,11/15まで,-,-,-,-,-,-
4987176167644 ,レノア超消臭１ｗｅｅｋスポーツＸシトラスブルー詰替,３８０ｍｌ,20,11/15まで,-,-,-,-,-,-
4987176167668 ,レノア超消臭１ｗｅｅｋ部屋干し詰替,３８０ｍｌ,20,11/15まで,-,-,-,-,-,-
4987176167699 ,レノア超消臭１Ｗやさしく香るフレッシュソープ詰替,３８０ｍｌ,20,11/15まで,-,-,-,-,-,-
4987176182531 ,さらさ洗剤ジェルつめかえ超ジャンボ,１６８０ｇ,20,11/15まで,-,-,-,-,-,-
4987176182586 ,さらさ洗剤ジェル本体,６７０ｇ,20,11/15まで,-,-,-,-,-,-
4987176184559 ,さらさ柔軟剤つめかえ超特大サイズ,７９０ｍｌ,20,11/15まで,-,-,-,-,-,-
4987176184580 ,さらさ柔軟剤つめかえ超ジャンボサイズ,１３５０ｍｌ,20,11/15まで,-,-,-,-,-,-
4987176184597 ,さらさ柔軟剤本体,５３０ｍｌ,20,11/15まで,-,-,-,-,-,-
4987176190451 ,ボールドジェルプレミアムブロッサム詰替超特大,７８０ｇ,20,11/15まで,-,-,-,-,-,-
4987176190512 ,ボールドジェルフレッシュフラワーサボン詰替超特大,７８０ｇ,20,11/15まで,-,-,-,-,-,-
4987176192615 ,レノアハピネス夢ふわタッチホワイトティー詰替特大,７５０ｍＬ,20,11/15まで,-,-,-,-,-,-
4987176192677 ,レノアハピネス夢ふわタッチホワイトティーの香り詰替,３７０ｍＬ,20,11/15まで,-,-,-,-,-,-
4987176192691 ,レノアハピネス夢ふわタッチヴェッルベットＦ詰替,３７０ｍＬ,20,11/15まで,-,-,-,-,-,-
4987176192721 ,レノアハピネス夢ふわタッチアンティークローズ詰替,３７０ｍＬ,20,11/15まで,-,-,-,-,-,-
4987176192868 ,レノアハピネス夢ふわタッチシトラスヴァーベナ詰替,３７０ｍＬ,20,11/15まで,-,-,-,-,-,-
4987176193797 ,ファブリーズ速乾ジェットアルコール成分入　特大,６４０ｍｌ,20,11/15まで,-,-,-,-,-,-
4987176193803 ,ファブリーズ速乾ジェットアルコール成分入　詰替,３２０ｍｌ,20,11/15まで,-,-,-,-,-,-
4987176193827 ,ファブリーズ速乾ジェットアルコール成分入,３２０ｍｌ,20,11/15まで,-,-,-,-,-,-
4987176196200 ,レノアハピネス夢ふわタッチホワイトムスク詰替特大,７５０ｍｌ,20,11/15まで,-,-,-,-,-,-
4987176196224 ,レノアハピネス夢ふわタッチホワイトムスク詰替,３７０ｍｌ,20,11/15まで,-,-,-,-,-,-
4987176207869 ,ファブリーズ除菌消臭プレミアムランドリー詰替,３２０ｍＬ,20,11/15まで,-,-,-,-,-,-
4987176207876 ,ファブリーズ除菌消臭プレミアム無香料詰替,３２０ｍＬ,20,11/15まで,-,-,-,-,-,-
4987176207913 ,ファブリーズ除菌消臭プレミアムメン詰替,３２０ｍＬ,20,11/15まで,-,-,-,-,-,-
4987176212436 ,レノアオードリュクスアロマジュエル詰替特大,８５５ｍｌ,20,11/15まで,-,-,-,-,-,-
4987176218032 ,レノアハピネス夢ふわシャインマスカット詰替特大,７５０ｍＬ,20,11/15まで,-,-,-,-,-,-
4987176218056 ,レノアハピネス夢ふわタッチシャインマスカット詰替,３７０ｍＬ,20,11/15まで,-,-,-,-,-,-
4987176229311 ,ジョイＰＲＯ洗浄すぐ洗い用　詰替,３９０ｍｌ,20,11/15まで,-,-,-,-,-,-
4987176229328 ,ジョイＰＲＯ洗浄まとめ洗い用　詰替,３９０ｍｌ,20,11/15まで,-,-,-,-,-,-
4987176233301 ,ファブリーズ除菌消臭プレミアムシトラス詰替,３２０ｍＬ,20,11/15まで,-,-,-,-,-,-
4987176233387 ,ファブリーズ除菌消臭プレミアムパステル詰替,３２０ｍＬ,20,11/15まで,-,-,-,-,-,-
4987176235725 ,イージークリップスカイブリーズ,２．４ｍｌ,20,11/15まで,-,-,-,-,-,-
4987176235732 ,イージークリップフローラルブリーズ,２．４ｍｌ,20,11/15まで,-,-,-,-,-,-
4987176235756 ,イージークリップグリーンミスト,２．４ｍｌ,20,11/15まで,-,-,-,-,-,-
4987176235763 ,イージークリップＦシトラスブリーズ,２．４ｍｌ,20,11/15まで,-,-,-,-,-,-
4987176235848 ,イージークリップ微香ふんわりシャボン,２．４ｍｌ,20,11/15まで,-,-,-,-,-,-
4987176235916 ,イージークリップタバコ用,２．４ｍｌ,20,11/15まで,-,-,-,-,-,-
4987176239051 ,除菌ジョイ　グレープ　キャップ付き詰替,３００ｍＬ,20,11/15まで,-,-,-,-,-,-
4987176239068 ,除菌ジョイ　シトラスオレンジ　キャップ付き詰替,３００ｍＬ,20,11/15まで,-,-,-,-,-,-
4987176239075 ,除菌ジョイ　キャップ付き詰替,３００ｍＬ,20,11/15まで,-,-,-,-,-,-
4987176239082 ,除菌ジョイ　シトラスレモン　キャップ付き詰替,３００ｍＬ,20,11/15まで,-,-,-,-,-,-
4987176239099 ,除菌ジョイ　緑茶　キャップ付き詰替,３００ｍＬ,20,11/15まで,-,-,-,-,-,-
4987176241160 ,レノアオードリュクスアロマジュエルサンデー特大,８５５ｍＬ,20,11/15まで,-,-,-,-,-,-
4987176241917 ,レノアオードリュクスマインドフルネスサンデー特大,６００ｍＬ,20,11/15まで,-,-,-,-,-,-
4987176244062 ,アリエールミライ消臭プラス本体大,５１０ｇ,20,11/15まで,-,-,-,-,-,-
4987176244185 ,アリエールミライ洗浄プラス本体,３４０ｇ,20,11/15まで,-,-,-,-,-,-
4987176244208 ,アリエールミライ洗浄プラス本体大,５１０ｇ,20,11/15まで,-,-,-,-,-,-
4987176244284 ,アリエールミライ消臭プラス本体,３４０ｇ,20,11/15まで,-,-,-,-,-,-
4987176255198 ,レノア超消臭１ｗｅｅｋフレッシュグリーン詰替,３７０ｍｌ,20,11/15まで,-,-,-,-,-,-
4987176255235 ,レノア超消臭１ｗｅｅｋスポーツシトラスブルー詰替,３７０ｍｌ,20,11/15まで,-,-,-,-,-,-
4987176255266 ,レノア超消臭１ｗｅｅｋ部屋干しおひさま詰替,３７０ｍｌ,20,11/15まで,-,-,-,-,-,-
4987176258533 ,レノアハピネスヴェルベット＆フローラル詰替増量,５００ｍｌ,20,11/15まで,-,-,-,-,-,-
4987176258625 ,レノアハピネス夢ふわタッチホワイトティー詰替増量,５００ｍｌ,20,11/15まで,-,-,-,-,-,-
4987176258687 ,レノアハピネス夢ふわアンティークローズ詰替増量,５００ｍｌ,20,11/15まで,-,-,-,-,-,-
4987176258748 ,レノアハピネス夢ふわシャインマスカット詰替増量,５００ｍｌ,20,11/15まで,-,-,-,-,-,-
4987176258793 ,レノアハピネス夢ふわタッチホワイトムスク詰替増量,５００ｍｌ,20,11/15まで,-,-,-,-,-,-
4987176260635 ,レノアリセットセラムホワイトリリー特大,７５０ｍｌ,20,11/15まで,-,-,-,-,-,-
4987176260659 ,レノアリセットセラムホワイトピーチ特大,７５０ｍｌ,20,11/15まで,-,-,-,-,-,-
4987176260666 ,レノアリセットセラムミネラルジャスミン特大,７５０ｍｌ,20,11/15まで,-,-,-,-,-,-
4987176261175 ,ファブリーズ速乾　　アルコール,３２０ｍｌ,20,11/15まで,-,-,-,-,-,-
4987176261199 ,ファブリーズ速乾　　おひさま,３２０ｍｌ,20,11/15まで,-,-,-,-,-,-
4987176261250 ,ファブリーズ速乾　　アルコール特大,６４０ｍｌ,20,11/15まで,-,-,-,-,-,-
4987176261267 ,ファブリーズ速乾　アルコールつめかえ,３２０ｍｌ,20,11/15まで,-,-,-,-,-,-
4987176261281 ,ファブリーズ速乾　お洗濯つめかえ,３２０ｍｌ,20,11/15まで,-,-,-,-,-,-
4987176261328 ,ファブリーズ速乾　おひさまつめかえ,３２０ｍｌ,20,11/15まで,-,-,-,-,-,-
4987176261335 ,ファブリーズ速乾　　お洗濯,３２０ｍｌ,20,11/15まで,-,-,-,-,-,-
4987176261359 ,ファブリーズ速乾　　お洗濯特大,６４０ｍｌ,20,11/15まで,-,-,-,-,-,-
4987176261380 ,ファブリーズ速乾　　おひさまの特大,６４０ｍｌ,20,11/15まで,-,-,-,-,-,-
4987176263322 ,ＦＢ玄関用消臭剤ホワイト・ティー＆リリー本体,７ｍｌ,20,11/15まで,-,-,-,-,-,-
4987176263346 ,ＦＢ玄関用消臭剤スイート・ピオニー＆ミュゲ本体,７ｍｌ,20,11/15まで,-,-,-,-,-,-
4987176263391 ,ＦＢ玄関用消臭剤フレンチ・リネン＆ジャスミン本体,７ｍｌ,20,11/15まで,-,-,-,-,-,-
4987176271570 ,レノア超消臭１Ｗ夜干しアクアナイトシャボン詰替,３７０ｍｌ,20,11/15まで,-,-,-,-,-,-
4987176273178 ,ＦＢＷ消臭トイレ用　ベルガモットウッド本体,６．３ｍｌ,20,11/15まで,-,-,-,-,-,-
4987176273192 ,ＦＢＷ消臭トイレ用　ホワイトフローラル本体,６．３ｍｌ,20,11/15まで,-,-,-,-,-,-
4987176273222 ,ＦＢＷ消臭トイレ用　パッションアンバー本体,６．３ｍｌ,20,11/15まで,-,-,-,-,-,-
4987176278029 ,レノアオードリュクスホワイトムスク特大,６８０ｍＬ,20,11/15まで,-,-,-,-,-,-
4987176278067 ,レノアオードリュクスイノセントリリー特大,６８０ｍＬ,20,11/15まで,-,-,-,-,-,-
4987176278111 ,レノアオードリュクスシダーウッド特大,６８０ｍＬ,20,11/15まで,-,-,-,-,-,-
4987176286451 ,ファブリーズＷ除菌　無香料　アルコール　つめかえ,３２０ｍＬ,20,11/15まで,-,-,-,-,-,-
4987176286475 ,ファブリーズＷ除菌　緑茶　つめかえ,３２０ｍＬ,20,11/15まで,-,-,-,-,-,-
4987176286482 ,ファブリーズＷ除菌　つめかえ,３２０ｍＬ,20,11/15まで,-,-,-,-,-,-
4987176295828 ,ボールドジェル華やかプレミアムブロッサム本体,６８０ｇ,20,11/15まで,-,-,-,-,-,-
4987176295897 ,ボールドジェル爽やかフレッシュフラワーサボン本体,６８０ｇ,20,11/15まで,-,-,-,-,-,-
4987176301468 ,ファブリーズ除菌消臭プレミアムランドリー詰替,３２０ｍＬ,20,11/15まで,-,-,-,-,-,-
4987176301710 ,ファブリーズ除菌消臭プレミアム無香料詰替,３２０ｍＬ,20,11/15まで,-,-,-,-,-,-
4987176301734 ,ファブリーズ除菌消臭プレミアムメン詰替,３２０ｍＬ,20,11/15まで,-,-,-,-,-,-
4987176304148 ,さらさ洗剤ジェルつめかえ超ジャンボ,１２６０ｇ,20,11/15まで,-,-,-,-,-,-
4987176304179 ,さらさ洗剤ジェル本体,６００ｇ,20,11/15まで,-,-,-,-,-,-
4987176305626 ,ファブリーズ除菌消臭プレミアムパステル詰替,３２０ｍＬ,20,11/15まで,-,-,-,-,-,-
4987176305688 ,ファブリーズ除菌消臭プレミアムシトラス詰替,３２０ｍＬ,20,11/15まで,-,-,-,-,-,-
4987176310200 ,レノアオードリュクスＡＪイノセントリリー詰替特大,９２０ｍｌ,20,11/15まで,-,-,-,-,-,-
4987176310217 ,レノアオードリュクスＡＪホワイトムスク詰替特大,９２０ｍｌ,20,11/15まで,-,-,-,-,-,-
4987176312310 ,レノア超消臭１ｗｅｅｋフレッシュグリーン詰替,３４０ｍＬ,20,11/15まで,-,-,-,-,-,-
4987176312365 ,レノア超消臭１ｗｅｅｋスポーツシトラス詰替,３４０ｍＬ,20,11/15まで,-,-,-,-,-,-
4987176315274 ,除菌ジョイコンパクトオレンジ　スヌーピー逆さボトル,２４０ｍｌ,20,11/15まで,-,-,-,-,-,-
4987176315335 ,除菌ジョイコンパクト　スヌーピー逆さボトル,２４０ｍｌ,20,11/15まで,-,-,-,-,-,-
4987176315861 ,ＦＢ玄関用消臭剤ホワイトムスク本体,７ｍｌ,20,11/15まで,-,-,-,-,-,-
4987176317469 ,ファブリーズお風呂用フローラルの香り,７．３ｍＬ,20,11/15まで,-,-,-,-,-,-
4987176317520 ,ファブリーズお風呂用シャボンの香り,７．３ｍＬ,20,11/15まで,-,-,-,-,-,-
4987176317537 ,ファブリーズお風呂用シトラスの香り,７．３ｍＬ,20,11/15まで,-,-,-,-,-,-
4987176318763 ,アリエールミライ超濃縮本体大,４６０ｇ,20,11/15まで,-,-,-,-,-,-
4987176318800 ,アリエールミライ超濃縮本体,３３０ｇ,20,11/15まで,-,-,-,-,-,-
4987176318862 ,アリエールミライ超濃縮部屋干し本体,３３０ｇ,20,11/15まで,-,-,-,-,-,-
4987176318923 ,アリエールミライ超濃縮部屋干し本体大,４６０ｇ,20,11/15まで,-,-,-,-,-,-
4987176331168 ,ｈ＆ｓｍｅｎ２ｉｎ１オールドスパイス詰替,３００ｇ,20,11/15まで,-,-,-,-,-,-
4987176331502 ,ＦＢ玄関用消臭剤　金木犀の香り　本体,７ｍｌ,20,11/15まで,-,-,-,-,-,-
4987176333285 ,ファブリーズＷ除菌本体お試し,３２０ｍＬ,20,11/15まで,-,-,-,-,-,-
4987176333308 ,ファブリーズ除菌消臭プレミアムランドリー本体お試し,３２０ｍＬ,20,11/15まで,-,-,-,-,-,-
4987176335814 ,ボールドジェルホワイトティー＆ムスク本体,６８０ｇ,20,11/15まで,-,-,-,-,-,-
4987176344021 ,除菌ジョイオレンジ逆さボトル　ディズニーデザイン,２４０ｍｌ,20,11/15まで,-,-,-,-,-,-
4987176344038 ,除菌ジョイ逆さボトル　ディズニーデザイン,２４０ｍｌ,20,11/15まで,-,-,-,-,-,-
4987176350114 ,レノアオードリュクスバブルバス特大,６８０ｍＬ,20,11/15まで,-,-,-,-,-,-
4987176350237 ,さらさ食器用洗剤　詰替特大,６２０ｍｌ,20,11/15まで,-,-,-,-,-,-
4987176352439 ,大人のさらさ洗剤ジェル超ジャンボ,１２６０ｇ,20,11/15まで,-,-,-,-,-,-
4987176352453 ,大人のさらさ洗剤ジェル超特大,７６０ｇ,20,11/15まで,-,-,-,-,-,-
4987176352484 ,大人のさらさ洗剤ジェル本体,６００ｇ,20,11/15まで,-,-,-,-,-,-
4987176353450 ,レノア超消臭フレッシュグリーン詰替,３３０ｍＬ,20,11/15まで,-,-,-,-,-,-
4987176354297 ,レノアハピネス夢ふわタッチさくら本体,４２５ｍＬ,20,11/15まで,-,-,-,-,-,-
4987176354327 ,レノアハピネス夢ふわタッチさくら特大,６８５ｍＬ,20,11/15まで,-,-,-,-,-,-
4987176361318 ,除菌ジョイ　ベルガモットの香り　逆さボトル,２９０ｍｌ,20,11/15まで,-,-,-,-,-,-
4987176361523 ,ファブリーズ玄関用＋自然フォレスト＆ＳＷ,７ｍｌ,20,11/15まで,-,-,-,-,-,-
4987176370822 ,ｈ＆ｓｆｏｒｍｅｎ　リフレッシュＥＸ　ＣＤ詰替,３００ｇ,20,11/15まで,-,-,-,-,-,-
4987176370839 ,ｈ＆ｓｆｏｒｍｅｎ　リフレッシュＥＸ　ＳＰ詰替,３００ｇ,20,11/15まで,-,-,-,-,-,-
4987176376695 ,イージークリップ　ホワイトムスク,２．２ｍｌ,20,11/15まで,-,-,-,-,-,-
4987176376718 ,イージークリップ　スカイブリーズ,２．５ｍｌ,20,11/15まで,-,-,-,-,-,-
4987176376732 ,イージークリップ　シトラスブリーズ,２．２ｍｌ,20,11/15まで,-,-,-,-,-,-
4987176376749 ,イージークリップ　フローラルブリーズ,２．２ｍｌ,20,11/15まで,-,-,-,-,-,-
4987176376770 ,イージークリップ　ナチュラルサボン,２．２ｍｌ,20,11/15まで,-,-,-,-,-,-
4987176376787 ,イージークリップ　タバコ用,２．２ｍｌ,20,11/15まで,-,-,-,-,-,-
4987176376855 ,イージークリップ　フォレストブリーズ,２．２ｍｌ,20,11/15まで,-,-,-,-,-,-
4987176384072 ,ファブリーズお風呂用　フローラルの香り,７．０ｍＬ,20,11/15まで,-,-,-,-,-,-
4987176386441 ,ファブリーズ除菌消臭プレミアムパステル詰替,３２０ｍＬ,20,11/15まで,-,-,-,-,-,-
4987176386496 ,ファブリーズ除菌消臭プレミアムメン詰替,３２０ｍＬ,20,11/15まで,-,-,-,-,-,-
4987176386502 ,ファブリーズ除菌消臭プレミアム無香料詰替,３２０ｍＬ,20,11/15まで,-,-,-,-,-,-
4987176386564 ,ファブリーズ除菌消臭プレミアムランドリー詰替,３２０ｍＬ,20,11/15まで,-,-,-,-,-,-
4987176386960 ,レノアクエン酸イン超消臭スポーツリフレッシュリリー,７３０ｍｌ,20,11/15まで,-,-,-,-,-,-
4987176386977 ,レノアクエン酸イン超消臭部屋干しフレッシュグリーン,７３０ｍｌ,20,11/15まで,-,-,-,-,-,-
4987176387080 ,レノアクエン酸イン超消臭超無臭シトラス特大,７３０ｍｌ,20,11/15まで,-,-,-,-,-,-
4987176387967 ,除菌ジョイ　ライム＆エルダーフラワー　逆さボトル,２９０ｍｌ,20,11/15まで,-,-,-,-,-,-
4987176392824 ,レノアオードリュクスホワイトムスク特大,６５０ｍＬ,20,11/15まで,-,-,-,-,-,-
4987176392862 ,レノアオードリュクスイノセントリリー特大,６５０ｍＬ,20,11/15まで,-,-,-,-,-,-
4987176392961 ,レノアオードリュクスバブルバス特大,６５０ｍＬ,20,11/15まで,-,-,-,-,-,-
4987176401090 ,レノアオードリュクスビーズアールグレイ特大,９２０ｍＬ,20,11/15まで,-,-,-,-,-,-
4987176404879 ,アリエールミライ超濃縮爽快クール本体大,４１０ｇ,20,11/15まで,-,-,-,-,-,-
4987246673051 ,デンタルラボマウスピース矯正用リテーナー用洗浄剤,４８錠,20,11/15まで,-,-,-,-,-,-
4987973220368 ,三次元マスク　すこし大きめＬサイズ　ホワイト　７枚,７枚,20,11/15まで,-,-,-,-,-,-
4987973220429 ,三次元ダイヤモンドマスク　Ｆサイズ　ホワイト５枚,５枚,20,11/15まで,-,-,-,-,-,-
4987973220436 ,三次元ダイヤモンドマスク　Ｆサイズ　ブラック５枚,５枚,20,11/15まで,-,-,-,-,-,-
4987973220443 ,三次元ダイヤモンドマスク　Ｆサイズ　グレー５枚,５枚,20,11/15まで,-,-,-,-,-,-
4987973220450 ,三次元ダイヤモンドマスク　Ｆサイズ　Ｐベージュ５枚,５枚,20,11/15まで,-,-,-,-,-,-
4987973221174 ,三次元Ｄマスクプラチナシリーズシナモン５枚,５枚,20,11/15まで,-,-,-,-,-,-
4987973221181 ,三次元Ｄマスクプラチナシリーズピーチ５枚,５枚,20,11/15まで,-,-,-,-,-,-
4987973221204 ,三次元Ｄマスクプラチナシリーズ　アプリコット５枚,５枚,20,11/15まで,-,-,-,-,-,-
4987973221211 ,三次元Ｄマスクプラチナシリーズオーキッド５枚,５枚,20,11/15まで,-,-,-,-,-,-
4987973221228 ,三次元Ｄマスクプラチナシリーズライラック５枚,５枚,20,11/15まで,-,-,-,-,-,-
4987973221334 ,三次元ＤマスクプラチナシリーズＳゴールド５枚,５枚,20,11/15まで,-,-,-,-,-,-
4987973221983 ,メイクがおちにくいマスクカラー　Ｃホワイト　５枚,５枚,20,11/15まで,-,-,-,-,-,-
4987973221990 ,メイクがおちにくいマスクカラー　パールＢ　５枚,５枚,20,11/15まで,-,-,-,-,-,-
4987973222003 ,メイクがおちにくいマスクカラー　バイオレット　５枚,５枚,20,11/15まで,-,-,-,-,-,-
4987973222010 ,メイクがおちにくいマスクカラー　シャンパンＢ　５枚,５枚,20,11/15まで,-,-,-,-,-,-
4987973222034 ,メイクがおちにくいマスクアロマ　Ｇフルーツ　５枚,５枚,20,11/15まで,-,-,-,-,-,-
4987973222058 ,メイクがおちにくいマスクアロマ　ローズ　５枚,５枚,20,11/15まで,-,-,-,-,-,-
4987977001338 ,シュミテクト歯周ケアハブラシ極細薄型超Ｃふつう,ふつう,20,11/15まで,-,-,-,-,-,-
4987977001345 ,シュミテクト歯周ケアハブラシ極細薄型超Ｃやわらか,やわらか,20,11/15まで,-,-,-,-,-,-
4987977001352 ,シュミテクト歯周ケアハブラシ３Ｄ設計薄型超Ｃふつう,ふつう,20,11/15まで,-,-,-,-,-,-
4987977001369 ,シュミテクト歯周ケアハブラシ３Ｄ設計薄型超Ｃやわら,やわらか,20,11/15まで,-,-,-,-,-,-
4987977001437 ,シュミテクト歯周ケアハブラシ極細薄型Ｒふつう,ふつう,20,11/15まで,-,-,-,-,-,-
4987977001444 ,シュミテクト歯周ケアハブラシ極細薄型Ｃやわらか,やわらか,20,11/15まで,-,-,-,-,-,-
4987977001451 ,シュミテクト歯周ケアハブラシ極細薄型Ｃふつう,ふつう,20,11/15まで,-,-,-,-,-,-
4987977001468 ,シュミテクト歯周ケアハブラシ極細薄型Ｗふつう,ふつう,20,11/15まで,-,-,-,-,-,-
4987977001475 ,シュミテクト歯周ケアハブラシ３Ｄ設計薄型Ｒふつう,ふつう,20,11/15まで,-,-,-,-,-,-
4987977001482 ,シュミテクト歯周ケアハブラシ３Ｄ設計薄型Ｃやわらか,やわらか,20,11/15まで,-,-,-,-,-,-
4987977001499 ,シュミテクト歯周ケアハブラシ３Ｄ設計薄型Ｃふつう,ふつう,20,11/15まで,-,-,-,-,-,-
4987977001505 ,シュミテクト歯周ケアハブラシ３Ｄ設計薄型Ｗふつう,ふつう,20,11/15まで,-,-,-,-,-,-
45185618 ,キレイキレイ　薬用ハンドコンデ　木漏れ日の香り本体,４５０ｍｌ,20,10/15まで,-,-,-,-,-,-
45185625 ,キレイキレイ薬用ハンドコンデホワイトティー本体,４００ｍｌ,20,10/15まで,-,-,-,-,-,-
4547894640425 ,リッツ　ブラックペッパー　クラッカー,１２８ｇ,20,10/15まで,-,-,-,-,-,-
4901301377388 ,フレアフレグランスフラワー＆ハーモニー本体,５４０ｍｌ,20,10/15まで,-,-,-,-,-,-
4901301377401 ,フレアフレグランスヴェルベット＆フラワー本体,５４０ｍｌ,20,10/15まで,-,-,-,-,-,-
4901301377470 ,フレアフレグランスフローラル＆スウィート本体,５４０ｍｌ,20,10/15まで,-,-,-,-,-,-
4901301377487 ,フレアフレグランスホワイトブーケ本体,５４０ｍｌ,20,10/15まで,-,-,-,-,-,-
4901301377777 ,フレアフレグランスジェントル＆ブーケ本体,５４０ｍｌ,20,10/15まで,-,-,-,-,-,-
4901301398444 ,フレアフレグランスリッチフローラル本体,５４０ｍｌ,20,10/15まで,-,-,-,-,-,-
4901301407429 ,ハミングフレアフレグランスフローラルスウィート本体,５２０ｍｌ,20,10/15まで,-,-,-,-,-,-
4901301407467 ,ハミングフレアフレグランスホワイトブーケ本体,５２０ｍｌ,20,10/15まで,-,-,-,-,-,-
4901301407504 ,ハミングフレアフレグランスリッチフローラル本体,５２０ｍｌ,20,10/15まで,-,-,-,-,-,-
4901301407603 ,ハミングフレアフレグランスチャーミングブーケ本体,５２０ｍｌ,20,10/15まで,-,-,-,-,-,-
4901301413659 ,ハミングフレアフレグランスフラワーハーモニー本体,５２０ｍｌ,20,10/15まで,-,-,-,-,-,-
4901301420398 ,ハミングフレアフレグランスフローラルスウィート本体,５２０ＭＬ,20,10/15まで,-,-,-,-,-,-
4901301420404 ,ハミングフレアフレグランスフラワーハーモニー本体,５２０ＭＬ,20,10/15まで,-,-,-,-,-,-
4901301420411 ,ハミングフレアフレグランスサボンデサボン本体,５２０ＭＬ,20,10/15まで,-,-,-,-,-,-
4901301420428 ,ハミングフレアフレグランスチャーミングブーケ本体,５２０ＭＬ,20,10/15まで,-,-,-,-,-,-
4901301420435 ,ハミングフレアフレグランスリッチフローラル本体,５２０ＭＬ,20,10/15まで,-,-,-,-,-,-
4901301437150 ,ハミングフレアリラックスムスク＆ミューゲ本体,５１０ｍｌ,20,10/15まで,-,-,-,-,-,-
4901301437198 ,ハミングフレアリラックスラベンダー＆ジャスミン本体,５１０ｍｌ,20,10/15まで,-,-,-,-,-,-
4901301437501 ,ハミングフレア　フローラルスウィート　本体,５２０ＭＬ,20,10/15まで,-,-,-,-,-,-
4901301437525 ,ハミングフレア　フラワーハーモニー　本体,５２０ＭＬ,20,10/15まで,-,-,-,-,-,-
4901301437532 ,ハミングフレア　サボンデサボン　本体,５２０ＭＬ,20,10/15まで,-,-,-,-,-,-
4901301441720 ,ハミングフレア　リッチフローラル　本体,５２０ＭＬ,20,10/15まで,-,-,-,-,-,-
4901301445407 ,ハミングフレア　ミモザ＆ホワイトジャスミン本体,５２０ＭＬ,20,10/15まで,-,-,-,-,-,-
4901301454454 ,ハミングフレア　アーバンフローラル　本体,５２０ｇ,20,10/15まで,-,-,-,-,-,-
4901301454539 ,ハミングフレアリラックス　ムスクアロマ　本体,５１０ｇ,20,10/15まで,-,-,-,-,-,-
4901301457769 ,ハミングフレア　フローラルスウィート　本体,５２０ｇ,20,10/15まで,-,-,-,-,-,-
4901301457790 ,ハミングフレア　フラワーハーモニー　本体,５２０ｇ,20,10/15まで,-,-,-,-,-,-
4901301457820 ,ハミングフレア　サボンデサボン　本体,５２０ｇ,20,10/15まで,-,-,-,-,-,-
4901301457851 ,ハミングフレアリラックス　ラベンダーアロマ　本体,５１０ｇ,20,10/15まで,-,-,-,-,-,-
4901301459282 ,ハミングフレアリラックスバニラ＆シダーウッド　本体,５１０ｇ,20,10/15まで,-,-,-,-,-,-
4901301467140 ,ハミングフレア　アールグレイ＆ピーチ　本体,５２０ｇ,20,10/15まで,-,-,-,-,-,-
4901313255803 ,こつぶっこ　ビターキャラメル風味,７２ｇ,20,10/15まで,-,-,-,-,-,-
4901313256015 ,こつぶっこ,１００ｇ,20,10/15まで,-,-,-,-,-,-
4901360360024 ,シルベーヌ,６個,20,10/15まで,-,-,-,-,-,-
4901360363674 ,マロンブラン,６個,20,10/15まで,-,-,-,-,-,-
4901360364015 ,シルベーヌ洋梨のタルト風味,６個,20,10/15まで,-,-,-,-,-,-
4901360366187 ,ふんわりオムレット芳醇バナナ,５個,20,10/15まで,-,-,-,-,-,-
4902508275019 ,全身泡ソープ　濃密ホイップ泡,３５０ｍｌ,20,10/15まで,-,-,-,-,-,-
4903301176831 ,キレイキレイ薬用Ｈソープ替大型４５０ｍｌ,４５０ｍｌ,20,10/15まで,-,-,-,-,-,-
4903301176862 ,キレイキレイ薬用泡ＨＳ大型詰替４５０ｍｌ,４５０ｍｌ,20,10/15まで,-,-,-,-,-,-
4903301176930 ,キレイキレイ薬用泡ＨＳＦソープ大型詰替４５０ｍｌ,４５０ｍｌ,20,10/15まで,-,-,-,-,-,-
4903301202226 ,キレイキレイ薬用ハンドソープ詰替用大型増量,４５０＋４５ｍｌ,20,10/15まで,-,-,-,-,-,-
4903301202240 ,キレイキレイ泡ハンド　フローラルソープ替大型増量,４５０＋４５ｍｌ,20,10/15まで,-,-,-,-,-,-
4903301202271 ,キレイキレイ泡ハンドシトラスフルーティ替大型増量,４５０＋４５ｍｌ,20,10/15まで,-,-,-,-,-,-
4903301219637 ,キレイキレイキッチン泡ハンドソープ替え,１８０ｍｌ,20,10/15まで,-,-,-,-,-,-
4903301241010 ,キレイキレイ泡ハンドソープ　フルーツ大型詰替,４５０ｍｌ,20,10/15まで,-,-,-,-,-,-
4903301241072 ,キレイキレイ泡ハンドフルーツミックス替大型増量,４５０＋４５ｍｌ,20,10/15まで,-,-,-,-,-,-
4903301241430 ,クリニカアドバンテージハミガキクールミントタテ型,１３０ｇ,20,10/15まで,-,-,-,-,-,-
4903301241447 ,クリニカアドバンテージハミガキシトラスミントタテ型,１３０ｇ,20,10/15まで,-,-,-,-,-,-
4903301241454 ,クリニカアドバンテージハミガキソフトミントタテ型,１３０ｇ,20,10/15まで,-,-,-,-,-,-
4903301260714 ,クリニカアドバンテージハミガキクールミント増量,１４３ｇ,20,10/15まで,-,-,-,-,-,-
4903301260721 ,クリニカアドバンテージハミガキシトラスミント増量,１４３ｇ,20,10/15まで,-,-,-,-,-,-
4903301260738 ,クリニカアドバンテージハミガキソフトミント増量,１４３ｇ,20,10/15まで,-,-,-,-,-,-
4903301271765 ,クリニカアドバンテージハミガキクールＹ字フロス付,１３０ｇ＋１本,20,10/15まで,-,-,-,-,-,-
4903301273233 ,ＮＯＮＩＯ　Ｍｏｂｉｌｅトラベルセット,１本＋３０ｇ,20,10/15まで,-,-,-,-,-,-
4903301274247 ,システマハグキプラスハブラシ超コンパクト,ふつう,20,10/15まで,-,-,-,-,-,-
4903301274254 ,システマハグキプラスハブラシ超コンパクト,やわらかめ,20,10/15まで,-,-,-,-,-,-
4903301274261 ,システマハグキプラスハブラシコンパクト,ふつう,20,10/15まで,-,-,-,-,-,-
4903301274278 ,システマハグキプラスハブラシコンパクト,やわらかめ,20,10/15まで,-,-,-,-,-,-
4903301274285 ,システマハグキプラスハブラシワイドヘッド,ふつう,20,10/15まで,-,-,-,-,-,-
4903301274292 ,システマハグキプラスハブラシワイドヘッド,やわらかめ,20,10/15まで,-,-,-,-,-,-
4903301290131 ,システマハグキプラスハブラシワイドコンパクト,ふつう,20,10/15まで,-,-,-,-,-,-
4903301290148 ,システマハグキプラスハブラシワイドコンパクト,やわらかめ,20,10/15まで,-,-,-,-,-,-
4903301291022 ,キレイキレイ９９．９９％除菌ウェットシート　３０枚,３０枚,20,10/15まで,-,-,-,-,-,-
4903301300137 ,キレイキレイ薬用ハンドコンディショニングソープ替,４００ｍｌ,20,10/15まで,-,-,-,-,-,-
4903301300731 ,ＭＩＧＡＣＯＴ　ハミガキハブラシセット,１本＋３０ｇ,20,10/15まで,-,-,-,-,-,-
4903301311720 ,キレイキレイ薬用コンディショニングソープ詰替増量,４４０ｍｌ,20,10/15まで,-,-,-,-,-,-
4903301318903 ,システマハブラシ　極上プレミアム　レギュラー,ふつう,20,10/15まで,-,-,-,-,-,-
4903301318910 ,システマハブラシ　極上プレミアム　レギュラー,やわらかめ,20,10/15まで,-,-,-,-,-,-
4903301318934 ,システマハブラシ　極上プレミアム　コンパクト,やわらかめ,20,10/15まで,-,-,-,-,-,-
4903301321262 ,システマハブラシ　極上プレミアム　コンパクト,ふつう,20,10/15まで,-,-,-,-,-,-
4903301321330 ,キレイキレイ泡ハンドソープ携帯用,５０ｍｌ,20,10/15まで,-,-,-,-,-,-
4903301321545 ,システマハブラシ　極上プレミアム　超コンパクト,ふつう,20,10/15まで,-,-,-,-,-,-
4903301321576 ,システマハブラシ　極上プレミアム　超コンパクト,やわらかめ,20,10/15まで,-,-,-,-,-,-
4903301326311 ,キレイキレイ９９．９９％除菌ウェットアルコール,３０枚,20,10/15まで,-,-,-,-,-,-
4903301326557 ,クリニカアドバンテージホワイトニングクリアミント,１３０ｇ,20,10/15まで,-,-,-,-,-,-
4903301326564 ,クリニカアドバンテージホワイトニングシトラスミント,１３０ｇ,20,10/15まで,-,-,-,-,-,-
4903301326571 ,クリニカアドバンテージホワイトニングクリア増量,１４３ｇ,20,10/15まで,-,-,-,-,-,-
4903301326588 ,クリニカアドバンテージホワイトニングシトラス増量,１４３ｇ,20,10/15まで,-,-,-,-,-,-
4903301331988 ,キレイキレイハンドコンディショニングソープ替大型,７００ｍｌ,20,10/15まで,-,-,-,-,-,-
4903301353010 ,キレイキレイ　薬用ハンドコンディショニングネロリ替,４００ｍｌ,20,10/15まで,-,-,-,-,-,-
4903301356615 ,キレイキレイ泡ハンドシトラスフルーティ替大型増量,４７５ｍｌ,20,10/15まで,-,-,-,-,-,-
4903301356622 ,キレイキレイ泡ハンド　フローラルソープ替大型増量,４７５ｍｌ,20,10/15まで,-,-,-,-,-,-
4903301356684 ,キレイキレイ泡ハンドフルーツミックス替大型増量,４７５ｍｌ,20,10/15まで,-,-,-,-,-,-
4903301356691 ,キレイキレイ薬用ハンドソープ詰替用大型増量,４７５ｍｌ,20,10/15まで,-,-,-,-,-,-
4903301362913 ,ＯＣＨ－ＴＵＮＥハミガキ　ＦＡＳＴ　ＢＲミント,１３０ｇ,20,10/15まで,-,-,-,-,-,-
4903301362920 ,ＯＣＨ－ＴＵＮＥハミガキ　ＳＬＯＷ　ＨＲミント,１３０ｇ,20,10/15まで,-,-,-,-,-,-
4903301362937 ,ＯＣＨ－ＴＵＮＥハミガキ　ＦＡＳＴ　ＢＲミント増量,１４３ｇ,20,10/15まで,-,-,-,-,-,-
4903301362944 ,ＯＣＨ－ＴＵＮＥハミガキ　ＳＬＯＷ　ＨＲミント増量,１４３ｇ,20,10/15まで,-,-,-,-,-,-
4903301362951 ,ＯＣＨ－ＴＵＮＥハブラシ　ＦＡＳＴ,ふつう,20,10/15まで,-,-,-,-,-,-
4903301362982 ,ＯＣＨ－ＴＵＮＥハブラシ　ＳＬＯＷ,ふつう,20,10/15まで,-,-,-,-,-,-
4903301367307 ,キレイキレイ　薬用ハンドコンデ木漏れ日の香り詰替用,４００ｍｌ,20,10/15まで,-,-,-,-,-,-
4903301367321 ,キレイキレイ薬用ハンドコンデ木漏れ日の香り詰替用大,７００ｍｌ,20,10/15まで,-,-,-,-,-,-
4903301370888 ,ＯＣＨ－ＴＵＮＥハミガキ　ＦＡＳＴ＋ハブラシセット,１３０ｇ＋１本,20,10/15まで,-,-,-,-,-,-
4903301370895 ,ＯＣＨ－ＴＵＮＥハミガキ　ＳＬＯＷ＋ハブラシセット,１３０ｇ＋１本,20,10/15まで,-,-,-,-,-,-
4903301372578 ,キレイキレイ薬用手指の消毒ジェルプラス　携帯用,４０ｍｌ,20,10/15まで,-,-,-,-,-,-
4903301373971 ,ＯＣＨ－ＴＵＮＥハミガキＦＡＳＴ　ＳＬＯＷ３０ｇ付,１３０ｇ＋３０ｇ,20,10/15まで,-,-,-,-,-,-
4903301373988 ,ＯＣＨ－ＴＵＮＥハミガキＳＬＯＷ　ＦＡＳＴ３０ｇ付,１３０ｇ＋３０ｇ,20,10/15まで,-,-,-,-,-,-
4903301375821 ,ＯＣＨ－ＴＵＮＥハミガキＦＡＳＴベリーミント,１３０ｇ,20,10/15まで,-,-,-,-,-,-
4903301375838 ,ＯＣＨ－ＴＵＮＥハミガキＳＬＯＷアップルミント,１３０ｇ,20,10/15まで,-,-,-,-,-,-
4903301377481 ,ＯＣＨ－ＴＵＮＥハブラシＦＡＳＴハミガキ３０ｇ付,ふつう＋３０ｇ,20,10/15まで,-,-,-,-,-,-
4903301377498 ,ＯＣＨ－ＴＵＮＥハブラシＳＬＯＷハミガキ３０ｇ付,ふつう＋３０ｇ,20,10/15まで,-,-,-,-,-,-
4903301377764 ,ＯＣＨ－ＴＵＮＥハミガキＳＬＯＷキキララシール付,１３０ｇ,20,10/15まで,-,-,-,-,-,-
4903301377771 ,ＯＣＨ－ＴＵＮＥハミガキＦＡＳＴキキララシール付,１３０ｇ,20,10/15まで,-,-,-,-,-,-
4903301378044 ,キレイキレイ薬用ハンドコンデホワイトティー詰替,３６０ｍｌ,20,10/15まで,-,-,-,-,-,-
4903333220625 ,プレミアムガーナモンブランショコラ＜和栗＞,５９ｇ,20,10/15まで,-,-,-,-,-,-
4903333228164 ,プレミアムガーナショコラホイップバニラ,５６ｇ,20,10/15まで,-,-,-,-,-,-
4903333241651 ,ブラックブラック粒ワンプッシュボトル,１３３ｇ,20,10/15まで,-,-,-,-,-,-
4903333261796 ,プレミアムガーナショコラカレ＜レモン＞,６４ｇ,20,10/15まで,-,-,-,-,-,-
4903333278107 ,プレミアムガーナショコラホイップベリー,５６ｇ,20,10/15まで,-,-,-,-,-,-
4903333293339 ,プレミアムガーナショコラカレ＜ティー＞,６４ｇ,20,10/15まで,-,-,-,-,-,-
4903333298419 ,プレミアムガーナサブレ深み宇治抹茶,４９ｇ,20,10/15まで,-,-,-,-,-,-
49355161 ,キレイキレイ薬用ハンドジェル携帯用,２８ｍｌ,20,10/15まで,-,-,-,-,-,-
49795424 ,キレイキレイ　薬用ハンドコンディショニングネロリＰ,４５０ｍｌ,20,10/15まで,-,-,-,-,-,-
49795479 ,キレイキレイ薬用ハンドコンディショニングソープ本体,４５０ｍｌ,20,10/15まで,-,-,-,-,-,-
4514603444810 ,アサヒ　ぎゅっと濃い十六茶,６３０ｍｌ,30,11/15まで,-,-,-,-,96,11/15まで
4514603445411 ,アサヒ　十六茶,６３０ｍｌ,30,11/15まで,-,-,-,-,96,11/15まで
4514603461213 ,アサヒ　十六茶,６６０ｍｌ,30,11/15まで,-,-,-,-,96,11/15まで
4514603461312 ,アサヒ　十六茶,６３０ｍｌ,30,11/15まで,-,-,-,-,96,11/15まで
4514603461916 ,アサヒ　十六茶麦茶,６６０ｍｌ,30,11/15まで,-,-,-,-,96,11/15まで
49104141 ,アサヒ　十六茶　シンプルｅｃｏラベル,６３０ｍｌ,30,11/15まで,-,-,-,-,96,11/15まで
4902705024090 ,明治）ヴァームスマートフィットウォーターレモン,５００ｍｌ,30,11/15まで,-,-,-,-,126,11/15まで
4902705035706 ,明治）ヴァームスマートフィットウォーターアップル,５００ｍｌ,30,11/15まで,-,-,-,-,126,11/15まで
4987176388759 ,ジョイジェルタブ９Ｐ,１２１ｇ,30,11/15まで,-,-,-,-,225,11/15まで
4987176388803 ,ジョイジェルタブオレンジパッケージ９Ｐ,１２１ｇ,30,11/15まで,-,-,-,-,225,11/15まで
4901306024232 ,カゴメトマトジュース食塩無添加　スマートＰＥＴ,７２０ｍｌ,30,11/15まで,-,-,-,-,226,11/15まで
4901306024737 ,カゴメトマトジュース　スマートＰＥＴ,７２０ｍｌ,30,11/15まで,-,-,-,-,226,11/15まで
4901306043141 ,野菜生活１００　オリジナル　スマートＰＥＴ,７２０ｍｌ,30,11/15まで,-,-,-,-,226,11/15まで
4901306043165 ,野菜生活１００　マンゴーサラダ　スマートＰＥＴ,７２０ｍｌ,30,11/15まで,-,-,-,-,226,11/15まで
4901306075562 ,野菜生活１００　ベリーサラダ　スマートＰＥＴ,７２０ｍｌ,30,11/15まで,-,-,-,-,226,11/15まで
4901306078129 ,カゴメ野菜ジュース食塩無添加スマートＰＥＴ,７２０ＭＬ,30,11/15まで,-,-,-,-,226,11/15まで
4901301331809 ,強力カビハイターつけかえ用６００ｍｌ,６００ｍｌ,30,11/15まで,-,-,-,-,255,11/15まで
4901301467805 ,強力カビハイターツンとしないタイプかえ５４０ｍｌ,５４０ｍｌ,30,11/15まで,-,-,-,-,255,11/15まで
4973227211077 ,ＤＰブラックハブラシ超極細毛　プラスおおきめヘッド,ふつう,30,10/15まで,-,-,-,-,258,3/31まで
4901301419965 ,ワイドハイターＥＸパワー　つめかえ用,４５０ｍｌ,30,11/15まで,-,-,-,-,275,11/15まで
4901301233424 ,トイレクイックル　つめかえ用　２０枚,２０マイ,30,11/15まで,-,-,-,-,325,11/15まで
4901301417671 ,トイレクイックルストロング　ハーブ替え１６枚,１６枚,30,11/15まで,-,-,-,-,325,11/15まで
4901301417695 ,トイレクイックルストロング　ローズ替え１６枚,１６枚,30,11/15まで,-,-,-,-,325,11/15まで
4901301468109 ,トイレクイックル　つめかえ用　ジャンボパック,２０枚,30,11/15まで,-,-,-,-,325,11/15まで
4901301468475 ,トイレクイックル根本消臭　ローズ替え１６枚,１６枚,30,11/15まで,-,-,-,-,325,11/15まで
4901301468482 ,トイレクイックル根本消臭　シトラス替え１６枚,１６枚,30,11/15まで,-,-,-,-,325,11/15まで
4903111034857 ,ソフィソフトタンポンレギュラージェルセット,５個,30,11/15まで,-,-,-,-,325,11/15まで
4902881000543 ,明星　チャルメラ　正油　５食,９７ｇ×５,30,11/15まで,-,-,-,-,386,11/15まで
4902881000550 ,明星　チャルメラ　みそ　５食,１００ｇ×５,30,11/15まで,-,-,-,-,386,11/15まで
4902881001250 ,明星　チャルメラ　シオラーメン５食,５００ｇ,30,11/15まで,-,-,-,-,386,11/15まで
4902881072311 ,チャルメラ　バリカタ麺豚骨　５食,４１０ｇ,30,11/15まで,-,-,-,-,386,11/15まで
4902881072434 ,チャルメラ　宮崎辛麺　５食パック,４８０ｇ,30,11/15まで,-,-,-,-,386,11/15まで
4902881073202 ,明星　チャルメラ　油そば　５食パック,５０５ｇ,30,11/15まで,-,-,-,-,386,11/15まで
4549660929673 ,びっくらたまご　すみっコぐらしおばけのナイトパーク,５５ｇ,30,11/15まで,-,-,-,-,400,3/31まで
4549660963998 ,びっくらたまご　ディズニーＰ　カプセルヘアゴム,５５ｇ,30,11/15まで,-,-,-,-,400,3/31まで
4549660964148 ,びっくらたまご　ドラえもん,７５ｇ,30,11/15まで,-,-,-,-,400,3/31まで
4570118164612 ,びっくらたまご　名探偵プリキュア,７５ｇ,30,11/15まで,-,-,-,-,400,3/31まで
4901301439468 ,薬用ピュオーラクリーンミント１１５ｇ,１１５ｇ,30,11/15まで,-,-,-,-,405,11/15まで
4901301439475 ,薬用ピュオーラストロングミント１１５ｇ,１１５ｇ,30,11/15まで,-,-,-,-,405,11/15まで
4901301439482 ,薬用ピュオーラフレッシュカシス１１５ｇ,１１５ｇ,30,11/15まで,-,-,-,-,405,11/15まで
4901301459329 ,薬用ピュオーラ　フレッシュカシス増量ＳＴ　１３８ｇ,１３８ｇ,30,11/15まで,-,-,-,-,405,11/15まで
4901301459336 ,薬用ピュオーラ　ストロングミント増量ＳＴ　１３８ｇ,１３８ｇ,30,11/15まで,-,-,-,-,405,11/15まで
4901301459343 ,薬用ピュオーラ　クリーンミント増量ＳＴ　１３８ｇ,１３８ｇ,30,11/15まで,-,-,-,-,405,11/15まで
4901201158889 ,ＵＣＣ　ミルクコーヒー　袋,１８０ｇ,30,11/15まで,-,-,-,-,425,11/15まで
4903301384779 ,ＣＨＡＲＭＹ　クリスタ　予洗い専用泡スプレー　本体,３００ｍｌ,30,11/15まで,-,-,-,-,425,11/15まで
4903111037506 ,ソフィクールフレッシュ涼感超熟睡ショーツＭＬ４枚,４枚,30,11/15まで,-,-,-,-,425,3/31まで
4901301435774 ,強力カビハイター　排水口そうじ　これだけ　３袋入り,１２０ｇ,30,11/15まで,-,-,-,-,465,11/15まで
4901301441645 ,トイレハイター　トイレそうじ　これだけ　３袋入り,１２０ｇ,30,11/15まで,-,-,-,-,465,11/15まで
4901301439529 ,薬用ピュオーラ　バリアジェル　ハミガキ　１１５ｇ,１１５ｇ,30,11/15まで,-,-,-,-,505,11/15まで
4901301439536 ,薬用ピュオーラ　美白ケア　ハミガキ　１１５ｇ,１１５ｇ,30,11/15まで,-,-,-,-,505,11/15まで
4903111257331 ,ソフィ超熟睡おやすみプレミアム　極厚４００　１２枚,１２枚,30,11/15まで,-,-,-,-,525,3/31まで
4901301404251 ,８ｘ４メン薬用ボディウォッシュ　ツメカエ,３００ｍｌ,30,11/15まで,-,-,-,-,575,11/15まで
4901301277077 ,ブローネ香りと艶カラークリーム　４ＮＡ,８０Ｇ,30,11/15まで,-,-,-,-,605,11/15まで
4901301277084 ,ブローネ香りと艶カラークリーム　５ＮＡ,８０Ｇ,30,11/15まで,-,-,-,-,605,11/15まで
4901301283672 ,ブローネ香りと艶カラークリーム　２,８０Ｇ,30,11/15まで,-,-,-,-,605,11/15まで
4901301283689 ,ブローネ香りと艶カラークリーム　３,８０Ｇ,30,11/15まで,-,-,-,-,605,11/15まで
4901301283696 ,ブローネ香りと艶カラークリーム　４,８０Ｇ,30,11/15まで,-,-,-,-,605,11/15まで
4901301283719 ,ブローネ香りと艶カラークリーム　４Ａ,８０Ｇ,30,11/15まで,-,-,-,-,605,11/15まで
4901301283726 ,ブローネ香りと艶カラークリーム　５,８０Ｇ,30,11/15まで,-,-,-,-,605,11/15まで
4901301283733 ,ブローネ香りと艶カラークリーム　６,８０Ｇ,30,11/15まで,-,-,-,-,605,11/15まで
4901301293152 ,ブローネ香りと艶カラークリーム　５ＲＡ,８０ｇ,30,11/15まで,-,-,-,-,605,11/15まで
4901301293169 ,ブローネ香りと艶カラークリーム　７,８０ｇ,30,11/15まで,-,-,-,-,605,11/15まで
4903111253173 ,チャ－ムナップ　長時間快適用消臭タイプ　１４枚,１４枚,30,11/15まで,-,-,-,-,675,3/31まで
4901080702111 ,酵素入りポリデント,１０８錠,30,11/15まで,-,-,-,-,685,11/15まで
4901080708410 ,部分入れ歯用ポリデント,１０８錠,30,11/15まで,-,-,-,-,685,11/15まで
4901080726414 ,酵素入りポリデント増量品,１０８錠＋６錠,30,11/15まで,-,-,-,-,685,11/15まで
4901080726513 ,部分入れ歯用ポリデント増量品,１０８錠＋６錠,30,11/15まで,-,-,-,-,685,11/15まで
4987246681315 ,酵素入りポリデント増量品,１０８錠＋１２錠,30,11/15まで,-,-,-,-,685,11/15まで
4987246681322 ,部分入れ歯用ポリデント増量品,１０８錠＋１２錠,30,11/15まで,-,-,-,-,685,11/15まで
4903018282047 ,セラプリエ　ヘアクリーム,１２０ｇ,30,11/15まで,-,-,-,-,698,3/31まで
4901609015456 ,ＳＢ流せるトイレブラシ替ジャンボ　ＦＳ,２４個,30,11/15まで,-,-,-,-,705,11/15まで
4901609015463 ,ＳＢ流せるトイレブラシ除菌消臭替ジャンボ　ＷＢ,２４個,30,11/15まで,-,-,-,-,705,11/15まで
4901609016637 ,ＳＢ流せるトイレブラシシトラス替えジャンボパック,２４個,30,11/15まで,-,-,-,-,705,11/15まで
4901609017405 ,ＳＢ流せるトイレブラシ　除菌アイスＭ替えジャンボ,２４個,30,11/15まで,-,-,-,-,705,11/15まで
4901301432742 ,８ｘ４メンミドルボディウォッシュ　ツメカエ,３００ｍＬ,30,11/15まで,-,-,-,-,775,11/15まで
4987176154439 ,ジョイジェルタブＰＲＯ３２Ｐ,４３０ｇ,30,11/15まで,-,-,-,-,925,11/15まで
4987176230966 ,ジョイジェルタブクリスタル３２Ｐ,４３０ｇ,30,11/15まで,-,-,-,-,925,11/15まで
4987176365095 ,ジョイジェルタブＰＲＯシトラス３２Ｐ,４３０ｇ,30,11/15まで,-,-,-,-,925,11/15まで
4987176388827 ,ジョイジェルタブオレンジパッケージ３２Ｐ,４３０ｇ,30,11/15まで,-,-,-,-,925,11/15まで
4903111342570 ,チャ－ムナップ　長時間快適用消臭タイプ　２０枚,２０枚,30,11/15まで,-,-,-,-,925,3/31まで
4901609017177 ,洗たく槽カビキラーＰＲＯ,９０ｇ,30,11/15まで,-,-,-,-,1008,11/15まで
4987176187963 ,ジョイジェルタブＰＲＯ７６Ｐ,１０２２ｇ,30,11/15まで,-,-,-,-,1925,11/15まで
4987176230843 ,ジョイジェルタブクリスタル７６Ｐ,１０２２ｇ,30,11/15まで,-,-,-,-,1925,11/15まで
4987176388872 ,ジョイジェルタブオレンジパッケージ７６Ｐ,１０２２ｇ,30,11/15まで,-,-,-,-,1925,11/15まで
4520699026915 ,銀のスプーンおやつ味わいクランチまぐろかつおたい,１２０ｇ,30,11/15まで,-,-,-,-,-,-
4520699253908 ,銀のスプーン　かつお節チップクッキー　まぐろチキン,６ｇ×１２,30,11/15まで,-,-,-,-,-,-
4520699450444 ,銀のスプーン　かつお節チップクッキー　まぐろかつお,６ｇ×１２,30,11/15まで,-,-,-,-,-,-
4520699591413 ,銀スプおやつ味わいクランチまぐろチキンサーモン,１２０ｇ,30,11/15まで,-,-,-,-,-,-
4520699601570 ,銀スプおやつとろリッチ腎臓まぐろ節かつお節真鯛だし,６ｇ×１８本,30,11/15まで,-,-,-,-,-,-
4520699616673 ,銀スプおやつ　とろリッチ３種のシーフード味アソート,６ｇ×１８本,30,11/15まで,-,-,-,-,-,-
4520699623640 ,銀スプおやつ　とろリッチ３種のお魚味アソート,６ｇ×１８本,30,11/15まで,-,-,-,-,-,-
4520699623770 ,銀スプおやつ　とろリッチ３種魚介鶏ささみアソート,６ｇ×１８本,30,11/15まで,-,-,-,-,-,-
4520699624142 ,三ツ星グルメおやつ　にゃんスプーン　まぐろ＆ささみ,１００ｇ,30,11/15まで,-,-,-,-,-,-
4520699624371 ,三ツ星グルメおやつ　にゃんスプーン　まぐろ＆かつお,１００ｇ,30,11/15まで,-,-,-,-,-,-
4520699624531 ,銀スプおやつ　無添加とろリッチ３種のお魚味,６ｇ×１８本,30,11/15まで,-,-,-,-,-,-
4520699624661 ,三ツ星グルメおやつにゃんスプーン　まぐろ＆サーモン,１００ｇ,30,11/15まで,-,-,-,-,-,-
4520699624760 ,銀スプおやつ　つぶリッチ３種お魚アソート鯛,６ｇ×１８本,30,11/15まで,-,-,-,-,-,-
4520699624937 ,銀スプおやつ　とろリッチ３種お魚鶏アソート,６ｇ×１８本,30,11/15まで,-,-,-,-,-,-
4520699625279 ,銀スプおやつ　総合栄養食とろリッチ,６ｇ×１８本,30,11/15まで,-,-,-,-,-,-
4520699625460 ,銀スプおやつ　総合栄養食とろリッチ３種お魚味,６ｇ×１８本,30,11/15まで,-,-,-,-,-,-
4520699626375 ,三ツ星グルメおやつにゃんスプーン　まぐろシーフード,１００ｇ,30,11/15まで,-,-,-,-,-,-
4520699626726 ,三ツ星グルメおやつ　にゃんスプーンささみ＆サーモン,１００ｇ,30,11/15まで,-,-,-,-,-,-
4520699626955 ,三ツ星グルメおやつにゃんスプーン　ささみシーフード,１００ｇ,30,11/15まで,-,-,-,-,-,-
4520699641064 ,銀スプおやつ　にゃんスプーン腎臓２種まぐろかつお,９０ｇ,30,11/15まで,-,-,-,-,-,-
4520699641125 ,銀スプおやつ　にゃんスプーン総合栄養まぐろかつお,９０ｇ,30,11/15まで,-,-,-,-,-,-
4520699641644 ,銀のスプーン　お魚味クリームどーにゃつまぐろかつお,７２ｇ,30,11/15まで,-,-,-,-,-,-
4520699641712 ,銀のスプーン　お魚味クリームどーにゃつまぐろチキン,７２ｇ,30,11/15まで,-,-,-,-,-,-
4520699650493 ,銀スプおやつとろリッチ毛玉　３種まぐろかつおたい,６ｇ×１８本,30,11/15まで,-,-,-,-,-,-
4520699650950 ,銀スプおやつとろリッチ毛玉　３種まぐろささみほたて,６ｇ×１８本,30,11/15まで,-,-,-,-,-,-
4520699657089 ,三ツ星おやつ　にゃんスプーン毛玉　２種まぐろかつお,１００ｇ,30,11/15まで,-,-,-,-,-,-
4520699666074 ,三ツ星おやつ　にゃんスプーン毛玉　２種まぐろささみ,１００ｇ,30,11/15まで,-,-,-,-,-,-
4520699676912 ,銀スプおやつ　とろリッチ３種魚介　２３ＦＥＢ,６ｇ×１８本,30,11/15まで,-,-,-,-,-,-
4520699682586 ,三ツ星グルメ　クッキーサンド　まぐろ＆かつお,７２ｇ,30,11/15まで,-,-,-,-,-,-
4520699682791 ,三ツ星グルメ　クッキーサンド　まぐろ＆まぐろチキン,７２ｇ,30,11/15まで,-,-,-,-,-,-
4520699683460 ,三ツ星グルメ　クッキーサンド　かつお＆まぐろチキン,７２ｇ,30,11/15まで,-,-,-,-,-,-
4520699684764 ,三ツ星グルメ　にゃんスプーン無添加まぐろ＆かつお,１００ｇ,30,11/15まで,-,-,-,-,-,-
4520699685853 ,三ツ星グルメ　にゃんスプーン無添加まぐろ＆ささみ,１００ｇ,30,11/15まで,-,-,-,-,-,-
4520699692158 ,銀スプおやつとろり３種アソかつおさけぶり,６ｇ×１８本,30,11/15まで,-,-,-,-,-,-
4520699708613 ,銀のスプーン　お魚味クリームどーにゃつ毛玉まぐろ鰹,７２ｇ,30,11/15まで,-,-,-,-,-,-
4560292290672 ,レッドブル・エナジードリンク,３５５ｍｌ,30,11/15まで,-,-,-,-,-,-
4560292292201 ,レッドブル・エナジードリンク　アルミボトル缶,３３０ＭＬ,30,11/15まで,-,-,-,-,-,-
4560319053464 ,素肌すこやか宣言タオル級厚手大判手口ふき１０枚×２,１０枚２Ｐ,30,11/15まで,-,-,-,-,-,-
4570117994463 ,あわ入浴剤　ボトル　アンパンマン,２４５ｍｌ,30,11/15まで,-,-,-,-,-,-
4570118048707 ,びっくら　サンリオ　とろりんアイスキャンディ,７５ｇ,30,11/15まで,-,-,-,-,-,-
4570118118660 ,びっくらたまご　バブル　カービィ,７５ｇ,30,11/15まで,-,-,-,-,-,-
4570118118752 ,びっくら　ちいかわ　リボンなみんな,７５ｇ,30,11/15まで,-,-,-,-,-,-
4570118132895 ,びっくら　トイ・ストーリー　おねがいおねだり,５５ｇ,30,11/15まで,-,-,-,-,-,-
4570118164520 ,びっくら　ピクサー　ふろふちころりん,５５ｇ,30,11/15まで,-,-,-,-,-,-
4570118192981 ,びっくら　日本　バスボール,１１５ｇ,30,11/15まで,-,-,-,-,-,-
4570118193209 ,びっくら　クレしん　チョコビがいっぱい,７５ｇ,30,11/15まで,-,-,-,-,-,-
4573177599678 ,激落ちくんクリンぱトイレクリーナー大判１０枚２Ｐ,１０枚２Ｐ,30,11/15まで,-,-,-,-,-,-
4573267336732 ,アィティーオー）ＩＴＯフェイシャルタオル,６０枚入,30,11/15まで,-,-,-,-,-,-
4580072574839 ,ｍｋ　宇治抹茶ラテ,３８０ｇ,30,11/15まで,-,-,-,-,-,-
4580072574846 ,ｍｋ　濃い宇治抹茶ラテ,３００ｇ,30,11/15まで,-,-,-,-,-,-
4580072575133 ,ｍｋ　あえるパスタソース　洋風,７食,30,11/15まで,-,-,-,-,-,-
4580072575140 ,ｍｋ　あえるパスタソース　和風,７食,30,11/15まで,-,-,-,-,-,-
4901001084159 ,味の素　ほんだし,１２０ｇ,30,11/15まで,-,-,-,-,-,-
4901002151850 ,ＳＢ　どんぶり党　牛丼,３６０ｇ,30,11/15まで,-,-,-,-,-,-
4901002151867 ,ＳＢ　どんぶり党　中華丼,４９５ｇ,30,11/15まで,-,-,-,-,-,-
4901002151874 ,ＳＢ　どんぶり党　親子丼,５４０ｇ,30,11/15まで,-,-,-,-,-,-
4901002191399 ,ＳＢ　どんぶり党　牛丼,３００ｇ,30,11/15まで,-,-,-,-,-,-
4901002191436 ,ＳＢ　どんぶり党　天津飯　３Ｐ,５４０ｇ,30,11/15まで,-,-,-,-,-,-
4901070302932 ,ネオパラエース８００ｇ,８００ｇ,30,11/15まで,-,-,-,-,-,-
4901070303021 ,ムシューダ　１年間　引き出し・衣装ケース用　２４,２４個,30,11/15まで,-,-,-,-,-,-
4901070303038 ,ムシューダ　１年間有効　クローゼット用　３個入,３個,30,11/15まで,-,-,-,-,-,-
4901070303212 ,かおりネオパラエース８００ｇ　やさしいフローラル,８００Ｇ,30,11/15まで,-,-,-,-,-,-
4901070303465 ,ムシューダ　ダニよけ　本体,２２０ｍＬ,30,11/15まで,-,-,-,-,-,-
4901070303540 ,ムシューダダニよけ大判シート,２枚,30,11/15まで,-,-,-,-,-,-
4901070303595 ,ムシューダ１年引き出し用２４個入やわらかフローラル,２４個,30,11/15まで,-,-,-,-,-,-
4901070303601 ,ムシューダ１年引き出し用２４個入マイルドソープ,２４個,30,11/15まで,-,-,-,-,-,-
4901070303618 ,ムシューダ１年クローゼット用３個やわらかフローラル,３個,30,11/15まで,-,-,-,-,-,-
4901070303625 ,ムシューダ１年クローゼット用３個マイルドソープ,３個,30,11/15まで,-,-,-,-,-,-
4901070303823 ,ネオパラエース　７００ｇ,７００ｇ,30,11/15まで,-,-,-,-,-,-
4901070303830 ,かおりネオパラエース　７００ｇ,７００ｇ,30,11/15まで,-,-,-,-,-,-
4901080065018 ,凍らすジェット　冷凍殺虫　３００ｍｌ,３００ｍｌ,30,11/15まで,-,-,-,-,-,-
4901080066503 ,アース　虫コロリアース,３００ｍｌ,30,11/15まで,-,-,-,-,-,-
4901080158710 ,クローゼットにおくだけ防虫力　ハーブミントの香り,３００МＬ,30,11/15まで,-,-,-,-,-,-
4901080158819 ,クローゼットにおくだけ防虫力　フローラルソープ香り,３００МＬ,30,11/15まで,-,-,-,-,-,-
4901080317216 ,スッキーリ！　トイレ用　ほがらかなキンモクイセイ,４００ｍｌ,30,11/15まで,-,-,-,-,-,-
4901080587510 ,トイレのスッキーリ　華やかなピンクブーケ,４００ｍｌ,30,11/15まで,-,-,-,-,-,-
4901080623119 ,トイレのスッキーリ　可憐なホワイトフローラル,４００ｍｌ,30,11/15まで,-,-,-,-,-,-
4901080623218 ,トイレのスッキーリ　さわやかなグレープフルーツ,４００ｍｌ,30,11/15まで,-,-,-,-,-,-
4901080646910 ,トイレのスッキーリさわやかなフローラルソープ,４００ｍｌ,30,11/15まで,-,-,-,-,-,-
4901080647016 ,トイレのスッキーリ優雅なナチュラルラベンダー,４００ｍｌ,30,11/15まで,-,-,-,-,-,-
4901080647115 ,トイレのスッキーリみずみずしいシトラス,４００ｍｌ,30,11/15まで,-,-,-,-,-,-
4901080649218 ,トイレのスッキーリ無香料,４００ｍｌ,30,11/15まで,-,-,-,-,-,-
4901080653413 ,お風呂の排水口用ピンクヌメリ予防　防カビプラス,１個,30,11/15まで,-,-,-,-,-,-
4901113332971 ,素材まるごとグラノラ　朝摘みいちご　大容量,６００ｇ,30,11/15まで,-,-,-,-,-,-
4901113455182 ,オールブラン　フルーツミックス,２６０ｇ,30,11/15まで,-,-,-,-,-,-
4901113662641 ,オールブラン　ブランフレーク　大容量,４２０ｇ,30,11/15まで,-,-,-,-,-,-
4901113807721 ,オールブラン　ブランリッチ　大容量,４２０ｇ,30,11/15まで,-,-,-,-,-,-
4901113853278 ,オールブラン　フルーツミックス　大容量,４３０ｇ,30,11/15まで,-,-,-,-,-,-
4901113914375 ,素材まるごとグラノラ脂質７０％オフ　香るフルーツ,５３０ｇ,30,11/15まで,-,-,-,-,-,-
4901121204314 ,ネピアトイレットロール１．５倍　Ｓ　８Ｒ,８２．５ｍ　８Ｒ,30,11/15まで,-,-,-,-,-,-
4901121278001 ,ネピアトイレットロール１．５倍　Ｗ　８Ｒ,４５ｍ　８Ｒ,30,11/15まで,-,-,-,-,-,-
4901121278025 ,ネピアトイレットロール１．５倍　ボタニカル　８Ｒ,３７．５ｍ　８Ｒ,30,11/15まで,-,-,-,-,-,-
4901121635248 ,ネピアよそいき保湿ソフトパックティシュバッグイン,９０組（２７０枚）５Ｐ,30,11/15まで,-,-,-,-,-,-
4901133651908 ,ちゅ～る乳酸菌クランキー　チキン味,２２ｇ×５袋,30,11/15まで,-,-,-,-,-,-
4901133671630 ,ちゅ～るごはんＢＯＸ　ささみチーズ野菜バラエティ,１４ｇ×２０Ｐ,30,11/15まで,-,-,-,-,-,-
4901301202970 ,ブローネヘアマニキュア　ライトブラウン　付替用,７２Ｇ,30,11/15まで,-,-,-,-,-,-
4901301202994 ,ブローネヘアマニキュア　ブラウン　付替用,７２Ｇ,30,11/15まで,-,-,-,-,-,-
4901301203014 ,ブローネヘアマニキュア　ダークブラウン　付替用,７２Ｇ,30,11/15まで,-,-,-,-,-,-
4901301203038 ,ブローネヘアマニキュア　ナチュラルブラック　付替用,７２Ｇ,30,11/15まで,-,-,-,-,-,-
4901301203052 ,ブローネヘアマニキュア　ティーブラウン　付替用,７２Ｇ,30,11/15まで,-,-,-,-,-,-
4901301203113 ,ブローネヘアマニキュア　アッシュブラウン　付替用,７２Ｇ,30,11/15まで,-,-,-,-,-,-
4901301203250 ,クリアクリーンホワイトニングデンタルＲ,６００ｍＬ,30,11/15まで,-,-,-,-,-,-
4901301236753 ,アトリックスビューティチャージ,８０ｇ,30,11/15まで,-,-,-,-,-,-
4901301241306 ,クリアクリーンデンタルリンス　６００ｍｌ,６００ｍＬ,30,11/15まで,-,-,-,-,-,-
4901301253545 ,ニベア　ディープモイスチャーリップ　無香料,２．２ｇ,30,11/15まで,-,-,-,-,-,-
4901301253552 ,ニベア　ディープモイスチャーリップ　はちみつの香り,２．２ｇ,30,11/15まで,-,-,-,-,-,-
4901301263452 ,クリアクリーンデンタルリンス　１０００ｍｌ,１０００ｍＬ,30,11/15まで,-,-,-,-,-,-
4901301271297 ,リーゼ　ふんわりパーマもどしフォームつめかえ用,１８０ｍＬ,30,11/15まで,-,-,-,-,-,-
4901301271327 ,リーゼ　毛先まで一気に内向きシャワーつめかえ用,１８０ｍＬ,30,11/15まで,-,-,-,-,-,-
4901301271594 ,ニベア　Ｄモイスチャーリップ　オリーブ＆レモン,２．２ｇ,30,11/15まで,-,-,-,-,-,-
4901301272102 ,アトリックス　ビューティーチャージピーチティー,８０ｇ,30,11/15まで,-,-,-,-,-,-
4901301282279 ,アトリックス　ビューティーＣナイトスペリア,９８ｇ,30,11/15まで,-,-,-,-,-,-
4901301312389 ,アトリックス　ビューティーチャージローズ＆ベリー,８０ｇ,30,11/15まで,-,-,-,-,-,-
4901301325747 ,ニベア　リッチケア＆カラーリップ　シアーレッド,２ｇ,30,11/15まで,-,-,-,-,-,-
4901301325914 ,ニベア　リッチケア＆カラーリップ　スモーキーローズ,２ｇ,30,11/15まで,-,-,-,-,-,-
4901301325921 ,ニベア　リッチケア＆カラーリップ　フレンチピンク,２ｇ,30,11/15まで,-,-,-,-,-,-
4901301328908 ,ビオレｕ角層まで浸透するうるおいミルク無香料　かえ,２５０ｍＬ,30,11/15まで,-,-,-,-,-,-
4901301328915 ,ビオレｕ角層まで浸透うるおいミルクフローラル　かえ,２５０ｍＬ,30,11/15まで,-,-,-,-,-,-
4901301328922 ,ビオレｕ角層まで浸透うるおいミルクフルーツ　かえ,２５０ｍＬ,30,11/15まで,-,-,-,-,-,-
4901301335678 ,クリアクリーン　プレミアム美白　１００ｇ,１００ｇ,30,11/15まで,-,-,-,-,-,-
4901301337870 ,クリアクリーン　プレミアム　１００ｇ,１００ｇ,30,11/15まで,-,-,-,-,-,-
4901301342287 ,アトリックス　ビューティーチャージ　はちみつ＆ゆず,８０ｇ,30,11/15まで,-,-,-,-,-,-
4901301342294 ,ニベア　リッチケア＆カラーリップ　ボルドー,２ｇ,30,11/15まで,-,-,-,-,-,-
4901301343048 ,クリアクリーンデンタルリンスライトミント,６００ｍＬ,30,11/15まで,-,-,-,-,-,-
4901301347695 ,バスマジックリン泡ＳＰスーパーグリーンハーブ本体,３８０ｍｌ,30,11/15まで,-,-,-,-,-,-
4901301347701 ,バスマジックリン泡ＳＰスーパーアロマローズ本体,３８０ｍｌ,30,11/15まで,-,-,-,-,-,-
4901301347718 ,バスマジックリン泡ＳＰスーパー香り残らない本体,３８０ｍｌ,30,11/15まで,-,-,-,-,-,-
4901301350183 ,ビオレｕ　　お風呂で使ううるおいミルク　無香料　替,２５０ｍＬ,30,11/15まで,-,-,-,-,-,-
4901301350190 ,ビオレｕ　お風呂で使ううるおいミルク　フローラル,２５０ｍＬ,30,11/15まで,-,-,-,-,-,-
4901301355560 ,ニベア　リッチケア＆カラーリップ　ラズベリーピンク,２ｇ,30,11/15まで,-,-,-,-,-,-
4901301355577 ,ニベア　Ｄモイスチャーリップ　バニラ＆マカダミ,２．２ｇ,30,11/15まで,-,-,-,-,-,-
4901301366597 ,リーゼまとめ髪つくるフォーム　つめかえ用,１８０ｍｌ,30,11/15まで,-,-,-,-,-,-
4901301369918 ,ニベア　リッチケア＆カラーリップ　グロッシーベージ,２ｇ,30,11/15まで,-,-,-,-,-,-
4901301381309 ,ニベア　リッチケア＆カラーリップ　コーラルレッド,２ｇ,30,11/15まで,-,-,-,-,-,-
4901301381316 ,ニベア　リッチケア＆カラーリップ　カメリアピンク,２ｇ,30,11/15まで,-,-,-,-,-,-
4901301382023 ,クリアクリーン　プレミアム　美白　１６０ｇ,１６０ｇ,30,11/15まで,-,-,-,-,-,-
4901301392671 ,バスマジックリン除菌・抗菌アルコール成分プラス本体,３８０ｍｌ,30,11/15まで,-,-,-,-,-,-
4901301406392 ,ニベア　ディープモイスチャーリップ　メルティ無香,２．２ｇ,30,11/15まで,-,-,-,-,-,-
4901301408204 ,ビオレ　ザフェイス泡洗顔料　ディープモイスト詰替,３４０ｍｌ,30,11/15まで,-,-,-,-,-,-
4901301408211 ,ビオレ　ザフェイス　泡洗顔料　モイスト　つめかえ用,３４０ｍｌ,30,11/15まで,-,-,-,-,-,-
4901301408228 ,ビオレ　ザフェイス　泡洗顔料　アクネケア　つめかえ,３４０ｍｌ,30,11/15まで,-,-,-,-,-,-
4901301408235 ,ビオレ　ザフェイス　泡洗顔料　オイルコントロール,３４０ｍｌ,30,11/15まで,-,-,-,-,-,-
4901301408259 ,ビオレ　ザフェイス　泡洗顔　ひんやりミント詰替,３４０ｍｌ,30,11/15まで,-,-,-,-,-,-
4901301408631 ,ニベア　ディープモイスチャーリップ　メルティはちみ,２．２ｇ,30,11/15まで,-,-,-,-,-,-
4901301412492 ,ビオレ　ザフェイス泡洗顔料　金木犀の香り　つめかえ,３４０ｍｌ,30,11/15まで,-,-,-,-,-,-
4901301414397 ,ビオレ　ザフェイス　泡洗顔料　スムースクリア　つめ,３４０ｍｌ,30,11/15まで,-,-,-,-,-,-
4901301418753 ,ニベアＤモイスチャーリップメルティ　オリーブレモン,２．２ｇ,30,11/15まで,-,-,-,-,-,-
4901301418760 ,ニベアＤモイスチャーリップメルティ　バニラ,２．２ｇ,30,11/15まで,-,-,-,-,-,-
4901301418777 ,ニベア　リッチケア＆カラーリップ　チェリーブラウン,２ｇ,30,11/15まで,-,-,-,-,-,-
4901301418784 ,ニベア　リッチケア＆カラーリップ　ルビーレッド,２ｇ,30,11/15まで,-,-,-,-,-,-
4901301419316 ,ニベア　スキンミルク　しっとり　３５０ｇ,３５０ｇ,30,11/15まで,-,-,-,-,-,-
4901301426529 ,バスマジックリンＳＵＰＥＲ泡洗浄香りが残らない本体,３５０ｍｌ,30,11/15まで,-,-,-,-,-,-
4901301426550 ,バスマジックリンＳＵＰＥＲ泡洗浄グリーンハーブ本体,３５０ｍｌ,30,11/15まで,-,-,-,-,-,-
4901301426581 ,バスマジックリンＳＵＰＥＲ泡洗浄アロマローズ本体,３５０ｍｌ,30,11/15まで,-,-,-,-,-,-
4901301434173 ,ビオレ　ザフェイス泡洗顔ＳＣ　プラス　詰替,３４０ｍＬ,30,11/15まで,-,-,-,-,-,-
4901301439000 ,ニベアソフト　スキンケアクリーム　チューブ１７０ｇ,１７０ｇ,30,11/15まで,-,-,-,-,-,-
4901301439499 ,ピュオーラクリーンミント　大容量１７０ｇ,１７０ｇ,30,11/15まで,-,-,-,-,-,-
4901301439505 ,ピュオーラストロングミント　大容量１７０ｇ,１７０ｇ,30,11/15まで,-,-,-,-,-,-
4901301439512 ,ピュオーラフレッシュカシス　大容量１７０ｇ,１７０ｇ,30,11/15まで,-,-,-,-,-,-
4901301439888 ,ビオレ　ザフェイス泡洗顔ＤＭ　金木犀　つめかえ用,３４０ｍＬ,30,11/15まで,-,-,-,-,-,-
4901301446350 ,アトリックス　ビューティーチャージ　金木犀　８０ｇ,８０ｇ,30,11/15まで,-,-,-,-,-,-
4901301452160 ,ニベア　スキンミルク　クリーミィ　３５０ｇ,３５０ｇ,30,11/15まで,-,-,-,-,-,-
4901301452177 ,ニベア　スキンミルク　さっぱり　３５０ｇ,３５０ｇ,30,11/15まで,-,-,-,-,-,-
4901301452672 ,アトリックス　ＢＣプレミアム　トーンアップサクラ,６０ｇ,30,11/15まで,-,-,-,-,-,-
4901301452696 ,アトリックス　ＢＣプレミアム　トーンアップ無香,６０ｇ,30,11/15まで,-,-,-,-,-,-
4901301467768 ,バスマジックリンパワフル泡洗浄　無残香　本体,３５０ｍｌ,30,11/15まで,-,-,-,-,-,-
4901301467928 ,ロリエ　さらふわ肌特に多い昼用羽つき２８コ,２８コ,30,11/15まで,-,-,-,-,-,-
4901301467935 ,ロリエ　さらふわ肌多い昼用羽つき３４コ,３４コ,30,11/15まで,-,-,-,-,-,-
4901301467973 ,ＡＴ　ＢＣナイトスペリア　リラクシングラベンダー,９８ｇ,30,11/15まで,-,-,-,-,-,-
4901301467980 ,ＭＫアトリックス　Ｂチャージペアーガーデン,８０ｇ,30,11/15まで,-,-,-,-,-,-
4901301467997 ,バスマジックリンパワフル泡洗浄　ローズ　本体,３５０ｍｌ,30,11/15まで,-,-,-,-,-,-
4901301468000 ,バスマジックリンパワフル泡洗浄　ハーブ　本体,３５０ｍｌ,30,11/15まで,-,-,-,-,-,-
4901301468031 ,アトリックス　ビューティーＣ　ホワイトサボン８０ｇ,８０ｇ,30,11/15まで,-,-,-,-,-,-
4901301468338 ,トイレマジックリン消臭洗浄スプレーミント　本体,３５０ｍｌ,30,11/15まで,-,-,-,-,-,-
4901301469724 ,アトリックス　ビューティーＣ　ローズミュゲ　８０ｇ,８０ｇ,30,11/15まで,-,-,-,-,-,-
4901301471598 ,ニベアソフト　パペットスンスンデザイン１７０ｇ,１７０ｇ,30,11/15まで,-,-,-,-,-,-
4901306053492 ,野菜一日これ一杯　スマートＰＥＴ,７２０ｍｌ,30,11/15まで,-,-,-,-,-,-
4901306300428 ,カゴメ　野菜一日これ一杯トリプルケア,７２０ｍｌ,30,11/15まで,-,-,-,-,-,-
4901372402781 ,キーコーヒー　ＩＣスペシャルＢＬ袋,６０ｇ,30,11/15まで,-,-,-,-,-,-
4901372402798 ,キーコーヒー　ＩＣスペシャルＢＬ深煎　袋,６０ｇ,30,11/15まで,-,-,-,-,-,-
4901417170071 ,ナイーブ　ボディソープ（月下美人の香り）詰替用,３６０ｍＬ,30,11/15まで,-,-,-,-,-,-
4901417170095 ,ナイーブ　泡ボディソープ（月下美人の香り）詰替用,４８０ｍＬ,30,11/15まで,-,-,-,-,-,-
4901417619112 ,いち髪　潤濃和草エッセンス,１００ｍＬ,30,11/15まで,-,-,-,-,-,-
4901417619129 ,いち髪　和草オイル,５０ｍＬ,30,11/15まで,-,-,-,-,-,-
4901417619457 ,いち髪　なめらかスムースケア　トリートメント,２３０ｇ,30,11/15まで,-,-,-,-,-,-
4901417619464 ,いち髪　濃密Ｗ保湿ケア　トリートメント,２３０ｇ,30,11/15まで,-,-,-,-,-,-
4901417619471 ,いち髪　ダメージリペア＆カラーケア　トリートメント,２３０ｇ,30,11/15まで,-,-,-,-,-,-
4901417627490 ,いち髪　流し前髪キープコーム,９ｍｌ,30,11/15まで,-,-,-,-,-,-
4901417655387 ,プロスタイルヒートケア＆スタイリング　ローション,１２０ｍＬ,30,11/15まで,-,-,-,-,-,-
4901417655394 ,プロスタイル　ヒートケア＆スタイリング　ミルク,１２０ｍＬ,30,11/15まで,-,-,-,-,-,-
4901417667311 ,プロスタイル　ニュアンスメイクオイル,７０ｍＬ,30,11/15まで,-,-,-,-,-,-
4901417667342 ,プロスタイル　ニュアンスメイクオイルバーム,３２ｇ,30,11/15まで,-,-,-,-,-,-
4901417667366 ,プロスタイル　ニュアンスメイクオイル　クロミ限定,７０ｍＬ,30,11/15まで,-,-,-,-,-,-
4901417667380 ,プロスタイル　ニュアンスメイクオイル　バッドばつ丸,７０ｍｌ,30,11/15まで,-,-,-,-,-,-
4901417667397 ,プロスタイル　ニュアンスメイクオイルバーム　アレン,３２ｇ,30,11/15まで,-,-,-,-,-,-
4901417667649 ,プロスタイル　ニュアンスメイクオイル　（ナルミヤ）,７０ｍｌ,30,11/15まで,-,-,-,-,-,-
4901417667656 ,プロスタイル　ニュアンスメイクバーム（ナルミヤ）,３２ｇ,30,11/15まで,-,-,-,-,-,-
4901422324575 ,ラクッチョ　クッキングシート　Ｍ　１６ｍ,２５ｃｍ×１６ｍ,30,11/15まで,-,-,-,-,-,-
4901422324582 ,ラクッチョ　クッキングシート　Ｌ　１６ｍ,３０ｃｍ×１６ｍ,30,11/15まで,-,-,-,-,-,-
4901609011687 ,ファミリーガード除菌スプレー　マウンテンエア,３００ｍｌ,30,11/15まで,-,-,-,-,-,-
4901609011694 ,ファミリーガード除菌スプレー　無香,３００ｍｌ,30,11/15まで,-,-,-,-,-,-
4901609011984 ,ＦＧアルコール除菌リビング・寝室用　本体,４００ｍｌ,30,11/15まで,-,-,-,-,-,-
4901616218383 ,ガム・プレミアムブラシ　＃０８　７列超幅広ヘッド,やわらかめ,30,11/15まで,-,-,-,-,-,-
4901616218390 ,ガム・プレミアムブラシ　＃０８　７列超幅広ヘッド,ふつう,30,11/15まで,-,-,-,-,-,-
4901670108910 ,クックパー　フライパン用ホイル,２５ｃｍ×７ｍ,30,11/15まで,-,-,-,-,-,-
4901730230254 ,バンドエイド　肌色　Ｌサイズ　１０枚,１０枚入,30,11/15まで,-,-,-,-,-,-
4901730260480 ,ジョンソンベビー全身シャンプー泡タイプ替２Ｐ,３５０ｍＬ×２,30,11/15まで,-,-,-,-,-,-
4901730260497 ,ジョンソンベビーすやすや全身シャンプー泡替２Ｐ,３５０ｍＬ×２,30,11/15まで,-,-,-,-,-,-
4902011106831 ,キレキラ！トイレクリーナーつめかえ用６０枚,１０枚×６Ｐ,30,11/15まで,-,-,-,-,-,-
4902011120493 ,キミおもい　オールインにゃんサンド,６Ｌ,30,11/15まで,-,-,-,-,-,-
4902011123074 ,エリエールフタつきウエット　アルコール１Ｐ,８０枚,30,11/15まで,-,-,-,-,-,-
4902011123081 ,エリエールフタつきウエット　ノンアルコール１Ｐ,８０枚,30,11/15まで,-,-,-,-,-,-
4902011123104 ,エリエールフタつきウエット　純水１Ｐ,８０枚,30,11/15まで,-,-,-,-,-,-
4902011736724 ,エリエールキレキラシトラスミント本体,１０枚,30,11/15まで,-,-,-,-,-,-
4902011736793 ,エリエール　キレキラ！１枚で徹底おそうじシート本体,１０枚,30,11/15まで,-,-,-,-,-,-
4902011736816 ,エリエール　キレキラ！ハッピーローズ本体,１０枚,30,11/15まで,-,-,-,-,-,-
4902111787190 ,ラックスダメージリペア　ポンプペア　ミニＴＲ付,４００ｇ＋４００ｇ,30,11/15まで,-,-,-,-,-,-
4902201217866 ,モンプチボックス　小魚７種のブレンド,２００ｇ,30,11/15まで,-,-,-,-,-,-
4902201217903 ,モンプチボックス　毛玉ケア７種のブレンド,２００ｇ,30,11/15まで,-,-,-,-,-,-
4902201217910 ,モンプチボックス　かつお節７種のブレンド,２００ｇ,30,11/15まで,-,-,-,-,-,-
4902201217934 ,モンプチボックス　期間限定かつお節チップ,２００ｇ,30,11/15まで,-,-,-,-,-,-
4902201218443 ,モンプチボックス　厳選えびだし入り,１９０ｇ,30,11/15まで,-,-,-,-,-,-
4902201218450 ,モンプチボックス　厳選いわしだし入り,１９０ｇ,30,11/15まで,-,-,-,-,-,-
4902201218467 ,モンプチボックス　厳選かつおだし入り,１９０ｇ,30,11/15まで,-,-,-,-,-,-
4902201219068 ,モンプチボックス　サクうま海の幸ブレンド,１６０ｇ,30,11/15まで,-,-,-,-,-,-
4902201219075 ,モンプチボックス　サクうまお魚ブレンド,１６０ｇ,30,11/15まで,-,-,-,-,-,-
4902201423984 ,ネスカフェ　ふわラテ　ミルクティー,２６Ｐ,30,11/15まで,-,-,-,-,-,-
4902201427104 ,ネスレ　ふわラテ　ミルクココア,２２Ｐ,30,11/15まで,-,-,-,-,-,-
4902201428095 ,ネスレ　香るまろやか抹茶ラテ,２０Ｐ,30,11/15まで,-,-,-,-,-,-
4902201428835 ,ネスレ　ふわラテ　ほうじ茶ラテ,２０Ｐ,30,11/15まで,-,-,-,-,-,-
4902201432672 ,ゴールドブレンド　スティックコーヒー,２２Ｐ,30,11/15まで,-,-,-,-,-,-
4902201432689 ,ゴールドブレンド　コク深め　スティックコーヒー,２２Ｐ,30,11/15まで,-,-,-,-,-,-
4902201433310 ,ゴールドブレンド　香り華やぐ　スティックコーヒー,２２Ｐ,30,11/15まで,-,-,-,-,-,-
4902201438124 ,ネスカフェ　ふわラテ　まろやかミルク,２６Ｐ,30,11/15まで,-,-,-,-,-,-
4902201439923 ,ネスカフェ　ふわラテ,２６Ｐ,30,11/15まで,-,-,-,-,-,-
4902201439930 ,ネスカフェ　ふわラテ　まったり深い味,２６Ｐ,30,11/15まで,-,-,-,-,-,-
4902201439947 ,ネスカフェ　ふわラテ　ハーフ＆ハーフ,２６Ｐ,30,11/15まで,-,-,-,-,-,-
4902201440462 ,ネスレ　香味焙煎ひとときの贅沢スティックコーヒー　,２２Ｐ,30,11/15まで,-,-,-,-,-,-
4902201442169 ,ネスカフェ　ふわラテ　ほっこりカフェインレス,２０Ｐ,30,11/15まで,-,-,-,-,-,-
4902201444507 ,ネスカフェ　ふわラテ　ミルクココア,２０Ｐ,30,11/15まで,-,-,-,-,-,-
4902201444569 ,ネスレ　エクセラ　スティックコーヒー,２２本,30,11/15まで,-,-,-,-,-,-
4902201444576 ,ネスカフェ　ゴールドブレンド　スティックコーヒー,１８Ｐ,30,11/15まで,-,-,-,-,-,-
4902201444583 ,ネスカフェ　ゴールドブレンド　コク深めスティックＣ,１８Ｐ,30,11/15まで,-,-,-,-,-,-
4902201444712 ,ネスカフェ　ふわラテ　アイスラテ,１８Ｐ,30,11/15まで,-,-,-,-,-,-
4902201445665 ,ネスカフェ　ふわラテ　キャラメルラテ,２０Ｐ,30,11/15まで,-,-,-,-,-,-
4902201445672 ,ネスカフェ　ふわラテ　ほんわか　カフェモカ,２０Ｐ,30,11/15まで,-,-,-,-,-,-
4902397834021 ,カルカンパウチ　まぐろ,７０ｇ×８ｐ,30,11/15まで,-,-,-,-,-,-
4902397834076 ,カルカンパウチ　１２ヵ月までの子ねこ用　まぐろ,７０ｇ×８ｐ,30,11/15まで,-,-,-,-,-,-
4902397834144 ,カルカンパウチ　まぐろ　たい入り,７０ｇ×８ｐ,30,11/15まで,-,-,-,-,-,-
4902397839422 ,カルカンパウチ　１８歳から　まぐろ,７０ｇ×８ｐ,30,11/15まで,-,-,-,-,-,-
4902397847724 ,カルカンパウチ　子ねこお魚ミックスまぐろかつお,７０ｇ×８,30,11/15まで,-,-,-,-,-,-
4902397847885 ,カルカンパウチ　お魚ミックスまぐろ・かつお・白身魚,７０ｇ×８Ｐ,30,11/15まで,-,-,-,-,-,-
4902397849070 ,カルカンパウチ　お魚・お肉ミックスまぐろかつお,７０ｇ×８,30,11/15まで,-,-,-,-,-,-
4902397852070 ,カルカンパウチ　お魚ミックスまぐろかつおたい,７０ｇ×８,30,11/15まで,-,-,-,-,-,-
4902397852094 ,カルカンパウチ　海の幸まぐろ・白身魚・さけ,７０ｇ×８,30,11/15まで,-,-,-,-,-,-
4902397857150 ,カルカンパウチ　お魚・お肉ミックス　まぐろ・ほたて,７０ｇ×８,30,11/15まで,-,-,-,-,-,-
4902397857198 ,カルカンパウチ２種かつおまぐろ白身魚,７０ｇ×８,30,11/15まで,-,-,-,-,-,-
4902397857211 ,カルカンパウチ２種まぐろかつまぐろさけ,７０ｇ×８,30,11/15まで,-,-,-,-,-,-
4902397857235 ,カルカンパウチ１８歳海の幸ミックス,７０ｇ×８,30,11/15まで,-,-,-,-,-,-
4902397873341 ,カルカンパウチ　まぐろ,６０ｇ×８Ｐ,30,11/15まで,-,-,-,-,-,-
4902397873358 ,カルカンパウチ　まぐろたい,６０ｇ×８Ｐ,30,11/15まで,-,-,-,-,-,-
4902397873365 ,カルカンパウチ　魚肉ミックスまぐろほたて笹身,６０ｇ×８Ｐ,30,11/15まで,-,-,-,-,-,-
4902397873372 ,カルカンパウチ　お魚ミックスまぐろ・鰹・白身魚,６０ｇ×８Ｐ,30,11/15まで,-,-,-,-,-,-
4902397873389 ,カルカンパウチ　魚肉ミックスまぐろ・鰹・笹身,６０ｇ×８Ｐ,30,11/15まで,-,-,-,-,-,-
4902397873396 ,カルカンパウチ　魚ミックスまぐろ・鰹・たい,６０ｇ×８Ｐ,30,11/15まで,-,-,-,-,-,-
4902397873402 ,カルカンパウチ　まぐろ平目,６０ｇ×８Ｐ,30,11/15まで,-,-,-,-,-,-
4902397873419 ,カルカンパウチ　子ねこ用まぐろ,６０ｇ×８Ｐ,30,11/15まで,-,-,-,-,-,-
4902397873426 ,カルカンパウチ　子猫魚ミックスまぐろ・鰹・白身魚,６０ｇ×８Ｐ,30,11/15まで,-,-,-,-,-,-
4902397873471 ,カルカンパウチ　１８歳まぐろ,６０ｇ×８Ｐ,30,11/15まで,-,-,-,-,-,-
4902397873495 ,カルカンパウチ　２種まぐろ入鰹かにかま,６０ｇ×８Ｐ,30,11/15まで,-,-,-,-,-,-
4902397873501 ,カルカンパウチ　２種まぐろかつお節まぐろ鮭,６０ｇ×８Ｐ,30,11/15まで,-,-,-,-,-,-
4902397873525 ,カルカンパウチ　２種かつお節入まぐろ笹身・白身,６０ｇ×８Ｐ,30,11/15まで,-,-,-,-,-,-
4902397873532 ,カルカンパウチ　２種かにかま白身魚,６０ｇ×８Ｐ,30,11/15まで,-,-,-,-,-,-
4902397873549 ,カルカンパウチ　２種まぐろ鯛・まぐろ鰹,６０ｇ×８Ｐ,30,11/15まで,-,-,-,-,-,-
4902397873570 ,カルカンパウチ　１８歳お魚ミックス海の幸ミックス,６０ｇ×８Ｐ,30,11/15まで,-,-,-,-,-,-
4902397875130 ,カルカンパウチ　海の幸まぐろ・白身魚・帆立,６０ｇ×８Ｐ,30,11/15まで,-,-,-,-,-,-
4902397900795 ,カルカンパウチ　パテささみ無添加,６０ｇ×８Ｐ,30,11/15まで,-,-,-,-,-,-
4902397900818 ,カルカンパウチ　パテまぐろ無添加,６０ｇ×８Ｐ,30,11/15まで,-,-,-,-,-,-
4902397900849 ,カルカンパウチ　パテお魚お肉無添加,６０ｇ×８Ｐ,30,11/15まで,-,-,-,-,-,-
4902397901457 ,カルカンパウチ　パテまぐろ帆立無添加,６０ｇ×８Ｐ,30,11/15まで,-,-,-,-,-,-
4902397901488 ,カルカンパウチ　１１歳ペーストまぐろ無添加,６０ｇ×８Ｐ,30,11/15まで,-,-,-,-,-,-
4902397901495 ,カルカンパウチ　パテかつお無添加,６０ｇ×８Ｐ,30,11/15まで,-,-,-,-,-,-
4902407104199 ,パラゾールノンカット袋入　７００Ｇ,７００ｇ,30,11/15まで,-,-,-,-,-,-
4902407104373 ,かおりパラゾールノンカット袋入７００ｇ金木犀の香り,７００ｇ,30,11/15まで,-,-,-,-,-,-
4902407393876 ,ドライ＆ドライＵＰ引き出し衣装ケース用ＦＢ,１２シート,30,11/15まで,-,-,-,-,-,-
4902407393890 ,ドライ＆ドライＵＰクローゼット　洋服ダンス用ＦＢ,４シート,30,11/15まで,-,-,-,-,-,-
4902407393937 ,ドライ＆ドライＵＰクローゼット・洋服ダンス用金木犀,４シート,30,11/15まで,-,-,-,-,-,-
4902407393944 ,ドライ＆ドライＵＰ引き出し衣装ケース用金木犀,１２シート,30,11/15まで,-,-,-,-,-,-
4902424448276 ,ドラデスパワー速効プレミアム１６包入,２ｇ×１６個,30,11/15まで,-,-,-,-,-,-
4902555269429 ,ショコラウェファース（熟成蜜芋）袋,１２個,30,11/15まで,-,-,-,-,-,-
4902590156890 ,ＡＪＩＮＯＭＯＴＯ　オリーブオイル,３００ｇ,30,11/15まで,-,-,-,-,-,-
4902705033535 ,北海道十勝生モッツァレラ,１００Ｇ,30,11/15まで,-,-,-,-,-,-
4902705097087 ,コーンソフト,３００ｇ,30,11/15まで,-,-,-,-,-,-
4902705128200 ,明治生モッツァレラ　バジル仕立て,１００ｇ,30,11/15まで,-,-,-,-,-,-
4902720167215 ,ビヒダスヨーグルト　Ｗのビフィズス菌,４００ｇ,30,11/15まで,-,-,-,-,-,-
4902777143460 ,チョコ効果カカオ７２％カカオフラバノールプラス,６０ｇ,30,11/15まで,-,-,-,-,-,-
4902820136203 ,カップｄｅごはん麻婆豆腐中辛,１０７．４ｇ,30,11/15まで,-,-,-,-,-,-
4902820136210 ,カップｄｅごはん麻婆豆腐辛口,１０７．４ｇ,30,11/15まで,-,-,-,-,-,-
4902888224058 ,カカオ８８,１８枚,30,11/15まで,-,-,-,-,-,-
4902888265457 ,カレ・ド・ショコラ＜フレンチミルク＞,１８枚,30,11/15まで,-,-,-,-,-,-
4902888265761 ,カレ・ド・ショコラ＜マダガスカルホワイト＞,１８枚,30,11/15まで,-,-,-,-,-,-
4902888265778 ,カレ・ド・ショコラ＜カカオ７０＞,１８枚,30,11/15まで,-,-,-,-,-,-
4902888272080 ,カレ・ド・ショコラ＜ジャンドゥーヤ＞,１８枚,30,11/15まで,-,-,-,-,-,-
4902888272097 ,カレ・ド・ショコラ＜ラングドシャ＞,１８枚,30,11/15まで,-,-,-,-,-,-
4902888274114 ,カレ・ド・ショコラ＜カカオ７０ストロベリー＞,１８枚,30,11/15まで,-,-,-,-,-,-
4902888280016 ,カレ・ド・ショコラ＜ドゥーブルナッツ＞,１８枚,30,11/15まで,-,-,-,-,-,-
4902888280023 ,カレ・ド・ショコラ＜フィアンティーヌ＞,１８枚,30,11/15まで,-,-,-,-,-,-
4902895041112 ,太陽のさちＥＸ石けん,１００ｇ,30,11/15まで,-,-,-,-,-,-
4902895042935 ,汗かきエステ気分　分包アソート,６包,30,11/15まで,-,-,-,-,-,-
4902895043253 ,無添加泡の石けんボディソープ大容量Ｎ,１３５０ｍｌ,30,11/15まで,-,-,-,-,-,-
4902899481037 ,ｍｋ　貼らないカイロレギュラーＡ１０個,１０個,30,11/15まで,-,-,-,-,-,-
4902899481129 ,ｍｋ　貼らないカイロミニＡ１０個,１０個,30,11/15まで,-,-,-,-,-,-
4902899481235 ,ｍｋ　衣類に貼るカイロレギュラーＡ１０個,１０個,30,11/15まで,-,-,-,-,-,-
4902899481334 ,ｍｋ　衣類に貼るカイロミニＡ１０個,１０個,30,11/15まで,-,-,-,-,-,-
4902899481433 ,ｍｋ　靴下に貼るカイロＡ５足入,５足,30,11/15まで,-,-,-,-,-,-
4902899481914 ,ｍｋ　靴下に貼るカイロ黒Ａ５足入,５足,30,11/15まで,-,-,-,-,-,-
4903018202250 ,柳屋　あんず油　しっとりミルク,１２０ｇ,30,11/15まで,-,-,-,-,-,-
4903111017614 ,チャームナップ吸水さらフィ３０ｃｃ８８枚,８８枚,30,11/15まで,-,-,-,-,-,-
4903111034734 ,チャームナップ消臭・抗菌タイプ５０ｃｃ６８枚,６８枚,30,11/15まで,-,-,-,-,-,-
4903111048694 ,ＣＮ吸水さらフィ極うすスリム３０ｃｃ２０枚,２０枚,30,11/15まで,-,-,-,-,-,-
4903111048717 ,ＣＮ吸水さらフィ極うすスリム３ｃｃ３４枚,３４枚,30,11/15まで,-,-,-,-,-,-
4903111053247 ,ソフィおでかけ交換ショーツ　ＸＬ,６枚,30,11/15まで,-,-,-,-,-,-
4903111054336 ,ソフィはだおもいオーガニックスリム２９０,２０枚,30,11/15まで,-,-,-,-,-,-
4903111246540 ,チャームナップ消臭・抗菌タイプ１５ｃｃ１２０枚,１２０枚,30,11/15まで,-,-,-,-,-,-
4903111251575 ,ＣＮ吸水さらフィ極うすスリム５０ｃｃ１６枚,１６枚,30,11/15まで,-,-,-,-,-,-
4903111281688 ,ＣＮ吸水さらフィ極うすスリム５ｃｃ３２枚,３２枚,30,11/15まで,-,-,-,-,-,-
4903111285785 ,ソフィおでかけ交換ショーツ　ＳＭ,７枚,30,11/15まで,-,-,-,-,-,-
4903111390373 ,ソフィはだおもいオーガニックスリム２６０羽付,２２枚,30,11/15まで,-,-,-,-,-,-
4903111518234 ,チャームナップ消臭・抗菌タイプ３０ｃｃ８０枚,８０枚,30,11/15まで,-,-,-,-,-,-
4903111526321 ,ＬＦさわやかパッド男性用快適の中量用２８枚,２８枚,30,11/15まで,-,-,-,-,-,-
4903111526482 ,ＬＦさわやかパッド男性用多い時でも安心２４枚,２４枚,30,11/15まで,-,-,-,-,-,-
4941983026464 ,ｍｋ　種ぬきカリカリ梅　大容量,１５０ｇ,30,11/15まで,-,-,-,-,-,-
4952106213784 ,森川健康堂）プロポリスキャンディー,１００ｇ,30,11/15まで,-,-,-,-,-,-
4903111687619 ,ＣＮ吸水さらフィ極うすスリム１０ｃｃ２６枚,２６枚,30,11/15まで,-,-,-,-,-,-
4903111823949 ,ソフィはだおもいオーガニックスリム２３０羽付,２４枚,30,11/15まで,-,-,-,-,-,-
4903111910724 ,ＣＮ吸水さらフィ極うすスリム１５ｃｃ３０枚,３０枚,30,11/15まで,-,-,-,-,-,-
4903320164079 ,激落ちくん　クリップ付フロアワイパー　伸縮タイプ,１本入,30,11/15まで,-,-,-,-,-,-
4903320166158 ,激落ちくん　トレループ　階段用　ケース付,高密度ブラシ１セット,30,11/15まで,-,-,-,-,-,-
4903320168985 ,激落ちくん浴室金具用もこもこ泡のウロコ取り,８０ｍｌ,30,11/15まで,-,-,-,-,-,-
4903588148392 ,素材そのままさつまいも角切りチーズディップ,９０ｇ,30,11/15まで,-,-,-,-,-,-
4903588148408 ,素材そのままさつまいも角切りヤギミルクディップ,９０ｇ,30,11/15まで,-,-,-,-,-,-
4903588148415 ,素材そのままさつまいも細切りチーズディップ,９０ｇ,30,11/15まで,-,-,-,-,-,-
4903588148422 ,素材そのままさつまいも細切りヤギミルクディップ,９０ｇ,30,11/15まで,-,-,-,-,-,-
4956962108017 ,アロインス　オーデクリームＳ,１８０ｇ,30,11/15まで,-,-,-,-,-,-
4956962110805 ,アロインスオーデクリームＳ無香料,１８０ｇ,30,11/15まで,-,-,-,-,-,-
4957584004862 ,ｍｋ　布テープ　２５ｍｍ幅×７ｍ巻,１個,30,11/15まで,-,-,-,-,-,-
4961308113976 ,ボシュロム　セーラインソリューション　２本,５００ｍｌ×２本,30,11/15まで,-,-,-,-,-,-
4961308117059 ,ボシュロム　レニューフィット＆モイスト,１５ｍｌ,30,11/15まで,-,-,-,-,-,-
4969542131947 ,キスユー　極細レギュラー替えブラシ　ふつう,＿,30,11/15まで,-,-,-,-,-,-
4969542142509 ,キスユー　極細コンパクト替えブラシ　ふつう,＿,30,11/15まで,-,-,-,-,-,-
4969542143308 ,キスユー　極細レギュラー　本体　ふつう　Ｎ,＿,30,11/15まで,-,-,-,-,-,-
4969542143452 ,キスユー　ワイドヘッド歯ブラシ　替え　ふつう,＿,30,11/15まで,-,-,-,-,-,-
4970883013946 ,ｍｋ　鼻腔拡張テープベージュ色タイプ,２０枚,30,11/15まで,-,-,-,-,-,-
4970883013953 ,ｍｋ　鼻腔拡張テープクリアタイプ,２０枚,30,11/15まで,-,-,-,-,-,-
4970883014998 ,ｍｋ　鼻腔拡張テープ　ストロングタイプ,１２枚,30,11/15まで,-,-,-,-,-,-
4971710309690 ,サロンスタイル　ナノチャージムース　ＳＨ,１５０ｇ,30,11/15まで,-,-,-,-,-,-
4971710309713 ,サロンスタイル　ナノチャージムース　ナチュラルＷ,１５０ｇ,30,11/15まで,-,-,-,-,-,-
4971710309720 ,サロンスタイル　ナノチャージムース　くっきりＷ,１５０ｇ,30,11/15まで,-,-,-,-,-,-
4971710309737 ,サロンスタイル　ナノチャージムース　さらさらＳＴ,１５０ｇ,30,11/15まで,-,-,-,-,-,-
4971710313550 ,サロンスタイル　ヘアワックス　ファイバーイン,７２ｇ,30,11/15まで,-,-,-,-,-,-
4971710313567 ,サロンスタイル　ヘアワックス　ヘアメイク,７２ｇ,30,11/15まで,-,-,-,-,-,-
4971710313574 ,サロンスタイル　ヘアワックス　ハード,７５ｇ,30,11/15まで,-,-,-,-,-,-
4971710318104 ,サロンスタイル　トリートメントシャワー　しっとり替,５５０ｍｌ,30,11/15まで,-,-,-,-,-,-
4971710318128 ,サロンスタイル　トリートメントシャワー　さらさら替,５５０ｍｌ,30,11/15まで,-,-,-,-,-,-
4971710318142 ,サロンスタイル　トリートメントシャワー　つやつや替,５５０ｍｌ,30,11/15まで,-,-,-,-,-,-
4971710524901 ,コエンリッチＰ　薬用リンクルホワイト　ハンドクリー,６０ｇ,30,11/15まで,-,-,-,-,-,-
4971710564754 ,コエンリッチＰ　薬用リンクルＷハンドクリーム金木犀,６０ｇ,30,11/15まで,-,-,-,-,-,-
4971710567076 ,コエンリッチＰ　ライトアップモイストガード,６０ｇ,30,11/15まで,-,-,-,-,-,-
4971710583557 ,コエンリッチＰ　薬用リンクルナイトハンドクリーム,６０ｇ,30,11/15まで,-,-,-,-,-,-
4971710583793 ,コエンリッチＰ　薬用リンクルＷハンドクリーム密桃,６０ｇ,30,11/15まで,-,-,-,-,-,-
4971710587500 ,コエンリッチＰ　薬用ＣＩＣＡリペアハンドクリーム,６０ｇ,30,11/15まで,-,-,-,-,-,-
4971710587517 ,コエンリッチ　薬用ホワイトニング　ハンドクリーム,８０ｇ,30,11/15まで,-,-,-,-,-,-
4971710587524 ,コエンリッチ　薬用ＷハンドクリームＤモイスチュア,８０ｇ,30,11/15まで,-,-,-,-,-,-
4971710587531 ,コエンリッチ　薬用Ｗハンドクリームモイストジェル,８０ｇ,30,11/15まで,-,-,-,-,-,-
4971710587548 ,コエンリッチ　ナイトリニューハンドクリーム,８０ｇ,30,11/15まで,-,-,-,-,-,-
4971710587555 ,コエンリッチ　薬用エクストラガード　ハンドクリーム,８０ｇ,30,11/15まで,-,-,-,-,-,-
4971710587562 ,コエンリッチ　薬用Ｗハンドクリームピーチ,８０ｇ,30,11/15まで,-,-,-,-,-,-
4971710587579 ,コエンリッチ　トーンアップハンドクリーム,８０ｇ,30,11/15まで,-,-,-,-,-,-
4971710595291 ,サロンスタイル　ヘアワックス　グロッシーボリューム,７２ｇ,30,11/15まで,-,-,-,-,-,-
4971710644272 ,コエンリッチＰ薬用リンクルＷハンドＣウッディ,６０ｇ,30,11/15まで,-,-,-,-,-,-
4984194124451 ,メニコン　０２ケアサンクスパック　１２０ｍｌ×３Ｐ,１２０ｍｌ　３Ｐ,30,11/15まで,-,-,-,-,-,-
4984194322710 ,メニコン　カラコンケア,３１０ｍｌ,30,11/15まで,-,-,-,-,-,-
4987033209135 ,太田胃散　太田胃散Ａ錠剤,４５錠,30,11/15まで,-,-,-,-,-,-
4987072036259 ,消臭元スプレーふんわり清潔せっけん,２８０ｍｌ,30,11/15まで,-,-,-,-,-,-
4987072036266 ,消臭元スプレー香りでごまかさない無香料,２８０ｍｌ,30,11/15まで,-,-,-,-,-,-
4987072036297 ,消臭元スプレーイオンシトラス,２８０ｍｌ,30,11/15まで,-,-,-,-,-,-
4987072036303 ,消臭元スプレーやすらぎそよぐラベンダー,２８０ｍｌ,30,11/15まで,-,-,-,-,-,-
4987072036327 ,消臭元スプレー爽やかはじけるレモン,２８０ｍｌ,30,11/15まで,-,-,-,-,-,-
4987072036334 ,消臭元スプレースパフラワー,２８０ｍｌ,30,11/15まで,-,-,-,-,-,-
4987072036341 ,消臭元スプレーリラックスアロマ,２８０ｍｌ,30,11/15まで,-,-,-,-,-,-
4987072038420 ,消臭元スプレーもぎたて白桃,２８０ｍｌ,30,11/15まで,-,-,-,-,-,-
4987072040546 ,消臭元スプレー心がなごむ炭の香り,２８０ｍｌ,30,11/15まで,-,-,-,-,-,-
4987072047224 ,消臭元スプレー　便臭ストロング,２８０ｍｌ,30,11/15まで,-,-,-,-,-,-
4987072056783 ,ブルーレットスタンピー除菌効果替用　スーパーミント,８４ｇ,30,11/15まで,-,-,-,-,-,-
4987072056790 ,ブルーレットスタンピー除菌効果替用コットン,８４ｇ,30,11/15まで,-,-,-,-,-,-
4987072056813 ,ブルーレットスタンピー除菌効果替用　　アロマ,８４ｇ,30,11/15まで,-,-,-,-,-,-
4987072056974 ,ブルーレットスタンピー除菌替フレグランスフローラル,８４ｇ,30,11/15まで,-,-,-,-,-,-
4987072100479 ,ブルーレットスタンピー除菌キンモクセイ替用,８４ｇ,30,11/15まで,-,-,-,-,-,-
4987176328373 ,レノアハピネスミスト　ホワイムスク香り本体,３７０ｍＬ,30,11/15まで,-,-,-,-,-,-
4987176328397 ,レノアハピネスミスト　ホワイトティー香り本体,３７０ｍＬ,30,11/15まで,-,-,-,-,-,-
4987176386083 ,レノアハピネスミスト　おやすみラベンダー本体,３７０ｍＬ,30,11/15まで,-,-,-,-,-,-
4987176391704 ,レノアハピネスナチュラルミスト　シダーウッド本体,３７０ｍＬ,30,11/15まで,-,-,-,-,-,-
4987176391742 ,レノアハピネスナチュラルミスト　コットン本体,３７０ｍＬ,30,11/15まで,-,-,-,-,-,-
4987176400161 ,ボールドジェルホワイトティー＆フローラル超特大,６６０ｇ,30,11/15まで,-,-,-,-,-,-
4987176400284 ,ボールドジェルフレッシュフラワーサボン本体,６５０ｇ,30,11/15まで,-,-,-,-,-,-
4987176400321 ,ボールドジェルローズ＆グルーミングブーケ超特大,６６０ｇ,30,11/15まで,-,-,-,-,-,-
4987176400352 ,ボールドジェルフレッシュフラワーサボン超特大,６６０ｇ,30,11/15まで,-,-,-,-,-,-
4987176400390 ,ボールドジェルローズ＆グルーミングブーケ本体,６５０ｇ,30,11/15まで,-,-,-,-,-,-
4987176400420 ,ボールドジェルホワイトティー＆フローラル本体,６５０ｇ,30,11/15まで,-,-,-,-,-,-
4987205032219 ,ビゲン　ポンプカラー　ツメカエ　２ＲＢ,明るいリッチブラウン,30,11/15まで,-,-,-,-,-,-
4987205032226 ,ビゲン　ポンプカラー　ツメカエ　３,明るいライトブラウン,30,11/15まで,-,-,-,-,-,-
4987205032233 ,ビゲン　ポンプカラー　ツメカエ　３ＲＢ,リッチブラウン,30,11/15まで,-,-,-,-,-,-
4987205032240 ,ビゲン　ポンプカラー　ツメカエ　３ＰＫ,明るいピンクブラウン,30,11/15まで,-,-,-,-,-,-
4987205032257 ,ビゲン　ポンプカラー　ツメカエ　４,ライトブラウン,30,11/15まで,-,-,-,-,-,-
4987205032264 ,ビゲン　ポンプカラー　ツメカエ　４Ｐ,ピュアブラウン,30,11/15まで,-,-,-,-,-,-
4987205032271 ,ビゲン　ポンプカラー　ツメカエ　４Ａ,アッシュブラウン,30,11/15まで,-,-,-,-,-,-
4987205032288 ,ビゲン　ポンプカラー　ツメカエ　５,ブラウン,30,11/15まで,-,-,-,-,-,-
4987205032295 ,ビゲン　ポンプカラー　ツメカエ　５ＮＡ,深いナチュラリーブラウン,30,11/15まで,-,-,-,-,-,-
4987205032301 ,ビゲン　ポンプカラー　ツメカエ　６,ダークブラウン,30,11/15まで,-,-,-,-,-,-
4987205032318 ,ビゲン　ポンプカラー　ツメカエ　２Ｂ,ベージュブラウン,30,11/15まで,-,-,-,-,-,-
4987205032325 ,ビゲン　ポンプカラー　ツメカエ　４ＣＡ,カフェブラウン,30,11/15まで,-,-,-,-,-,-
4987205284809 ,シエロヘアカラーＥＸミルキー０,ひときわ明るいライトＢ,30,11/15まで,-,-,-,-,-,-
4987205284816 ,シエロヘアカラーＥＸミルキー１,かなり明るいライトＢ,30,11/15まで,-,-,-,-,-,-
4987205284823 ,シエロヘアカラーＥＸミルキー２,より明るいライトＢ,30,11/15まで,-,-,-,-,-,-
4987205284830 ,シエロヘアカラーＥＸミルキー３,明るいライトブラウン,30,11/15まで,-,-,-,-,-,-
4987205284847 ,シエロヘアカラーＥＸミルキー４,ライトブラウン,30,11/15まで,-,-,-,-,-,-
4987205284854 ,シエロヘアカラーＥＸミルキー５,ブラウン,30,11/15まで,-,-,-,-,-,-
4987205284861 ,シエロヘアカラーＥＸミルキー３Ｃ,キャラメルブラウン,30,11/15まで,-,-,-,-,-,-
4987205284878 ,シエロヘアカラーＥＸミルキー３ＲＯ,ローズブラウン,30,11/15まで,-,-,-,-,-,-
4987205284885 ,シエロヘアカラーＥＸミルキー４Ｍ,モカブラウン,30,11/15まで,-,-,-,-,-,-
4987205284892 ,シエロヘアカラーＥＸミルキー４Ｐ,ピュアブラウン,30,11/15まで,-,-,-,-,-,-
4987205284908 ,シエロヘアカラーＥＸミルキー４ＭＰ,メイプルブラウン,30,11/15まで,-,-,-,-,-,-
4987205284915 ,シエロヘアカラーＥＸミルキー４Ａ,アッシュブラウン,30,11/15まで,-,-,-,-,-,-
4987205284922 ,シエロ　ヘアカラー　ＥＸ　ミルキー　５Ｐ,５０ｇ＋７５ｍｌ,30,11/15まで,-,-,-,-,-,-
4987205284939 ,シエロへアカラーＥＸミルキー３Ｓ,５０Ｇ＋７５ｍＬ,30,11/15まで,-,-,-,-,-,-
4987205284946 ,シエロヘアカラーＥＸミルキー１ＰＥ,５０Ｇ＋７５ｍＬ,30,11/15まで,-,-,-,-,-,-
4987205284953 ,シエロヘアカラーＥＸミルキー２Ｓ,５０Ｇ＋７５ｍＬ,30,11/15まで,-,-,-,-,-,-
4987205284960 ,シエロ　ヘアカラー　ＥＸ　ミルキー　１ＰＫ,５０ｇ＋７５ｍｌ,30,11/15まで,-,-,-,-,-,-
4987205284977 ,シエロ　ヘアカラー　ＥＸ　ミルキー　３ＰＫ,５０ｇ＋７５ｍｌ,30,11/15まで,-,-,-,-,-,-
4987205284984 ,シエロ　ヘアカラー　ＥＸ　ミルキー　５Ｍ,５０ｇ＋７５ｍｌ,30,11/15まで,-,-,-,-,-,-
4987241156337 ,メルティークリームリップ　無香料,２．４ｇ,30,11/15まで,-,-,-,-,-,-
4987241156344 ,メルティークリームリップ　ミルクバニラ,２．４ｇ,30,11/15まで,-,-,-,-,-,-
4987241156351 ,メルティークリームリップ　リッチハニー,２．４ｇ,30,11/15まで,-,-,-,-,-,-
4987241160242 ,メルティークリームリップ　抹茶,２．４ｇ,30,11/15まで,-,-,-,-,-,-
4987241163632 ,メルティークリームリップ　チョコミント,２．４ｇ,30,11/15まで,-,-,-,-,-,-
4987241163649 ,メルティークリームリップ　タピオカミルクティー,２．４ｇ,30,11/15まで,-,-,-,-,-,-
4987241166510 ,メルティークリームリップ　完熟白桃の香り,２．４ｇ,30,11/15まで,-,-,-,-,-,-
4987241166527 ,メルティークリームリップ　特濃バタークッキーの香り,２．４ｇ,30,11/15まで,-,-,-,-,-,-
4987241171439 ,メルティクリームリップ　ブリティッシュティーの香り,２．４ｇ,30,11/15まで,-,-,-,-,-,-
4987241171446 ,メルティクリームリップ　ハワイアンパンケーキの香り,２．４ｇ,30,11/15まで,-,-,-,-,-,-
4987241171460 ,プレミアムメルティクリームリップ　　無香料,２．４ｇ,30,11/15まで,-,-,-,-,-,-
4987241171477 ,プレミアムメルティクリームリップ　蜂蜜の香り,２．４ｇ,30,11/15まで,-,-,-,-,-,-
4987241189007 ,メルティークリームリップ　インディアンチャイティー,２．４ｇ,30,11/15まで,-,-,-,-,-,-
4987241189014 ,メルティークリームリップ　シチリアンレモネード,２．４ｇ,30,11/15まで,-,-,-,-,-,-
4987241189021 ,メンソレータム薬用リップ　リペアワン　無香料,２．３ｇ,30,11/15まで,-,-,-,-,-,-
4987241189038 ,メンソレータム薬用リップ　リペアワン　ミントの香り,２．３ｇ,30,11/15まで,-,-,-,-,-,-
4987241192540 ,メンソレータムリップリペアワン　角質ケアリップ,３．６ｇ,30,11/15まで,-,-,-,-,-,-
4987241192557 ,メンソレータムフラッシュティント　レッド,２．０ｇ,30,11/15まで,-,-,-,-,-,-
4987241192564 ,メンソレータムフラッシュティント　ピンク,２．０ｇ,30,11/15まで,-,-,-,-,-,-
4987241192571 ,メンソレータムフラッシュティント　オレンジ,２．０ｇ,30,11/15まで,-,-,-,-,-,-
4987241192588 ,メンソレータムフラッシュティント　ベージュ,２．０ｇ,30,11/15まで,-,-,-,-,-,-
4987241192595 ,メンソレータム　メルティクリームリップ　無香料　猫,２．４ｇ,30,11/15まで,-,-,-,-,-,-
4987241192601 ,メンソレータム　メルティクリームリップ　無香料　猫,２．４ｇ,30,11/15まで,-,-,-,-,-,-
4987241194827 ,メンソレータムリップリペアワン　ナイトケアリップ,８ｇ,30,11/15まで,-,-,-,-,-,-
4987241194995 ,メンソレータムフラッシュティント　ブラウン,２．０ｇ,30,11/15まで,-,-,-,-,-,-
4987241195008 ,メンソレータムフラッシュティント　コーラルピンク,２．０ｇ,30,11/15まで,-,-,-,-,-,-
4987241198764 ,フラッシュティントマット　スモーキーピンク,２．０ｇ,30,11/15まで,-,-,-,-,-,-
4987241198849 ,フラッシュティントマット　テラコッタベージュ,２．０ｇ,30,11/15まで,-,-,-,-,-,-
4987241204991 ,メンソレータムフラッシュトーンケアバーム,２．３ｇ,30,11/15まで,-,-,-,-,-,-
4987241205035 ,フラッシュティント　ショコラボルドー,２．０ｇ,30,11/15まで,-,-,-,-,-,-
4987241205042 ,フラッシュティント　モーブピンク,２．０ｇ,30,11/15まで,-,-,-,-,-,-
4987244174161 ,ミルふわベビークリーム,６０ｇ,30,11/15まで,-,-,-,-,-,-
4987353191042 ,ユースキン４０ｇＭＫミッフィ―チューブ,４０ｇ,30,11/15まで,-,-,-,-,-,-
4987601614460 ,ＭＡＳＭｉＸＢＥＡＵＴＹシルキームーン×ブロッサム,１０枚入,30,11/15まで,-,-,-,-,-,-
4987601614477 ,ＭＡＳＭｉＸＢＥＡＵＴＹシルキーリリー×パウダーブ,１０枚入,30,11/15まで,-,-,-,-,-,-
4987601614484 ,ＭＡＳＭｉＸＢＥＡＵＴＹシルキーナッツ×ダークブラ,１０枚入,30,11/15まで,-,-,-,-,-,-
4987601614491 ,ＭＡＳＭｉＸＢＥＡＵＴＹシルキーストーン×ソフトグ,１０枚入,30,11/15まで,-,-,-,-,-,-
4520699054352 ,グラン・デリ　サッポロポテト　バーベＱささみポーク,２０ｇ,30,10/15まで,-,-,-,-,-,-
4520699275016 ,グラン・デリ　サッポロポテト　つぶベジりんご,２０ｇ,30,10/15まで,-,-,-,-,-,-
4520699600047 ,グラン・デリ　フレシャス　早食い軽減チキン＆ビーフ,２００ｇ,30,10/15まで,-,-,-,-,-,-
4520699601013 ,銀のさら　プチビスケット　ミルク味,３００ｇ,30,10/15まで,-,-,-,-,-,-
4520699609224 ,グラン・デリ　おっとっと　スイートポテト味,５０ｇ,30,10/15まで,-,-,-,-,-,-
4520699609743 ,グラン・デリ　おっとっと　ダブルチーズ味,５０ｇ,30,10/15まで,-,-,-,-,-,-
4520699615157 ,グラン・デリ　フレシャス　アダルトチキン＆ビーフ,２００ｇ,30,10/15まで,-,-,-,-,-,-
4520699618158 ,グラン・デリ　フレシャス　アダルトチキン＆小魚,２００ｇ,30,10/15まで,-,-,-,-,-,-
4520699618738 ,グラン・デリ　フレシャスアダルト低脂肪チキンビーフ,２００ｇ,30,10/15まで,-,-,-,-,-,-
4520699620373 ,グラン・デリ　フレシャス　１０歳チキン＆ビーフ,２００ｇ,30,10/15まで,-,-,-,-,-,-
4520699621950 ,グラン・デリ　フレシャス　１３歳チキン＆ビーフ,２００ｇ,30,10/15まで,-,-,-,-,-,-
4520699663646 ,グラン・デリ　サッポロポテト　つぶベジ,２０ｇ,30,10/15まで,-,-,-,-,-,-
4520699663714 ,グラン・デリ　サッポロポテト　つぶベジチーズ,２０ｇ,30,10/15まで,-,-,-,-,-,-
4520699663875 ,グラン・デリ　サッポロポテト　バーベＱ,２０ｇ,30,10/15まで,-,-,-,-,-,-
4520699663936 ,グラン・デリ　サッポロポテト　バーベＱチーズ,２０ｇ,30,10/15まで,-,-,-,-,-,-
4520699671658 ,ベストバランスＭダックス用,１．８ｋｇ,30,10/15まで,-,-,-,-,-,-
4520699671825 ,ベストバランスＭダックス　７歳,１．８ｋｇ,30,10/15まで,-,-,-,-,-,-
4520699672822 ,ベストバランスＭダックス用１０歳,１．８ｋｇ,30,10/15まで,-,-,-,-,-,-
4520699673034 ,ベストバランスＭダックス　１３歳,１．８ｋｇ,30,10/15まで,-,-,-,-,-,-
4520699674031 ,ベストバランスチワワ用,１．８ｋｇ,30,10/15まで,-,-,-,-,-,-
4520699675038 ,ベストバランスチワワ７歳,１．８ｋｇ,30,10/15まで,-,-,-,-,-,-
4520699675342 ,ベストバランスチワワ高齢用,１．８ｋｇ,30,10/15まで,-,-,-,-,-,-
4520699675960 ,ベストバランスプードル用,１．８ｋｇ,30,10/15まで,-,-,-,-,-,-
4520699676349 ,ベストバランストイプードル　７歳,１．８ｋｇ,30,10/15まで,-,-,-,-,-,-
4520699676486 ,ベストバランスＴプードル　１０歳,１．８ｋｇ,30,10/15まで,-,-,-,-,-,-
4520699677032 ,ベストバランス柴犬用,２．７ｋｇ,30,10/15まで,-,-,-,-,-,-
4520699678039 ,ベストバランス柴犬７歳,２．７ｋｇ,30,10/15まで,-,-,-,-,-,-
4520699678176 ,ベストバランス柴犬　１０歳,２．７ｋｇ,30,10/15まで,-,-,-,-,-,-
4520699678688 ,グラン・デリ　おっとっと　きなこ味,５０ｇ,30,10/15まで,-,-,-,-,-,-
4520699678961 ,ベストバランス　カリカリ仕立て　シー・ズー用,１．８ｋｇ,30,10/15まで,-,-,-,-,-,-
4520699679173 ,ベストバランス　シー・ズー１０歳,１．８ｋｇ,30,10/15まで,-,-,-,-,-,-
4520699679791 ,ベストバランスＭダックス用１３歳ふっくら,１．７ｋｇ,30,10/15まで,-,-,-,-,-,-
4520699679968 ,ベストバランスチワワ用１０歳ふっくら,１．７ｋｇ,30,10/15まで,-,-,-,-,-,-
4520699680285 ,グラン・デリ　おっとっと　シーフード味,５０ｇ,30,10/15まで,-,-,-,-,-,-
4520699680773 ,グラン・デリ　フレシャス　超小型犬　チキン＆ビーフ,２００ｇ,30,10/15まで,-,-,-,-,-,-
4520699680872 ,グラン・デリ　フレシャス避妊・去勢チキン＆ビーフ,２００ｇ,30,10/15まで,-,-,-,-,-,-
4520699682029 ,ベストバランスＴＰ用１０歳ふっくら,１．７ｋｇ,30,10/15まで,-,-,-,-,-,-
4520699682647 ,ベストバランス柴犬用７歳ふっくら,１．７ｋｇ,30,10/15まで,-,-,-,-,-,-
4520699683514 ,グランデリ　おっとっと　チキンチ－ズ,５０ｇ,30,10/15まで,-,-,-,-,-,-
4520699683699 ,グランデリ　おっとっと　チキンベジタブル,５０ｇ,30,10/15まで,-,-,-,-,-,-
4520699684184 ,グラン・デリ　おっとっと　クリームチーズ味,５０ｇ,30,10/15まで,-,-,-,-,-,-
4520699686119 ,グラン・デリ　フレシャス　パピー　チキン＆ビーフ,２００ｇ,30,10/15まで,-,-,-,-,-,-
4520699686720 ,グラン・デリ　おっとっと　チキン＆ビーフ味,５０ｇ,30,10/15まで,-,-,-,-,-,-
4547894660652 ,オレオ　メガパック　バニラクリーム　３６枚,３６枚,30,10/15まで,-,-,-,-,-,-
4547894660751 ,オレオメガパックいちごクリーム,３６枚,30,10/15まで,-,-,-,-,-,-
4902508197205 ,ハビナーストイレに流せるパッとおしりふき,７２枚Ｘ２個,30,10/15まで,-,-,-,-,-,-
4903301268871 ,システマＥＸハミガキ　メディカルクール,１３０ｇ,30,10/15まで,-,-,-,-,-,-
4903301268925 ,システマＥＸハミガキ　エクストラハーブ,１３０ｇ,30,10/15まで,-,-,-,-,-,-
4903301268963 ,システマＥＸハミガキ　メディカルクール１０％増量,１４３ｇ,30,10/15まで,-,-,-,-,-,-
4903301268970 ,システマＥＸハミガキ　エクストラハーブ１０％増量,１４３ｇ,30,10/15まで,-,-,-,-,-,-
4903301300878 ,システマＥＸホワイトニングフレッシュクリアミント,１２５ｇ,30,10/15まで,-,-,-,-,-,-
4903301300885 ,システマＥＸホワイトニングくすみクリアミント増量,１３８ｇ,30,10/15まで,-,-,-,-,-,-
4903301350712 ,ＮＡＮＯＸｏｎｅニオイ専用替ウルトラジャンボ,１５３０ｇ,30,10/15まで,-,-,-,-,-,-
4903301350811 ,ＮＡＮＯＸｏｎｅＰＲＯつめかえウルトラジャンボ,１４００ｇ,30,10/15まで,-,-,-,-,-,-
4903301375401 ,ＮＡＮＯＸｏｎｅ洗浄プラス詰替ＵＪ,１５３０ｇ,30,10/15まで,-,-,-,-,-,-
4903301384809 ,バスタブクレンジング銀ハーバルＧつめかえ用大,７００ｍｌ,30,10/15まで,-,-,-,-,-,-
4903301384922 ,バスタブクレンジング銀イオン香りが残らない詰替用大,７００ｍｌ,30,10/15まで,-,-,-,-,-,-
4903301385011 ,バスタブクレンジング銀スカッシュシトラス詰替用大,７００ｍｌ,30,10/15まで,-,-,-,-,-,-
4903301385127 ,バスタブクレンジングＨＡＲＤ洗浄つめかえ用大,７００ｍｌ,30,10/15まで,-,-,-,-,-,-
4903333055463 ,キシリトール粒ニューライムミント５Ｐ,５個パック,30,10/15まで,-,-,-,-,-,-
4903333298402 ,キシリトールホワイト＋フッ素＜グレープＨ＞スリムＢ,１２５ｇ,30,10/15まで,-,-,-,-,-,-
4971710521580 ,クリアターン　ごめんね素肌マスク,７枚,30,10/15まで,-,-,-,-,-,-
4971710521597 ,クリアターン　うるうるＢＯＭＢマスク,７枚,30,10/15まで,-,-,-,-,-,-
4971710523836 ,クリアターン毛穴小町マスク,７枚入,30,10/15まで,-,-,-,-,-,-
4971710555981 ,クリアターン　ごめんね素肌キニナルマスク,７枚,30,10/15まで,-,-,-,-,-,-
4971710557749 ,クリアターン毛穴小町マスク桜香るマスク,７枚入,30,10/15まで,-,-,-,-,-,-
4971710559989 ,クリアターン毛穴小町テカリ源治マスク,７枚入,30,10/15まで,-,-,-,-,-,-
4971710560275 ,クリアターン　ごめんね素肌キニシナイパッチ,４６枚,30,10/15まで,-,-,-,-,-,-
4971710570694 ,クリアターン毛穴小町マスク　金木犀,７枚入,30,10/15まで,-,-,-,-,-,-
4971710576191 ,クリアターン　ビタミンＢＯＭＢマスク,７枚,30,10/15まで,-,-,-,-,-,-
4971710577297 ,クリアターン　ほんまごめんな素肌マスク,７枚,30,10/15まで,-,-,-,-,-,-
4971710581980 ,МＫクリアターン　ＣＩＣＡＢＯＭＢマスク,７枚,30,10/15まで,-,-,-,-,-,-
4971710582017 ,クリアターン　毛穴小町　白桃香るマスク,７枚入,30,10/15まで,-,-,-,-,-,-
4971710592412 ,クリアターン　ごめんね素肌　キニナんねんマスク,７枚,30,10/15まで,-,-,-,-,-,-
4971710592542 ,クリアターン　毛穴小町　夜桜香るマスク,７枚,30,10/15まで,-,-,-,-,-,-
4971710610673 ,クリアターン　グルタチＢＯＭＢマスク,７枚,30,10/15まで,-,-,-,-,-,-
4971710610680 ,クリアターン　ごめんね素肌　限界社会人ちゃん,７枚,30,10/15まで,-,-,-,-,-,-
4971710611403 ,クリアターンごめんね素肌いつのまにマスク,７枚,30,10/15まで,-,-,-,-,-,-
4971710621761 ,クリアターン　毛穴小町　和紅茶香るマスク,７枚,30,10/15まで,-,-,-,-,-,-
4971710622560 ,クリアターン　アゼライン酸ＢＯＭＢマスク,７枚,30,10/15まで,-,-,-,-,-,-
4971710628760 ,クリアターン毛穴小町白苺香るマスク,７枚入,30,10/15まで,-,-,-,-,-,-
4971710642643 ,クリアターン　うるうるＢＯＭＢクールマスク,７枚,30,10/15まで,-,-,-,-,-,-
4971710649888 ,クリアターン　毛穴小町　月下美人香るマスク,７枚入,30,10/15まで,-,-,-,-,-,-
4973227032368 ,デンタルプロブラックハブラシコンパクトふつう,１本,30,10/15まで,-,-,-,-,-,-
4973227206011 ,デンタルプロブラックハブラシコンパクトかため,１本,30,10/15まで,-,-,-,-,-,-
4973227209326 ,デンタルプロブラックハブラシ超コンパクトふつう,１本,30,10/15まで,-,-,-,-,-,-
4973227210384 ,デンタルプロブラックハブラシ　超コンパクト,１本,30,10/15まで,-,-,-,-,-,-
4973227210490 ,デンタルプロブラックハブラシ　コンパクト,やわらかめ,30,10/15まで,-,-,-,-,-,-
4973227212135 ,デンタルプロブラックホワイトニング　コンパクト,ふつう,30,10/15まで,-,-,-,-,-,-
4973227212562 ,デンタルプロブラックホワイトニングコンパクト,やわらかめ,30,10/15まで,-,-,-,-,-,-
4973227217307 ,デンタルプロブラックハブラシ超極細毛　超コンパクト,やわらかめ,30,10/15まで,-,-,-,-,-,-
4973227217314 ,デンタルプロブラックハブラシ超極細毛　超コンパクト,ふつう,30,10/15まで,-,-,-,-,-,-
4973227218670 ,デンタルプロブラック超極細毛　コンパクト,かため,30,10/15まで,-,-,-,-,-,-
4973227218687 ,デンタルプロブラック超極細毛　コンパクト,ふつう,30,10/15まで,-,-,-,-,-,-
4973227218694 ,デンタルプロブラック超極細毛　コンパクト,やわらかめ,30,10/15まで,-,-,-,-,-,-
4973227311296 ,デンタルプロ激細歯間ブラシ　０－ＳＳＳ,１５Ｐ,30,10/15まで,-,-,-,-,-,-
4973227834603 ,デンタルプロ歯間ブラシ１５Ｐ　ＳＳＳ,ＳＳＳ,30,10/15まで,-,-,-,-,-,-
4973227834610 ,デンタルプロ歯間ブラシ１５Ｐ　ＳＳ,ＳＳ,30,10/15まで,-,-,-,-,-,-
4973227834627 ,デンタルプロ歯間ブラシ１５Ｐ　Ｓ,Ｓ,30,10/15まで,-,-,-,-,-,-
4973227834634 ,デンタルプロ歯間ブラシ１５Ｐ　Ｍ,Ｍ,30,10/15まで,-,-,-,-,-,-
4973227834641 ,デンタルプロ歯間ブラシ１５Ｐ　Ｌ,Ｌ,30,10/15まで,-,-,-,-,-,-
4973227834658 ,デンタルプロ歯間ブラシＬＬ　１５Ｐ,ＬＬ,30,10/15まで,-,-,-,-,-,-
4973512259739 ,アラウベビー泡ストローマグ洗い詰替,１４０ＭＬ,30,10/15まで,-,-,-,-,-,-
4978406020457 ,ミラクルくる　そうじっこ　超ストロング,６０周巻　３巻入,30,10/15まで,-,-,-,-,-,-
4978406020464 ,ミラクルくる　そうじっこマルチ粘着クリーナー５０周,５０周巻×３本入,30,10/15まで,-,-,-,-,-,-
4978406024981 ,ミラクルくる　そうじっこマルチ粘着Ｃ　壁際まで届く,４５周巻×３本入,30,10/15まで,-,-,-,-,-,-
4511413405994 ,ＤＨＣ　ＤＨＡ　２０日,８０粒,30,11/15まで,-,-,-,-,-,-
4511413407998 ,ＤＨＣ　メリロートＰｌｕｓ　２０日分,４０粒,30,11/15まで,-,-,-,-,-,-
4511413408254 ,ＤＨＣ　ビタミンＣパウダー６０日,６０包,30,11/15まで,-,-,-,-,-,-
4511413408339 ,ＤＨＣ　ナノブライトＣ　１４日,１４日,30,11/15まで,-,-,-,-,-,-
4513574033917 ,ｍｋ　ベビーオイル　無香料,３５０ｍｌ,30,11/15まで,-,-,-,-,-,-
45144653 ,大鵬薬品　ソルマック５（サキノミ）,５０ｍＬ,30,11/15まで,-,-,-,-,-,-
4514603446210 ,アサヒ　十六茶麦茶,６３０ｍｌ,30,11/15まで,-,-,-,-,-,-
4516825006692 ,ｍｋ　ＷＡＳＨＢＬＡＣＫ　水アカ落とし,３００ｍｌ,30,11/15まで,-,-,-,-,-,-
4516825006715 ,ｍｋ　ＷＡＳＨＢＬＡＣＫ　トイレクリーナー,３００ｍｌ,30,11/15まで,-,-,-,-,-,-
4520699163306 ,ＡｌｌＷｅｌｌ　１０種自然素材避妊去勢サーモンツナ,６００ｇ,30,11/15まで,-,-,-,-,-,-
4520699220641 ,ＡｌｌＷｅｌｌ　１０種自然素材１０歳サーモンツナ,６００ｇ,30,11/15まで,-,-,-,-,-,-
4520699612217 ,ペット用紙オムツ　ＬＬ,５枚,30,11/15まで,-,-,-,-,-,-
4520699635445 ,ＡｌｌＷｅｌｌ避妊・去勢フィッシュ味,７５０ｇ,30,11/15まで,-,-,-,-,-,-
4520699648469 ,ＡｌｌＷｅｌｌ健康に育つ子猫用,８００ｇ,30,11/15まで,-,-,-,-,-,-
4520699648803 ,ＡｌｌＷｅｌｌ室内猫用フィッシュ味,８００ｇ,30,11/15まで,-,-,-,-,-,-
4520699648940 ,ＡｌｌＷｅｌｌ室内猫用チキン味,８００ｇ,30,11/15まで,-,-,-,-,-,-
4520699649367 ,ＡｌｌＷｅｌｌ１０歳以上の腎臓の健康維持用,７５０ｇ,30,11/15まで,-,-,-,-,-,-
4520699652169 ,ＡｌｌＷｅｌｌ１５歳以上の腎臓の健康維持用,７５０ｇ,30,11/15まで,-,-,-,-,-,-
4520699652787 ,ＡｌｌＷｅｌｌ室内猫用贅沢素材入りフィッシュ味,７５０ｇ,30,11/15まで,-,-,-,-,-,-
4520699657591 ,デオシート　キレイパッド　Ｓ,８０枚,30,11/15まで,-,-,-,-,-,-
4520699657935 ,デオシート　キレイパッド　Ｍ,６４枚,30,11/15まで,-,-,-,-,-,-
4520699663981 ,ＡｌｌＷｅｌｌ早食い猫用チキン味フリーズドライ,７５０ｇ,30,11/15まで,-,-,-,-,-,-
4520699691397 ,ＡｌｌＷｅｌｌ　早食い猫用　天然小魚とささみ,７５０ｇ,30,11/15まで,-,-,-,-,-,-
4520699723791 ,ＡｌｌＷｅｌｌ　１０種自然素材室内猫サーモンツナ,６５０ｇ,30,11/15まで,-,-,-,-,-,-
4520699785744 ,ＡｌｌＷｅｌｌ　１０種自然素材１５歳サーモンツナ,６００ｇ,30,11/15まで,-,-,-,-,-,-
4520699950586 ,ＡｌｌＷｅｌｌ　１０種自然素材室内猫チキン,６５０ｇ,30,11/15まで,-,-,-,-,-,-
4549660871835 ,びっくらたまごＤＸ　ポケットモンスター,２１５ｇ,30,11/15まで,-,-,-,-,-,-
4549660871842 ,びっくらたまご　クレヨンしんちゃん,８０ｇ,30,11/15まで,-,-,-,-,-,-
4549660894254 ,びっくらたまごＰＬＵＳ　おふろ水族館,１１５ｇ,30,11/15まで,-,-,-,-,-,-
4549660894322 ,びっくらたまご　ウルトラ　フロファイトヒーロー,９５ｇ,30,11/15まで,-,-,-,-,-,-
4549660929680 ,びっくらたまご　アソビークル　はたらくのりもの,７５ｇ,30,11/15まで,-,-,-,-,-,-
4549660929697 ,びっくらたまご　アソビークル　つながるしんかんせん,７５ｇ,30,11/15まで,-,-,-,-,-,-
4549660948056 ,びっくらたまご　にゃんこ大戦争,７５ｇ,30,11/15まで,-,-,-,-,-,-
4549660964001 ,びっくらたまご　ちいかわ　　ふろふちころりん,７５ｇ,30,11/15まで,-,-,-,-,-,-
4549660964094 ,びっくらたまご　アナと雪の女王　おすわりマスコット,５５ｇ,30,11/15まで,-,-,-,-,-,-
4549660964100 ,びっくらたまご　いないいないばあっ,１１５ｇ,30,11/15まで,-,-,-,-,-,-
4549660964117 ,びっくらたまご　ファンターネ,７５ｇ,30,11/15まで,-,-,-,-,-,-
4550667066162 ,なめらかで伝線しにくいひざ下丈２Ｐ２２２５シアーＢ,２２２５シアーＢ,30,11/15まで,-,-,-,-,-,-
4550667066179 ,なめらかで伝線しにくいひざ下２Ｐ２２２５ヌーディＢ,２２２５ＮＢＥ,30,11/15まで,-,-,-,-,-,-
4550667066193 ,丈夫で破れにくいひざ下丈２Ｐ２２２５シアーベージュ,２２２５シアーＢ,30,11/15まで,-,-,-,-,-,-
4550667066209 ,丈夫で破れにくいひざ下２Ｐ２２２５ヌーディＢ,２２２５ＮＢＥ,30,11/15まで,-,-,-,-,-,-
4570117994258 ,シュガークローゼット　Ｐｒｉｎｃｅｓｓ,３ｇ,30,11/15まで,-,-,-,-,-,-
4570117994340 ,びっくらＤＸ　ポケモン　バトルフィギュア５,２２０ｇ,30,11/15まで,-,-,-,-,-,-
4570118005250 ,びっくらたまご　スーパーマリオブラザーズ　ワンダー,７５ｇ,30,11/15まで,-,-,-,-,-,-
4570118087874 ,びっくら　ＭＩＮＥＣＲＡＦＴ　ようこそ村へ,４０ｇ,30,11/15まで,-,-,-,-,-,-
4570118087973 ,びっくら　シナぷしゅ,９５Ｇ,30,11/15まで,-,-,-,-,-,-
4570118118844 ,びっくら　ポケモンつり　水辺ポケモン,２３０ｇ,30,11/15まで,-,-,-,-,-,-
4570118132925 ,びっくら　くまのがっこう,９５ｇ,30,11/15まで,-,-,-,-,-,-
4570118133045 ,びっくら　ポケモン　～バトルスタイル～,７５ｇ,30,11/15まで,-,-,-,-,-,-
4570118133052 ,びっくら　ポケモン　イーブイ　～よびかけタイム～,９５ｇ,30,11/15まで,-,-,-,-,-,-
4570118164360 ,びっくら　アンパンマン　たのしいオーケストラ,７５ｇ,30,11/15まで,-,-,-,-,-,-
4570118239280 ,びっくらたまご　ラプンツェル　キラキラコンパクト,５５ｇ,30,11/15まで,-,-,-,-,-,-
4580101209824 ,ｍｋ　メガネがくもりにくいマスク　ふつうサイズ,３０枚,30,11/15まで,-,-,-,-,-,-
4580312890200 ,ｍｋ　のど・うるおいマスク　就寝用立体Ｗ５枚,Ｍ５枚入,30,11/15まで,-,-,-,-,-,-
4580312890217 ,ｍｋ　のど・うるおいマスク　就寝用立体ＷＢ５枚,Ｍ５枚入,30,11/15まで,-,-,-,-,-,-
4580312890248 ,ｍｋ　のど・うるおいマスク　昼夜兼用立体Ｗ５枚,Ｍ５枚入,30,11/15まで,-,-,-,-,-,-
4580312890255 ,ｍｋ　のど・うるおいマスク　昼夜兼用立体ＷＢ５枚,Ｍ５枚入,30,11/15まで,-,-,-,-,-,-
4580312890361 ,ｍｋ　のど・うるおいマスク　就寝用プリーツＭ５枚,Ｍ５枚入,30,11/15まで,-,-,-,-,-,-
4580312890378 ,ｍｋ　のど・うるおいマスク　就寝用プリーツＬ５枚,Ｌ５枚入,30,11/15まで,-,-,-,-,-,-
4580312890408 ,ｍｋ　メガネがくもりにくい３Ｄマスク　ホワイトＭ,５枚,30,11/15まで,-,-,-,-,-,-
4580312890415 ,ｍｋ　メガネがくもりにくい３Ｄマスク　ベージュＭ,５枚,30,11/15まで,-,-,-,-,-,-
4580312894055 ,ｍｋ　大判厚手アルコール除菌ウエットティシュー,８０枚,30,11/15まで,-,-,-,-,-,-
4580312894062 ,ｍｋ　大判厚手ノンアルコール除菌ウエットティシュー,９０枚,30,11/15まで,-,-,-,-,-,-
4580312896400 ,ｍｋ　口元立体カラーマスク　ホワイトＭ,５枚入,30,11/15まで,-,-,-,-,-,-
4580312896417 ,ｍｋ　口元立体カラーマスク　ライラックＭ,５枚入,30,11/15まで,-,-,-,-,-,-
4580312896424 ,ｍｋ　口元立体カラーマスク　ベージュＭ,５枚入,30,11/15まで,-,-,-,-,-,-
4580771745011 ,ＣＩＣＩＢＥＬＬＡ３Ｄ冷感マスクオールドレース,３０枚入,30,11/15まで,-,-,-,-,-,-
4580771745028 ,ＣＩＣＩＢＥＬＬＡ３Ｄ冷感マスク　グレージュ,３０枚入,30,11/15まで,-,-,-,-,-,-
4582751872304 ,ｍｋ　耳が痛くなりにくいマスク　ブラック,３０枚,30,11/15まで,-,-,-,-,-,-
4582751872557 ,ｍｋ　スポーツドリンクパウダーアミノ酸,４１ｇ×１０袋,30,11/15まで,-,-,-,-,-,-
4582769938047 ,びっくら　サンリオ　はーとぎゅっ,５５ｇ,30,11/15まで,-,-,-,-,-,-
4901070132393 ,消臭力　ＲＥＳＥＴＴＯ　ピュアサボン,６０ｍｌ,30,11/15まで,-,-,-,-,-,-
4901070132409 ,消臭力　ＲＥＳＥＴＴＯ　ハーバルリフレッシュ,６０ｍｌ,30,11/15まで,-,-,-,-,-,-
4901070132416 ,消臭力　ＲＥＳＥＴＴＯ　フローラルハグ,６０ｍｌ,30,11/15まで,-,-,-,-,-,-
4901070132614 ,消臭力ＤｅｏＰｉｔａトイレ用本体リフレッシュサボン,１個,30,11/15まで,-,-,-,-,-,-
4901070132621 ,消臭力ＤｅｏＰｉｔａトイレ用本体グリーンフルーティ,１個,30,11/15まで,-,-,-,-,-,-
4901070132638 ,消臭力ＤｅｏＰｉｔａトイレ用本体シルキーブーケ,１個,30,11/15まで,-,-,-,-,-,-
4901070132676 ,消臭力　ＲＥＳＥＴＴＯ　ウッディカーム,６０ｍｌ,30,11/15まで,-,-,-,-,-,-
4901070908684 ,おひさまの洗たく　くつクリーナー　本体,２４０ｍｌ,30,11/15まで,-,-,-,-,-,-
4901080065414 ,アースレッドＷ　ノンスモーク霧タイプ　６～８畳用,１００МＬ,30,11/15まで,-,-,-,-,-,-
4901080065612 ,アースレッドＷ　ノンスモーク霧タイプ　９～１２畳用,１５０МＬ,30,11/15まで,-,-,-,-,-,-
4901080068316 ,アースレッドＷ　１２～１６畳用,２０ｇ,30,11/15まで,-,-,-,-,-,-
4901080080110 ,ＨＴ消臭スプレー快適フローラル詰替え,３５０ｍｌ,30,11/15まで,-,-,-,-,-,-
4901080080219 ,ＨＴポータブルトイレの防汚消臭液,４００ｍｌ,30,11/15まで,-,-,-,-,-,-
4901080081018 ,ＨＴ消臭ノーマット替え快適グリーン,４５ｍｌ,30,11/15まで,-,-,-,-,-,-
4901080081117 ,ＨＴ消臭スプレー快適グリーンの香り,３８０ｍｌ,30,11/15まで,-,-,-,-,-,-
4901080081216 ,ＨＴ消臭クリアジェット快適フローラルの香り,１７０ｍｌ,30,11/15まで,-,-,-,-,-,-
4901080094117 ,アースレッドプロα　６～８畳用,１０ｇ,30,11/15まで,-,-,-,-,-,-
4901080094216 ,アースレッドプロα　１２～１６畳用,２０ｇ,30,11/15まで,-,-,-,-,-,-
4901080094315 ,ダニアースレッド　６～８畳用,１０ｇ,30,11/15まで,-,-,-,-,-,-
4901080094414 ,ダニアースレッド　１２～１６畳用,２０ｇ,30,11/15まで,-,-,-,-,-,-
4901080180315 ,コバエがホイホイ,１個,30,11/15まで,-,-,-,-,-,-
4901080277718 ,ハチアブスーパージェット,４５５МＬ,30,11/15まで,-,-,-,-,-,-
4901080277817 ,コバエがホイホイスリム,１個,30,11/15まで,-,-,-,-,-,-
4901080305718 ,アースレッドＷ　６～８畳用,１０ｇ,30,11/15まで,-,-,-,-,-,-
4901080320124 ,ｍｋお風呂の防カビくん煙剤タイプサボンの香り３個,１個×３,30,11/15まで,-,-,-,-,-,-
4901080582812 ,ＨＴ消臭ノーマット替えフローラル,４５ｍｌ,30,11/15まで,-,-,-,-,-,-
4901080582911 ,ＨＴ消臭スプレー快適フローラル,３８０ｍｌ,30,11/15まで,-,-,-,-,-,-
4901080723116 ,シュミテクト　コンプリートワンＥＸハブラシＲ,ふつう,30,11/15まで,-,-,-,-,-,-
4901080723215 ,シュミテクト　コンプリートワンＥＸハブラシＲ,やわらかめ,30,11/15まで,-,-,-,-,-,-
4901080724311 ,シュミテクト　コンプリートワンＥＸハブラシＣ,ふつう,30,11/15まで,-,-,-,-,-,-
4901080724410 ,シュミテクト　コンプリートワンＥＸハブラシＣ,やわらかめ,30,11/15まで,-,-,-,-,-,-
4901080727114 ,シュミテクト　トゥルーハブラシＣ　やわらかめ,やわらかめ,30,11/15まで,-,-,-,-,-,-
4901080771711 ,シュミテクト　トゥルーハブラシＣ　ふつう,ふつう,30,11/15まで,-,-,-,-,-,-
4901113148053 ,オールブラン　ブランフレーク,２７０ｇ,30,11/15まで,-,-,-,-,-,-
4901113461848 ,素材まるごとグラノラ　脂質７０％オフやさしい甘さの,３５０ｇ,30,11/15まで,-,-,-,-,-,-
4901113547238 ,オールブラン　ブランリッチ,２５０ｇ,30,11/15まで,-,-,-,-,-,-
4901121182889 ,ネピア　ネピネピティシュ１５０Ｗ　５Ｐ,１５０Ｗ　５Ｐ,30,11/15まで,-,-,-,-,-,-
4901121335414 ,ネピア激吸収キッチンタオル６Ｒ１００カット,６Ｒ,30,11/15まで,-,-,-,-,-,-
4901133182471 ,旅するちゅ～る　３種の北日本セレクション,６ｇ×１８本,30,11/15まで,-,-,-,-,-,-
4901133182488 ,旅するちゅ～る　３種の中四国セレクション,６ｇ×１８本,30,11/15まで,-,-,-,-,-,-
4901133216398 ,ちゅ～るテリーヌ　総合栄養食　とりささみバラエティ,１５ｇ×１８本,30,11/15まで,-,-,-,-,-,-
4901133216404 ,ちゅ～るテリーヌ　総合栄養食ビーフささみバラエティ,１５ｇ×１８本,30,11/15まで,-,-,-,-,-,-
4901133216411 ,ちゅ～るテリーヌ　総合栄養食ビーフまぐろバラエティ,１５ｇ×１８本,30,11/15まで,-,-,-,-,-,-
4901133343049 ,ちゅ～るごはん　まぐろバラエティ,１４ｇ×２０Ｐ,30,11/15まで,-,-,-,-,-,-
4901133343056 ,ちゅ～るごはん　かつおバラエティ,１４ｇ×２０Ｐ,30,11/15まで,-,-,-,-,-,-
4901133343063 ,ちゅ～るごはん　とりささみバラエティ,１４ｇ×２０Ｐ,30,11/15まで,-,-,-,-,-,-
4901133392795 ,旅するちゅ～る　３種の大地の恵セレクション,６ｇ×１８本,30,11/15まで,-,-,-,-,-,-
4901133392801 ,旅するちゅ～る　３種の瀬戸内セレクション,６ｇ×１８本,30,11/15まで,-,-,-,-,-,-
4901133392818 ,旅するちゅ～る　３種の地鶏セレクション,６ｇ×１８本,30,11/15まで,-,-,-,-,-,-
4901133392825 ,旅するちゅ～る　３種のやみつきセレクション,６ｇ×１８本,30,11/15まで,-,-,-,-,-,-
4901133392832 ,旅するちゅ～る　３種のごほうびセレクション,６ｇ×１８本,30,11/15まで,-,-,-,-,-,-
4901133441776 ,ちゅ～るごはん　とりささみビーフチキン,１４ｇ×２０,30,11/15まで,-,-,-,-,-,-
4901133441783 ,ちゅーるごはん　とりささみバラエティ,１４ｇ×２０本,30,11/15まで,-,-,-,-,-,-
4901133441790 ,ちゅーるごはん２０Ｐとりささみビーフバラエティ,＿,30,11/15まで,-,-,-,-,-,-
4901133453298 ,すごい乳酸菌ちゅーる　まぐろ・海鮮バラエティ,１４ｇ×３０Ｐ,30,11/15まで,-,-,-,-,-,-
4901133453328 ,すごい乳酸菌ちゅーる　総合栄養食バラエティ,１４ｇ×３０Ｐ,30,11/15まで,-,-,-,-,-,-
4901133458101 ,ちゅ～るごはん　かつおバラエティ,１４ｇ×２０本,30,11/15まで,-,-,-,-,-,-
4901133478475 ,焼かつおディナーちゅ～るかつお節しらす,１４ｇ×２０Ｐ,30,11/15まで,-,-,-,-,-,-
4901133478482 ,焼かつおディナーちゅ～るほたて本格だし,１４ｇ×２０Ｐ,30,11/15まで,-,-,-,-,-,-
4901133503900 ,ピュアちゅ～る　まぐろバラエティ,１４ｇ×２０Ｐ,30,11/15まで,-,-,-,-,-,-
4901133503917 ,ピュアちゅ～る　まぐろ・かつおバラエティ,１４ｇ×２０Ｐ,30,11/15まで,-,-,-,-,-,-
4901133539503 ,旅するちゅ～る　３種の幸せセレクション,６ｇ×１８本,30,11/15まで,-,-,-,-,-,-
4901133539510 ,旅するちゅ～る　３種の満喫セレクション,６ｇ×１８本,30,11/15まで,-,-,-,-,-,-
4901133539527 ,旅するちゅ～る　３種の堪能セレクション,６ｇ×１８本,30,11/15まで,-,-,-,-,-,-
4901133539534 ,旅するちゅ～る　３種の海の恵セレクション,６ｇ×１８本,30,11/15まで,-,-,-,-,-,-
4901133625923 ,ちゅ～る　まぐろバラエティ,１４ｇ×２０,30,11/15まで,-,-,-,-,-,-
4901133625930 ,ちゅ～る　とりささみバラエティ,１４ｇ×２０,30,11/15まで,-,-,-,-,-,-
4901133625947 ,ちゅ～る　シーフードバラエティ,１４ｇ×２０,30,11/15まで,-,-,-,-,-,-
4901133625985 ,チャオちゅ～る　下部尿路配慮まぐろ海鮮ミックス,１４ｇ×２０本,30,11/15まで,-,-,-,-,-,-
4901133626005 ,ちゅ～る　総合栄養食　まぐろ海鮮ミックス,１４ｇ×２０,30,11/15まで,-,-,-,-,-,-
4901133626333 ,ＣＩＡＯちゅ～る　まぐろ・かつおバラエティ　２０本,１４ｇ×２０本,30,11/15まで,-,-,-,-,-,-
4901133651885 ,ちゅ～る乳酸菌クランキー　まぐろ味,２２ｇ×５袋,30,11/15まで,-,-,-,-,-,-
4901133651892 ,ちゅ～る乳酸菌クランキー　かつお味,２２ｇ×５袋,30,11/15まで,-,-,-,-,-,-
4901133690457 ,ちゅ～る　まぐろささみバラエティ,１４ｇ×２０Ｐ,30,11/15まで,-,-,-,-,-,-
4901133690464 ,ちゅ～る　まぐろ海鮮バラエティ,１４ｇ×２０Ｐ,30,11/15まで,-,-,-,-,-,-
4901133690488 ,ちゅ～る　贅沢まぐろバラエティ,１４ｇ×２０Ｐ,30,11/15まで,-,-,-,-,-,-
4901133714122 ,ちゅーるごはん　とりささみ・野菜バラエティ,１４ｇ×２０本,30,11/15まで,-,-,-,-,-,-
4901133714139 ,ちゅーるごはん　とりささみ・チーズバラエティ,１４ｇ×２０本,30,11/15まで,-,-,-,-,-,-
4901133718984 ,エナジーちゅ～る　まぐろ海鮮ミックス,１４ｇ×２０,30,11/15まで,-,-,-,-,-,-
4901133718991 ,チャオちゅーる　乳酸菌入りまぐろ海鮮ミックス味,１４ｇ×２０,30,11/15まで,-,-,-,-,-,-
4901133719011 ,チャオちゅ～る　まぐろ贅沢　セレクト,１４ｇ×２０本,30,11/15まで,-,-,-,-,-,-
4901133720376 ,ちゅ～る　まぐろ　海鮮ミックス味,１４ｇ×２０,30,11/15まで,-,-,-,-,-,-
4901133720383 ,ちゅ～る　とりささみ　海鮮ミックス,１４ｇ×２０,30,11/15まで,-,-,-,-,-,-
4901133720437 ,ちゅ～る　かつお　かつお節ミックス,１４ｇ×２０,30,11/15まで,-,-,-,-,-,-
4901133723216 ,すごい乳酸クランキー　まぐろ節味,１９０ｇ×４,30,11/15まで,-,-,-,-,-,-
4901133735318 ,すごい乳酸菌クランキー牛乳パック　まぐろ節味,４００ｇ,30,11/15まで,-,-,-,-,-,-
4901133735325 ,すごい乳酸菌クランキー牛乳パック　かつお節味,４００ｇ,30,11/15まで,-,-,-,-,-,-
4901133735479 ,すごい乳酸菌クランキー　カテキンプラスチキン味,３８０ｇ,30,11/15まで,-,-,-,-,-,-
4901133735486 ,すごい乳酸菌クランキー　カテキンプラスビーフ味,３８０ｇ,30,11/15まで,-,-,-,-,-,-
4901133736698 ,ワンちゅ～る総合栄養食　とりささみ　チキン,１４ｇ×２０,30,11/15まで,-,-,-,-,-,-
4901133736704 ,ワンちゅ～る総合栄養食　とりささみ　ビーフ,１４ｇ×２０,30,11/15まで,-,-,-,-,-,-
4901133736803 ,ワンちゅ～る　総合栄養食とりささみバラエティ,１４ｇ×２０,30,11/15まで,-,-,-,-,-,-
4901133736919 ,ワンちゅ～る　総合栄養食バラエティ,１４ｇ×２０,30,11/15まで,-,-,-,-,-,-
4901133736926 ,ワンちゅ～る　総合栄養食野菜ビーフＭＩＸバラエティ,１４ｇ×２０,30,11/15まで,-,-,-,-,-,-
4901133793547 ,ワンちゅ～る幅狭とりささみ・ビーフバラエティ,１４ｇ×２０本,30,11/15まで,-,-,-,-,-,-
4901133793554 ,ワンちゅ～る幅狭とりささみ・チーズバラエティ,１４ｇ×２０本,30,11/15まで,-,-,-,-,-,-
4901133793561 ,ワンちゅ～る幅狭ビーフ・チーズバラエティ,１４ｇ×２０本,30,11/15まで,-,-,-,-,-,-
4901133793578 ,ワンちゅ～る幅狭とりささみ野菜バラエティ,１４ｇ×２０本,30,11/15まで,-,-,-,-,-,-
4901133793608 ,ちゅ～るごはん幅狭ビーフチーズバラエティ,１４ｇ×２０本,30,11/15まで,-,-,-,-,-,-
4901133827976 ,ちゅ～る総合栄養食ＢＯＸ　ささみバラエティ,１４ｇ×２０Ｐ,30,11/15まで,-,-,-,-,-,-
4901133827983 ,ちゅ～る総合栄養食ＢＯＸ　ささみ野菜バラエティ,１４ｇ×２０Ｐ,30,11/15まで,-,-,-,-,-,-
4901133827990 ,ちゅ～るごはんＢＯＸ　ささみバラエティ,１４ｇ×２０Ｐ,30,11/15まで,-,-,-,-,-,-
4901133828003 ,ちゅ～るごはんＢＯＸ　ささみお肉バラエティ,１４ｇ×２０Ｐ,30,11/15まで,-,-,-,-,-,-
4901133993602 ,チャオちゅ～る　まぐろ海鮮バラエティ,１４ｇ×２０Ｐ,30,11/15まで,-,-,-,-,-,-
4901133993619 ,チャオちゅ～る　まぐろ本格だしバラエティ,１４ｇ×２０Ｐ,30,11/15まで,-,-,-,-,-,-
4901133993626 ,チャオちゅ～る　かつおかつお節バラエティ,１４ｇ×２０Ｐ,30,11/15まで,-,-,-,-,-,-
4901133993633 ,チャオちゅ～る　かつおほたてバラエティ,１４ｇ×２０Ｐ,30,11/15まで,-,-,-,-,-,-
4901133993640 ,チャオちゅ～る　とりささみ和牛バラエティ,１４ｇ×２０Ｐ,30,11/15まで,-,-,-,-,-,-
4901133993657 ,チャオちゅ～る　とりささみチキンバラエティ,１４ｇ×２０Ｐ,30,11/15まで,-,-,-,-,-,-
4901133993664 ,チャオちゅ～る　総合栄養食バラエティ,１４ｇ×２０Ｐ,30,11/15まで,-,-,-,-,-,-
4901133993671 ,チャオちゅ～る　毛玉配慮バラエティ,１４ｇ×２０Ｐ,30,11/15まで,-,-,-,-,-,-
4901133993688 ,チャオちゅ～る　下部尿路配慮バラエティ,１４ｇ×２０Ｐ,30,11/15まで,-,-,-,-,-,-
4901133993695 ,チャオちゅ～る　腎臓の健康維持に配慮バラエティ,１４ｇ×２０Ｐ,30,11/15まで,-,-,-,-,-,-
4901133993701 ,チャオちゅ～る　１１歳からのまぐろ・かつお,１４ｇ×２０Ｐ,30,11/15まで,-,-,-,-,-,-
4901133993718 ,チャオちゅ～る　１歳までの子ねこ用バラエティ,１４ｇ×２０Ｐ,30,11/15まで,-,-,-,-,-,-
4901301288622 ,ワイドハイターＥＸ替え大サイズ,８８０ｍｌ,30,11/15まで,-,-,-,-,-,-
4901301289605 ,ワイドハイターＥＸ替え,４８０ｍｌ,30,11/15まで,-,-,-,-,-,-
4901301306500 ,ハミングフローラルブーケ詰替,５４０ｍｌ,30,11/15まで,-,-,-,-,-,-
4901301306579 ,ハミングオリエンタルローズ詰替,５４０ｍｌ,30,11/15まで,-,-,-,-,-,-
4901301307231 ,ニベアクリームケアＢＷ　ヨーロピアンソープ　詰替,３６０ｍＬ,30,11/15まで,-,-,-,-,-,-
4901301307255 ,ニベアクリームケアＢＷ　フレンチローズ　詰替,３６０ｍＬ,30,11/15まで,-,-,-,-,-,-
4901301307279 ,ニベアクリームケアＢＷ　リッチパルファン　詰替,３６０ｍＬ,30,11/15まで,-,-,-,-,-,-
4901301326485 ,ニベアクリームケアＢＷ　イタリアンハニー　詰替,３６０ｍｌ,30,11/15まで,-,-,-,-,-,-
4901301334213 ,トイレマジックリン消臭ＳＰツヤプラスローズ本体,３８０ｍｌ,30,11/15まで,-,-,-,-,-,-
4901301334329 ,トイレクイックルニオイ予防プラスローズ詰替,１６枚,30,11/15まで,-,-,-,-,-,-
4901301334848 ,トイレクイックルニオイ予防プラスシトラス替え,１６枚,30,11/15まで,-,-,-,-,-,-
4901301335180 ,アタック抗菌ＥＸスーパークリアジェルつめかえ用,７７０Ｇ,30,11/15まで,-,-,-,-,-,-
4901301335487 ,トイレマジックリン消臭ＳＰツヤプラスシトラスＭ本体,３８０ｍｌ,30,11/15まで,-,-,-,-,-,-
4901301336989 ,アタック抗菌ＥＸスーパークリアジェルスパウトパウチ,１．３５ＫＧ,30,11/15まで,-,-,-,-,-,-
4901301338365 ,ニベアクリームケアＢＷカリビアンブーケつめかえ用,３６０ｍＬ,30,11/15まで,-,-,-,-,-,-
4901301338372 ,ニベアクリームケアＢＷ　ヴァーベナ　詰替,３６０ｍＬ,30,11/15まで,-,-,-,-,-,-
4901301342645 ,ニベアクリームケアＢＷ　クラウンリリー　詰替,３６０ｍＬ,30,11/15まで,-,-,-,-,-,-
4901301346247 ,キュキュットポンプ　ＮＤ＋除菌ミモザ　５００ｍｌ,５００ｍｌ,30,11/15まで,-,-,-,-,-,-
4901301352422 ,ニベアクリームケアＢＷ　パワーベリー　詰替,３６０ｍＬ,30,11/15まで,-,-,-,-,-,-
4901301352446 ,ニベアクリームケアＢＷ　リフレッシュハーブ　詰替,３６０ｍＬ,30,11/15まで,-,-,-,-,-,-
4901301358288 ,ニベアクリームケアＢＷブルーブロッサム　詰替,３６０ｍＬ,30,11/15まで,-,-,-,-,-,-
4901301358301 ,ニベアクリームケアＢＷカシス＆ボルドー　詰替,３６０ｍＬ,30,11/15まで,-,-,-,-,-,-
4901301358325 ,ニベアクリームケアＢＷショコラノワール　詰替,３６０ｍＬ,30,11/15まで,-,-,-,-,-,-
4901301361660 ,ニベアエンジェルスキンＢＷ　サボン＆ブーケ　詰替,３６０ｍＬ,30,11/15まで,-,-,-,-,-,-
4901301361677 ,ニベアエンジェルスキンＢＷ　カシス＆ハーブ　詰替,３６０ｍＬ,30,11/15まで,-,-,-,-,-,-
4901301361684 ,ニベアエンジェルスキンＢＷ　ピーチ＆フルーティー詰,３６０ｍＬ,30,11/15まで,-,-,-,-,-,-
4901301366627 ,クイックルＪｏａｎ除菌シート本体,７０枚,30,11/15まで,-,-,-,-,-,-
4901301366641 ,クイックルＪｏａｎ除菌スプレー本体,３００ｍｌ,30,11/15まで,-,-,-,-,-,-
4901301366955 ,ニベア　クリームケアＢＷ　トロピカルサワー　詰替,３６０ｍＬ,30,11/15まで,-,-,-,-,-,-
4901301366962 ,ニベア　クリームケアＢＷシトラスヴァーベナ　詰替,３６０ｍＬ,30,11/15まで,-,-,-,-,-,-
4901301369185 ,ビオレｕ全身すっきりシート　携帯用,１０枚,30,11/15まで,-,-,-,-,-,-
4901301372635 ,ニベアクリームケアＢＷ　Ｂロイヤルリリー　詰替,３６０ｍＬ,30,11/15まで,-,-,-,-,-,-
4901301381347 ,ニベア　クリームケアＢＷ　ヴァーベナ　詰替,３６０ｍＬ,30,11/15まで,-,-,-,-,-,-
4901301381361 ,ニベア　クリームケアＢＷ　ココナツ　詰替,３６０ｍＬ,30,11/15まで,-,-,-,-,-,-
4901301381828 ,アタック３Ｘつめかえ用,６９０ｇ,30,11/15まで,-,-,-,-,-,-
4901301381835 ,アタック３Ｘつめかえ用１２２０Ｇ,１．２２ｋｇ,30,11/15まで,-,-,-,-,-,-
4901301382054 ,トイレハイター水ぎわ・水底スッキリ,１２０Ｇ,30,11/15まで,-,-,-,-,-,-
4901301384195 ,ワイドハイター抗菌リキッドつめかえ用,４８０ｍｌ,30,11/15まで,-,-,-,-,-,-
4901301384270 ,ビオレｕ全身すっきりシート　ひんやりタイプ企画品,１０枚,30,11/15まで,-,-,-,-,-,-
4901301385758 ,ニベアエンジェルスキンあざと可愛いラズベリー替え,３６０ｍＬ,30,11/15まで,-,-,-,-,-,-
4901301385772 ,ニベアエンジェルスキンオトナ可愛いダークチェリー替,３６０ｍＬ,30,11/15まで,-,-,-,-,-,-
4901301390981 ,クイックルＪｏａｎ除菌スプレー本体４００ｍｌ,４００ＭＬ,30,11/15まで,-,-,-,-,-,-
4901301394064 ,ハミング　無香料　詰替,５４０ｍｌ,30,11/15まで,-,-,-,-,-,-
4901301394224 ,トイレマジックリン消臭洗浄ＳＰツヤツヤＣ本体ミニオ,３８０ｍｌ,30,11/15まで,-,-,-,-,-,-
4901301394811 ,ニベア　クリームケアＢＷクール　ソープ　詰替,３６０ｍＬ,30,11/15まで,-,-,-,-,-,-
4901301394835 ,ニベア　クリームケアＢＷクール　ローズ　詰替,３６０ｍＬ,30,11/15まで,-,-,-,-,-,-
4901301394996 ,ニベアクリアビューティ弱酸性泡洗顔もっちり美肌本体,１５０ｍＬ,30,11/15まで,-,-,-,-,-,-
4901301405135 ,トイレマジックリン消臭洗浄ＳＰ除菌抗菌本体,３８０ｍｌ,30,11/15まで,-,-,-,-,-,-
4901301406736 ,アタック泡スプレー除菌プラス詰替大,７２０ｍｌ,30,11/15まで,-,-,-,-,-,-
4901301407856 ,アタック抗菌ＥＸつめかえ用１０００ｇ,１．００ｋｇ,30,11/15まで,-,-,-,-,-,-
4901301407894 ,アタック抗菌ＥＸ部屋干し用つめかえ用１０００ｇ,１．００ｋｇ,30,11/15まで,-,-,-,-,-,-
4901301411426 ,クイックルホームリセット泡クリーナースパウト,６３０ｍｌ,30,11/15まで,-,-,-,-,-,-
4901301411587 ,ニベア　クリアビューティー弱酸性泡洗顔　皮脂すっき,１５０ｍｌ,30,11/15まで,-,-,-,-,-,-
4901301412522 ,ニベアエンジェルスキン大人スウィートＢベリー詰替,３６０ｍＬ,30,11/15まで,-,-,-,-,-,-
4901301414793 ,トイレマジックリン消臭ＳＰツヤツヤシトラス本体鬼滅,３８０ｍｌ,30,11/15まで,-,-,-,-,-,-
4901301415639 ,アタック抗菌ＥＸ　部屋干し用　つめかえ用　１０００,１．００ｋｇ,30,11/15まで,-,-,-,-,-,-
4901301415745 ,アタック抗菌ＥＸ　つめかえ用　１０００ｇ,１．００ｋｇ,30,11/15まで,-,-,-,-,-,-
4901301417176 ,キュキュット　ポンプ　５００ｍｌ,５００ｍｌ,30,11/15まで,-,-,-,-,-,-
4901301417183 ,キュキュットクリア除菌　ポンプ　５００ｍｌ,５００ｍｌ,30,11/15まで,-,-,-,-,-,-
4901301417190 ,キュキュット除菌ポンプヴァーベナシトラス,５００ｍｌ,30,11/15まで,-,-,-,-,-,-
4901301418005 ,ニベア　Ｗ保水美肌　リラクシングソープ　詰替,３５０ＭＬ,30,11/15まで,-,-,-,-,-,-
4901301418029 ,ニベア　Ｗ保水美肌　フローラルブーケ　詰替,３５０ＭＬ,30,11/15まで,-,-,-,-,-,-
4901301418098 ,アタック除菌アドバンスつめかえ用８８０ｇ,８８０ｇ,30,11/15まで,-,-,-,-,-,-
4901301418272 ,トイレクイックルストロングハーブ替え２４枚,２４枚,30,11/15まで,-,-,-,-,-,-
4901301418289 ,トイレクイックルストロングローズ替え２４枚,２４枚,30,11/15まで,-,-,-,-,-,-
4901301419521 ,アタック泡スプレー除菌プラス消臭パワー　つめかえ用,７２０ｍｌ,30,11/15まで,-,-,-,-,-,-
4901301419804 ,アタックＺＥＲＯパーフェクトスティック７本入り,７本,30,11/15まで,-,-,-,-,-,-
4901301419828 ,アタックＺＥＲＯパーフェクトスティック部屋干し７本,７本,30,11/15まで,-,-,-,-,-,-
4901301419989 ,ワイドハイターＥＸパワー　大　つめかえ用,８２０ｍｌ,30,11/15まで,-,-,-,-,-,-
4901301420015 ,ワイドハイターＰＲＯ　抗菌リキッド　替え,４５０ｍｌ,30,11/15まで,-,-,-,-,-,-
4901301421708 ,ニベアクリームケアＢＷ　ヨーロピアンソープ　替増量,４００ｍＬ,30,11/15まで,-,-,-,-,-,-
4901301421722 ,ニベアクリームケアＢＷ　フレンチローズ　替増量,４００ｍＬ,30,11/15まで,-,-,-,-,-,-
4901301421739 ,ニベアクリームケアＢＷ　リッチパルファン　替増量,４００ｍＬ,30,11/15まで,-,-,-,-,-,-
4901301421821 ,ニベアエンジェルスキンＢＷ　サボン＆ブーケ　替増量,４００ｍＬ,30,11/15まで,-,-,-,-,-,-
4901301421838 ,ニベアエンジェルスキンＢＷ　フラワーピーチ　替増量,４００ｍＬ,30,11/15まで,-,-,-,-,-,-
4901301422309 ,ハミング無香料つめかえ用４８０ｍｌ,４８０ｍｌ,30,11/15まで,-,-,-,-,-,-
4901301422361 ,ハミングフローラルブーケの香りつめかえ用４８０ｍｌ,４８０ｍｌ,30,11/15まで,-,-,-,-,-,-
4901301422392 ,ハミングフレッシュローズの香りつめかえ用４８０ｍｌ,４８０ｍｌ,30,11/15まで,-,-,-,-,-,-
4901301424921 ,トイレマジックリン消臭ＳＰ香り消臭ローズ本体,３５０ｍｌ,30,11/15まで,-,-,-,-,-,-
4901301424952 ,トイレマジックリン消臭ＳＰ汚れ予防ミント本体,３５０ｍｌ,30,11/15まで,-,-,-,-,-,-
4901301424983 ,トイレマジックリン消臭ＳＰ除菌・抗菌本体,３５０ｍｌ,30,11/15まで,-,-,-,-,-,-
4901301432162 ,ニベアエンジェルスキンＢＷ　アクネクリア　詰替,３５０ｍＬ,30,11/15まで,-,-,-,-,-,-
4901301434111 ,キュキュット　ポンプ,４８０ｍｌ,30,11/15まで,-,-,-,-,-,-
4901301434128 ,キュキュット　クリア除菌　ポンプ,４８０ｍｌ,30,11/15まで,-,-,-,-,-,-
4901301434135 ,キュキュット　ＮＤ＋除菌ヴァーベナ　ポンプ,４８０ｍｌ,30,11/15まで,-,-,-,-,-,-
4901301434272 ,アタック抗菌ＥＸ　つめかえ用９００Ｇ,９００ｇ,30,11/15まで,-,-,-,-,-,-
4901301434364 ,アタック抗菌ＥＸ　部屋干し用　つめかえ８５０ｇ,８５０ｇ,30,11/15まで,-,-,-,-,-,-
4901301435125 ,アタック除菌アドバンス　つめかえ用８５０ｇ,８５０ｇ,30,11/15まで,-,-,-,-,-,-
4901301435224 ,トイレクイックル　つめかえ用ジャンボパック　ミモザ,２０マイ,30,11/15まで,-,-,-,-,-,-
4901301442659 ,ニベア　Ｗ保水美肌　レモングラス＆シトラス　詰替,３５０ｍＬ,30,11/15まで,-,-,-,-,-,-
4901301445339 ,トイレクイックルサボン＆シトラスつめかえ用,１６枚,30,11/15まで,-,-,-,-,-,-
4901301445346 ,トイレクイックルホワイトフローラルつめかえ用,１６枚,30,11/15まで,-,-,-,-,-,-
4901301447937 ,キュキュットホリデーティポンプ,４８０ｍｌ,30,11/15まで,-,-,-,-,-,-
4901301449542 ,キュキュットポンプ　ＮＤ＋除菌ミモザ　４８０ｍｌ,４８０ｍｌ,30,11/15まで,-,-,-,-,-,-
4901301450623 ,ニベアクリームＷ濃厚保湿　ヨーロピアンソープ　詰替,３４０ｍＬ,30,11/15まで,-,-,-,-,-,-
4901301450630 ,ニベアクリームＷ濃厚保湿　フレンチローズ　詰替,３４０ｍＬ,30,11/15まで,-,-,-,-,-,-
4901301450647 ,ニベアクリームＷ濃厚保湿　イタリアンハニー　詰替,３４０ｍＬ,30,11/15まで,-,-,-,-,-,-
4901301450654 ,ニベアクリームＷ濃厚保湿　リッチパルファン　詰替,３４０ｍＬ,30,11/15まで,-,-,-,-,-,-
4901301454393 ,ニベアクリームＷ濃厚保湿　ロイヤルリリー　詰替,３４０ｍＬ,30,11/15まで,-,-,-,-,-,-
4901301456656 ,ニベアクリームＷ濃厚保湿　ヴィーナス　つめかえ用,３４０ｍＬ,30,11/15まで,-,-,-,-,-,-
4901301460318 ,トイレクイックル　サボン＆シトラス　つめかえ用,１６枚,30,11/15まで,-,-,-,-,-,-
4901301460325 ,トイレクイックル　ホワイトフローラル　つめかえ用,１６枚,30,11/15まで,-,-,-,-,-,-
4901301461568 ,ワイドハイター　ＰＲＯリキッド　部屋干し　つめかえ,４５０ｍｌ,30,11/15まで,-,-,-,-,-,-
4901301461728 ,トイレクイックル　つめかえ用ジャンボパック　ミモザ,１６マイ,30,11/15まで,-,-,-,-,-,-
4901301463180 ,ＭビオレデオドラントＢＷ　ミントの香り　つめかえ,３６０ｍＬ,30,11/15まで,-,-,-,-,-,-
4901301463197 ,ＭビオレデオドラントＢＷ　せっけんの香り　つめかえ,３６０ｍＬ,30,11/15まで,-,-,-,-,-,-
4901301463227 ,ＭＢデオドラントＢＷ　肌ケアタイプ　つめかえ,３６０ｍＬ,30,11/15まで,-,-,-,-,-,-
4901301465573 ,ニベアエンジェルスキンＢＷ　ロリポップ　詰替,３６０ｍＬ,30,11/15まで,-,-,-,-,-,-
4901301467324 ,ニベアクリームＷ濃厚保湿　キンモクセイ　詰替,３４０ｍＬ,30,11/15まで,-,-,-,-,-,-
4901417160447 ,ナイーブ　ボディソープ冷んやり桃ミント詰替用,３８０ｍｌ,30,11/15まで,-,-,-,-,-,-
4901417160461 ,ナイーブ　泡ボディソープ冷んやり桃ミント詰替,４５０ｍＬ,30,11/15まで,-,-,-,-,-,-
4901417160669 ,ナイーブ　ボディソープ　すみっコぐらし詰替,３８０ｍｌ,30,11/15まで,-,-,-,-,-,-
4901417160904 ,ナイーブ　ボディソープ　ちいかわ詰替限定品,３８０ｍｌ,30,11/15まで,-,-,-,-,-,-
4901417160928 ,ナイーブ　泡ボディソープ　ちいかわ詰替限定品,４８０ｍＬ,30,11/15まで,-,-,-,-,-,-
4901417162090 ,ナイーブ　ボディソープクロミちゃん　詰替,３６０ｍｌ,30,11/15まで,-,-,-,-,-,-
4901417162113 ,ナイーブ　泡で出てくるボディソープマイメロ　詰替,４８０ｍｌ,30,11/15まで,-,-,-,-,-,-
4901417162137 ,ナイーブ　ボディソープ（ひんやり桃ソーダ）詰替用,３６０ｍｌ,30,11/15まで,-,-,-,-,-,-
4901417162151 ,ナイーブ　泡ボディソープ（ひんやり桃ソーダ）詰替用,４８０ｍＬ,30,11/15まで,-,-,-,-,-,-
4901417162175 ,ナイーブ　Ｂクロミちゃんサマー　詰替,３６０ｍｌ,30,11/15まで,-,-,-,-,-,-
4901417162199 ,ナイーブ　泡で出てくるＢマイメロサマー　詰替,４８０ｍｌ,30,11/15まで,-,-,-,-,-,-
4901417162489 ,ナイーブ　ボディソープ（ドラえもん）詰替用,３６０ｍｌ,30,11/15まで,-,-,-,-,-,-
4901417162502 ,ナイーブ　泡ボディソープ（ドラえもん）詰替用,４８０ｍＬ,30,11/15まで,-,-,-,-,-,-
4901417162687 ,ナイーブ　ボディソープ（サマードラえもん）詰替用,３６０ｍｌ,30,11/15まで,-,-,-,-,-,-
4901417162700 ,ナイーブ　泡ボディソープ（サマードラえもん）詰替用,４８０ｍＬ,30,11/15まで,-,-,-,-,-,-
4901417162922 ,ナイーブ　ボディソープ（金木犀の香り）詰替用,３６０ｍＬ,30,11/15まで,-,-,-,-,-,-
4901417162946 ,ナイーブ　泡ボディソープ（金木犀の香り）詰替用,４８０ｍＬ,30,11/15まで,-,-,-,-,-,-
4901417162960 ,ナイーブ　ボディソープ（抹茶ラテの香り）詰替,３６０ｍＬ,30,11/15まで,-,-,-,-,-,-
4901417162984 ,ナイーブ　泡ボディソープ（抹茶ラテの香り）詰替,４８０ｍＬ,30,11/15まで,-,-,-,-,-,-
4901417163066 ,ナイーブ　ボディソープ（さくらの香り）詰替,３６０ｍｌ,30,11/15まで,-,-,-,-,-,-
4901417163080 ,ナイーブ　泡ボディソープ（さくらの香り）詰替,４８０ｍｌ,30,11/15まで,-,-,-,-,-,-
4901417163141 ,ナイーブ　ボディソープ（ミニオン）詰替用,３６０ｍＬ,30,11/15まで,-,-,-,-,-,-
4901417163165 ,ナイーブ　泡ボディソープ（ミニオン）詰替用,４８０ｍＬ,30,11/15まで,-,-,-,-,-,-
4901417163189 ,ナイーブ　ボディソープ（ハワイアンクール）詰替用,３６０ｍＬ,30,11/15まで,-,-,-,-,-,-
4901417163202 ,ナイーブ　泡ボディソープ（ハワイアンクール）詰替用,４８０ｍＬ,30,11/15まで,-,-,-,-,-,-
4901417168399 ,ナイーブ　泡で出てくるボディソープ　詰替用,４５０ｍＬ,30,11/15まで,-,-,-,-,-,-
4901417170033 ,ナイーブ　ボディソープ（ミニオンサマー）詰替用,３６０ｍＬ,30,11/15まで,-,-,-,-,-,-
4901417170057 ,ナイーブ　泡ボディソープ（ミニオンサマー）詰替用,４８０ｍＬ,30,11/15まで,-,-,-,-,-,-
4901422325633 ,キチントさん　フライパン用ホイルシート,２５ｃｍ×７ｍ,30,11/15まで,-,-,-,-,-,-
4901422325749 ,ラクッチョ　フライパン用ホイルシート　Ｍ　７ｍ,２５ｃｍ×７ｍ,30,11/15まで,-,-,-,-,-,-
4901422325794 ,ラクッチョ　フライパン用ホイルシート　Ｍ　ポケモン,２５ｃｍ×７ｍ,30,11/15まで,-,-,-,-,-,-
4901580005309 ,ｍｋ　国産果汁使用のフルーツキャンディ,２８０ｇ,30,11/15まで,-,-,-,-,-,-
4901609012370 ,ＳＢ流せるトイレブラシ替えジャンボパック,替え２４個,30,11/15まで,-,-,-,-,-,-
4901609012394 ,ＳＢ流せるトイレブラシ除菌消臭　替えジャンボパック,２４個,30,11/15まで,-,-,-,-,-,-
4901609016491 ,カビキラー　アルコール除菌キッチン用替え超特大,１２６０ｍｌ,30,11/15まで,-,-,-,-,-,-
4901616210707 ,ガム　デンタルフロス　ワックス,４０ｍ,30,11/15まで,-,-,-,-,-,-
4901616210714 ,ガムデンタルフロスアンワックス,４０ｍ,30,11/15まで,-,-,-,-,-,-
4901616212015 ,ＧＵＭ歯間ブラシＬ字型１０Ｐサイズ１,ＳＳＳ,30,11/15まで,-,-,-,-,-,-
4901616212022 ,ＧＵＭ歯間ブラシＬ字型１０Ｐサイズ２,ＳＳ,30,11/15まで,-,-,-,-,-,-
4901616212039 ,ＧＵＭ歯間ブラシＬ字型１０Ｐサイズ３,Ｓ,30,11/15まで,-,-,-,-,-,-
4901616212046 ,ＧＵＭ歯間ブラシＬ字型１０Ｐサイズ４,Ｍ,30,11/15まで,-,-,-,-,-,-
4901616212053 ,ＧＵＭ歯間ブラシＬ字型１０Ｐサイズ５,Ｌ,30,11/15まで,-,-,-,-,-,-
4901616215054 ,ガムデンタルフロス＆ピックＹ字型３０Ｐ,３０本入,30,11/15まで,-,-,-,-,-,-
4901616215191 ,ガムソフトピック　カーブ型　ＳＳＳ～Ｓ,３０本入,30,11/15まで,-,-,-,-,-,-
4901616215634 ,ガムソフトピック　ＳＳＳーＳ,４０本入,30,11/15まで,-,-,-,-,-,-
4901616215641 ,ガムソフトピック　ＳＳーＭ,４０本入,30,11/15まで,-,-,-,-,-,-
4901616215801 ,ガム・デンタルフロスワックス　フラットタイプ,５０ｍ,30,11/15まで,-,-,-,-,-,-
4901616216099 ,ガム歯間ブラシＩ字型ＳＳＳ,２０本入,30,11/15まで,-,-,-,-,-,-
4901616216105 ,ガム歯間ブラシＩ字型ＳＳ,２０本入,30,11/15まで,-,-,-,-,-,-
4901616216112 ,ガム歯間ブラシＩ字型Ｓ,２０本入,30,11/15まで,-,-,-,-,-,-
4901616216129 ,ガム歯間ブラシＩ字型Ｍ,２０本入,30,11/15まで,-,-,-,-,-,-
4901616216136 ,ガム歯間ブラシＩ字型Ｌ,２０本入,30,11/15まで,-,-,-,-,-,-
4901616216167 ,ガム歯周プロケアソフトピックカーブ型　ＳＳ～Ｍ,３０本入り,30,11/15まで,-,-,-,-,-,-
4901616216563 ,ガム歯周プロケアソフトピックＳ～ＬＬ,４０本入,30,11/15まで,-,-,-,-,-,-
4901616216853 ,ガム歯周プロケア　ポイントケアブラシ,ふつう,30,11/15まで,-,-,-,-,-,-
4901616217195 ,ガムウェルプラス曲がるソフトピックＳＳ～Ｍ,４０本入,30,11/15まで,-,-,-,-,-,-
4901616217201 ,ガムウェルプラス曲がるソフトピックＳＳＳ～Ｓ,４０本入,30,11/15まで,-,-,-,-,-,-
4901616217874 ,ＧＵＭ歯間ブラシＬ字型１０Ｐ　Ｌ,Ｌ,30,11/15まで,-,-,-,-,-,-
4901616217881 ,ＧＵＭ歯間ブラシＬ字型１０Ｐ　Ｍ,Ｍ,30,11/15まで,-,-,-,-,-,-
4901616217898 ,ＧＵＭ歯間ブラシＬ字型１０Ｐ　Ｓ,Ｓ,30,11/15まで,-,-,-,-,-,-
4901616217904 ,ＧＵＭ歯間ブラシＬ字型１０Ｐ　ＳＳ,ＳＳ,30,11/15まで,-,-,-,-,-,-
4901616217911 ,ＧＵＭ歯間ブラシＬ字型１０Ｐ　ＳＳＳ,ＳＳＳ,30,11/15まで,-,-,-,-,-,-
4901616217959 ,ＧＵＭ歯間ブラシＬ字型１０Ｐ　ＳＳＳＳ,ＳＳＳＳ,30,11/15まで,-,-,-,-,-,-
4901616218116 ,ＧＵＭ歯間ブラシＬ字型極上フィットＭサイズ,８本入,30,11/15まで,-,-,-,-,-,-
4901616218123 ,ＧＵＭ歯間ブラシＬ字型極上フィットＳサイズ,８本入,30,11/15まで,-,-,-,-,-,-
4901616218130 ,ガム・プレミアムデンタルブラシ＃０６５列先細ヘッド,やわらかめ,30,11/15まで,-,-,-,-,-,-
4901616218147 ,ガム・プレミアムデンタルブラシ＃０６５列先細ヘッド,ふつう,30,11/15まで,-,-,-,-,-,-
4901616218154 ,ガム・プレミアムデンタルブラシ＃０７６列幅広ヘッド,やわらかめ,30,11/15まで,-,-,-,-,-,-
4901616218161 ,ガム・プレミアムデンタルブラシ＃０７６列幅広ヘッド,ふつう,30,11/15まで,-,-,-,-,-,-
4901670116052 ,ジップロック　コンテナーごはん保存容器５個入,５個入り,30,11/15まで,-,-,-,-,-,-
4901730240123 ,バンドエイド　防水　Ｍサイズ　９０枚,９０枚,30,11/15まで,-,-,-,-,-,-
4901750140045 ,スコッティフラワーパック３倍長持ち　４Ｒ　Ｓ,１５０ｍ,30,11/15まで,-,-,-,-,-,-
4901750227302 ,スコッティフラワーパック３倍長持ち　４Ｒ　Ｗ,７５ｍ,30,11/15まで,-,-,-,-,-,-
4901750227364 ,スコッティフラワー３倍長持ち４Ｒ　Ｗ　無香,７５ｍ,30,11/15まで,-,-,-,-,-,-
4901750227791 ,ＭＫ　スコッティフラワー３倍長持ち　Ｗ　消臭　４Ｒ,７５ｍ　４Ｒ,30,11/15まで,-,-,-,-,-,-
4901750353032 ,ＭＫ　ＳＣＴＦ洗って使えるペーパータオル７７Ｃ１Ｒ,７０カット＋７カット,30,11/15まで,-,-,-,-,-,-
4901750413316 ,スコッティフラワーティシュ５Ｐ,２５０組,30,11/15まで,-,-,-,-,-,-
4901750413590 ,スコッティフラワーティシュ５Ｐ　ポケモン,２５０組,30,11/15まで,-,-,-,-,-,-
4901750413781 ,スコッティフラワーティシュ　ポケモン５Ｐ,２５０組,30,11/15まで,-,-,-,-,-,-
4901750470173 ,クリネックスローション　肌うるる　ポケット,４個,30,11/15まで,-,-,-,-,-,-
4901750470333 ,ＭＫクリネックスローション肌うるるポケット４Ｐ,１２組×４Ｐ,30,11/15まで,-,-,-,-,-,-
4901750880064 ,ポイズ肌ケアパッド　少量用,３０枚,30,11/15まで,-,-,-,-,-,-
4902011105384 ,キミおもい　カチッと固まる　ネコ砂,５Ｌ,30,11/15まで,-,-,-,-,-,-
4902011113761 ,エリエールイーナトイレットＳ　北海道,１２Ｒ,30,11/15まで,-,-,-,-,-,-
4902011113778 ,エリエールイーナトイレットＷ　北海道,１２Ｒ,30,11/15まで,-,-,-,-,-,-
4902011113785 ,エリエールイーナトイレットプリント　北海道,１２Ｒ,30,11/15まで,-,-,-,-,-,-
4902011114072 ,ＴＨＥエリエールトイレットＷ　１２Ｒ,２５ｍ　１２Ｒ,30,11/15まで,-,-,-,-,-,-
4902011114478 ,エリエールイーナ３．２倍巻きＷ　１２Ｒ,８０ｍ　１２Ｒ,30,11/15まで,-,-,-,-,-,-
4902011120431 ,キミおもい　消臭抗菌システムトイレシート３～４日,２０枚,30,11/15まで,-,-,-,-,-,-
4902011723953 ,エリエールイーナトイレット１２Ｒシングル,１２Ｒ　シングル,30,11/15まで,-,-,-,-,-,-
4902011723960 ,エリエールイーナトイレット１２Ｒダブル,１２Ｒ　ダブル,30,11/15まで,-,-,-,-,-,-
4902011821277 ,エリエールイーナトイレット１２ＲダブルＰ,１２Ｒ　ダブルＰ,30,11/15まで,-,-,-,-,-,-
4902011824179 ,エリエールイーナトイレット１２Ｒシャワー,１２Ｒ　シャワー,30,11/15まで,-,-,-,-,-,-
4902011825923 ,エリエールイーナ３．２倍巻き４Ｒダブル,８０ｍ４Ｒ,30,11/15まで,-,-,-,-,-,-
4902011825930 ,エリエールイーナ３．２倍巻き４Ｒプリント,７５ｍ４Ｒ,30,11/15まで,-,-,-,-,-,-
4902011825947 ,エリエールイーナ３．２倍巻き８Ｒダブル,８０ｍ８Ｒ,30,11/15まで,-,-,-,-,-,-
4902092779559 ,タウパー　おてふきれい　エコＭ　紙包装タイプ,２００枚,30,11/15まで,-,-,-,-,-,-
4902111736938 ,ダヴモイスチャーミルククレンジング,１９５ｍｌ,30,11/15まで,-,-,-,-,-,-
4902111749662 ,ダヴセンシティブミルククレンジング,１９５ｍｌ,30,11/15まで,-,-,-,-,-,-
4902111752808 ,ダヴモイスチャー泡洗顔料詰替大容量,２８０ｍｌ,30,11/15まで,-,-,-,-,-,-
4902111761350 ,ラックス　ストレートビューティーポンプペアＴＲ付Ｎ,４００ｇ×２＋１００ｇ,30,11/15まで,-,-,-,-,-,-
4902111767819 ,ラックス　ハローキティポンプペアＮ,４３０ｇ＋４３０ｇ,30,11/15まで,-,-,-,-,-,-
4902111770055 ,ラックスモイスチャーポンプペアＴＭ７０ｇつき,４３０ｇ×２＋７０ｇ,30,11/15まで,-,-,-,-,-,-
4902111770062 ,ラックスダメージリペアポンプペアＴＭ７０ｇつき,４３０ｇ×２＋７０ｇ,30,11/15まで,-,-,-,-,-,-
4902111770840 ,ラックス　ブレイブ＆シャイン　プリンセス　ペア,４００ｇ＋４００ｇ,30,11/15まで,-,-,-,-,-,-
4902111771311 ,ラックス　さっぱり＆ディープダメージケア　ＰＰ,４３０ｇ×２,30,11/15まで,-,-,-,-,-,-
4902111772349 ,ラックスダメージリペアポンプペアＴＭ付きＮ,４３０ｇ×２＋７０ｇ,30,11/15まで,-,-,-,-,-,-
4902111773063 ,ラックス　ブレイブ＆リペア　アラジン　ペア,４００ｇ＋４００ｇ,30,11/15まで,-,-,-,-,-,-
4902111775005 ,ダヴ泡ボディウォッシュ　しっとり　ポンプ,５４０ｇ,30,11/15まで,-,-,-,-,-,-
4902111775012 ,ダヴ泡ボディウォッシュ　つややか　ポンプ,５４０ｇ,30,11/15まで,-,-,-,-,-,-
4902111775180 ,ラックスストレートポンプペア（限定デザイン）,４００ｇ×２,30,11/15まで,-,-,-,-,-,-
4902111775425 ,ラックスダメージリペアポンプペアＴＭ７０ｇつきＮ,４００ｇ×２＋７０ｇ,30,11/15まで,-,-,-,-,-,-
4902111775432 ,ラックスモイスチャーポンプペアＴＭ７０ｇつきＮ,４００ｇ×２＋７０ｇ,30,11/15まで,-,-,-,-,-,-
4902111775449 ,ラックスストレートポンプペアＴＭ７０ｇつきＮ,４００ｇ×２＋７０ｇ,30,11/15まで,-,-,-,-,-,-
4902111775586 ,ラックス　スーパーリッチ　キンモクセイポンプペア,４００ｇ×２,30,11/15まで,-,-,-,-,-,-
4902111775937 ,ラックス　ダメージ　ディズニーデザインポンプペア,４００ｇ＋４００ｇ,30,11/15まで,-,-,-,-,-,-
4902111775944 ,ラックス　モイスチャー　ディズニーデザインポンプペ,４００ｇ＋４００ｇ,30,11/15まで,-,-,-,-,-,-
4902111775951 ,ラックス　ストレート　ディズニーデザインポンプペア,４００ｇ＋４００ｇ,30,11/15まで,-,-,-,-,-,-
4902111776156 ,ラックススーパーリッチシャインサクラポンプペア,４００ｇ＋４００ｇ,30,11/15まで,-,-,-,-,-,-
4902111776309 ,ラックス　ダメージ　Ｔｒｅａｓｕｒｅコラボポンプペ,４００ｇ＋４００ｇ,30,11/15まで,-,-,-,-,-,-
4902111776316 ,ラックス　ストレート　Ｔｒｅａｓｕｒｅポンプペア,４００ｇ＋４００ｇ,30,11/15まで,-,-,-,-,-,-
4902111776606 ,ダヴ泡ボディウォッシュ　さくら　ポンプ,５４０ｇ,30,11/15まで,-,-,-,-,-,-
4902111776613 ,ダヴ泡ボディウォッシュ　ビューティーケア　ポンプ,５４０ｇ,30,11/15まで,-,-,-,-,-,-
4902111776972 ,ダヴ　泡ボディウォッシュ　ふっくら　ポンプ,５４０ｇ,30,11/15まで,-,-,-,-,-,-
4902111777696 ,ラックススーパーリッチリペアさっぱりポンプペア,４００ｇ×２,30,11/15まで,-,-,-,-,-,-
4902111778112 ,ダヴ　泡ボディウォッシュ　キンモクセイ　ポンプ,５４０ｇ,30,11/15まで,-,-,-,-,-,-
4902111778990 ,ラックスＴＷＩＣＥ限定デザインポンプペア,４００ｇ×２,30,11/15まで,-,-,-,-,-,-
4902111779171 ,ラックス　ダメージポンプペア６０周年企画,４００ｇ×２,30,11/15まで,-,-,-,-,-,-
4902111779188 ,ラックス　ストレートビューティーペア６０周年企画,４００ｇ×２,30,11/15まで,-,-,-,-,-,-
4902111779584 ,ダヴ泡ボディ　堂島ロール　桃　ポンプ,５４０ｇ,30,11/15まで,-,-,-,-,-,-
4902111779775 ,ラックス　ミモザ　ポンプペア,４００ｇ＋４００ｇ,30,11/15まで,-,-,-,-,-,-
4902111779867 ,ダヴ　泡ボディ　キンモクセイ　ポンプ,５４０ｇ,30,11/15まで,-,-,-,-,-,-
4902111782027 ,ラックスダメージポンプペアミニチューブ付,４００ｇ×４００ｇ＋７０,30,11/15まで,-,-,-,-,-,-
4902111782553 ,ダヴ泡ボディ　堂島ロール　完熟いちご　ポンプ,５４０ｇ,30,11/15まで,-,-,-,-,-,-
4902111783192 ,ダヴ　ふわとろボディ　ザクロ＆シアバター　ポンプ,４５０ｇ,30,11/15まで,-,-,-,-,-,-
4902111783215 ,ダヴ　ふわとろボディ　サクラ＆ムスク　ポンプ,４５０ｇ,30,11/15まで,-,-,-,-,-,-
4902111783239 ,ダヴ　ふわとろボディ　キンモクセイ　ポンプ,４５０ｇ,30,11/15まで,-,-,-,-,-,-
4902111783970 ,ラックススーパーリッチシャイン　ミモザ　ポンプペア,４００ｇ＋４００ｇ,30,11/15まで,-,-,-,-,-,-
4902111784106 ,ラックス　ダメージリペアコラボポンプペア　おまけ付,４００ｇ＋４００ｇ,30,11/15まで,-,-,-,-,-,-
4902111784113 ,ラックス　モイスチャーコラボポンプペア　おまけ付,４００ｇ＋４００ｇ,30,11/15まで,-,-,-,-,-,-
4902111784120 ,ラックス　ナイトケアコラボポンプペア　おまけ付,４００ｇ＋４００ｇ,30,11/15まで,-,-,-,-,-,-
4902111784137 ,ダヴ　泡ボディ　トワイライトブーケ　ポンプ,５４０ｇ,30,11/15まで,-,-,-,-,-,-
4902111784670 ,ラックス　ダメージリペアＦＩＦＡポンプペア,４００ｇ＋４００ｇ,30,11/15まで,-,-,-,-,-,-
4902111784694 ,ラックス　リラックスナイトケアＦＩＦＡポンプペア,４００ｇ＋４００ｇ,30,11/15まで,-,-,-,-,-,-
4902397855927 ,シーバリッチ　ごちそうフレークお魚グルメアソート,３５ｇ×６,30,11/15まで,-,-,-,-,-,-
4902397855941 ,シーバリッチ　フレーク鶏ささみ味と海のアソート,３５ｇ×６,30,11/15まで,-,-,-,-,-,-
4902397855965 ,シーバリッチフレーク　シーフードアソート,３５ｇ×６袋,30,11/15まで,-,-,-,-,-,-
4902397856030 ,シーバリッチ　ささみアソート１８歳,３５ｇ×６袋,30,11/15まで,-,-,-,-,-,-
4902397864486 ,シーバアミューズ　お魚スープ　究極の２択,４０ｇ×６,30,11/15まで,-,-,-,-,-,-
4902424438512 ,キッチン用アルコール除菌スプレー本体,４００ｍｌ,30,11/15まで,-,-,-,-,-,-
4902424448658 ,凍殺ジェット３００ｍｌ,３００ｍｌ,30,11/15まで,-,-,-,-,-,-
4902424451641 ,ハチ・アブバズーカジェット５５０ｍｌ,５５０ｍｌ,30,11/15まで,-,-,-,-,-,-
4902424453881 ,おうちバリアスプレー４００ｍｌ,４００ｍｌ,30,11/15まで,-,-,-,-,-,-
4902510080335 ,ｍｋ　やわらかいアイスまくら,１個,30,11/15まで,-,-,-,-,-,-
4902524301358 ,ｍｋ　かに風味かまぼこスライス,５０ｇ×２,30,11/15まで,-,-,-,-,-,-
4902555270265 ,ペコちゃんミルキードーナツクッキー（塩キャラメル）,１６８ｇ,30,11/15まで,-,-,-,-,-,-
4902555278964 ,ペコちゃんミルキードーナツクッキー,１６８ｇ,30,11/15まで,-,-,-,-,-,-
4902555278971 ,ペコちゃんミルキーパイ,１１０ｇ,30,11/15まで,-,-,-,-,-,-
4902705015906 ,北海道十勝カマンベールチーズ,９０ｇ,30,11/15まで,-,-,-,-,-,-
4902705015913 ,北海道十勝カマンベールチーズ切れてるタイプ,９０ｇ,30,11/15まで,-,-,-,-,-,-
4902705015920 ,十勝カマンベールブラックペッパー,９０ｇ,30,11/15まで,-,-,-,-,-,-
4902705093713 ,十勝スマートチーズチェダー,９０ｇ,30,11/15まで,-,-,-,-,-,-
4902705093720 ,十勝スマートチーズパルメザン,９０ｇ,30,11/15まで,-,-,-,-,-,-
4902705122697 ,北海道十勝パルメザンチーズ,８０ｇ,30,11/15まで,-,-,-,-,-,-
4902777203911 ,チョコレート効果Ｗプラスカカオ７２％,７５ｇ,30,11/15まで,-,-,-,-,-,-
4902777242880 ,カカオボーテ,６０ｇ,30,11/15まで,-,-,-,-,-,-
4903111021512 ,ソフィ超熟睡ショーツＸＬ１４枚,１４枚,30,11/15まで,-,-,-,-,-,-
4903111021796 ,ライフリ－尿とりパッドス－パ－男女共用　３３枚,３３枚,30,11/15まで,-,-,-,-,-,-
4903111023257 ,ＬＦさわやか男性用快適シート３ｃｃ２２枚企画,２２枚,30,11/15まで,-,-,-,-,-,-
4903111024773 ,チャ－ムナップ吸水さらフィＯＧコットンＰＬ６０枚,６０枚,30,11/15まで,-,-,-,-,-,-
4903111024889 ,チャ－ムナップ　中量用　１８枚,１８枚,30,11/15まで,-,-,-,-,-,-
4903111025381 ,チャ－ムナップ吸水さらフィＯＧコットンＰＬ３０枚,３０枚,30,11/15まで,-,-,-,-,-,-
4903111025619 ,ＣＩコンパクト１／２キンモクセイ多い昼用２２枚,２２枚,30,11/15まで,-,-,-,-,-,-
4903111025657 ,ソフィおでかけ交換ショーツ　ＭＬ　７枚,７枚,30,11/15まで,-,-,-,-,-,-
4903111028177 ,ソフィ超熟睡ショーツ涼肌　ＭＬ　５枚,５枚,30,11/15まで,-,-,-,-,-,-
4903111028429 ,チャ－ムナップ　少量用消臭　３０枚,３０枚,30,11/15まで,-,-,-,-,-,-
4903111030217 ,ソフィ超熟睡おやすみプレミアム　極厚３６０　１６枚,１６枚,30,11/15まで,-,-,-,-,-,-
4903111031627 ,チャームナップ多くても安心用消臭タイプ,１８枚,30,11/15まで,-,-,-,-,-,-
4903111037261 ,ＬＦさわやかパッドＯＧＣ少量用２８枚,２８枚,30,11/15まで,-,-,-,-,-,-
4903111040964 ,チャームナップさわやかライナー少量用,３２枚,30,11/15まで,-,-,-,-,-,-
4903111041046 ,チャームナップさわやかライナー中量用,１８枚,30,11/15まで,-,-,-,-,-,-
4903111060122 ,シルコット　フェイシャルタオル素肌おもい,６０枚,30,11/15まで,-,-,-,-,-,-
4903111075768 ,チャ－ムナップ　少量用　６６枚,６６枚,30,11/15まで,-,-,-,-,-,-
4903111124381 ,ＣＩコンパクト１／２キンモクセイ特に多い昼用１６枚,１６枚,30,11/15まで,-,-,-,-,-,-
4903111178216 ,チャ－ムナップ　中量用消臭タイプ　３４枚,３４枚,30,11/15まで,-,-,-,-,-,-
4903111268450 ,ＬＦさわやかパッドＯＧＣ安心の中量用１８枚,１８枚,30,11/15まで,-,-,-,-,-,-
4903111300419 ,ソフィはだおもいオ－ガニックコットン羽なし１６枚,１６枚,30,11/15まで,-,-,-,-,-,-
4903111300570 ,ソフィはだおもいＯＧ２１０羽つき１７枚,１７枚,30,11/15まで,-,-,-,-,-,-
4903111301249 ,ソフィはだおもいオ－ガニックコットン羽つき１５枚,１５枚,30,11/15まで,-,-,-,-,-,-
4903111301478 ,ソフィはだおもいオ－ガニックコットン２６０羽１３枚,１３枚,30,11/15まで,-,-,-,-,-,-
4903111303304 ,ソフィ超熟睡ショーツＭＬ１６枚,１６枚,30,11/15まで,-,-,-,-,-,-
4903111305117 ,ＣＩコンパクトＡＮＮＡＳＵＩ香り多い昼用２２枚,２２枚,30,11/15まで,-,-,-,-,-,-
4903111305346 ,ＣＩコンパクトＡＮＮＡＳＵＩ香り特に多い昼用１６枚,１６枚,30,11/15まで,-,-,-,-,-,-
4903111305636 ,ＣＩコンパクトＡＮＮＡＳＵＩ香り多い夜用１２枚,１２枚,30,11/15まで,-,-,-,-,-,-
4903111306152 ,ソフィパンティライナ－オ－ガニックコットン５２枚,５２枚,30,11/15まで,-,-,-,-,-,-
4903111310692 ,ＣＩコンパクト１／２無香料多い昼用２２枚,２２枚,30,11/15まで,-,-,-,-,-,-
4903111310814 ,ＣＩコンパクト１／２無香料特に多い昼用１６枚,１６枚,30,11/15まで,-,-,-,-,-,-
4903111311293 ,ＣＩコンパクト１／２無香料多い夜用１２枚,１２枚,30,11/15まで,-,-,-,-,-,-
4903111312016 ,ＣＩコンパクト１／２フローラル多い昼用２２枚,２２枚,30,11/15まで,-,-,-,-,-,-
4903111312023 ,ＣＩコンパクトさくらの香り多い昼用２２枚,２２枚,30,11/15まで,-,-,-,-,-,-
4903111312177 ,ＣＩコンパクトさくらの香り特に多い昼用１６枚,１６枚,30,11/15まで,-,-,-,-,-,-
4903111312474 ,ＣＩコンパクト１／２フローラル特に多い昼用１６枚,１６枚,30,11/15まで,-,-,-,-,-,-
4903111312559 ,ＣＩコンパクトさくらの香り多い夜用１２枚,１２枚,30,11/15まで,-,-,-,-,-,-
4903111312993 ,ＣＩコンパクト１／２フローラル多い夜用１２枚,１２枚,30,11/15まで,-,-,-,-,-,-
4903111313426 ,ＣＩコンパクト１／２サボン多い昼用２２枚,２２枚,30,11/15まで,-,-,-,-,-,-
4903111313884 ,ＣＩコンパクト１／２サボン特に多い昼用１６枚,１６枚,30,11/15まで,-,-,-,-,-,-
4903111314256 ,ＣＩコンパクト１／２サボン多い夜用１２枚,１２枚,30,11/15まで,-,-,-,-,-,-
4903111317837 ,ＣＩコンパクト１／２さくら多い昼用２２枚,２２枚,30,11/15まで,-,-,-,-,-,-
4903111317912 ,ソフィはだおもいＯＧ極うすスリム多い昼２３０羽つき,１５枚,30,11/15まで,-,-,-,-,-,-
4903111317974 ,ＣＩコンパクト１／２さくら特に多い昼用１６枚,１６枚,30,11/15まで,-,-,-,-,-,-
4903111318117 ,ＣＩコンパクト１／２さくら多い夜用１２枚,１２枚,30,11/15まで,-,-,-,-,-,-
4903111319275 ,ソフィはだおもいＯＧ極うすスリム多い夜２９０,１２枚,30,11/15まで,-,-,-,-,-,-
4903111319374 ,ソフィはだおもいＯＧコットン特に多い昼用２６０,２２枚,30,11/15まで,-,-,-,-,-,-
4903111320356 ,センターインコンパクト　ふわふわ　ふつうの日用,２２枚,30,11/15まで,-,-,-,-,-,-
4903111320400 ,センターインコンパクト　ふわふわ　多い日の昼用,１７枚,30,11/15まで,-,-,-,-,-,-
4903111320691 ,センターインコンパクト　ふわふわ　多い日の夜用,１２枚,30,11/15まで,-,-,-,-,-,-
4903111325078 ,ＣＩコンパクトＡＮＮＡＳＵＩ香り多い昼用２２枚,２２枚,30,11/15まで,-,-,-,-,-,-
4903111325115 ,ＣＩコンパクトＡＮＮＡＳＵＩ香り特に多い昼用１６枚,１６枚,30,11/15まで,-,-,-,-,-,-
4903111325269 ,ＣＩコンパクトＡＮＮＡＳＵＩ香り多い夜用１２枚,１２枚,30,11/15まで,-,-,-,-,-,-
4903111329465 ,ＣＩコンパクトミモザの香り多い昼用２２枚,２２枚,30,11/15まで,-,-,-,-,-,-
4903111329885 ,ＣＩコンパクトミモザの香リ特に多い昼用１６枚,１６枚,30,11/15まで,-,-,-,-,-,-
4903111330102 ,ＣＩコンパクトミモザの香り多い夜用１２枚,１２枚,30,11/15まで,-,-,-,-,-,-
4903111330775 ,ソフィはだおもいＯＧコットン特に多い昼用２３０,２４枚,30,11/15まで,-,-,-,-,-,-
4903111331192 ,ソフィはだおもいＯＧコットン多い夜用２９０,１６枚,30,11/15まで,-,-,-,-,-,-
4903111332700 ,ソフィはだおもいＯＧ極うすスリム特に多い昼用２６０,１３枚,30,11/15まで,-,-,-,-,-,-
4903111333264 ,ソフィ超熟睡ショーツ涼肌　ＭＬ　５枚,５枚,30,11/15まで,-,-,-,-,-,-
4903111334612 ,ソフィ超熟睡ショーツ　ＳＭ　５枚,５枚,30,11/15まで,-,-,-,-,-,-
4903111334681 ,ソフィおりものシートＯＧ無香料８４枚,８４枚,30,11/15まで,-,-,-,-,-,-
4903111335268 ,ソフィはだおもいＯＧ特に多い夜用３６０　８枚,８枚,30,11/15まで,-,-,-,-,-,-
4903111335831 ,ソフィ超熟睡ショーツまるごと通気ＭＬ　５枚,５枚,30,11/15まで,-,-,-,-,-,-
4903111335879 ,ソフィおりものシートＯＧサボンの香り８４枚,８４枚,30,11/15まで,-,-,-,-,-,-
4903111343348 ,ソフィはだおもいＯＧ極うすスリム１７５羽なし,３０枚,30,11/15まで,-,-,-,-,-,-
4903111346943 ,ＣＩコンパクト１／２無香料特に多い夜用１０枚,１０枚,30,11/15まで,-,-,-,-,-,-
4903111347803 ,ＣＩコンパクト１／２フローラル特に多い夜用１０枚,１０枚,30,11/15まで,-,-,-,-,-,-
4903111351763 ,ソフィ超熟睡ショーツ　５枚,５枚,30,11/15まで,-,-,-,-,-,-
4903111352173 ,ソフィ超熟睡ショーツ涼肌　ＭＬ　５枚,５枚,30,11/15まで,-,-,-,-,-,-
4903111353545 ,チャ－ムナップ　少量用消臭タイプ　２０枚,２０枚,30,11/15まで,-,-,-,-,-,-
4903111355464 ,ソフィ超熟睡ショーツ　ＸＬ　４枚,４枚,30,11/15まで,-,-,-,-,-,-
4903111355693 ,ソフィ超熟睡ショーツ　Ｓ　６枚,６枚,30,11/15まで,-,-,-,-,-,-
4903111358212 ,ソフィはだおもいＯＧコットン多い夜用２９０,１０枚,30,11/15まで,-,-,-,-,-,-
4903111359516 ,ソフィはだおもいＯＧコットン特に多い夜用３６０,９枚,30,11/15まで,-,-,-,-,-,-
4903111361670 ,センターインコンパクトフレグランスふつうの日２２枚,２２枚,30,11/15まで,-,-,-,-,-,-
4903111361816 ,センターインコンパクトフレグランス多い日昼１７枚,１７枚,30,11/15まで,-,-,-,-,-,-
4903111362172 ,センターインコンパクトフレグランス多い日夜１２枚,１２枚,30,11/15まで,-,-,-,-,-,-
4903111363551 ,ソフィおりものシートオーガニック無香料,８４枚,30,11/15まで,-,-,-,-,-,-
4903111364329 ,ＣＩコンパクトホワイトリリーの香り多い昼用２２枚,２２枚,30,11/15まで,-,-,-,-,-,-
4903111365258 ,ＣＩコンパクトホワイトリリーの香特に多い昼用１６枚,１６枚,30,11/15まで,-,-,-,-,-,-
4903111365678 ,ＣＩコンパクトホワイトリリーの香り多い夜用１２枚,１２枚,30,11/15まで,-,-,-,-,-,-
4903111366811 ,ソフィパンティライナ－ＯＧコットンサボンの香り,５２枚,30,11/15まで,-,-,-,-,-,-
4903111366910 ,ソフィ超熟睡ショーツオーガニックコットンＭＬ　４枚,４枚,30,11/15まで,-,-,-,-,-,-
4903111368822 ,ソフィ超熟睡ショーツＭＬ　１０枚,１０枚,30,11/15まで,-,-,-,-,-,-
4903111369973 ,ＣＩコンパクト１／２ラベンダー多い昼用２２枚,２２枚,30,11/15まで,-,-,-,-,-,-
4903111370153 ,ＣＩコンパクト１／２ラベンダー特に多い昼用１６枚,１６枚,30,11/15まで,-,-,-,-,-,-
4903111370160 ,ソフィおりものシートオーガニックサボン,８４枚,30,11/15まで,-,-,-,-,-,-
4903111370962 ,ＣＩコンパクト１／２ラベンダー多い夜用１２枚,１２枚,30,11/15まで,-,-,-,-,-,-
4903111372966 ,ＣＩコンパクトキンモクセイの香り多い昼用２２枚,２２枚,30,11/15まで,-,-,-,-,-,-
4903111373475 ,ＣＩコンパクトキンモクセイの香リ特に多い昼用１６枚,１６枚,30,11/15まで,-,-,-,-,-,-
4903111373567 ,ＣＩコンパクトＦホワイトふつうの日用２２枚,２２枚,30,11/15まで,-,-,-,-,-,-
4903111373956 ,ＣＩコンパクトＦホワイト多い日の昼用１７枚,１７枚,30,11/15まで,-,-,-,-,-,-
4903111374243 ,ＣＩコンパクトキンモクセイの香り多い夜用１２枚,１２枚,30,11/15まで,-,-,-,-,-,-
4903111374373 ,ＣＩコンパクトＦホワイト多い日の夜用１２枚,１２枚,30,11/15まで,-,-,-,-,-,-
4903111379552 ,ソフィ超熟睡ショーツ　ＳＭ　８枚,８枚,30,11/15まで,-,-,-,-,-,-
4903111381173 ,ソフィ超熟睡ショーツ　ＭＬ　８枚,８枚,30,11/15まで,-,-,-,-,-,-
4903111381852 ,ソフィ超熟睡ショーツ　ＸＬ　７枚,７枚,30,11/15まで,-,-,-,-,-,-
4903111384594 ,ソフィ超熟睡ショーツオーガニックコットンＭＬ７枚,７枚,30,11/15まで,-,-,-,-,-,-
4903111385058 ,ＣＩＣキンモクセイの香り多い昼用２２枚,２２枚,30,11/15まで,-,-,-,-,-,-
4903111385171 ,ＣＩコンパクトキンモクセイの香リ特に多い昼用１６枚,１６枚,30,11/15まで,-,-,-,-,-,-
4903111385300 ,ＣＩコンパクトキンモクセイの香り多い夜用１２枚,１２枚,30,11/15まで,-,-,-,-,-,-
4903111388868 ,ＣＩコンパクト１／２ベルガモット多い昼用２２枚,２２枚,30,11/15まで,-,-,-,-,-,-
4903111389285 ,ＣＩコンパクト１／２ベルガモット特に多い昼用１６枚,１６枚,30,11/15まで,-,-,-,-,-,-
4903111389315 ,ＣＩコンパクト１／２ベルガモット多い夜用１２枚,１２枚,30,11/15まで,-,-,-,-,-,-
4903111389704 ,ソフィはだおもいＯＧ極うすスリム２１０羽つき１７枚,１７枚,30,11/15まで,-,-,-,-,-,-
4903111393596 ,ソフィ超熟睡おやすみプレミアム　極厚４２０　１２枚,１２枚,30,11/15まで,-,-,-,-,-,-
4903111404223 ,チャームナップ長時間安心用消臭タイプ,１６枚,30,11/15まで,-,-,-,-,-,-
4903111504077 ,チャームナップ吸水さらフィパンティライナー,４０枚,30,11/15まで,-,-,-,-,-,-
4903111505845 ,チャームナップ　長時間快適用　７０ｃｃ,１６枚,30,11/15まで,-,-,-,-,-,-
4903111505999 ,チャームナップ　多くても安心用　１００ｃｃ,１４枚,30,11/15まで,-,-,-,-,-,-
4903111506163 ,チャームナップ　長時間安心用　１５０ｃｃ,１２枚,30,11/15まで,-,-,-,-,-,-
4903111506439 ,チャームナップ　少量用消臭,３２枚,30,11/15まで,-,-,-,-,-,-
4903111506590 ,チャームナップ　少量用消臭,６６枚,30,11/15まで,-,-,-,-,-,-
4903111512119 ,チャームナップ　長時間快適用　消臭タイプ,１６枚,30,11/15まで,-,-,-,-,-,-
4903111512539 ,チャームナップ　長時間快適用　消臭タイプ,２２枚,30,11/15まで,-,-,-,-,-,-
4903111514687 ,ライフリ－さわやかパッド男性用少量３６枚,３６枚,30,11/15まで,-,-,-,-,-,-
4903111514816 ,ライフリ－さわやかパッド男性用中量２６枚,２６枚,30,11/15まで,-,-,-,-,-,-
4903111514939 ,ＬＦさわやかパッド男性用特に多い時も安心２２枚,２２枚,30,11/15まで,-,-,-,-,-,-
4903111515394 ,チャ－ムナップふんわり肌微量用３２枚,３２枚,30,11/15まで,-,-,-,-,-,-
4903111515783 ,チャームナップ吸水さらフィパンティライナー消臭,３４枚,30,11/15まで,-,-,-,-,-,-
4903111524532 ,ＣＮ吸水さらフィＰＬコンパクト無香４４枚,４４枚,30,11/15まで,-,-,-,-,-,-
4903111524662 ,ＣＮ吸水さらフィＰＬコンパクト香り４４枚,４４枚,30,11/15まで,-,-,-,-,-,-
4903111526628 ,チャ－ムナップ　少量用消臭　６０枚,６０枚,30,11/15まで,-,-,-,-,-,-
4903111527137 ,チャームナップ吸水さらフィパンティライナー羽つき,３２枚,30,11/15まで,-,-,-,-,-,-
4903111527229 ,チャームナップ中量用羽つき１４枚,１４枚,30,11/15まで,-,-,-,-,-,-
4903111528004 ,チャームナップ安心の少量用消臭タイプ２２枚,２２枚,30,11/15まで,-,-,-,-,-,-
4903111528165 ,チャームナップ安心の少量用消臭タイプ４４枚,４４枚,30,11/15まで,-,-,-,-,-,-
4903111528189 ,チャームナップスリム吸水ガード安心の少量用２６枚,２６枚,30,11/15まで,-,-,-,-,-,-
4903111528219 ,チャームナップスリム吸水ガード安心の中量１６枚,１６枚,30,11/15まで,-,-,-,-,-,-
4903111528226 ,チャームナップ中量用消臭タイプ１８枚,１８枚,30,11/15まで,-,-,-,-,-,-
4903111528394 ,チャームナップ中量用消臭タイプ３８枚,３８枚,30,11/15まで,-,-,-,-,-,-
4903111531288 ,チャ－ムナップ夜でも安心用２０枚,２０枚,30,11/15まで,-,-,-,-,-,-
4903111533305 ,チャームナップ特に多い時も１枚で安心用１８枚,１８枚,30,11/15まで,-,-,-,-,-,-
4903111536436 ,ライフリ－尿とりパッド女性用,５７枚,30,11/15まで,-,-,-,-,-,-
4903111536788 ,ライフリ－尿とりパッドス－パ－男性用,３９枚,30,11/15まで,-,-,-,-,-,-
4903111536948 ,ライフリ－尿とりパッドス－パ－男女共用,３９枚,30,11/15まで,-,-,-,-,-,-
4903111537082 ,ライフリ－尿とりパッド男性用,５７枚,30,11/15まで,-,-,-,-,-,-
4903111539840 ,チャームナップ吸水さらフィＯＧコットン８４枚,８４枚,30,11/15まで,-,-,-,-,-,-
4903111540006 ,チャームナップ吸水さらフィＯＧコットン微量用７２枚,７２枚,30,11/15まで,-,-,-,-,-,-
4903111540167 ,チャームナップ吸水さらフィＯＧコットン少量用４８枚,４８枚,30,11/15まで,-,-,-,-,-,-
4903111541508 ,ライフリーいつもの下着で安心パッド１００ｃｃ　３０,３０枚,30,11/15まで,-,-,-,-,-,-
4903111541720 ,ライフリーいつもの下着で安心パッド２００ｃｃ　２４,２４枚,30,11/15まで,-,-,-,-,-,-
4903111541898 ,ＣＮ吸水さらフィパンティライナ－微量用７２枚,７２枚,30,11/15まで,-,-,-,-,-,-
4903111541928 ,ライフリーさわやかパッド軽い便モレ用１７枚,１７枚,30,11/15まで,-,-,-,-,-,-
4903111541959 ,ＣＮ吸水さらフィパンティライナ－微量用消臭タイプ６,６４枚,30,11/15まで,-,-,-,-,-,-
4903111549245 ,ライフリーさわやか男性用快適シート３ｃｃ２２枚,２２枚,30,11/15まで,-,-,-,-,-,-
4903111549450 ,ライフリーさわやか男性用快適シート５ｃｃ２０枚,２０枚,30,11/15まで,-,-,-,-,-,-
4903111550036 ,ライフリーさわやか男性用快適シート１０ｃｃ１８枚,１８枚,30,11/15まで,-,-,-,-,-,-
4903111554102 ,チャームナップ吸水さらフィＬパンティライナー無香,２８枚,30,11/15まで,-,-,-,-,-,-
4903111554201 ,チャームナップ吸水さらフィＬパンティライナーＰＳ,２８枚,30,11/15まで,-,-,-,-,-,-
4903111554393 ,ライフリーさわやかパッド少量用,４４枚,30,11/15まで,-,-,-,-,-,-
4903111556281 ,チャ－ムナップ吸水さらフィロングＰＬ消臭４８枚,４８枚,30,11/15まで,-,-,-,-,-,-
4903111556571 ,ＣＮ吸水さらフィパンティライナ－コットン４２枚,４２枚,30,11/15まで,-,-,-,-,-,-
4903111556861 ,ＣＮ吸水さらフィＰＬコットン微量用３６枚,３６枚,30,11/15まで,-,-,-,-,-,-
4903111556922 ,チャ－ムナップコットン少量用２４枚,２４枚,30,11/15まで,-,-,-,-,-,-
4903111560318 ,ＬＦさわやかパッドＯＧＣ少量用３２枚,３２枚,30,11/15まで,-,-,-,-,-,-
4903111560431 ,ＬＦさわやかパッドＯＧＣ快適の中量用２２枚,２２枚,30,11/15まで,-,-,-,-,-,-
4903111560554 ,ＬＦさわやかパッドＯＧＣ安心の中量用２０枚,２０枚,30,11/15まで,-,-,-,-,-,-
4903111560677 ,ＬＦさわやかパッドＯＧＣ多い時でも安心用１６枚,１６枚,30,11/15まで,-,-,-,-,-,-
4903111563586 ,チャームナップ安心の少量用４４枚,４４枚,30,11/15まで,-,-,-,-,-,-
4903111563814 ,チャームナップ長時間快適用３２枚,３２枚,30,11/15まで,-,-,-,-,-,-
4903111563968 ,チャームナップ多くても安心用２８枚,２８枚,30,11/15まで,-,-,-,-,-,-
4903111564019 ,チャームナップ長時間安心用２６枚,２６枚,30,11/15まで,-,-,-,-,-,-
4903111564545 ,ＬＦさわやかパッド男性用一気に出る時も安心１２枚,１２枚,30,11/15まで,-,-,-,-,-,-
4903111569762 ,チャ－ムナップ吸水さらフィロングＰＬ消臭２６枚,２６枚,30,11/15まで,-,-,-,-,-,-
4904003028916 ,ヒルス　スペシャルブレンド,２１０ｇ,30,11/15まで,-,-,-,-,-,-
4904003028923 ,ヒルス　リッチブレンド,２１０ｇ,30,11/15まで,-,-,-,-,-,-
4964664922893 ,ｍｋ　ミックスナッツ＆ドライフルーツ,２００ｇ,30,11/15まで,-,-,-,-,-,-
4987244601568 ,お野菜グラノーラ　８種のいろいろ野菜,７５ｇ,30,11/15まで,-,-,-,-,-,-
4987244601575 ,お野菜グラノーラ　４種の野菜と４種のくだもの,７５ｇ,30,11/15まで,-,-,-,-,-,-
4903111570409 ,チャームナップ多くても安心用,２０枚,30,11/15まで,-,-,-,-,-,-
4903111570713 ,チャ－ムナップ安心の少量用２２枚,２２枚,30,11/15まで,-,-,-,-,-,-
4903111571352 ,ＬＦさわやかパッド夜あんしん１５０ＣＣ１６枚,１６枚,30,11/15まで,-,-,-,-,-,-
4903111571499 ,ＬＦさわやかパッド夜あんしん２５０ＣＣ１２枚,１２枚,30,11/15まで,-,-,-,-,-,-
4903111571703 ,ＬＦさわやかパッド夜あんしん３５０ＣＣ１０枚,１０枚,30,11/15まで,-,-,-,-,-,-
4903111572465 ,チャームナップ長時間安心用,１８枚,30,11/15まで,-,-,-,-,-,-
4903111573080 ,チャームナップ長時間快適用,２２枚,30,11/15まで,-,-,-,-,-,-
4903111574599 ,さわやかパッド男性用一気に出る時も安心用,１８枚,30,11/15まで,-,-,-,-,-,-
4903111576678 ,チャームナップ中量用,３８枚,30,11/15まで,-,-,-,-,-,-
4903111584628 ,ライフリーいつもの下着で安心パッド２００ｃｃ　１８,１８枚,30,11/15まで,-,-,-,-,-,-
4903111584918 ,ライフリーいつもの下着で安心パッド１００ｃｃ　２２,２２枚,30,11/15まで,-,-,-,-,-,-
4903111585212 ,チャームナップ吸水さらフィ微量用３６枚,３６枚,30,11/15まで,-,-,-,-,-,-
4903111585359 ,チャームナップ吸水さらフィ微量用消臭タイプ３２枚,３２枚,30,11/15まで,-,-,-,-,-,-
4903111585496 ,チャームナップコットン中量用１４枚,１４枚,30,11/15まで,-,-,-,-,-,-
4903111585700 ,チャームナップコットン安心の少量用１６枚,１６枚,30,11/15まで,-,-,-,-,-,-
4903111589227 ,チャ－ムナップ少量用６６枚,６６枚,30,11/15まで,-,-,-,-,-,-
4903111589357 ,ライフリーさわやかパッド男性用快適の中量用,２０枚,30,11/15まで,-,-,-,-,-,-
4903111589401 ,チャ－ムナップ少量用羽つき２６枚,２６枚,30,11/15まで,-,-,-,-,-,-
4903111600243 ,チャ－ムナップ　少量用消臭タイプ　４０枚,４０枚,30,11/15まで,-,-,-,-,-,-
4903111633807 ,チャ－ムナップ　中量用消臭タイプ　１６枚,１６枚,30,11/15まで,-,-,-,-,-,-
4903111661350 ,ＬＦさわやかパッドＯＧＣ快適の中量用２０枚,２０枚,30,11/15まで,-,-,-,-,-,-
4903111675838 ,シルコット　フェイシャルタオル素肌おもいプレミアム,４５枚,30,11/15まで,-,-,-,-,-,-
4903111786084 ,ＬＦさわやかパッドＯＧＣ多い時でも安心用１４枚,１４枚,30,11/15まで,-,-,-,-,-,-
4903111841691 ,ソフィ超熟睡ショーツ涼肌　ＭＬ　５枚,５枚,30,11/15まで,-,-,-,-,-,-
4903111902361 ,チャ－ムナップふんわり肌３４枚,３４枚,30,11/15まで,-,-,-,-,-,-
4903111916054 ,チャ－ムナップふんわり肌中量用１６枚,１６枚,30,11/15まで,-,-,-,-,-,-
4903111917334 ,チャ－ムナップふんわり肌少量用３０枚,３０枚,30,11/15まで,-,-,-,-,-,-
4903111936663 ,チャ－ムナップ吸水さらフィロングＰＬ無香料５２枚,５２枚,30,11/15まで,-,-,-,-,-,-
4903111936717 ,チャ－ムナップ吸水さらフィロングＰＬ香り５２枚,５２枚,30,11/15まで,-,-,-,-,-,-
4903111938063 ,ソフィおでかけ交換ショーツ　ＭＬ　４枚,４枚,30,11/15まで,-,-,-,-,-,-
4903111947935 ,ＬＦさわやかパッド男性用多い時でも安心,１６枚,30,11/15まで,-,-,-,-,-,-
4903111948901 ,チャ－ムナップふんわり肌少量用６４枚,６４枚,30,11/15まで,-,-,-,-,-,-
4903111949182 ,チャ－ムナップふんわり肌中量用３６枚,３６枚,30,11/15まで,-,-,-,-,-,-
4903111968503 ,ライフリ－さわやかパッド男性用微量１６枚,１６枚,30,11/15まで,-,-,-,-,-,-
4903111978663 ,チャ－ムナップ吸水さらフィパンティライナ－８０枚,８０枚,30,11/15まで,-,-,-,-,-,-
4903111978786 ,ＣＮ吸水さらフィパンティライナ－消臭タイプ６８枚,６８枚,30,11/15まで,-,-,-,-,-,-
4903111978915 ,チャ－ムナップ少量用１３２枚,１３２枚,30,11/15まで,-,-,-,-,-,-
4903111979028 ,チャ－ムナップ中量用７６枚,７６枚,30,11/15まで,-,-,-,-,-,-
4903111982875 ,ライフリ－さわやかパッド男性用少量２６枚,２６枚,30,11/15まで,-,-,-,-,-,-
4903111982929 ,ライフリ－さわやかパッド男性用中量１８枚,１８枚,30,11/15まで,-,-,-,-,-,-
4903111983087 ,ＬＦさわやかパッド男性用特に多い時も安心１４枚,１４枚,30,11/15まで,-,-,-,-,-,-
4903111989492 ,ライフリ－さわやかパッド快適の中量用３０枚,３０枚,30,11/15まで,-,-,-,-,-,-
4903301320593 ,ソフランプレミアム消臭　抗菌特濃　詰替,４００ｍｌ,30,11/15まで,-,-,-,-,-,-
4903301361909 ,ブライトＳＴＲＯＮＧ　つめかえ用大,９００ｇ,30,11/15まで,-,-,-,-,-,-
4903301363545 ,ソフランプレミアム消臭　フローラルアロマ　詰替,３８０ｍｌ,30,11/15まで,-,-,-,-,-,-
4903301363613 ,ソフランプレミアム消臭　アロマソープ　詰替,３８０ｍｌ,30,11/15まで,-,-,-,-,-,-
4903301363682 ,ソフランプレミアム消臭　ホワイトハーブ　詰替,３８０ｍｌ,30,11/15まで,-,-,-,-,-,-
4903301363750 ,ソフランプレミアム消臭　フレッシュグリーン　詰替,３８０ｍｌ,30,11/15まで,-,-,-,-,-,-
4903588133442 ,素材そのまま　ササミ細切りソフト,１４０ｇ,30,11/15まで,-,-,-,-,-,-
4903588140525 ,素材そのままササミ細切りハード,８０ｇ,30,11/15まで,-,-,-,-,-,-
4903588140549 ,素材そのままササミスライス,７０ｇ,30,11/15まで,-,-,-,-,-,-
4903588141102 ,素材そのままさつまいも極薄チップスタイプ,８５ｇ,30,11/15まで,-,-,-,-,-,-
4903588141126 ,完全無添加素材そのままササミ極薄チップス,５０ｇ,30,11/15まで,-,-,-,-,-,-
4903588142369 ,完全無添加素材そのままササミ　なんこつ極薄チップス,４５ｇ,30,11/15まで,-,-,-,-,-,-
4903588142376 ,完全無添加素材そのままササミ　野菜入り極薄チップス,４５ｇ,30,11/15まで,-,-,-,-,-,-
4903588143502 ,素材そのまま　完全無添加チキンアキレスハード,５０ｇ,30,11/15まで,-,-,-,-,-,-
4903588143526 ,素材そのまま　完全無添加　牛あばら骨　カットタイプ,９０ｇ,30,11/15まで,-,-,-,-,-,-
4903588143540 ,素材そのままフリーズドライ　チーズササミ,２５ｇ,30,11/15まで,-,-,-,-,-,-
4903588143557 ,素材そのままフリーズドライ　ヤギミルクササミ,２５ｇ,30,11/15まで,-,-,-,-,-,-
4903588144776 ,素材そのまま　ササミスライス,６０ｇ,30,11/15まで,-,-,-,-,-,-
4903588144806 ,素材そのまま　ササミ細切りソフト,１３０ｇ,30,11/15まで,-,-,-,-,-,-
4903588144820 ,素材そのまま　ササミ細切りソフト　７歳から健康ケア,１１０ｇ,30,11/15まで,-,-,-,-,-,-
4903588145612 ,素材そのまま　完全無添加極薄チキンチップスハード,８０ｇ,30,11/15まで,-,-,-,-,-,-
4903588145636 ,素材そのまま　完全無添加極薄チキンスライスハード,８０ｇ,30,11/15まで,-,-,-,-,-,-
4903588146886 ,素材そのまま　うなぎと鶏ささみ　スライスハード,８０ｇ,30,11/15まで,-,-,-,-,-,-
4903588146893 ,素材そのまま　うなぎと鶏ささみ　チップスハード,８０ｇ,30,11/15まで,-,-,-,-,-,-
4903588146923 ,素材そのまま　うなぎと鶏ささみ　スティックソフト,８０ｇ,30,11/15まで,-,-,-,-,-,-
4903588146930 ,素材そのまま　うなぎと鶏ささみ　チップスソフト,８０ｇ,30,11/15まで,-,-,-,-,-,-
4904651179916 ,サロンドプロ　カラーオンリタッチＥＸ　明るいＬＢＲ,１５ｍｌ,30,11/15まで,-,-,-,-,-,-
4904651179923 ,サロンドプロ　カラーオンリタッチＥＸ　ライトＢＲ,１５ｍｌ,30,11/15まで,-,-,-,-,-,-
4904651179930 ,サロンドプロ　カラーオンリタッチＥＸ　ＮＢＲ,１５ｍｌ,30,11/15まで,-,-,-,-,-,-
4904651179947 ,サロンドプロ　カラーオンリタッチＥＸ　ＤＢＲ,１５ｍｌ,30,11/15まで,-,-,-,-,-,-
4904651179954 ,サロンドプロ　カラーオンリタッチＥＸ　ＮＢＫ,１５ｍｌ,30,11/15まで,-,-,-,-,-,-
4957434010869 ,ｍｋ　メガネクリーナーＳ４０包,４０包,30,11/15まで,-,-,-,-,-,-
4957584008990 ,ｍｋ　手で切れるハイドロコロイドパッド,２５ｍｍ×３ｍ巻,30,11/15まで,-,-,-,-,-,-
4957584009010 ,ｍｋやさしく剥がせるプラスチックテープ　ホルダー付,２５ｍｍ×７ｍ巻,30,11/15まで,-,-,-,-,-,-
49608724 ,健栄製薬　手ピカジェルプラス,６０ＭＬ,30,11/15まで,-,-,-,-,-,-
49608847 ,健栄製薬　手ピカジェル,６０ｍｌ,30,11/15まで,-,-,-,-,-,-
4964283106957 ,ｍｋ　ゴキブリ捕獲シート,１０枚入,30,11/15まで,-,-,-,-,-,-
4971650800578 ,菊正宗　日本酒の化粧水　高保湿,５００ｍｌ,30,11/15まで,-,-,-,-,-,-
4971650801490 ,菊正宗　日本酒のメイク落とし,２００ｇ,30,11/15まで,-,-,-,-,-,-
4971650801506 ,菊正宗　日本酒の洗顔料,２００ｇ,30,11/15まで,-,-,-,-,-,-
4973307686030 ,ｍｋ　指にまきやすい絆創膏ミッキーフレンズ,１２枚,30,11/15まで,-,-,-,-,-,-
4973307686047 ,ｍｋ　指にまきやすい絆創膏くまのプーさん,１２枚,30,11/15まで,-,-,-,-,-,-
4973307686054 ,ｍｋ　指にまきやすい絆創膏ベイマックス,１２枚,30,11/15まで,-,-,-,-,-,-
4973560073981 ,ｍｋ　清浄綿１００包,１００包,30,11/15まで,-,-,-,-,-,-
4978554113742 ,ｍｋ　厚手ペーパーふきん３Ｐ,２００Ｗ,30,11/15まで,-,-,-,-,-,-
4978951930089 ,ｍｋ　アルコール除菌スプレー詰替,３５０ｍｌ,30,11/15まで,-,-,-,-,-,-
4987028128328 ,エーザイ　チョコラＢＢドリンクビットＲ,５０ｍｌ×３,30,11/15まで,-,-,-,-,-,-
4987045194610 ,クラシエ薬品　点温膏Ｋ,１２０枚,30,11/15まで,-,-,-,-,-,-
4987072046067 ,トイレの消臭元抗菌＋　ハーバルシトラス,５．８ｍｌ,30,11/15まで,-,-,-,-,-,-
4987072046074 ,トイレの消臭元抗菌＋　ブルーミングフルール,５．８ｍｌ,30,11/15まで,-,-,-,-,-,-
4987072085745 ,トイレの消臭元抗菌＋　アクアティックサボン,５．８ｍｌ,30,11/15まで,-,-,-,-,-,-
4987072085752 ,トイレの消臭元抗菌＋　ミンティーガーデン,５．８ｍｌ,30,11/15まで,-,-,-,-,-,-
4987072085790 ,パーシャルデント　マウスピース洗浄剤,４８錠,30,11/15まで,-,-,-,-,-,-
4987072101636 ,消臭元ＺＥＲＯ　スプレー　無香料,２８０ｍｌ,30,11/15まで,-,-,-,-,-,-
4987084319890 ,参天　サンテＦＸネオ企画品（２３年限定デザイン）,１２ｍｌ,30,11/15まで,-,-,-,-,-,-
4987084321640 ,参天　サンテＦＸネオ企画品（２４年限定デザイン）,１２ｍｌ,30,11/15まで,-,-,-,-,-,-
4987084324504 ,参天　サンテＦＸネオ企画品（２５年限定デザイン）,１２ｍｌ,30,11/15まで,-,-,-,-,-,-
4987084410443 ,参天製薬　サンテＦＸネオ,１２ｍｌ,30,11/15まで,-,-,-,-,-,-
4987107028129 ,第一三共　ＮｅｗマイティアＣＬ－ｓ,１５ｍｌ,30,11/15まで,-,-,-,-,-,-
4987107028136 ,第一三共　ＮｅｗマイティアＣＬクール－ｓ,１５ｍｌ,30,11/15まで,-,-,-,-,-,-
4987107028143 ,第一三共　ＮｅｗマイティアＣＬクールＨｉ－ｓ,１５ｍｌ,30,11/15まで,-,-,-,-,-,-
4987115350687 ,コンバット１年用,４個,30,11/15まで,-,-,-,-,-,-
4987115350724 ,コンバット玄関・ベランダ用１年用,６個,30,11/15まで,-,-,-,-,-,-
4987115543898 ,ダニがいなくなるシート,３枚,30,11/15まで,-,-,-,-,-,-
4987125101613 ,ＭＫ　ネズミ捕り　シートタイプ,２枚,30,11/15まで,-,-,-,-,-,-
4987176131751 ,ボールドジェルフレッシュサボンの香り本体,７５０ｇ,30,11/15まで,-,-,-,-,-,-
4987176154460 ,ジョイジェルタブＰＲＯ１３Ｐ,１７４ｇ,30,11/15まで,-,-,-,-,-,-
4987176190604 ,ボールドジェル華やかプレミアムブロッサム本体,６４０ｇ,30,11/15まで,-,-,-,-,-,-
4987176190710 ,ボールドジェル爽やかフレッシュフラワーサボン本体,６４０ｇ,30,11/15まで,-,-,-,-,-,-
4987176207845 ,ファブリーズ除菌消臭プレミアムランドリー本体,３７０ｍＬ,30,11/15まで,-,-,-,-,-,-
4987176207852 ,ファブリーズ除菌消臭プレミアム無香料本体,３７０ｍＬ,30,11/15まで,-,-,-,-,-,-
4987176207906 ,ファブリーズ除菌消臭プレミアム　メン　本体,３７０ｍｌ,30,11/15まで,-,-,-,-,-,-
4987176229229 ,ジョイＰＲＯ洗浄まとめ洗い用　本体,２９０ｍｌ,30,11/15まで,-,-,-,-,-,-
4987176229243 ,ジョイＰＲＯ洗浄すぐ洗い用　本体,２９０ｍｌ,30,11/15まで,-,-,-,-,-,-
4987176229281 ,ジョイＰＲＯ洗浄まとめ洗い用　逆さボトル,２９０ｍｌ,30,11/15まで,-,-,-,-,-,-
4987176230904 ,ジョイジェルタブクリスタル１３Ｐ,１７４ｇ,30,11/15まで,-,-,-,-,-,-
4987176233325 ,ファブリーズ除菌消臭プレミアムシトラス,３７０ｍＬ,30,11/15まで,-,-,-,-,-,-
4987176233400 ,ファブリーズ除菌消臭プレミアムパステル,３７０ｍＬ,30,11/15まで,-,-,-,-,-,-
4987176258946 ,ＦＢトイレ用消臭剤Ｃスプラッシュ本体＋詰替え２Ｐ,６．３ｍｌ＋替え２Ｐ,30,11/15まで,-,-,-,-,-,-
4987176258960 ,ＦＢトイレ用消臭剤ブルー・シャボン本体＋詰替え２Ｐ,６．３ｍｌ＋替え２Ｐ,30,11/15まで,-,-,-,-,-,-
4987176258984 ,ＦＢトイレ用消臭剤Ｃブーケ本体＋詰替え２Ｐ,６．３ｍｌ＋替え２Ｐ,30,11/15まで,-,-,-,-,-,-
4987176259004 ,ＦＢトイレ用消臭剤Ｆグリーン本体＋詰替え２Ｐ,６．３ｍｌ＋替え２Ｐ,30,11/15まで,-,-,-,-,-,-
4987176259059 ,ＦＢトイレ用消臭剤Ｃラベンダー本体＋詰替え２Ｐ,６．３ｍｌ＋替え２Ｐ,30,11/15まで,-,-,-,-,-,-
4987176263407 ,ＦＢ玄関用消臭剤＋抗菌ホワイトティー＆シトラス本体,７ｍｌ,30,11/15まで,-,-,-,-,-,-
4987176263469 ,ＦＢ玄関用消臭剤＋抗菌フレンチリネン＆ソープ本体,７ｍｌ,30,11/15まで,-,-,-,-,-,-
4987176273185 ,ＦＢトイレ用　ベルガモットウッド本体＋詰替え２Ｐ,６．３ｍｌ＋替え２Ｐ,30,11/15まで,-,-,-,-,-,-
4987176273208 ,ＦＢトイレ用　ホワイトフローラル本体＋詰替え２Ｐ,６．３ｍｌ＋替え２Ｐ,30,11/15まで,-,-,-,-,-,-
4987176273215 ,ＦＢトイレ用　パッションアンバー本体＋詰替え２Ｐ,６．３ｍｌ＋替え２Ｐ,30,11/15まで,-,-,-,-,-,-
4987176286260 ,ファブリーズＷ除菌　緑茶,３７０ｍＬ,30,11/15まで,-,-,-,-,-,-
4987176286284 ,ファブリーズＷ除菌　無香料　アルコール,３７０ｍＬ,30,11/15まで,-,-,-,-,-,-
4987176286307 ,ファブリーズＷ除菌,３７０ｍＬ,30,11/15まで,-,-,-,-,-,-
4987176295798 ,ボールドジェルプレミアムブロッサム詰替超特大,６９０ｇ,30,11/15まで,-,-,-,-,-,-
4987176295804 ,ボールドジェルフレッシュフラワーサボン詰替超特大,６９０ｇ,30,11/15まで,-,-,-,-,-,-
4987176301499 ,ファブリーズ除菌消臭プレミアムシトラス,３７０ｍＬ,30,11/15まで,-,-,-,-,-,-
4987176301536 ,ファブリーズ除菌消臭プレミアムランドリー本体,３７０ｍＬ,30,11/15まで,-,-,-,-,-,-
4987176301574 ,ファブリーズ除菌消臭プレミアムパステル,３７０ｍＬ,30,11/15まで,-,-,-,-,-,-
4987176301642 ,ファブリーズ除菌消臭プレミアム無香料本体,３７０ｍＬ,30,11/15まで,-,-,-,-,-,-
4987176301673 ,ファブリーズ除菌消臭プレミアムメン本体,３７０ｍＬ,30,11/15まで,-,-,-,-,-,-
4987176315267 ,ジョイＰＲＯ洗浄まとめ　逆さボトルスヌーピー,２４０ｍｌ,30,11/15まで,-,-,-,-,-,-
4987176315359 ,ジョイＰＲＯ洗浄すぐ洗い用本体スヌーピー,２４０ｍｌ,30,11/15まで,-,-,-,-,-,-
4987176315854 ,ＦＢトイレ用消臭剤ホワイトムスク本体＋詰替え２Ｐ,６．３ｍｌ＋替え２Ｐ,30,11/15まで,-,-,-,-,-,-
4987176317476 ,ファブリーズお風呂用フローラルの香り２個,７．３ｍＬ×２,30,11/15まで,-,-,-,-,-,-
4987176317506 ,ファブリーズお風呂用シトラスの香り２個,７．３ｍＬ×２,30,11/15まで,-,-,-,-,-,-
4987176317544 ,ファブリーズお風呂用シャボンの香り２個,７．３ｍＬ×２,30,11/15まで,-,-,-,-,-,-
4987176323491 ,ジョイＰＲＯ洗浄まとめ洗い用　本体,２８０ｍｌ,30,11/15まで,-,-,-,-,-,-
4987176323538 ,ジョイＰＲＯ洗浄すぐ洗い用　本体,２８０ｍｌ,30,11/15まで,-,-,-,-,-,-
4987176323583 ,ジョイＰＲＯ洗浄まとめ洗い用　逆さボトル,２８０ｍｌ,30,11/15まで,-,-,-,-,-,-
4987176331489 ,ＦＢトイレ用消臭剤　金木犀の香り本体＋替２Ｐ,６．３ｍｌ＋替２Ｐ,30,11/15まで,-,-,-,-,-,-
4987176335739 ,ボールドジェルホワイトティー＆ムスク詰替超特大,６９０ｇ,30,11/15まで,-,-,-,-,-,-
4987176336477 ,ジョイＰＲＯ洗浄まとめ洗い用　オレンジ　逆さボトル,２８０ｍｌ,30,11/15まで,-,-,-,-,-,-
4987176336507 ,ジョイＰＲＯ洗浄すぐ洗い用　シトラスオレンジ　本体,２８０ｍｌ,30,11/15まで,-,-,-,-,-,-
4987176343994 ,ジョイＰＲＯ洗浄まとめ逆さボトルディズニーデザイン,２４０ｍｌ,30,11/15まで,-,-,-,-,-,-
4987176344007 ,ジョイＰＲＯ洗浄すぐ本体　ディズニーデザイン,２４０ｍｌ,30,11/15まで,-,-,-,-,-,-
4987176360496 ,レノアハピネスミスト　さくらフローラル本体,３７０ｍＬ,30,11/15まで,-,-,-,-,-,-
4987176361493 ,ファブリーズ玄関用＋自然フォレスト＆ＳＷ本体＋替,７ｍｌ×２,30,11/15まで,-,-,-,-,-,-
4987176372031 ,ファブリーズ除菌消臭プレミアム　部屋干しプラス本体,３７０ｍＬ,30,11/15まで,-,-,-,-,-,-
4987176384096 ,ファブリーズお風呂用　シトラスの香り　２個,７．０ｍＬ×２,30,11/15まで,-,-,-,-,-,-
4987176384102 ,ファブリーズお風呂用　フローラルの香り　２個,７．０ｍＬ×２,30,11/15まで,-,-,-,-,-,-
4987176386434 ,ファブリーズ除菌消臭プレミアム清潔なランドリー本体,３７０ｍＬ,30,11/15まで,-,-,-,-,-,-
4987176386519 ,ファブリーズ除菌消臭プレミアム無香料本体,３７０ｍＬ,30,11/15まで,-,-,-,-,-,-
4987176386526 ,ファブリーズ除菌消臭プレミアムパステル,３７０ｍＬ,30,11/15まで,-,-,-,-,-,-
4987176386571 ,ファブリーズ除菌消臭プレミアムメンクール本体,３７０ｍＬ,30,11/15まで,-,-,-,-,-,-
4987176389695 ,ボールドジェルホワイトムスク本体,６１０ｇ,30,11/15まで,-,-,-,-,-,-
4987176389718 ,ボールドジェルホワイトムスク　超特大,６３０ｇ,30,11/15まで,-,-,-,-,-,-
4987205041129 ,ビゲンスピーディカラークリーム２,４０Ｇ＋４０Ｇ,30,11/15まで,-,-,-,-,-,-
4987205041136 ,ビゲンスピーディカラークリーム３,４０Ｇ＋４０Ｇ,30,11/15まで,-,-,-,-,-,-
4987205041143 ,ビゲンスピーディカラークリーム４ＮＡ,４０Ｇ＋４０Ｇ,30,11/15まで,-,-,-,-,-,-
4987205041150 ,ビゲンスピーディカラークリーム４,４０Ｇ＋４０Ｇ,30,11/15まで,-,-,-,-,-,-
4987205041167 ,ビゲンスピーディカラークリーム５,４０Ｇ＋４０Ｇ,30,11/15まで,-,-,-,-,-,-
4987205041174 ,ビゲンスピーディカラークリーム６,４０Ｇ＋４０Ｇ,30,11/15まで,-,-,-,-,-,-
4987205041181 ,ビゲンスピーディカラークリーム７,４０Ｇ＋４０Ｇ,30,11/15まで,-,-,-,-,-,-
4987205080302 ,ビゲン　クリームトーン　３Ｇ,４０ｇ＋４０ｇ,30,11/15まで,-,-,-,-,-,-
4987205080401 ,ビゲン　クリームトーン　４Ｇ,４０ｇ＋４０ｇ,30,11/15まで,-,-,-,-,-,-
4987205080500 ,ビゲン　クリームトーン　５Ｇ,４０ｇ＋４０ｇ,30,11/15まで,-,-,-,-,-,-
4987205080609 ,ビゲン　クリームトーン　６Ｇ,４０ｇ＋４０ｇ,30,11/15まで,-,-,-,-,-,-
4987205080708 ,ビゲン　クリームトーン　７Ｇ,４０ｇ＋４０ｇ,30,11/15まで,-,-,-,-,-,-
4987205081408 ,ビゲン　クリームトーン　１４Ｇ,４０ｇ×２,30,11/15まで,-,-,-,-,-,-
4987205081507 ,ビゲン　クリームトーン　１５Ｇ,４０ｇ×２,30,11/15まで,-,-,-,-,-,-
4987205081606 ,ビゲンクリームトーン４ＭＡ,マロンブラウン,30,11/15まで,-,-,-,-,-,-
4987205081705 ,ビゲンクリームトーン５ＭＡ,深いマロンブラウン,30,11/15まで,-,-,-,-,-,-
4987205081712 ,ビゲン　クリームトーン　４ＮＡ,４０ｇ＋４０ｇ,30,11/15まで,-,-,-,-,-,-
4987205081729 ,ビゲン　クリームトーン　５ＮＡ,４０ｇ＋４０ｇ,30,11/15まで,-,-,-,-,-,-
4987205286100 ,シエロムースカラー２,５０ｇ＋５０ｇ,30,11/15まで,-,-,-,-,-,-
4987205286117 ,シエロムースカラー３Ｃ,５０ｇ＋５０ｇ,30,11/15まで,-,-,-,-,-,-
4987205286124 ,シエロムースカラー３,５０ｇ＋５０ｇ,30,11/15まで,-,-,-,-,-,-
4987205286131 ,シエロムースカラー４Ｍ,５０ｇ＋５０ｇ,30,11/15まで,-,-,-,-,-,-
4987205286148 ,シエロムースカラー４Ｐ,５０ｇ＋５０ｇ,30,11/15まで,-,-,-,-,-,-
4987205286155 ,シエロムースカラー４,５０ｇ＋５０ｇ,30,11/15まで,-,-,-,-,-,-
4987205286162 ,シエロムースカラー５,５０ｇ＋５０ｇ,30,11/15まで,-,-,-,-,-,-
4987205286179 ,シエロムースカラー６,５０ｇ＋５０ｇ,30,11/15まで,-,-,-,-,-,-
4987205286186 ,シエロ　ムースカラー　３Ｓ,５０ｇ＋５０ｇ,30,11/15まで,-,-,-,-,-,-
4987205286193 ,シエロ　ムースカラー　５Ｐ,５０ｇ＋５０ｇ,30,11/15まで,-,-,-,-,-,-
4987205286209 ,シエロ　ムースカラー　２Ｓ,５０ｇ＋５０ｇ,30,11/15まで,-,-,-,-,-,-
4987205286216 ,シエロ　ムースカラー　３ＳＡ,５０ｇ＋５０ｇ,30,11/15まで,-,-,-,-,-,-
4987205286223 ,シエロムースカラー　１,５０ｇ＋５０ｇ,30,11/15まで,-,-,-,-,-,-
4987205286230 ,シエロムースカラー２Ｅ,５０ｇ＋５０ｇ,30,11/15まで,-,-,-,-,-,-
4987205286247 ,シエロムースカラー１ＨＣ,１ＨＣハニーキャラメル,30,11/15まで,-,-,-,-,-,-
4987205286254 ,シエロムースカラー１ＰＢ,１ＰＢピンクベージュ,30,11/15まで,-,-,-,-,-,-
4987205286261 ,シエロ　ムースカラー　１Ｃ,５０ｇ＋５０ｇ,30,11/15まで,-,-,-,-,-,-
4987205286278 ,シエロ　ムースカラー　２ＰＫ,５０ｇ＋５０ｇ,30,11/15まで,-,-,-,-,-,-
4987205286285 ,シエロ　ムースカラー　３ＰＫ,５０ｇ＋５０ｇ,30,11/15まで,-,-,-,-,-,-
4987205286292 ,シエロ　ムースカラー　４Ａ,５０ｇ＋５０ｇ,30,11/15まで,-,-,-,-,-,-
4987246641388 ,シュミテクトコンプリートワンＥＸハブラシ　レギュラ,ふつう,30,11/15まで,-,-,-,-,-,-
4987246641395 ,シュミテクトコンプリートワンＥＸハブラシ　コンパク,ふつう,30,11/15まで,-,-,-,-,-,-
4987246641401 ,シュミテクト歯周ダブルケアＥＸハブラシ　レギュラー,ふつう,30,11/15まで,-,-,-,-,-,-
4987246641418 ,シュミテクト歯周ダブルケアＥＸハブラシ　コンパクト,ふつう,30,11/15まで,-,-,-,-,-,-
4987246641425 ,シュミテクトトゥルーホワイトハブラシ　レギュラー,ふつう,30,11/15まで,-,-,-,-,-,-
4987246641432 ,シュミテクトトゥルーホワイトハブラシ　コンパクト,ふつう,30,11/15まで,-,-,-,-,-,-
4987286415437 ,健栄製薬　手ピカスプレー　付替え用,４２０ｍＬ,30,11/15まで,-,-,-,-,-,-
4987286417646 ,健栄製薬　手ピカスプレーｍｉｎｉ,２５ｍｌ,30,11/15まで,-,-,-,-,-,-
4987300056202 ,エスエス製薬　スルーラックＳ（Ｎ）,４０錠,30,11/15まで,-,-,-,-,-,-
4987365002077 ,ＭＫ　イボコロリ液,１０ＭＬ,30,11/15まで,-,-,-,-,-,-
4987601578540 ,ＭＡＳＭｉＸマスク　ペールライラック×ダークグレイ,７枚入,30,11/15まで,-,-,-,-,-,-
4987601578564 ,ＭＡＳＭｉＸマスク　ラテベージュ×ワインレッド,７枚入,30,11/15まで,-,-,-,-,-,-
4987601578588 ,ＭＡＳＭｉＸマスク　グレー×ダークグレー,７枚入,30,11/15まで,-,-,-,-,-,-
4987601578601 ,ＭＡＳＭｉＸマスク　マカロンピンク×ライトグレー,７枚入,30,11/15まで,-,-,-,-,-,-
4987601581410 ,ＭＡＳＭｉＸマスク　ベビーブルー×ブラック,７枚入,30,11/15まで,-,-,-,-,-,-
4987601581427 ,ＭＡＳＭｉＸマスク　マカロンピンク×スモーキーロー,７枚入,30,11/15まで,-,-,-,-,-,-
4987601581434 ,ＭＡＳＭｉＸマスク　アンバーホワイト×ワインレッド,７枚入,30,11/15まで,-,-,-,-,-,-
4987601581441 ,ＭＡＳＭｉＸマスク　サンドベージュ×ブラック,７枚入,30,11/15まで,-,-,-,-,-,-
4987601584671 ,ＭＡＳＭｉＸマスク　ナチュラルホワイト,７枚入,30,11/15まで,-,-,-,-,-,-
4987601584695 ,ＭＡＳＭｉＸマスク　ライトグレー×ブラック,７枚入,30,11/15まで,-,-,-,-,-,-
4987601603563 ,ＭＡＳＭＩＸマスク　グレージュ×ブラック,７枚入,30,11/15まで,-,-,-,-,-,-
4987601603570 ,ＭＡＳＭＩＸマスクプラス　Ｓベージュ×ブラック,大きめ７枚入,30,11/15まで,-,-,-,-,-,-
4987601603587 ,ＭＡＳＭＩＸマスクプラス　グレージュ×ブラック,大きめ７枚入,30,11/15まで,-,-,-,-,-,-
4987601606922 ,ＭＡＳＭｉＸマスク　Ｐホワイト×シルキィベージュ,７枚入,30,11/15まで,-,-,-,-,-,-
4987601606939 ,ＭＡＳＭｉＸマスク　Ａホワイト×ミントグリーン,７枚入,30,11/15まで,-,-,-,-,-,-
4987601608889 ,ＭＡＳＭｉＸスムース　ペールライラック×グレー,７枚入,30,11/15まで,-,-,-,-,-,-
4987973122525 ,興和　キューピーコーワゴールドドリンク２,５０ｍＬ×３,30,11/15まで,-,-,-,-,-,-
4987973122563 ,興和　キューピーコーワゴールドＺＥＲＯドリンク,５０ｍＬ×３,30,11/15まで,-,-,-,-,-,-
4987977000430 ,シュミテクトプラチナプロテクトＥＸハブラシレギュラ,ふつう,30,11/15まで,-,-,-,-,-,-
4987977000447 ,シュミテクトプラチナプロテクトＥＸハブラシコンパク,ふつう,30,11/15まで,-,-,-,-,-,-
4987977000867 ,シュミテクトコンプリートワンＥＸプレミアムハブラシ,ふつう,30,11/15まで,-,-,-,-,-,-
4987977000874 ,シュミテクトコンプリートワンＥＸプレミアムハブラシ,ふつう,30,11/15まで,-,-,-,-,-,-
4990088931043 ,ｍｋ　くり返し使える消臭機能付き除湿剤,１０個入,30,11/15まで,-,-,-,-,-,-
4994649040250 ,ｍｋ　ＷＡＳＨＢＬＡＣＫ　洗濯槽クリーナー,２００ｇ,30,11/15まで,-,-,-,-,-,-
4902508084048 ,ベビーミルクローション　替２５０ｇ,２５０ｇ,30,10/15まで,-,-,-,-,-,-
4902508150934 ,ピジョンベビ－熱ひえシ－ト８時間冷却,１２枚,30,10/15まで,-,-,-,-,-,-
4902508273404 ,ぷちキッズ泡シャンプーニオイすっきり　詰替え,２４０ｍｌ,30,10/15まで,-,-,-,-,-,-
4902508273428 ,ぷちキッズ泡シャンプーからまりするん　詰替え,２４０ｍｌ,30,10/15まで,-,-,-,-,-,-
4902508273442 ,ぷちキッズコンディショナー　詰替え,２４０ｍｌ,30,10/15まで,-,-,-,-,-,-
4903301042860 ,クリニカ　フロス＆スティック,３０本,30,10/15まで,-,-,-,-,-,-
4903301186359 ,クリニカアドバンテージハブラシコンパクトＭ,ふつう,30,10/15まで,-,-,-,-,-,-
4903301186366 ,クリニカアドバンテージハブラシコンパクトＨ,かため,30,10/15まで,-,-,-,-,-,-
4903301186373 ,クリニカアドバンテージハブラシ超コンパクトＭ,ふつう,30,10/15まで,-,-,-,-,-,-
4903301186380 ,クリニカアドバンテージハブラシ超コンパクトＨ,かため,30,10/15まで,-,-,-,-,-,-
4903301203896 ,クリニカアドバンテージデンタルフロスＹ字タイプ,１８本入,30,10/15まで,-,-,-,-,-,-
4903301207825 ,クリニカアドバンテージスポンジフロス,４０ｍ,30,10/15まで,-,-,-,-,-,-
4903301216148 ,クリニカアドバンテージハブラシコンパクト,やわらかめ,30,10/15まで,-,-,-,-,-,-
4903301216155 ,クリニカアドバンテージハブラシ超コンパクト,やわらかめ,30,10/15まで,-,-,-,-,-,-
4903301224174 ,クリニカアドバンテージ　デンタルタフト,１本,30,10/15まで,-,-,-,-,-,-
4903301246985 ,クリニカアドバンテージハブラシ３列コンパクト,やわらかめ,30,10/15まで,-,-,-,-,-,-
4903301246992 ,クリニカアドバンテージハブラシ３列コンパクト,ふつう,30,10/15まで,-,-,-,-,-,-
4903301247005 ,クリニカアドバンテージハブラシ３列超コンパクト,ふつう,30,10/15まで,-,-,-,-,-,-
4903301247012 ,クリニカアドバンテージハブラシ３列超コンパクト,やわらかめ,30,10/15まで,-,-,-,-,-,-
4903301276357 ,クリニカアドバンテージ　なめらかスリムフロス,４０ｍ,30,10/15まで,-,-,-,-,-,-
4903301282075 ,ルックプラスバスタブクレンジングＣシトラス詰替大,８００ｍｌ,30,10/15まで,-,-,-,-,-,-
4903301282082 ,ルックプラスバスタブクレンジングＦソープ詰替大,８００ｍｌ,30,10/15まで,-,-,-,-,-,-
4903301282785 ,クリニカＡＤ　ＮＥＸＴＳＴＡＧＥシトラスミント,９０ｇ,30,10/15まで,-,-,-,-,-,-
4903301282792 ,クリニカＡＤ　ＮＥＸＴＳＴＡＧＥリラックスミント,９０ｇ,30,10/15まで,-,-,-,-,-,-
4903301282815 ,クリニカＡＤ　ＮＥＸＴＳＴＡＧＥシトラスミント増量,９９ｇ,30,10/15まで,-,-,-,-,-,-
4903301282822 ,クリニカＡＤＮＥＸＴＳＴＡＧＥリラックスミント増量,９９ｇ,30,10/15まで,-,-,-,-,-,-
4903301283782 ,クリニカＰＲＯハブラシ４列コンパクト,ふつう,30,10/15まで,-,-,-,-,-,-
4903301283799 ,クリニカＰＲＯハブラシ４列超コンパクト,ふつう,30,10/15まで,-,-,-,-,-,-
4903301283812 ,クリニカＡＤデンタルフロスＹ字タイプ,３０本入,30,10/15まで,-,-,-,-,-,-
4903301291756 ,クリニカアドバンテージフロスＹ字　アナと雪の女王,１８本,30,10/15まで,-,-,-,-,-,-
4903301300205 ,クリニカＡＤＮＳホワイトニングリフレッシュミント,８７ｇ,30,10/15まで,-,-,-,-,-,-
4903301300229 ,クリニカＡＤＮＳホワイトニングホワイトハーブミント,８７ｇ,30,10/15まで,-,-,-,-,-,-
4903301300236 ,クリニカＡＤＮＳホワイトリフレッシュミント増量,９６ｇ,30,10/15まで,-,-,-,-,-,-
4903301300243 ,クリニカＡＤＮＳホワイトニングハーブミント増量,９６ｇ,30,10/15まで,-,-,-,-,-,-
4903301302674 ,ルックプラスバスタブクレンジング銀イオンプラス詰替,８００ｍｌ,30,10/15まで,-,-,-,-,-,-
4903301309116 ,クリニカＰＲＯハブラシ４列コンパクト,やわらかめ,30,10/15まで,-,-,-,-,-,-
4903301309123 ,クリニカＰＲＯハブラシ４列超コンパクト,やわらかめ,30,10/15まで,-,-,-,-,-,-
4903301309710 ,クリニカＡＤなめらかスリムフロスガリガリ君コーラ味,２０ｍ,30,10/15まで,-,-,-,-,-,-
4903301319122 ,クリニカＰＲＯハブラシ３列コンパクト,ふつう,30,10/15まで,-,-,-,-,-,-
4903301319153 ,クリニカＰＲＯハブラシ３列コンパクト,やわらかめ,30,10/15まで,-,-,-,-,-,-
4903301319160 ,クリニカＰＲＯハブラシ３列超コンパクト,ふつう,30,10/15まで,-,-,-,-,-,-
4903301319177 ,クリニカＰＲＯハブラシ３列超コンパクト,やわらかめ,30,10/15まで,-,-,-,-,-,-
4903301325390 ,クリニカＡＤフロスＹ字タイプミニオンデザイン,１８本入,30,10/15まで,-,-,-,-,-,-
4903301333470 ,バスタブクレンジング銀イオン香りが残らない詰替大型,８００ｍｌ,30,10/15まで,-,-,-,-,-,-
4903301339038 ,クリニカＰＲＯオールインワンハミガキフレッシュ,９５ｇ,30,10/15まで,-,-,-,-,-,-
4903301339045 ,クリニカＰＲＯオールインワンハミガキリッチシトラス,９５ｇ,30,10/15まで,-,-,-,-,-,-
4903301339083 ,クリニカＰＲＯハミガキフレッシュクリーンミント増量,１００ｇ,30,10/15まで,-,-,-,-,-,-
4903301339090 ,クリニカＰＲＯハミガキリッチシトラスミント増量,１００ｇ,30,10/15まで,-,-,-,-,-,-
4903301339106 ,クリニカＰＲＯホワイトニングハミガキリフレッシュ,９５ｇ,30,10/15まで,-,-,-,-,-,-
4903301339113 ,クリニカＰＲＯハミガキホワイトニング増量,１００ｇ,30,10/15まで,-,-,-,-,-,-
4903301339137 ,クリニカＰＲＯ知覚過敏ケアハミガキリラックス,９５ｇ,30,10/15まで,-,-,-,-,-,-
4903301339144 ,クリニカＰＲＯハミガキ知覚過敏ケア増量,１００ｇ,30,10/15まで,-,-,-,-,-,-
4903301344551 ,クリニカアドバンテージハブラシ　４列レギュラーＭ,ふつう,30,10/15まで,-,-,-,-,-,-
4903301344568 ,クリニカアドバンテージハブラシ　４列レギュラーＳ,やわらかめ,30,10/15まで,-,-,-,-,-,-
4903301348610 ,クリニカＰＲＯハブラシ　ラバーヘッド　コンパクト,ふつう,30,10/15まで,-,-,-,-,-,-
4903301348757 ,クリニカＰＲＯハブラシ　ラバーヘッド　コンパクト,やわらかめ,30,10/15まで,-,-,-,-,-,-
4903301348764 ,クリニカＰＲＯハブラシ　ラバーヘッド　超コンパクト,ふつう,30,10/15まで,-,-,-,-,-,-
4903301348771 ,クリニカＰＲＯハブラシ　ラバーヘッド　超コンパクト,やわらかめ,30,10/15まで,-,-,-,-,-,-
4903301350590 ,ＮＡＮＯＸｏｎｅスタンダードつめかえ用特大,８２０ｇ,30,10/15まで,-,-,-,-,-,-
4903301350613 ,ＮＡＮＯＸｏｎｅスタンダードつめかえ用ウルトラ,１５３０ｇ,30,10/15まで,-,-,-,-,-,-
4903301350675 ,ＮＡＮＯＸｏｎｅニオイ専用つめかえ用特大,８２０ｇ,30,10/15まで,-,-,-,-,-,-
4903301350774 ,ＮＡＮＯＸｏｎｅＰＲＯつめかえ用特大,７９０ｇ,30,10/15まで,-,-,-,-,-,-
4903301354376 ,ルックプラスバスタブクレンジングＣシトラス詰替大増,８３０ｍｌ,30,10/15まで,-,-,-,-,-,-
4903301354413 ,ルックプラスバスタブクレンジングＦソープ詰替大増量,８３０ｍｌ,30,10/15まで,-,-,-,-,-,-
4903301355533 ,バスタブクレンジング銀イオン大型詰替増量,８３０ｍｌ,30,10/15まで,-,-,-,-,-,-
4903301355557 ,バスタブクレンジング銀イオン香りが残らない大型詰替,８３０ｍｌ,30,10/15まで,-,-,-,-,-,-
4903301356233 ,クリニカＰＲＯ　Ｆクリーンミント＋ＰＲＯＦＭミニ付,９５ｇ＋３０ｇ,30,10/15まで,-,-,-,-,-,-
4903301356240 ,クリニカＰＲＯ　Ｒシトラスミント＋ＰＲＯＦＭミニ付,９５ｇ＋３０ｇ,30,10/15まで,-,-,-,-,-,-
4903301356257 ,クリニカＰＲＯ　ホワイトニング＋ＰＲＯＦＭミニ付,９５ｇ＋３０ｇ,30,10/15まで,-,-,-,-,-,-
4903301356264 ,クリニカＰＲＯ　知覚過敏ケア＋ＰＲＯＦＭミニ付,９５ｇ＋３０ｇ,30,10/15まで,-,-,-,-,-,-
4903301363064 ,ＮＡＮＯＸ自動投入洗濯機専用,７２０ｇ,30,10/15まで,-,-,-,-,-,-
4903301367482 ,バスタブクレンジング銀イオンプラスＳシトラス替大,８００ｍｌ,30,10/15まで,-,-,-,-,-,-
4903301372585 ,クリニカＰＲＯｐｌｕｓ　歯周バリアハミガキ,９５ｇ,30,10/15まで,-,-,-,-,-,-
4903301372592 ,クリニカＰＲＯｐｌｕｓ歯周バリアハミガキ増量,１００ｇ,30,10/15まで,-,-,-,-,-,-
4903301375234 ,ルックプラスバスタブクレンジングＨＡＲＤ洗浄詰替大,８００ｍｌ,30,10/15まで,-,-,-,-,-,-
4903301375371 ,ＮＡＮＯＸｏｎｅ洗浄プラス詰替特大,７６５ｇ,30,10/15まで,-,-,-,-,-,-
4903301375456 ,ＮＡＮＯＸｏｎｅニオイ専用詰替特大,７６５ｇ,30,10/15まで,-,-,-,-,-,-
4903301375487 ,ＮＡＮＯＸｏｎｅＰＲＯ詰替特大,７４０ｇ,30,10/15まで,-,-,-,-,-,-
4903301377160 ,クリニカＰＲＯｐｌｕｓ歯周バリアハミガキミニ付,９５ｇ＋３０ｇ,30,10/15まで,-,-,-,-,-,-
4903301381938 ,クリニカＰＲＯフレッシュＡＤハブラシ４列セット,９５ｇ超コンパクトふつう,30,10/15まで,-,-,-,-,-,-
4903301381945 ,クリニカＰＲＯリッチシトラスＡＤハブラシ４列セット,９５ｇコンパクトふつう,30,10/15まで,-,-,-,-,-,-
4903301381969 ,クリニカＰＲＯホワイトニングＡＤハブラシ４列セット,９５ｇ超コンパクトふつう,30,10/15まで,-,-,-,-,-,-
4903301381983 ,クリニカＰＲＯ歯周バリアＡＤハブラシ４列セット,９５ｇコンパクトふつう,30,10/15まで,-,-,-,-,-,-
4903333222292 ,プレミアムガーナ　ホイップセレクション,９８ｇ,30,10/15まで,-,-,-,-,-,-
4971710393200 ,サンカット　パーフェクトＵＶ　ジェル,１００ｇ,30,10/15まで,-,-,-,-,-,-
4971710393217 ,サンカット　パーフェクトＵＶ　エッセンス　６０ｇ,６０ｇ,30,10/15まで,-,-,-,-,-,-
4971710393729 ,サンカット　トーンアップＵＶ　エッセンス,８０ｇ,30,10/15まで,-,-,-,-,-,-
4971710395310 ,ＭＫ　サンカット　ＰＵＶ　ジェル　ディズニー,１００ｇ,30,10/15まで,-,-,-,-,-,-
4971710395327 ,ＭＫ　サンカット　ＴＵＰＵＶエッセンス　ディズニー,８０ｇ,30,10/15まで,-,-,-,-,-,-
4971710397598 ,ＭＫ　サンカット　パーフェクトＵＶジェル　うさまる,１００ｇ,30,10/15まで,-,-,-,-,-,-
4971710397604 ,ＭＫ　サンカット　トーンＵＰ　エッセンス　うさまる,８０ｇ,30,10/15まで,-,-,-,-,-,-
4971710398670 ,サンカット　トーンアップＵＶ　エッセンス　ミントＧ,８０ｇ,30,10/15まで,-,-,-,-,-,-
4971710523270 ,サンカット　トーンアップＵＶエッセンス　Ｐフラミン,８０ｇ,30,10/15まで,-,-,-,-,-,-
4971710523515 ,サンカット　ライトアップＵＶエッセンス８０ｇ,８０ｇ,30,10/15まで,-,-,-,-,-,-
4971710525175 ,ＭＫサンカット　うさまるパーフェクトＵＶジェル,１００ｇ,30,10/15まで,-,-,-,-,-,-
4971710525182 ,ＭＫサンカット　うさまるトーンアップＵＶエッセンス,８０ｇ,30,10/15まで,-,-,-,-,-,-
4971710564983 ,サンカット　プロテクトＵＶミスト,６０ｍｌ,30,10/15まで,-,-,-,-,-,-
4971710577242 ,サンカット　パーフェクトＵＶジェル　１２０ｇ,１２０ｇ,30,10/15まで,-,-,-,-,-,-
4971710577259 ,サンカット　パーフェクトＵＶエッセンス　１２０ｇ,１２０ｇ,30,10/15まで,-,-,-,-,-,-
4971710577266 ,サンカット　パーフェクトＵＶジェル,８０ｇ,30,10/15まで,-,-,-,-,-,-
4971710577273 ,サンカット　パーフェクトＵＶエッセンス,８０ｇ,30,10/15まで,-,-,-,-,-,-
4971710577280 ,サンカット　パーフェクトＵＶミルク,５０ｍｌ,30,10/15まで,-,-,-,-,-,-
4971710577723 ,サンカット　トーンアップＵＶエッセンス　ラベンダー,８０ｇ,30,10/15まで,-,-,-,-,-,-
4971710577730 ,サンカット　トーンアップＵＶエッセンス　ミントＧ,８０ｇ,30,10/15まで,-,-,-,-,-,-
4971710577747 ,サンカット　トーンアップＵＶエッセンス　ローズＰ,８０ｇ,30,10/15まで,-,-,-,-,-,-
4971710577754 ,サンカット　　ライトアップＵＶエッセンス,８０ｇ,30,10/15まで,-,-,-,-,-,-
4971710577761 ,サンカット　　ライトアップＵＶスプレー,６０ｇ,30,10/15まで,-,-,-,-,-,-
4971710578164 ,サンカット　トーンアップＵＶエッセンス　レモンＹ,８０ｇ,30,10/15まで,-,-,-,-,-,-
4971710581898 ,ＭＫ　サンカット　パーフェクトＵＶジェル　ピーチ,８０ｇ,30,10/15まで,-,-,-,-,-,-
4971710595680 ,サンカット　プロテクトＵＶ　ミスト,６０ｍｌ,30,10/15まで,-,-,-,-,-,-
4971710599312 ,サンカット　パーフェクトＵＶ　ジェル　クール,８０ｇ,30,10/15まで,-,-,-,-,-,-
4971710632910 ,サンカットＵＶエッセンススノーホワイトブルー,８０ｇ,30,10/15まで,-,-,-,-,-,-
4971710638332 ,サンカット　パーフェクトＵＶジェルクール　２６ＳＳ,８０ｇ,30,10/15まで,-,-,-,-,-,-
4987035267614 ,大塚製薬）ボディメンテドリンク,５００ｍｌ,40,11/15まで,-,-,-,-,135,11/15まで
4901301458575 ,ビオレｕ　うるおいしっとり　つめかえ用,３２０ｍＬ,40,11/15まで,-,-,-,-,234,11/15まで
4901301458605 ,ビオレｕ　キラキラローズの香り　つめかえ用,３２０ｍＬ,40,11/15まで,-,-,-,-,234,11/15まで
4901301458612 ,ビオレｕ　ぴちぴちピーチの香り　つめかえ用,３２０ｍＬ,40,11/15まで,-,-,-,-,234,11/15まで
4901301458629 ,ビオレｕ　うきうきシトラスの香り　つめかえ用,３２０ｍＬ,40,11/15まで,-,-,-,-,234,11/15まで
4901301458650 ,ビオレｕ　さっぱりさらさら　つめかえ用,３２０ｍＬ,40,11/15まで,-,-,-,-,234,11/15まで
4901301458681 ,ビオレｕ　つめかえ用,３２０ｍＬ,40,11/15まで,-,-,-,-,234,11/15まで
4901609002449 ,パイプユニッシュ,８００ｇ,40,11/15まで,-,-,-,-,264,11/15まで
4903111374762 ,ソフィはだおもいライナークリーンプラス６２枚,６２枚,40,11/15まで,-,-,-,-,274,3/31まで
4901301421012 ,キュキュットＣＬＥＡＲ泡スプレーオレンジの香り本体,２８０ｍｌ,40,11/15まで,-,-,-,-,294,11/15まで
4901301421029 ,キュキュットＣＬＥＡＲ泡スプレー無香性本体,２８０ｍｌ,40,11/15まで,-,-,-,-,294,11/15まで
4901301421050 ,キュキュットクリア除菌ＣＬＥＡＲ泡スプレー微香本体,２８０ｍｌ,40,11/15まで,-,-,-,-,294,11/15まで
4901301453884 ,キュキュットクリア除菌ＣＬＥＡＲ泡スプレー緑茶本体,２８０ｍｌ,40,11/15まで,-,-,-,-,294,11/15まで
4973227306025 ,デンタルプロ歯間ブラシＬ字型ＳＳ１０本,１０本,40,10/15まで,-,-,-,-,298,3/31まで
4973227306049 ,デンタルプロ歯間ブラシＬ字型Ｍ１０本,１０本,40,10/15まで,-,-,-,-,298,3/31まで
4901301418487 ,キュキュットつめかえ用７００ｍｌ,７００ＭＬ,40,11/15まで,-,-,-,-,334,11/15まで
4901301418524 ,キュキュットグレープフルーツの香り詰替７００ｍｌ,７００ＭＬ,40,11/15まで,-,-,-,-,334,11/15まで
4901301418555 ,キュキュットマスカットの香り詰替７００ｍｌ,７００ＭＬ,40,11/15まで,-,-,-,-,334,11/15まで
4901301418593 ,キュキュットクリア除菌詰替７００ｍｌ,７００ＭＬ,40,11/15まで,-,-,-,-,334,11/15まで
4901301418623 ,キュキュットクリア除菌レモンの香り詰替７００ｍｌ,７００ＭＬ,40,11/15まで,-,-,-,-,334,11/15まで
4901301418654 ,キュキュットクリア除菌緑茶の香り詰替７００ｍｌ,７００ＭＬ,40,11/15まで,-,-,-,-,334,11/15まで
4901301418678 ,キュキュットＮａｔｕｒａｌＤａｙｓ除菌シトラス詰替,７００ＭＬ,40,11/15まで,-,-,-,-,334,11/15まで
4901301418692 ,キュキュットＮａｔｕｒａｌＤａｙｓ＋除菌無香性詰替,７００ＭＬ,40,11/15まで,-,-,-,-,334,11/15まで
4901301467195 ,キュキュットＮＤ＋除菌パッションつめかえ７００ｍｌ,７００ｍｌ,40,11/15まで,-,-,-,-,334,11/15まで
4901301440716 ,マジックリンＥＸＰＯＷＥＲ水アカコゲ用シート５枚,５枚,40,11/15まで,-,-,-,-,384,11/15まで
4902111786032 ,ダヴボディ　モイスチャーケア　詰替大,６００ｇ,40,11/15まで,-,-,-,-,424,11/15まで
4902111786049 ,ダヴ　ボディ　キンモクセイ　詰替大,６００ｇ,40,11/15まで,-,-,-,-,424,11/15まで
4902111786056 ,ダヴ　ボディ　ピーチ　詰替大,６００ｇ,40,11/15まで,-,-,-,-,424,11/15まで
4902111786063 ,ダヴ　ボディ　シアバター　詰替大,６００ｇ,40,11/15まで,-,-,-,-,424,11/15まで
4902111786070 ,ダヴ　ボディ　センシティブ　詰替大,６００ｇ,40,11/15まで,-,-,-,-,424,11/15まで
4902111786087 ,ダヴ　ボディ　ラベンダー　詰替大,６００ｇ,40,11/15まで,-,-,-,-,424,11/15まで
4902111786094 ,ダヴ　ボディ　シトラス　詰替大,６００ｇ,40,11/15まで,-,-,-,-,424,11/15まで
4902111786742 ,ダヴボディ　濃厚シアバター＆バニラ　詰替大,６００ｇ,40,11/15まで,-,-,-,-,424,11/15まで
4903301379638 ,ソフランプレミアム消臭　フレッシュグリーン　詰替特,８２５ｍｌ,40,11/15まで,-,-,-,-,434,11/15まで
4903301379720 ,ソフランプレミアム消臭　汗臭ブロックシトラスソープ,８１０ｍｌ,40,11/15まで,-,-,-,-,434,11/15まで
4903301380207 ,ソフランプレミアム消臭　アロマソープ　詰替特大増量,８２５ｍｌ,40,11/15まで,-,-,-,-,434,11/15まで
4903301380290 ,ソフランプレミアム消臭　フローラルアロマ　詰替特大,８２５ｍｌ,40,11/15まで,-,-,-,-,434,11/15まで
4903301382096 ,ソフランプレミアム消臭　汗臭ブロック涼感クールミン,７３０ｍｌ,40,11/15まで,-,-,-,-,434,11/15まで
4903301320135 ,ソフランプレミアム消臭　アロマソープ　詰替特大,１２６０ｍｌ,40,11/15まで,-,-,-,-,434,11/15まで
4903301363552 ,ソフランプレミアム消臭　フローラルアロマ　詰替特大,９５０ｍｌ,40,11/15まで,-,-,-,-,434,11/15まで
4903301363569 ,ソフランプレミアム消臭　フローラルアロマ　詰替特大,１０４５ｍｌ,40,11/15まで,-,-,-,-,434,11/15まで
4903301363620 ,ソフランプレミアム消臭　アロマソープ　詰替特大,９５０ｍｌ,40,11/15まで,-,-,-,-,434,11/15まで
4903301363637 ,ソフランプレミアム消臭　アロマソープ　詰替特大増量,１０４５ｍｌ,40,11/15まで,-,-,-,-,434,11/15まで
4903301363699 ,ソフランプレミアム消臭　ホワイトハーブ　詰替特大,９５０ｍｌ,40,11/15まで,-,-,-,-,434,11/15まで
4903301363705 ,ソフランプレミアム消臭　ホワイトハーブアロマ　詰替,１０４５ｍｌ,40,11/15まで,-,-,-,-,434,11/15まで
4903301363767 ,ソフランプレミアム消臭　フレッシュグリーン詰替特大,９５０ｍｌ,40,11/15まで,-,-,-,-,434,11/15まで
4903301363774 ,ソフランプレミアム消臭　グリーンアロマ詰替特大増量,１０４５ｍｌ,40,11/15まで,-,-,-,-,434,11/15まで
4902111741413 ,ダヴモイスチャーケアシャンプー替７００ｇ,７００ｇ,40,11/15まで,-,-,-,-,434,11/15まで
4902111741437 ,ダヴモイスチャーケアコンディショナー替７００ｇ,７００ｇ,40,11/15まで,-,-,-,-,434,11/15まで
4902111741499 ,ダヴダメージケア　シャンプー替７００ｇ,７００ｇ,40,11/15まで,-,-,-,-,434,11/15まで
4902111741512 ,ダヴダメージケア　コンディショナー替７００ｇ,７００ｇ,40,11/15まで,-,-,-,-,434,11/15まで
4903301320531 ,ソフランプレミアム消臭　フレッシュグリーン詰替特大,１２６０ｍｌ,40,11/15まで,-,-,-,-,434,11/15まで
4987176167705 ,レノア超消臭１ｗｅｅｋフレッシュグリーン特大,９２０ｍＬ,40,11/15まで,-,-,-,-,484,11/15まで
4987176167743 ,レノア超消臭１ｗｅｅｋシトラス特大,９２０ｍＬ,40,11/15まで,-,-,-,-,484,11/15まで
4987176167767 ,レノア超消臭１ｗｅｅｋスポーツＸシトラスブルー特大,９２０ｍＬ,40,11/15まで,-,-,-,-,484,11/15まで
4987176167781 ,レノア超消臭１ｗｅｅｋ部屋干し特大,９２０ｍＬ,40,11/15まで,-,-,-,-,484,11/15まで
4987176220127 ,レノア超消臭１ｗｅｅｋアクアナイトシャボン特大,９２０ｍＬ,40,11/15まで,-,-,-,-,484,11/15まで
4987176255303 ,レノア超消臭１ｗｅｅｋフレッシュグリーン特大,８４０ｍｌ,40,11/15まで,-,-,-,-,484,11/15まで
4987176255358 ,レノア超消臭１ｗｅｅｋスポーツシトラスブルー特大,８４０ｍｌ,40,11/15まで,-,-,-,-,484,11/15まで
4987176271532 ,レノア超消臭１Ｗ夜干しアクアナイトシャボン特大,８４０ｍｌ,40,11/15まで,-,-,-,-,484,11/15まで
4987176312273 ,レノア超消臭１ｗｅｅｋアクアナイトシャボン詰替特大,７７０ｍＬ,40,11/15まで,-,-,-,-,484,11/15まで
4987176312426 ,レノア超消臭１ｗｅｅｋスポーツシトラス詰替特大,７７０ｍＬ,40,11/15まで,-,-,-,-,484,11/15まで
4987176312457 ,レノア超消臭１ｗｅｅｋフレッシュソープ詰替特大,７７０ｍＬ,40,11/15まで,-,-,-,-,484,11/15まで
4987176312464 ,レノア超消臭１ｗｅｅｋフレッシュグリーン詰替特大,７７０ｍＬ,40,11/15まで,-,-,-,-,484,11/15まで
4987176312570 ,レノア超消臭１ｗｅｅｋ部屋干し詰替特大,７７０ｍＬ,40,11/15まで,-,-,-,-,484,11/15まで
4987176324535 ,レノア超消臭極やわ仕上げふんわりブロッサム特大,７７０ｍＬ,40,11/15まで,-,-,-,-,484,11/15まで
4987176324641 ,レノア超消臭極やわ仕上げふんわりシャボン特大,７７０ｍＬ,40,11/15まで,-,-,-,-,484,11/15まで
4987176353580 ,レノア超消臭部屋干しおひさま詰替特大,７４５ｍＬ,40,11/15まで,-,-,-,-,484,11/15まで
4987176353610 ,レノア超消臭フローラルブーケ詰替特大,７４５ｍＬ,40,11/15まで,-,-,-,-,484,11/15まで
4987176353672 ,レノア超消臭フレッシュグリーン詰替特大,７４５ｍＬ,40,11/15まで,-,-,-,-,484,11/15まで
4987176353689 ,レノア超消臭スポーツシトラス詰替特大,７４５ｍＬ,40,11/15まで,-,-,-,-,484,11/15まで
4987176353771 ,レノア超消臭極やわ仕上げふんわりブロッサム特大,７４５ｍＬ,40,11/15まで,-,-,-,-,484,11/15まで
4987176353801 ,レノア超消臭極やわ仕上げふんわりシャボン特大,７４５ｍＬ,40,11/15まで,-,-,-,-,484,11/15まで
4901301327826 ,クイックルワイパー立体吸着ウエットシート１６枚,１６枚,40,11/15まで,-,-,-,-,484,11/15まで
4901301328175 ,クイックルワイパー立体吸着ウエットローズ１６枚入,１６枚,40,11/15まで,-,-,-,-,484,11/15まで
4901301347916 ,クイックルＷ立体吸着ウエットシトラスハーブ１６枚,１６枚,40,11/15まで,-,-,-,-,484,11/15まで
4901301359087 ,クイックルワイパー立体吸着ウエットシートストロング,１２枚,40,11/15まで,-,-,-,-,484,11/15まで
4901301378804 ,クイックル立体吸着ウエットストロングレモン１２枚,１２枚,40,11/15まで,-,-,-,-,484,11/15まで
4901301438027 ,クイックル立体吸着ストロング消臭ＥＸ１２枚入,１２枚入,40,11/15まで,-,-,-,-,484,11/15まで
4901301452009 ,クイックルワイパー立体吸着ウエットシート無添加１２,１２枚,40,11/15まで,-,-,-,-,484,11/15まで
4901301468628 ,クイックル立体吸着ウエットプレミアムリセット１２枚,１２枚,40,11/15まで,-,-,-,-,484,11/15まで
4901301760210 ,フロアークイックル　ウェットタイプ　２０枚,＿,40,11/15まで,-,-,-,-,484,11/15まで
4987176118509 ,除菌ジョイ　贅沢シトラスレモンの香り　超特大,９１０ｍｌ,40,11/15まで,-,-,-,-,484,11/15まで
4987176118523 ,除菌ジョイ　贅沢シトラスオレンジの香り超特大,９１０ｍｌ,40,11/15まで,-,-,-,-,484,11/15まで
4987176118646 ,除菌ジョイ　緑茶の香り　超特大,９１０ｍｌ,40,11/15まで,-,-,-,-,484,11/15まで
4987176118660 ,除菌ジョイＷ消臭　フレッシュクリーン　超特大,９１０ｍｌ,40,11/15まで,-,-,-,-,484,11/15まで
4987176118684 ,除菌ジョイ　贅沢グレープフルーツ超特大,９１０ｍｌ,40,11/15まで,-,-,-,-,484,11/15まで
4987176118721 ,除菌ジョイＷ消臭　フレッシュシトラス　超特大,９１０ｍｌ,40,11/15まで,-,-,-,-,484,11/15まで
4987176118820 ,除菌ジョイ　超特大,９１０ｍｌ,40,11/15まで,-,-,-,-,484,11/15まで
4987176161376 ,除菌ジョイ　シトラスオレンジ　超特大　増量,９４５ｍｌ,40,11/15まで,-,-,-,-,484,11/15まで
4987176161390 ,除菌ジョイ　シトラスレモン　超特大　増量,９４５ｍｌ,40,11/15まで,-,-,-,-,484,11/15まで
4987176161406 ,除菌ジョイ　緑茶　超特大　増量,９４５ｍｌ,40,11/15まで,-,-,-,-,484,11/15まで
4987176161437 ,除菌ジョイ　超特大　増量,９４５ｍｌ,40,11/15まで,-,-,-,-,484,11/15まで
4987176408990 ,除菌ジョイ　ライム＆エルダーフラワー　超特大増量,９４５ｍｌ,40,11/15まで,-,-,-,-,484,11/15まで
4987176167729 ,レノア超消臭１ｗｅｅｋフローラルフルーティーＳ特大,９２０ｍＬ,40,11/15まで,-,-,-,-,484,11/15まで
4987176255334 ,レノア超消臭１ｗｅｅｋフローラルフルーティーＳ特大,８４０ｍｌ,40,11/15まで,-,-,-,-,484,11/15まで
4987176255389 ,レノア超消臭１ｗｅｅｋ部屋干しおひさま特大,８４０ｍｌ,40,11/15まで,-,-,-,-,484,11/15まで
4987176312396 ,レノア超消臭１ｗｅｅｋフローラルピーチ詰替特大,７７０ｍＬ,40,11/15まで,-,-,-,-,484,11/15まで
4901301435897 ,キュキュット泡パックオレンジの香りつめかえ用,７２０ｍｌ,40,11/15まで,-,-,-,-,534,11/15まで
4901301435910 ,キュキュット泡パック微香性つめかえ用,７２０ｍｌ,40,11/15まで,-,-,-,-,534,11/15まで
4901301461650 ,キュキュット泡パック　ミモザ詰替７２０ｍｌ,７２０ｍｌ,40,11/15まで,-,-,-,-,534,11/15まで
4903301384793 ,ＣＨＡＲＭＹ　クリスタ　予洗い専用泡スプレー　詰替,５００ｍｌ,40,11/15まで,-,-,-,-,534,11/15まで
4903301378662 ,ＮＡＮＯＸ深層浸透洗浄　つめかえ用,１１５０ｇ,40,10/15まで,-,-,-,-,534,11/15まで
4901301453587 ,エマールリフレッシュグリーンの香り　替え８１０ｇ,８１０ｇ,40,11/15まで,-,-,-,-,534,11/15まで
4901301453617 ,エマールアロマティックブーケの香り　替え８１０ｇ,８１０ｇ,40,11/15まで,-,-,-,-,534,11/15まで
4901609016156 ,ＳＢトイレスタンプ最強抗菌シャインミント替え２Ｐ,３８ｇ×２,40,11/15まで,-,-,-,-,634,11/15まで
4901609016187 ,ＳＢトイレスタンプ最強抗菌エレガンスフラワー替２Ｐ,３８ｇ×２,40,11/15まで,-,-,-,-,634,11/15まで
4901301379016 ,サクセス薬用シャンプー　つめかえ用,３２０ｍｌ,40,11/15まで,-,-,-,-,634,11/15まで
4901301379047 ,サクセス薬用シャンプーＥＸＣ　つめかえ用,３２０ｍｌ,40,11/15まで,-,-,-,-,634,11/15まで
4901301379139 ,サクセス　髪ふわっとリンス詰替,３２０ｍｌ,40,11/15まで,-,-,-,-,634,11/15まで
4901301379153 ,サクセス　髪サラッとリンス詰替,３２０ｍｌ,40,11/15まで,-,-,-,-,634,11/15まで
4901301390042 ,サクセス薬用シャンプー　つめかえ用　増量,３６０ｍｌ,40,11/15まで,-,-,-,-,634,11/15まで
4901301390059 ,サクセス薬用シャンプーＥＸＣ　つめかえ用　増量,３６０ｍｌ,40,11/15まで,-,-,-,-,634,11/15まで
4901301395344 ,サクセス薬用シャンプー　つめかえ用増量,３６０ｍｌ,40,11/15まで,-,-,-,-,634,11/15まで
4901301395351 ,サクセス薬用シャンプーＥＸＣ　つめかえ用増量,３６０ｍｌ,40,11/15まで,-,-,-,-,634,11/15まで
4901301441508 ,クイックル　洗面ボウルクリーナー　つめかえ用,５００ｍｌ,40,11/15まで,-,-,-,-,654,11/15まで
4901301024688 ,バブ　ゆずの香り,２０錠,40,11/15まで,-,-,-,-,674,11/15まで
4901301024701 ,バブ　森の香り,２０錠,40,11/15まで,-,-,-,-,674,11/15まで
4901301024725 ,バブ　ラベンダーの香り,２０錠,40,11/15まで,-,-,-,-,674,11/15まで
4901301228291 ,バブ　ひのきの香り　２０錠入,２０錠,40,11/15まで,-,-,-,-,674,11/15まで
4901301342713 ,バブ　ベルガモットジンジャーの香り,２０錠,40,11/15まで,-,-,-,-,674,11/15まで
4901301384072 ,バブ　ミルキータイプ　２０錠入,２０錠,40,11/15まで,-,-,-,-,674,11/15まで
4901301384133 ,バブ　クリアタイプ　２０錠入,２０錠,40,11/15まで,-,-,-,-,674,11/15まで
4901301392053 ,バブ　さくらの香り　２０錠入,２０錠,40,11/15まで,-,-,-,-,674,11/15まで
4901301446022 ,バブ　ローズの香り　２０錠入,２０錠,40,11/15まで,-,-,-,-,674,11/15まで
4902111758237 ,クリアフォーメンシャンプー　詰替５６０ｇ,５６０ｇ,40,11/15まで,-,-,-,-,684,3/31まで
4902111758244 ,クリアフォーメンコンディショナー　詰替５６０ｇ,５６０ｇ,40,11/15まで,-,-,-,-,684,3/31まで
4987176301505 ,ファブリーズ除菌消臭プレミアムランドリー特大,６１０ｍＬ,40,11/15まで,-,-,-,-,734,11/15まで
4987176301598 ,ファブリーズ除菌消臭プレミアムメン特大,６１０ｍＬ,40,11/15まで,-,-,-,-,734,11/15まで
4987176301628 ,ファブリーズ除菌消臭プレミアム無香料特大,６１０ｍＬ,40,11/15まで,-,-,-,-,734,11/15まで
4987176305701 ,ファブリーズ除菌消臭プレミアムパステル特大,６１０ｍＬ,40,11/15まで,-,-,-,-,734,11/15まで
4987176328335 ,レノアハピネスミスト　ホワイムスク香り特大,６１０ｍＬ,40,11/15まで,-,-,-,-,734,11/15まで
4987176328366 ,レノアハピネスミスト　ホワイトティー香り特大,６１０ｍＬ,40,11/15まで,-,-,-,-,734,11/15まで
4987176372017 ,ファブリーズ除菌消臭プレミアム　部屋干しプラス特大,６１０ｍＬ,40,11/15まで,-,-,-,-,734,11/15まで
4987176386038 ,レノアハピネスミスト　おやすみラベンダー特大,６１０ｍＬ,40,11/15まで,-,-,-,-,734,11/15まで
4987176386427 ,ファブリーズ除菌消臭プレミアムパステル特大,６１０ｍＬ,40,11/15まで,-,-,-,-,734,11/15まで
4987176386489 ,ファブリーズ除菌消臭プレミアム無香料特大,６１０ｍＬ,40,11/15まで,-,-,-,-,734,11/15まで
4987176386533 ,ファブリーズ除菌消臭プレミアムランドリー特大,６１０ｍＬ,40,11/15まで,-,-,-,-,734,11/15まで
4987176386557 ,ファブリーズ除菌消臭プレミアムメン特大,６１０ｍＬ,40,11/15まで,-,-,-,-,734,11/15まで
4987176391728 ,レノアハピネスナチュラルミスト　シダーウッド特大,６１０ｍＬ,40,11/15まで,-,-,-,-,734,11/15まで
4987176391773 ,レノアハピネスナチュラルミスト　コットン特大,６１０ｍＬ,40,11/15まで,-,-,-,-,734,11/15まで
4901301439789 ,メンズビオレ　ザ・フェイス　うるおいケア　本体,２００ｍＬ,40,11/15まで,-,-,-,-,734,11/15まで
4901301439819 ,メンズビオレ　ザ・フェイス　毛穴汚れクリア　本体,２００ｍＬ,40,11/15まで,-,-,-,-,734,11/15まで
4901301439857 ,メンズビオレ　ザ・フェイス　薬用アクネケア　本体,２００ｍＬ,40,11/15まで,-,-,-,-,734,11/15まで
4901301459350 ,メンズビオレザフェイスディープモイスト　本体,２００ｍＬ,40,11/15まで,-,-,-,-,734,11/15まで
4901301327840 ,クイックルワイパー立体吸着ウエットシート３２枚,３２枚,40,11/15まで,-,-,-,-,894,11/15まで
4901301327864 ,クイックルワイパー立体吸着ウエットローズ３２枚入,３２枚,40,11/15まで,-,-,-,-,894,11/15まで
4901301347657 ,クイックルＷ立体吸着ウエットシトラスハーブ３２枚,３２枚,40,11/15まで,-,-,-,-,894,11/15まで
4901301370549 ,クイックル立体吸着ウエットシートストロング２４枚,２４枚,40,11/15まで,-,-,-,-,894,11/15まで
4901301379214 ,クイックル立体吸着ウエットストロングレモン２４枚,２４枚,40,11/15まで,-,-,-,-,894,11/15まで
4901301438034 ,クイックル立体吸着ストロング消臭ＥＸ２４枚入,２４枚入,40,11/15まで,-,-,-,-,894,11/15まで
4901301457363 ,クイックルワイパー立体吸着ウエットシート無添加２４,２４枚,40,11/15まで,-,-,-,-,894,11/15まで
4901301468550 ,クイックル立体吸着ウエットプレミアムリセット２４枚,２４枚,40,11/15まで,-,-,-,-,894,11/15まで
4987246673075 ,Ｄラボマウスピース矯正用リテーナー用洗浄剤　７２錠,７２錠,40,11/15まで,-,-,-,-,934,11/15まで
4987176387035 ,レノアクエン酸イン　部屋干しフレッシュグリーン超特,１１１０ｍｌ,40,11/15まで,-,-,-,-,1314,11/15まで
4987176387042 ,レノアクエン酸イン　シトラス超特大,１１１０ｍｌ,40,11/15まで,-,-,-,-,1314,11/15まで
4987176387103 ,レノアクエン酸イン　スポーツリフレッシュリリー超特,１１１０ｍｌ,40,11/15まで,-,-,-,-,1314,11/15まで
4571537799485 ,リーチデンタルフロスワックスミント,５０．２ｍ,40,11/15まで,-,-,-,-,-,-
4571537799492 ,リーチウルトラクリーンジェントルＧＫシナモンミント,５０．２ｍ,40,11/15まで,-,-,-,-,-,-
4573267334189 ,アィティーオー）ＩＴＯスキンコットンタオル１００,１００枚入,40,11/15まで,-,-,-,-,-,-
4573267336961 ,アィティーオー）ＩＴＯクレンジングタオル,１個,40,11/15まで,-,-,-,-,-,-
4580771740351 ,ＭＫ　ＣＩＣＩＢＥＬＬＡ快息マスク　レースショコラ,１２枚入,40,11/15まで,-,-,-,-,-,-
4580771740368 ,ＭＫ　ＣＩＣＩＢＥＬＬＡ快息マスク　ピンクオークル,１２枚入,40,11/15まで,-,-,-,-,-,-
4901002173333 ,ＳＢ　ホテル・シェフ仕様　欧風ビーフカレー４Ｐ甘口,１７０ｇＸ４,40,11/15まで,-,-,-,-,-,-
4901002173340 ,ＳＢ　ホテル・シェフ仕様　欧風ビーフカレー４Ｐ中辛,１７０ｇＸ４,40,11/15まで,-,-,-,-,-,-
4901002173357 ,ＳＢ　ホテル・シェフ仕様　欧風ビーフカレー４Ｐ辛口,１７０ｇＸ４,40,11/15まで,-,-,-,-,-,-
4901002173364 ,ＳＢ　ホテル・シェフ仕様　ビーフハヤシ４Ｐ,１３０ｇＸ４,40,11/15まで,-,-,-,-,-,-
4901070131471 ,お部屋の消臭力ＰＡミストＦｏｒＳｌｅｅｐラベンダー,１６５ｍｌ,40,11/15まで,-,-,-,-,-,-
4901070131488 ,お部屋の消臭力ＰＡミストＦｏｒＳｌｅｅｐＴローズ,１６５ｍｌ,40,11/15まで,-,-,-,-,-,-
4901080731111 ,デンタルラボ泡ウォッシュ,１２５ｍｌ,40,11/15まで,-,-,-,-,-,-
4901111581203 ,ブレンディ　袋１５５ｇ,１５５ｇ,40,11/15まで,-,-,-,-,-,-
4901111619951 ,ブレンディまろやかな香りブレンド袋１５５ｇ,１５５ｇ,40,11/15まで,-,-,-,-,-,-
4901201206504 ,ＵＣＣ　ＢＬＡＣＫ無糖　６Ｐ,１８５ｇ×６,40,11/15まで,-,-,-,-,-,-
4901234369313 ,ゆず油　無添加ヘアオイル,６０ｍｌ,40,11/15まで,-,-,-,-,-,-
4901234369511 ,ゆず油　無添加オイルミスト詰替,１６０ｍｌ,40,11/15まで,-,-,-,-,-,-
4901301250261 ,ビオレ　マシュマロホイップ　つめかえ用,１３０ｍＬ,40,11/15まで,-,-,-,-,-,-
4901301254184 ,ビオレメイクも落とせる洗顔料　つめかえ,１８０ｍＬ,40,11/15まで,-,-,-,-,-,-
4901301254191 ,ビオレメイクも落とせる洗顔料うるうる密着泡つめかえ,１４０ｍＬ,40,11/15まで,-,-,-,-,-,-
4901301257772 ,ビオレ　マシュマロホイップリッチタイプ　つめかえ用,１３０ｍＬ,40,11/15まで,-,-,-,-,-,-
4901301276254 ,ビオレ　マシュマロホイップ　アクネケア　つめかえ用,１３０ｍＬ,40,11/15まで,-,-,-,-,-,-
4901301306210 ,ロリエ　きれいスタイル　無香料７２コ入,７２個,40,11/15まで,-,-,-,-,-,-
4901301306234 ,ロリエ　きれいスタイルリラックスフローラル７２コ入,７２コ,40,11/15まで,-,-,-,-,-,-
4901301306258 ,ロリエ　きれいスタイルロマンティックローズ７２コ入,７２コ,40,11/15まで,-,-,-,-,-,-
4901301306265 ,ロリエ　きれいスタイルプレシャスブーケ７２コ入,７２個,40,11/15まで,-,-,-,-,-,-
4901301306289 ,ロリエ　きれいスタイルフレッシュフローラル７２コ入,７２コ,40,11/15まで,-,-,-,-,-,-
4901301358684 ,バブ　メディキュア　柑橘の香り　６錠入,６錠,40,11/15まで,-,-,-,-,-,-
4901301358707 ,バブ　メディキュア　森林の香り　６錠入,６錠,40,11/15まで,-,-,-,-,-,-
4901301358721 ,バブ　メディキュア　花果実の香り　６錠入,６錠,40,11/15まで,-,-,-,-,-,-
4901301364821 ,バブ　メディキュア　冷涼クール　６錠入,６錠,40,11/15まで,-,-,-,-,-,-
4901301365934 ,リーゼ　プレイフルケアオイル,８０ｍｌ,40,11/15まで,-,-,-,-,-,-
4901301373915 ,ケープ　３Ｄエクストラキープ　無香料　３００ｇ,３００Ｇ,40,11/15まで,-,-,-,-,-,-
4901301373922 ,ケープ　スーパーハード　無香料　３００ｇ,３００Ｇ,40,11/15まで,-,-,-,-,-,-
4901301385505 ,バブメディキュア柑橘６錠ヒプマイバブコラボ,６錠,40,11/15まで,-,-,-,-,-,-
4901301385512 ,バブメディキュア森林６錠ヒプマイバブコラボ,６錠,40,11/15まで,-,-,-,-,-,-
4901301385529 ,バブメディキュア花果実６錠ヒプマイバブコラボ,６錠,40,11/15まで,-,-,-,-,-,-
4901301388667 ,ケープ　ナチュラル＆キープ　無香料　３００ｇ,３００ｇ,40,11/15まで,-,-,-,-,-,-
4901301392466 ,バブ　メディキュア　シトラスハーブ　６錠入,６錠,40,11/15まで,-,-,-,-,-,-
4901301394866 ,ビオレ　マシュマロホイップ　ひんやりミント替,１３０ｍＬ,40,11/15まで,-,-,-,-,-,-
4901301402080 ,バブメディキュア柑橘６錠　セーラームーンコラボ,６錠,40,11/15まで,-,-,-,-,-,-
4901301402097 ,バブメディキュア森林６錠　セーラームーンコラボ,６錠,40,11/15まで,-,-,-,-,-,-
4901301402103 ,バブメディキュア花果実６錠　セーラームーンコラボ,６錠,40,11/15まで,-,-,-,-,-,-
4901301406439 ,ロリエきれいスタイル無香料消臭プラス,６２個,40,11/15まで,-,-,-,-,-,-
4901301406446 ,ロリエきれいＳ　フレッシュローズの香り消臭プラス,６２個,40,11/15まで,-,-,-,-,-,-
4901301406453 ,ロリエきれいＳ　フレッシュハーブの香り消臭プラス,６２個,40,11/15まで,-,-,-,-,-,-
4901301412447 ,ロリエきれいスタイル天然コットン１００％５４コ,５４コ,40,11/15まで,-,-,-,-,-,-
4901301418685 ,キュキュットＮａｔｕｒａｌＤａｙｓ除菌ハーブ詰替,７００ＭＬ,40,11/15まで,-,-,-,-,-,-
4901301424471 ,バブ　メディキュア　シトラスハーブ　６錠入,６錠,40,11/15まで,-,-,-,-,-,-
4901301426543 ,バスマジックリンＳＵＰＥＲ泡香り残らないスパウト,８００ｍｌ,40,11/15まで,-,-,-,-,-,-
4901301426574 ,バスマジックリンＳＵＰＥＲ泡グリーンハーブスパウト,８００ｍｌ,40,11/15まで,-,-,-,-,-,-
4901301426604 ,バスマジックリンＳＵＰＥＲ泡アロマローズスパウト,８００ｍｌ,40,11/15まで,-,-,-,-,-,-
4901301429254 ,ビオレ　ザフェイス　泡洗顔料　Ｄモイスト　大容量,７００ｍＬ,40,11/15まで,-,-,-,-,-,-
4901301429261 ,ビオレ　ザフェイス　泡洗顔料　モイスト　大容量,７００ｍＬ,40,11/15まで,-,-,-,-,-,-
4901301429278 ,ビオレ　ザフェイス　泡洗顔料　Ｓクリア　大容量,７００ｍＬ,40,11/15まで,-,-,-,-,-,-
4901301431608 ,バスマジックリンＳＵＰＥＲ泡洗浄　無残香８３０増量,８３０ＭＬ,40,11/15まで,-,-,-,-,-,-
4901301431622 ,バスマジックリンＳＵＰＥＲ泡洗浄　ハーブ８３０増量,８３０ＭＬ,40,11/15まで,-,-,-,-,-,-
4901301431646 ,バスマジックリンＳＵＰＥＲ泡洗浄　ローズ８３０増量,８３０ＭＬ,40,11/15まで,-,-,-,-,-,-
4901301431806 ,バブ　メディキュア　桜の香り　６錠入,６錠,40,11/15まで,-,-,-,-,-,-
4901301438010 ,ロリエきれいＳ天然コットン１００％Ｐフラワーの香り,５４コ,40,11/15まで,-,-,-,-,-,-
4901301439567 ,バブ　メディキュア　金木犀の香り　６錠,６錠,40,11/15まで,-,-,-,-,-,-
4901301439574 ,バブ　メディキュア　冷涼クール　６錠入,６錠,40,11/15まで,-,-,-,-,-,-
4901301439796 ,メンズビオレ　ザ・フェイス　うるおいケア　詰替え,１７０ｍＬ,40,11/15まで,-,-,-,-,-,-
4901301439840 ,メンズビオレ　ザ・フェイス　毛穴汚れクリア　詰替え,１７０ｍＬ,40,11/15まで,-,-,-,-,-,-
4901301439864 ,メンズビオレ　ザ・フェイス　薬用アクネケア　詰替え,１７０ｍＬ,40,11/15まで,-,-,-,-,-,-
4901301448507 ,バブ　メディキュア柑橘６錠　ポムポムプリンコラボ,６錠,40,11/15まで,-,-,-,-,-,-
4901301448514 ,バブ　メディキュア森林６錠　シナモロールコラボ,６錠,40,11/15まで,-,-,-,-,-,-
4901301459367 ,メンズビオレ　ザフェイス　ディープモイスト　詰替,１７０ｍＬ,40,11/15まで,-,-,-,-,-,-
4901301459848 ,ＭＫバブメディキュアスパークリング・シトラス,６錠,40,11/15まで,-,-,-,-,-,-
4901301459855 ,ＭＫバブメディキュア　Ｃｕｔｅロゼ,６錠,40,11/15まで,-,-,-,-,-,-
4901301462657 ,バブ　メディキュア　サンダルウッドの香り　６錠入,６錠,40,11/15まで,-,-,-,-,-,-
4901301467812 ,バブメディキュア　冷涼クール　ウォーターリリー６錠,６錠,40,11/15まで,-,-,-,-,-,-
4901301472731 ,めぐりズム　鎖骨の下に貼る蒸気めぐるシート　ハーブ,５枚,40,11/15まで,-,-,-,-,-,-
4901422325688 ,キチントさん　フライパン用ホイルシート,２５ｃｍ×１５ｍ,40,11/15まで,-,-,-,-,-,-
4901422325770 ,ラクッチョ　フライパン用ホイルシート　Ｍ　１５ｍ,２５ｃｍ×１５ｍ,40,11/15まで,-,-,-,-,-,-
4901422552800 ,クレラップ徳用ミニ　２本パック,２２ｃｍ×５０ｍ×２,40,11/15まで,-,-,-,-,-,-
4901422552817 ,クレラップ徳用レギュラー　２本パック,３０ｃｍ×５０ｍ×２,40,11/15まで,-,-,-,-,-,-
4901508975196 ,クロバラ純椿油　４７ｍｌ,４７ｍｌ,40,11/15まで,-,-,-,-,-,-
4901508975226 ,純椿オイルヘアクリームＮ,１５０ｇ,40,11/15まで,-,-,-,-,-,-
4901730075381 ,ジョンソンベビーオイル微香性,３００ｍｌ,40,11/15まで,-,-,-,-,-,-
4901730075404 ,ジョンソンベビーオイル無香料,３００ｍｌ,40,11/15まで,-,-,-,-,-,-
4901730230346 ,バンドエイド　肌色　４サイズ　５０枚,５０枚,40,11/15まで,-,-,-,-,-,-
4901750378417 ,ＳＣＴペーパーフキン　サッとサッと２００枚ポケモン,２００枚,40,11/15まで,-,-,-,-,-,-
4902011106824 ,エリエール　キレキラ！おそうじシート無香性替え,１０枚×２Ｐ,40,11/15まで,-,-,-,-,-,-
4902011736731 ,エリエール　キレキラ！おそうじシトラスミント替え,１０枚×２Ｐ,40,11/15まで,-,-,-,-,-,-
4902011736809 ,エリエール　キレキラ！１枚で徹底おそうじシート替え,１０枚×２Ｐ,40,11/15まで,-,-,-,-,-,-
4902011736823 ,エリエール　キレキラ！おそうじシートローズ替え,１０枚×２Ｐ,40,11/15まで,-,-,-,-,-,-
4902201213332 ,フィリックスパウチ　隠し味ソースお魚お肉バラエティ,５０ｇ×１２Ｐ,40,11/15まで,-,-,-,-,-,-
4902201213349 ,フィリックスパウチ　隠し味ゼリーお魚お肉バラエティ,５０ｇ×１２Ｐ,40,11/15まで,-,-,-,-,-,-
4902201213363 ,フィリックスパウチ　１８歳お魚お肉バラエティ,５０ｇ×１２Ｐ,40,11/15まで,-,-,-,-,-,-
4902201213370 ,フィリックスパウチ　１５歳バラエティ,５０ｇ×１２Ｐ,40,11/15まで,-,-,-,-,-,-
4902201213394 ,フィリックスパウチ　お肉バラエティ,５０ｇ×１２Ｐ,40,11/15まで,-,-,-,-,-,-
4902201213400 ,フィリックスパウチ　子ねこバラエティ,５０ｇ×１２Ｐ,40,11/15まで,-,-,-,-,-,-
4902201213417 ,フィリックスパウチ　お魚バラエティ,５０ｇ×１２Ｐ,40,11/15まで,-,-,-,-,-,-
4902201213424 ,フィリックスパウチ　バラエティ,５０ｇ×１２Ｐ,40,11/15まで,-,-,-,-,-,-
4902201214698 ,フィリックスパウチ　隠し味ゼリーお魚バラエティ,５０ｇ×１２Ｐ,40,11/15まで,-,-,-,-,-,-
4902201214704 ,フィリックスパウチ　隠し味ゼリーお肉バラエティ,５０ｇ×１２Ｐ,40,11/15まで,-,-,-,-,-,-
4902201214711 ,フィリックスパウチ　チキン３種バラエティ,５０ｇ×１２Ｐ,40,11/15まで,-,-,-,-,-,-
4902201214728 ,フィリックスパウチ　ツナ３種バラエティ,５０ｇ×１２Ｐ,40,11/15まで,-,-,-,-,-,-
4902201216098 ,フィリックスパウチ　ダブル　お魚お肉バラエティ,５０ｇ×１２,40,11/15まで,-,-,-,-,-,-
4902201216104 ,フィリックスパウチ　ダブル　お魚バラエティ,５０ｇ×１２,40,11/15まで,-,-,-,-,-,-
4902201216111 ,フィリックスパウチ　ダブル　お肉バラエティ,５０ｇ×１２,40,11/15まで,-,-,-,-,-,-
4902201218474 ,フィリックスパウチ　ダブル　お魚とお肉ミックス,５０ｇ×１２Ｐ,40,11/15まで,-,-,-,-,-,-
4902201218481 ,フィリックスパウチ　ダブル　お魚とお肉よりどり,５０ｇ×１２Ｐ,40,11/15まで,-,-,-,-,-,-
4902407394989 ,ドライ＆ドライＵＰ　黒のＮＥＣＯ１０００ｍｌ,１０００ｍＬｘ２,40,11/15まで,-,-,-,-,-,-
4902407394996 ,ドライ＆ドライＵＰ　ＮＥＣＯ金木犀の香り,２個,40,11/15まで,-,-,-,-,-,-
4902407395047 ,ドライ＆ドライＵＰ　ＮＥＣＯフローラルブーケの香り,２個,40,11/15まで,-,-,-,-,-,-
4902407395184 ,ドライ＆ドライＮＥＣＯ１０００ｍｌ,１０００ｍＬｘ２,40,11/15まで,-,-,-,-,-,-
4902470833088 ,薬用ハイシェーブ２個パック,２６０ｇ×２,40,11/15まで,-,-,-,-,-,-
4902522676519 ,キネシオロジーテープしっかり粘着,２５ｍｍ１Ｐ,40,11/15まで,-,-,-,-,-,-
4902522676533 ,キネシオロジーテープ快適通気,２５ｍｍ１Ｐ,40,11/15まで,-,-,-,-,-,-
4902777137841 ,チョコレート効果カカオ７２％カカオクランチ袋,１２０ｇ,40,11/15まで,-,-,-,-,-,-
4902777142395 ,チョコレート効果カカオ７２％アーモンド袋,９２ｇ,40,11/15まで,-,-,-,-,-,-
4902899455137 ,はるオンパックスＡｉｒｙ８Ｐ,８個,40,11/15まで,-,-,-,-,-,-
4903018202243 ,柳屋　あんず油　エッセンスミルク,１４０ｇ,40,11/15まで,-,-,-,-,-,-
4903018206104 ,ネイチャーモード　ボタニカル　ＷＷ　ナチュラル,７２ｇ,40,11/15まで,-,-,-,-,-,-
4903018206111 ,ネイチャーモード　ボタニカル　ＣＷ　グロス,７２ｇ,40,11/15まで,-,-,-,-,-,-
4903301010968 ,ライオン　バファリンＡ,４０錠,40,11/15まで,-,-,-,-,-,-
4903301292500 ,ソフランアロマリッチダイアナつめかえ用特大,１２００ｍｌ,40,11/15まで,-,-,-,-,-,-
4903301320036 ,ソフランプレミアム消臭　フローラルアロマ　詰替特大,１２６０ｍｌ,40,11/15まで,-,-,-,-,-,-
4903301320050 ,ソフランプレミアム消臭フローラルアロマ特大増量,１３９０ｍｌ,40,11/15まで,-,-,-,-,-,-
4903301320180 ,ソフランプレミアム消臭アロマソープ特大増量,１３９０ｍｌ,40,11/15まで,-,-,-,-,-,-
4903301320555 ,ソフランプレミアム消臭フレッシュグリーン特大増量,１３９０ｍｌ,40,11/15まで,-,-,-,-,-,-
4903301323440 ,ソフランアロマリッチスカーレットつめか用特大増量,１３２０ｍｌ,40,11/15まで,-,-,-,-,-,-
4903301326984 ,ソフランアロマリッチエリーつめかえ用特大,１２００ｍｌ,40,11/15まで,-,-,-,-,-,-
4903301327226 ,ソフランアロマリッチエリーつめかえ特大増量,１３２０ｍｌ,40,11/15まで,-,-,-,-,-,-
4903301353218 ,ソフランアロマリッチジュリエットつめかえ用特大,９５０ｍｌ,40,11/15まで,-,-,-,-,-,-
4903301353225 ,ソフランアロマリッチキャサリンつめかえ用特大,９５０ｍｌ,40,11/15まで,-,-,-,-,-,-
4903301353232 ,ソフランアロマリッチダイアナつめかえ用特大,９５０ｍｌ,40,11/15まで,-,-,-,-,-,-
4903301353249 ,ソフランアロマリッチサラつめかえ用特大,９５０ｍｌ,40,11/15まで,-,-,-,-,-,-
4903301353256 ,ソフランアロマリッチエリーつめかえ用特大,９５０ｍｌ,40,11/15まで,-,-,-,-,-,-
4903301353263 ,ソフランアロマリッチジュリエットつめかえ用特大増量,１０４５ｍｌ,40,11/15まで,-,-,-,-,-,-
4903301353270 ,ソフランアロマリッチキャサリンつめかえ用特大増量,１０４５ｍｌ,40,11/15まで,-,-,-,-,-,-
4903301353287 ,ソフランアロマリッチダイアナつめかえ用特大,１０４５ｍｌ,40,11/15まで,-,-,-,-,-,-
4903301353300 ,ソフランアロマリッチエリーつめかえ特大増量,１０４５ｍｌ,40,11/15まで,-,-,-,-,-,-
4903301366959 ,ソフランアロマリッチ金木犀　つめかえ用特大,９５０ｍｌ,40,11/15まで,-,-,-,-,-,-
4903301367000 ,ソフランアロマリッチクレアつめかえ用特大,９５０ｍｌ,40,11/15まで,-,-,-,-,-,-
4903301367017 ,ソフランアロマリッチクレアつめかえ用特大増量,１０４５ｍｌ,40,11/15まで,-,-,-,-,-,-
4903301374718 ,ソフランアロマリッチジュリエット詰替Ｕジャンボ増量,１４３０ｍｌ,40,11/15まで,-,-,-,-,-,-
4903301379607 ,ソフランプレミアム消臭　グリーンアロマ詰替７５０ｍ,７５０ｍｌ,40,11/15まで,-,-,-,-,-,-
4903301379690 ,ソフランプレミアム消臭　汗臭ブロックシトラスソープ,７３０ｍｌ,40,11/15まで,-,-,-,-,-,-
4903301380177 ,ソフランプレミアム消臭　アロマソープ　詰替７５０ｍ,７５０ｍｌ,40,11/15まで,-,-,-,-,-,-
4903301380276 ,ソフランプレミアム消臭　フローラルアロマ　詰替７５,７５０ｍｌ,40,11/15まで,-,-,-,-,-,-
4903320000131 ,激落ちくん　マイクロミシン目　スペアテープ　マルチ,５０周×６Ｐ【Ｗ粘着】,40,11/15まで,-,-,-,-,-,-
4903320166165 ,激落ちくん　トレループ　ホコリ取り　ハンディ伸縮,高密度ブラシ１セット,40,11/15まで,-,-,-,-,-,-
4987028110552 ,エーザイ　トラベルミン,６錠,40,11/15まで,-,-,-,-,-,-
4987035181699 ,大塚製薬）ポカリスエット９００ｍｌ４Ｐ,９００ｍｌ×４,40,11/15まで,-,-,-,-,-,-
4987035290599 ,大塚製薬）ポカリスエットイオンウォーター９００ｍｌ,９００ｍｌ×４,40,11/15まで,-,-,-,-,-,-
4987072034026 ,噛むブレスケア　レモンミント,１００粒,40,11/15まで,-,-,-,-,-,-
4987072034033 ,噛むブレスケア　アソート,１００粒,40,11/15まで,-,-,-,-,-,-
4987072038840 ,サラサーティサラリエ　無香料,７２枚,40,11/15まで,-,-,-,-,-,-
4987072038857 ,サラサーティサラリエ　ナチュラルリネンの香り,７２枚,40,11/15まで,-,-,-,-,-,-
4987072038864 ,サラサーティサラリエ　ホワイトブーケの香り,７２枚,40,11/15まで,-,-,-,-,-,-
4987072038871 ,サラサーティサラリエ　フローラルベリーの香り,７２枚,40,11/15まで,-,-,-,-,-,-
4987072038888 ,サラサーティサラリエ　ハピネスフラワーの香り,７２枚,40,11/15まで,-,-,-,-,-,-
4987072052969 ,サラサーティサラリエ　フレンチローズの香り,７２枚,40,11/15まで,-,-,-,-,-,-
4987072060322 ,生葉Ｉ　息スーッと実感,１００ｇ,40,11/15まで,-,-,-,-,-,-
4987072072752 ,小林製薬）ひきしめ生葉ｈｂ,１００ｇ,40,11/15まで,-,-,-,-,-,-
4987072093764 ,小林製薬　のどぬーる鎮痛ドロップ,１２錠,40,11/15まで,-,-,-,-,-,-
4987072098394 ,小林製薬　のどぬーる鎮痛カプセルＥＸ,１８カプセル,40,11/15まで,-,-,-,-,-,-
4987107047069 ,第一三共　ペラックスイート　ブルーベリーＳ,２４粒,40,11/15まで,-,-,-,-,-,-
4987107047076 ,第一三共　ペラックスイート　パインＳ,２４粒,40,11/15まで,-,-,-,-,-,-
4987107613158 ,第一三共　ルルメディカルドロップＨ,２０粒,40,11/15まで,-,-,-,-,-,-
4987107613165 ,第一三共　ルルメディカルドロップＯ,２０粒,40,11/15まで,-,-,-,-,-,-
4987107613172 ,第一三共　ルルメディカルドロップＧ,２０粒,40,11/15まで,-,-,-,-,-,-
4987176118424 ,除菌ジョイ　贅沢シトラスミントの香り超特大,９１０ｍｌ,40,11/15まで,-,-,-,-,-,-
4987176229366 ,ジョイＰＲＯ洗浄すぐ洗い用　詰替特大,６５０ｍｌ,40,11/15まで,-,-,-,-,-,-
4987176229403 ,ジョイＰＲＯ洗浄まとめ洗い用　詰替特大,６５０ｍｌ,40,11/15まで,-,-,-,-,-,-
4987176290007 ,除菌ジョイ　シトラスオレンジ　超ジャンボ,１５５０ｍｌ,40,11/15まで,-,-,-,-,-,-
4987176290038 ,除菌ジョイ　超ジャンボ,１５５０ｍｌ,40,11/15まで,-,-,-,-,-,-
4987176290052 ,除菌ジョイ　緑茶　超ジャンボ,１５５０ｍｌ,40,11/15まで,-,-,-,-,-,-
4987176305732 ,ファブリーズ除菌消臭プレミアムシトラス特大,６４０ｍＬ,40,11/15まで,-,-,-,-,-,-
4987176336453 ,ジョイＰＲＯ洗浄すぐ洗い用　オレンジ　詰替特大,６５０ｍｌ,40,11/15まで,-,-,-,-,-,-
4987176336491 ,ジョイＰＲＯ洗浄まとめ洗い用　オレンジ　詰替特大,６５０ｍｌ,40,11/15まで,-,-,-,-,-,-
4987176387158 ,レノアハピネスミスト　キンモクセイ特大,６１０ｍＬ,40,11/15まで,-,-,-,-,-,-
4987176393753 ,イージークリップドライブシリーズ　ホワイトティー,２．５ｍｌ,40,11/15まで,-,-,-,-,-,-
4987176393791 ,ファブリーズトイレ用＋自然　ホワイトティー,６．３ｍｌ,40,11/15まで,-,-,-,-,-,-
4987176409010 ,除菌ジョイ　ライム＆エルダーフラワー　超ジャンボ,１５５０ｍｌ,40,11/15まで,-,-,-,-,-,-
4987241162017 ,ロート　Ｃキューブプレミアムクリア,１８ｍｌ,40,11/15まで,-,-,-,-,-,-
4987241162024 ,ロート　Ｃキューブプレミアムフィット,１８ｍｌ,40,11/15まで,-,-,-,-,-,-
4987241162031 ,ロート　Ｃキューブプレミアムモイスチャー,１８ｍｌ,40,11/15まで,-,-,-,-,-,-
4987241190980 ,ロート　Ｃキューブプレミアムアイススパーク,１８ｍｌ,40,11/15まで,-,-,-,-,-,-
4987977000553 ,部分入れ歯用３分スピードポリデント,９６錠,40,11/15まで,-,-,-,-,-,-
4987977000560 ,部分入れ歯用ホワイトニングポリデント,９６錠,40,11/15まで,-,-,-,-,-,-
4987977000966 ,部分入れ歯用ダブル洗浄ポリデントプレミアム,９６錠,40,11/15まで,-,-,-,-,-,-
4987977000973 ,ダブル洗浄ポリデントプレミアム,９６錠,40,11/15まで,-,-,-,-,-,-
4987977000980 ,ホワイトニングポリデントプレミアム,９６錠,40,11/15まで,-,-,-,-,-,-
4987977000997 ,ポリデント　泡ウォッシュ,１２５ｍｌ,40,11/15まで,-,-,-,-,-,-
4987977001420 ,部分入れ歯用ダブル洗浄ポリデントプレミアム増量品,９６錠＋１２錠,40,11/15まで,-,-,-,-,-,-
4987977001727 ,ポリデント　マウスピース用洗浄フォーム,１２５ｍｌ,40,11/15まで,-,-,-,-,-,-
4520699606216 ,グランデリごほうび鶏ささみふっくらおさつ,７０ｇ,40,10/15まで,-,-,-,-,-,-
4520699607459 ,きょうのごほうび　ささみチーズロール,１００ｇ,40,10/15まで,-,-,-,-,-,-
4520699607831 ,きょうのごほうび　熟成芳醇細切りささみ,６０ｇ,40,10/15まで,-,-,-,-,-,-
4520699608722 ,銀のさら　ごほうび　たら巻きささみ,１００ｇ,40,10/15まで,-,-,-,-,-,-
4520699608913 ,きょうのごほうび　熟成ささみうすぎり,６０ｇ,40,10/15まで,-,-,-,-,-,-
4520699609040 ,きょうのごほうび　長持ちささみ,１００ｇ,40,10/15まで,-,-,-,-,-,-
4520699609804 ,きょうのごほうび　プチごほうびパン　ミルク,１００ｇ,40,10/15まで,-,-,-,-,-,-
4520699623657 ,きょうのごほうび　やわらかささみミックス,２００ｇ,40,10/15まで,-,-,-,-,-,-
4520699664612 ,グラン・デリ　きょうのごほうび鶏ささみのうまみ角切,１００ｇ,40,10/15まで,-,-,-,-,-,-
4520699666425 ,グラン・デリ　ごほうび鶏ささみのダブルもっちり棒,７本,40,10/15まで,-,-,-,-,-,-
4520699677155 ,グラン・デリ　とりぷるーんカロリー計算　ジュレ,８０ｇ,40,10/15まで,-,-,-,-,-,-
4520699677490 ,グラン・デリ　とりぷるーんカロリー計算　ムース,８０ｇ,40,10/15まで,-,-,-,-,-,-
4520699677872 ,グラン・デリ　とりぷるーんカロリー計算　ゼリー,８０ｇ,40,10/15まで,-,-,-,-,-,-
4520699678268 ,きょうのごほうび　カロリー計算しっとり,１００ｇ,40,10/15まで,-,-,-,-,-,-
4520699678459 ,きょうのごほうび　カロリー計算ふんわり,７０ｇ,40,10/15まで,-,-,-,-,-,-
4901616968806 ,オーラツーミーステインナチュラルミント２本＋景品,１３０ｇ×２本,40,10/15まで,-,-,-,-,-,-
4901616968813 ,オーラツーミーステインピーチリーフミント２本＋景品,１３０ｇ×２本,40,10/15まで,-,-,-,-,-,-
4901616969872 ,オーラツーミーナチュラルミント２本シナモン景品付,１３０ｇ×２本,40,10/15まで,-,-,-,-,-,-
4901616969889 ,オーラツーミーピーチリーフミント２本シナモン景品付,１３０ｇ×２本,40,10/15まで,-,-,-,-,-,-
4901616970540 ,オーラツーミーナチュラルミント２本ジョジョ景品付,１３０ｇ×２本,40,10/15まで,-,-,-,-,-,-
4901616970557 ,オーラツーミーピーチリーフミント２本ジョジョ景品付,１３０ｇ×２本,40,10/15まで,-,-,-,-,-,-
4901616970564 ,オーラツーミーハニーレモンミント２本ジョジョ景品付,１３０ｇ×２本,40,10/15まで,-,-,-,-,-,-
4903301384816 ,バスタブクレンジング銀ハーバルＧ詰替用特大,１０００ｍｌ,40,10/15まで,-,-,-,-,-,-
4903301384939 ,バスタブクレンジング銀香り残らない詰替用特大,１０００ｍｌ,40,10/15まで,-,-,-,-,-,-
4903301385059 ,バスタブクレンジング銀スカッシュシトラス詰替特大,１０００ｍｌ,40,10/15まで,-,-,-,-,-,-
4903301385134 ,バスタブクレンジングＨＡＲＤ洗浄詰替特大,１０００ｍｌ,40,10/15まで,-,-,-,-,-,-
4973227225098 ,ブラックダイヤプラス超極細毛大きめヘッド　ふつう,１本,40,10/15まで,-,-,-,-,-,-
4973227225104 ,ブラックダイヤプラス超極細毛大きめヘッド　かため,１本,40,10/15まで,-,-,-,-,-,-
4973512258701 ,アラウベビー洗濯せっけん無香詰替,７２０ｍｌ,40,10/15まで,-,-,-,-,-,-
4973512258749 ,アラウベビー洗濯石鹸詰替,７２０ｍｌ,40,10/15まで,-,-,-,-,-,-
4520699025314 ,三ツ星グルメ　お魚味クリームアジ　２５ＦＥＢ,１８０ｇ,40,11/15まで,-,-,-,-,-,-
4520699030837 ,三ツ星グルメ　４種アソートさば　２５ＡＵＧ,２４０ｇ,40,11/15まで,-,-,-,-,-,-
4520699034286 ,三ツ星グルメしみ旨お魚仕立て１５歳３種アソート,１６０ｇ,40,11/15まで,-,-,-,-,-,-
4520699034835 ,三ツ星グルメ　しみ旨お魚仕立て　素材魚アソート,１６０ｇ,40,11/15まで,-,-,-,-,-,-
4520699034866 ,三ツ星グルメ　しみ旨お魚仕立て　素材鶏アソート,１６０ｇ,40,11/15まで,-,-,-,-,-,-
4520699036051 ,三ツ星グルメ　お魚味クリームお腹の健康ケア,１８０ｇ,40,11/15まで,-,-,-,-,-,-
4520699036167 ,三ツ星グルメ　お魚クリーム北海道ほたて　２４ＮＯＶ,１８０ｇ,40,11/15まで,-,-,-,-,-,-
4520699038741 ,三ツ星グルメ　お魚クリーム北海道真鱈　２４ＮＯＶ,１８０ｇ,40,11/15まで,-,-,-,-,-,-
4520699040805 ,三ツ星グルメ　お魚味クリームさわら　２６ＦＥＢ,１８０ｇ,40,11/15まで,-,-,-,-,-,-
4520699057988 ,三ツ星グルメ　お魚味クリーム焼津まぐろ　２５ＭＡＹ,１８０ｇ,40,11/15まで,-,-,-,-,-,-
4520699074619 ,三ツ星グルメ　４種アソートお魚仕立アジ　２５ＦＥＢ,２４０ｇ,40,11/15まで,-,-,-,-,-,-
4520699292303 ,三ツ星グルメ　お魚味クリームさば　２５ＡＵＧ,１８０ｇ,40,11/15まで,-,-,-,-,-,-
4520699437766 ,三ツ星グルメ　４種アソート焼津まぐろ　２５ＭＡＹ,２４０ｇ,40,11/15まで,-,-,-,-,-,-
4520699506219 ,三ツ星グルメ　お腹の健康ケア,２００ｇ,40,11/15まで,-,-,-,-,-,-
4520699600009 ,三ツ星グルメ　４種アソートのどぐろ　２３ＡＵＧ,２００ｇ,40,11/15まで,-,-,-,-,-,-
4520699600559 ,三ツ星グルメ　お魚味クリームのどぐろ　２３ＡＵＧ,１８０ｇ,40,11/15まで,-,-,-,-,-,-
4520699602706 ,銀のスプーン　三ッ星グルメ　お魚レシピ,２４０ｇ,40,11/15まで,-,-,-,-,-,-
4520699606544 ,三ツ星グルメ　４種アソート富山白えび　２３ＪＵＮＥ,２００ｇ,40,11/15まで,-,-,-,-,-,-
4520699608432 ,三ツ星グルメ　お魚クリーム富山白えび　２３ＪＵＮＥ,１８０ｇ,40,11/15まで,-,-,-,-,-,-
4520699612064 ,銀のスプーン　三ッ星グルメ　子ねこ用　お魚レシピ,２４０ｇ,40,11/15まで,-,-,-,-,-,-
4520699614792 ,三ツ星グルメ　しみ旨お魚仕立　まぐろ味３種アソート,１６０ｇ,40,11/15まで,-,-,-,-,-,-
4520699615980 ,三ツ星グルメ　しみ旨お魚仕立てまぐろかつお味,１９２ｇ,40,11/15まで,-,-,-,-,-,-
4520699616772 ,三ツ星グルメ　しみ旨お魚仕立てまぐろささみ味,１９２ｇ,40,11/15まで,-,-,-,-,-,-
4520699617649 ,三ツ星グルメ　しみ旨お魚仕立てまぐろたい味,１９２ｇ,40,11/15まで,-,-,-,-,-,-
4520699623039 ,三ツ星グルメ　しみ旨お魚仕立　魚ささみ３種アソート,１６０ｇ,40,11/15まで,-,-,-,-,-,-
4520699624524 ,三ツ星グルメ　香るお魚仕立て　食事の吐き戻し軽減,１９２ｇ,40,11/15まで,-,-,-,-,-,-
4520699630549 ,銀のスプーン三ツ星グルメお魚味クリーム　まぐろかつ,１８０ｇ,40,11/15まで,-,-,-,-,-,-
4520699631331 ,銀のスプーン三ツ星グルメ４種の素材鶏ささみレシピ,２００ｇ,40,11/15まで,-,-,-,-,-,-
4520699631584 ,銀のスプーン三ツ星グルメお魚・鶏ささみレシピ,２００ｇ,40,11/15まで,-,-,-,-,-,-
4520699632451 ,銀のスプーン　三ツ星グルメ　１０歳頃お魚レシピ４種,２００ｇ,40,11/15まで,-,-,-,-,-,-
4520699633564 ,お魚味クリームシーフード３種のアソート,１８０ｇ,40,11/15まで,-,-,-,-,-,-
4520699635759 ,銀のスプーン　三ツ星グルメ　１５歳お魚レシピ,２４０ｇ,40,11/15まで,-,-,-,-,-,-
4520699641248 ,三ツ星グルメ　４種のアソート北海道真鱈　２４ＮＯＶ,２４０ｇ,40,11/15まで,-,-,-,-,-,-
4520699641392 ,三ツ星グルメ　４種のアソート北海道産真鱈２３ＮＯＶ,２００ｇ,40,11/15まで,-,-,-,-,-,-
4520699641460 ,三ツ星グルメ　お魚クリーム北海道産真鱈味２３ＮＯＶ,１８０ｇ,40,11/15まで,-,-,-,-,-,-
4520699641934 ,三ツ星グルメ　お魚クリームかつおレシピ３種アソート,１８０ｇ,40,11/15まで,-,-,-,-,-,-
4520699642184 ,三ツ星グルメ　しみ旨お魚仕立て毛玉ケア,１９２ｇ,40,11/15まで,-,-,-,-,-,-
4520699642993 ,三ツ星グルメ　お魚味クリームさんま　２４ＡＵＧ,１８０ｇ,40,11/15まで,-,-,-,-,-,-
4520699643075 ,三ツ星グルメ　お魚仕立てさんまパウダー　２４ＡＵＧ,２４０ｇ,40,11/15まで,-,-,-,-,-,-
4520699645987 ,銀のスプーン三ツ星グルメお魚味クリーム１５歳,１８０ｇ,40,11/15まで,-,-,-,-,-,-
4520699655061 ,銀のスプーン　三ツ星グルメ　毛玉ケア,２４０ｇ,40,11/15まで,-,-,-,-,-,-
4520699657454 ,三ツ星グルメ　４種アソート富山白えび　２４ＭＡＹ,２００ｇ,40,11/15まで,-,-,-,-,-,-
4520699657515 ,三ツ星グルメ　お魚クリーム富山白えび　２４ＭＡＹ,１８０ｇ,40,11/15まで,-,-,-,-,-,-
4520699661802 ,銀のスプーン　三ツ星グルメ　お魚レシピ　４種,２００ｇ,40,11/15まで,-,-,-,-,-,-
4520699661994 ,銀のスプーン三ツ星グルメ　１５歳　４種のアソート,２００ｇ,40,11/15まで,-,-,-,-,-,-
4520699662120 ,銀のスプーン三ツ星グルメ　毛玉　お魚レシピ　４種,２００ｇ,40,11/15まで,-,-,-,-,-,-
4520699663530 ,銀のスプーン　三ツ星グルメ　贅沢素材お魚レシピ４種,２００ｇ,40,11/15まで,-,-,-,-,-,-
4520699683545 ,三ツ星グルメ　お魚味クリームほたて　３種のアソート,１８０ｇ,40,11/15まで,-,-,-,-,-,-
4520699685334 ,銀のスプーン三ツ星グルメお魚味クリーム　アソート,１８０ｇ,40,11/15まで,-,-,-,-,-,-
4520699685471 ,銀のスプーン三ツ星グルメお魚鶏クリーム　アソート,１８０ｇ,40,11/15まで,-,-,-,-,-,-
4520699686935 ,銀のスプーン　三ツ星グルメお魚味クリーム毛玉ケア,１８０ｇ,40,11/15まで,-,-,-,-,-,-
4520699691281 ,銀のスプーン　三ツ星グルメ　２０歳頃　お魚レシピ,２４０ｇ,40,11/15まで,-,-,-,-,-,-
4520699699058 ,三ツ星グルメ　４種のアソートさわら　２４ＦＥＢ,２００ｇ,40,11/15まで,-,-,-,-,-,-
4520699699447 ,三ツ星グルメ　お魚味クリームさわら　２４ＦＥＢ,１８０ｇ,40,11/15まで,-,-,-,-,-,-
4520699719732 ,三ツ星グルメ４種アソートお魚仕立さわら　２６ＦＥＢ,２４０ｇ,40,11/15まで,-,-,-,-,-,-
4560279550201 ,リーチデンタルフロスクリーンバーストペパーミント,３２ｍ,40,11/15まで,-,-,-,-,-,-
4560279550225 ,リーチデンタルフロス　ノーワックス,５０ｍ,40,11/15まで,-,-,-,-,-,-
4560279550232 ,リーチデンタルフロス　ワックス,１８ｍ,40,11/15まで,-,-,-,-,-,-
4560279550249 ,リーチ　デンタルフロス　ワックス,５０ｍ,40,11/15まで,-,-,-,-,-,-
4560279550256 ,リーチウルトラクリーンフロスやわらかスライド,２７ｍ,40,11/15まで,-,-,-,-,-,-
4560279569036 ,リーチ　デンタルフロス　ワックス,５０ｍ＋５ｍ,40,11/15まで,-,-,-,-,-,-
4571537796668 ,リーチ１４５０　デンタルフロス,５０ｍ,40,11/15まで,-,-,-,-,-,-
4571537798556 ,ＭＫリーチ　デンタルフロス　ワックス５０ｍ＋１０ｍ,５０ｍ＋１０ｍ,40,11/15まで,-,-,-,-,-,-
4580771742775 ,ＣＩＣＩＢＥＬＬＡ５Ｄマスク　オールドレース,１０枚入,40,11/15まで,-,-,-,-,-,-
4580771742782 ,ＣＩＣＩＢＥＬＬＡ５Ｄマスク　ベビーピンク,１０枚入,40,11/15まで,-,-,-,-,-,-
4580771742799 ,ＣＩＣＩＢＥＬＬＡ５Ｄマスク　グレージュ,１０枚入,40,11/15まで,-,-,-,-,-,-
4580771742805 ,ＣＩＣＩＢＥＬＬＡ５Ｄマスク　ヘーゼルナッツ,１０枚入,40,11/15まで,-,-,-,-,-,-
4580771742812 ,ＣＩＣＩＢＥＬＬＡ５Ｄマスク　ライラックアッシュ,１０枚入,40,11/15まで,-,-,-,-,-,-
4580771743079 ,ＣＩＣＩＢＥＬＬＡマスク　オールドレース,１０枚,40,11/15まで,-,-,-,-,-,-
4580771743086 ,ＣＩＣＩＢＥＬＬＡマスク　ベビーピンク,１０枚入,40,11/15まで,-,-,-,-,-,-
4580771743093 ,ＣＩＣＩＢＥＬＬＡマスク　グレージュ,１０枚,40,11/15まで,-,-,-,-,-,-
4580771743109 ,ＣＩＣＩＢＥＬＬＡマスク　ヘーゼルナッツ,１０枚,40,11/15まで,-,-,-,-,-,-
4580771743116 ,ＣＩＣＩＢＥＬＬＡマスク　ライラックアッシュ,１０枚入,40,11/15まで,-,-,-,-,-,-
4580771743123 ,ＣＩＣＩＢＥＬＬＡマスク　ビーグリーン,１０枚入,40,11/15まで,-,-,-,-,-,-
4580771743130 ,ＣＩＣＩＢＥＬＬＡマスク　アプリコット,１０枚入,40,11/15まで,-,-,-,-,-,-
4580771743147 ,ＣＩＣＩＢＥＬＬＡマスク　サンドベージュ,１０枚,40,11/15まで,-,-,-,-,-,-
4580771743383 ,ＣＩＣＩＢＥＬＬＡマスク　ホワイト,１０枚入,40,11/15まで,-,-,-,-,-,-
4580771743697 ,ＣＩＣＩＢＥＬＬＡマスク　オールドレースレッド,１０枚,40,11/15まで,-,-,-,-,-,-
4580771743703 ,ＣＩＣＩＢＥＬＬＡマスク　ベージュレッド,１０枚,40,11/15まで,-,-,-,-,-,-
4580771744038 ,ＣＩＣＩＢＥＬＬＡ５Ｄマスク　スノーグレー,１０枚入,40,11/15まで,-,-,-,-,-,-
4580771745318 ,ＣＩＣＩＢＥＬＬＡ５Ｄマスク　モカブラウン,１０枚入,40,11/15まで,-,-,-,-,-,-
4580771745325 ,ＣＩＣＩＢＥＬＬＡ５Ｄマスク　グレージュレース,１０枚入,40,11/15まで,-,-,-,-,-,-
4580771745806 ,ＣＩＣＩＢＥＬＬＡマスク３Ｄマスク　グレージュ　Ｌ,１０枚,40,11/15まで,-,-,-,-,-,-
4580771745813 ,ＣＩＣＩＢＥＬＬＡマスク３Ｄマスク　ホワイト　Ｌ,１０枚,40,11/15まで,-,-,-,-,-,-
4580771748456 ,ＣＩＣＩＢＥＬＬＡ快息マスク　オールドレース,１０枚入,40,11/15まで,-,-,-,-,-,-
4580771748463 ,ＣＩＣＩＢＥＬＬＡ快息マスク　グレージュ,１０枚入,40,11/15まで,-,-,-,-,-,-
4580771748548 ,ＣＩＣＩＢＥＬＬＡ快息マスク　ミスティグレー,１０枚入,40,11/15まで,-,-,-,-,-,-
4901070131457 ,お部屋の消臭力プレミアムＦｏｒＳｌｅｅｐラベンダー,４００ｍｌ,40,11/15まで,-,-,-,-,-,-
4901070131464 ,お部屋の消臭力プレミアムＦｏｒＳｌｅｅｐＴローズ,４００ｍｌ,40,11/15まで,-,-,-,-,-,-
4901070131815 ,お部屋の消臭力プレミアムＦｏｒＳｌｅｅｐカモミール,４００ｍｌ,40,11/15まで,-,-,-,-,-,-
4901070902682 ,ドライペット　引き出し・衣装ケース用　１２枚入,２５ｇ×１２,40,11/15まで,-,-,-,-,-,-
4901070908486 ,ドライペット　クローゼット用,１２０ｇ×２,40,11/15まで,-,-,-,-,-,-
4901080194718 ,おすだけノーマットスプレータイプ　２００日分２本入,４１．７ＭＬ×２,40,11/15まで,-,-,-,-,-,-
4901080206213 ,ブラックキャップ,１２個入,40,11/15まで,-,-,-,-,-,-
4901080207913 ,ブラックキャップ屋外用,８個,40,11/15まで,-,-,-,-,-,-
4901080208217 ,凍らすジェット　ゴキブリ秒殺２００ｍｌ,２００ｍｌ,40,11/15まで,-,-,-,-,-,-
4901080322111 ,ブラックキャップ　フィットタイプ　１６個入,１６個入,40,11/15まで,-,-,-,-,-,-
4901080335517 ,アースコバエ　１プッシュ式スプレー　９０回分,２５МＬ,40,11/15まで,-,-,-,-,-,-
4901301288431 ,キュキュットつめかえ用７７０ｍｌ,７７０ｍｌ,40,11/15まで,-,-,-,-,-,-
4901301288479 ,キュキュットピンクグレープＦつめかえ用７７０ｍｌ,７７０ｍｌ,40,11/15まで,-,-,-,-,-,-
4901301288516 ,キュキュットマスカットつめかえ用７７０ｍｌ,７７０ｍｌ,40,11/15まで,-,-,-,-,-,-
4901301288554 ,キュキュットクリア除菌緑茶つめかえ用７７０ｍｌ,７７０ｍｌ,40,11/15まで,-,-,-,-,-,-
4901301288585 ,キュキュットクリア除菌つめかえ用７７０ｍｌ,７７０ｍｌ,40,11/15まで,-,-,-,-,-,-
4901301307330 ,キュキュットクリア除菌レモンの香り詰替７７０ｍｌ,７７０ｍｌ,40,11/15まで,-,-,-,-,-,-
4901301316219 ,ロリエ　さらピュア　３ｃｃパウダリーフラワーの香り,４４枚,40,11/15まで,-,-,-,-,-,-
4901301316240 ,ロリエ　さらピュア１０ｃｃパウダリーフラワー,４０枚,40,11/15まで,-,-,-,-,-,-
4901301316264 ,ロリエ　さらピュア　スリムタイプ　２０ｃｃ,３２枚,40,11/15まで,-,-,-,-,-,-
4901301316271 ,ロリエ　さらピュア　スリムタイプ　５０ｃｃ,１８枚,40,11/15まで,-,-,-,-,-,-
4901301316295 ,ロリエ　さらピュア　ふんわりタイプ　５０ｃｃ,１８枚,40,11/15まで,-,-,-,-,-,-
4901301316325 ,ロリエ　さらピュア　ふんわりタイプ　１２０ｃｃ,１６枚,40,11/15まで,-,-,-,-,-,-
4901301321947 ,キュキュットＣＬＥＡＲ泡スプレー本体,３００ｍｌ,40,11/15まで,-,-,-,-,-,-
4901301321961 ,キュキュットＣＬＥＡＲ泡スプレーＧＦ本体,３００ｍｌ,40,11/15まで,-,-,-,-,-,-
4901301333599 ,ロリエ　さらピュアスリムタイプ５０ｃｃジャンボパッ,２６枚,40,11/15まで,-,-,-,-,-,-
4901301333605 ,ロリエ　さらピュアスリムタイプ２０ｃｃジャンボパッ,４４枚,40,11/15まで,-,-,-,-,-,-
4901301335784 ,キュキュットベリーつめかえ７７０ｍｌ,７７０ＭＬ,40,11/15まで,-,-,-,-,-,-
4901301336286 ,ビオレｕうるおいしっとりつめかえ用,３４０ｍＬ,40,11/15まで,-,-,-,-,-,-
4901301336316 ,ビオレｕつめかえ用,３４０ｍＬ,40,11/15まで,-,-,-,-,-,-
4901301336347 ,ビオレｕさっぱりさらさらつめかえ用,３４０ｍＬ,40,11/15まで,-,-,-,-,-,-
4901301336385 ,ビオレｕエンジェルローズの香りつめかえ用,３４０ｍＬ,40,11/15まで,-,-,-,-,-,-
4901301336415 ,ビオレｕフレッシュシトラスの香りつめかえ用,３４０ｍＬ,40,11/15まで,-,-,-,-,-,-
4901301336460 ,ビオレｕスイートピーチの香りつめかえ用,３４０ｍＬ,40,11/15まで,-,-,-,-,-,-
4901301336675 ,キュキュットＣＬＥＡＲ泡スプレー詰替３回グレープフ,７２０ＭＬ,40,11/15まで,-,-,-,-,-,-
4901301336682 ,キュキュットＣＬＥＡＲ泡スプレー詰替３回オレンジ,７２０ＭＬ,40,11/15まで,-,-,-,-,-,-
4901301340467 ,クイックルワイパー立体ウエット消臭パワー１６枚,１６枚,40,11/15まで,-,-,-,-,-,-
4901301345844 ,キュキュットＣＬＥＡＲ泡スプレー無香性本体,３００ｍｌ,40,11/15まで,-,-,-,-,-,-
4901301346254 ,キュキュットＮＤ＋除菌ミモザつめかえ７００ｍｌ,７００ＭＬ,40,11/15まで,-,-,-,-,-,-
4901301349095 ,エマールリフレッシュグリーンの香り替え９２０ｍｌ,９２０ｍｌ,40,11/15まで,-,-,-,-,-,-
4901301349125 ,エマールアロマティックブーケの香り替え９２０ｍｌ,９２０ｍｌ,40,11/15まで,-,-,-,-,-,-
4901301352194 ,キュキュットＮＤ泡スプレーミモザ本体,２８０ｍｌ,40,11/15まで,-,-,-,-,-,-
4901301352224 ,キュキュットＮＤ泡スプレー　ミモザ　カエ,６９０ｍｌ,40,11/15まで,-,-,-,-,-,-
4901301360885 ,キュキュットＣＬＥＡＲ泡スプレー詰替３回無香性,７２０ＭＬ,40,11/15まで,-,-,-,-,-,-
4901301362445 ,８ｘ４メン　フットジェル　３０ｇ,３０ｇ,40,11/15まで,-,-,-,-,-,-
4901301364050 ,ロリエ　さらピュア　スリムタイプ　１５ｃｃ,３４枚,40,11/15まで,-,-,-,-,-,-
4901301367365 ,キュキュッＲｅｌａｘＤミックスＢつめかえ７７０ＭＬ,７７０ｍｌ,40,11/15まで,-,-,-,-,-,-
4901301367396 ,キュキュッＲｅｌａｘＤヴァ―ベナつめかえ７７０ｍｌ,７７０ｍｌ,40,11/15まで,-,-,-,-,-,-
4901301372765 ,バスマジックリン香りが残らないタイプスパウト,８２０ｍｌ,40,11/15まで,-,-,-,-,-,-
4901301374356 ,バスマジックリンデオクリアスパウト,８２０ＭＬ,40,11/15まで,-,-,-,-,-,-
4901301378057 ,エマールアロマティックブーケの香り替え９００ｍｌ,９００ｍｌ,40,11/15まで,-,-,-,-,-,-
4901301378101 ,エマールリフレッシュグリーンの香り替え９００ｍｌ,９００ｍｌ,40,11/15まで,-,-,-,-,-,-
4901301379191 ,クイックルワイパー立体吸着シートストロングシトラス,１２枚,40,11/15まで,-,-,-,-,-,-
4901301379238 ,バスマジックリングリーンハーブの香りスパウト,８２０ｍｌ,40,11/15まで,-,-,-,-,-,-
4901301379245 ,バスマジックリンアロマローズの香りｌスパウト,８２０ｍｌ,40,11/15まで,-,-,-,-,-,-
4901301382191 ,キュキュットクリア除菌無香性替,７７０ＭＬ,40,11/15まで,-,-,-,-,-,-
4901301383426 ,ロリエさらピュアスリムタイプ２０ｃｃ　スーパージャ,６４枚,40,11/15まで,-,-,-,-,-,-
4901301383440 ,ロリエさらピュアスリムタイプ１５ｃｃスーパージャン,６８枚,40,11/15まで,-,-,-,-,-,-
4901301384102 ,ロリエさらピュアスリムタイプ５０ｃｃ４４枚　スーパ,４４枚,40,11/15まで,-,-,-,-,-,-
4901301388735 ,バスマジックリンＣＬＥＡＮ香り残らないスパウト増量,９００ＭＬ,40,11/15まで,-,-,-,-,-,-
4901301388940 ,バスマジックリンＣＬＥＡＮグリーンスパウト増量,９００ＭＬ,40,11/15まで,-,-,-,-,-,-
4901301388957 ,バスマジックリンＳＣアロマローズ　スパウト増量,９００ＭＬ,40,11/15まで,-,-,-,-,-,-
4901301391261 ,キュキュットクリア泡スプレー詰替３回分,７２０ｍｌ,40,11/15まで,-,-,-,-,-,-
4901301391278 ,キュキュットクリア泡スプレーグレープＦ詰替３回分,７２０ｍｌ,40,11/15まで,-,-,-,-,-,-
4901301391285 ,キュキュットクリア泡スプレー無香性詰替３回分,７２０ｍｌ,40,11/15まで,-,-,-,-,-,-
4901301392695 ,バスマジックリン除菌・抗菌アルコール成分プラススパ,８２０ｍｌ,40,11/15まで,-,-,-,-,-,-
4901301394125 ,キュキュットＣＬＥＡＲ泡スプレー無香性本体ミニオン,３００ＭＬ,40,11/15まで,-,-,-,-,-,-
4901301397034 ,ロリエ　さらピュア　超薄ランジェリー　５ｃｃ,４０枚,40,11/15まで,-,-,-,-,-,-
4901301397041 ,ロリエ　さらピュア　超薄ランジェリー　１５ｃｃ,２５枚,40,11/15まで,-,-,-,-,-,-
4901301397058 ,ロリエ　さらピュア　超薄ランジェリー　５０ｃｃ,１５枚,40,11/15まで,-,-,-,-,-,-
4901301401687 ,バスマジ除菌・抗菌アルコール成分プラススパウト増量,９００ＭＬ,40,11/15まで,-,-,-,-,-,-
4901301403957 ,キュキュットＮａｔｕｒａｌＤａｙｓ＋除菌無香性詰替,７７０ｍｌ,40,11/15まで,-,-,-,-,-,-
4901301403964 ,キュキュットＮａｔｕｒａｌ除菌ヴァ―ベナシトラス替,７７０ｍｌ,40,11/15まで,-,-,-,-,-,-
4901301403971 ,キュキュットＮａｔｕｒａｌ除菌フラワー＆ハーブ詰替,７７０ｍｌ,40,11/15まで,-,-,-,-,-,-
4901301407306 ,クイックル立体吸着シートストロングフローラル１２枚,１２枚,40,11/15まで,-,-,-,-,-,-
4901301407313 ,クイックル立体吸着シートストロングフローラル２４枚,２４枚,40,11/15まで,-,-,-,-,-,-
4901301407740 ,キュキュットクリア除菌Ｃｌｅａｒ泡ＳＰ微香性本体,３００ｍｌ,40,11/15まで,-,-,-,-,-,-
4901301407757 ,キュキュットクリア除菌Ｃｌｅａｒ泡ＳＰ微香性詰替,７２０ｍｌ,40,11/15まで,-,-,-,-,-,-
4901301407764 ,キュキュットクリア除菌Ｃｌｅａｒ泡ＳＰレモン本体,３００ｍｌ,40,11/15まで,-,-,-,-,-,-
4901301407771 ,キュキュットクリア除菌Ｃｌｅａｒ泡ＳＰレモン詰替,７２０ｍｌ,40,11/15まで,-,-,-,-,-,-
4901301408440 ,ロリエさらピュア超薄ランジェリーＬ　５ｃｃ８０枚,８０枚,40,11/15まで,-,-,-,-,-,-
4901301408457 ,ロリエさらピュア超薄ランジェリーＬ　１５ｃｃ５０枚,５０枚,40,11/15まで,-,-,-,-,-,-
4901301408464 ,ロリエさらピュア超薄ランジェリーＬ　５０ｃｃ３０枚,３０枚,40,11/15まで,-,-,-,-,-,-
4901301411563 ,ロリエ　さらピュア　超吸収スリム３０ｃｃ２２枚,２２枚,40,11/15まで,-,-,-,-,-,-
4901301411570 ,ロリエ　さらピュア　超吸収スリム３０ｃｃ４４枚,４４枚,40,11/15まで,-,-,-,-,-,-
4901301416667 ,ロリエ　さらピュア　超吸収スリム１０ｃｃフラワー,３６枚,40,11/15まで,-,-,-,-,-,-
4901301416988 ,ロリエ　さらピュア　超吸収スリム１０ｃｃ無香,３６枚,40,11/15まで,-,-,-,-,-,-
4901301416995 ,ロリエ　さらピュア　超吸収スリム１０ｃｃ無香７２枚,７２枚,40,11/15まで,-,-,-,-,-,-
4901301420930 ,エマールリフレッシュグリーンの香りスパウト,８１０ｍｌ,40,11/15まで,-,-,-,-,-,-
4901301421036 ,キュキュットＣＬＥＡＲ泡スプレーオレンジの香り詰替,６９０ｍｌ,40,11/15まで,-,-,-,-,-,-
4901301421043 ,キュキュットＣＬＥＡＲ泡スプレー無香性詰替,６９０ｍｌ,40,11/15まで,-,-,-,-,-,-
4901301421074 ,キュキュットクリアＣＬＥＡＲ泡ＳＰレモンの香り本体,２８０ｍｌ,40,11/15まで,-,-,-,-,-,-
4901301421135 ,キュキュットクリア除菌ＣＬＥＡＲ泡スプレー微香詰替,６９０ｍｌ,40,11/15まで,-,-,-,-,-,-
4901301421159 ,キュキュットクリアＣＬＥＡＲ泡ＳＰレモンの香り詰替,６９０ｍｌ,40,11/15まで,-,-,-,-,-,-
4901301423016 ,エマールアロマティックブーケの香りスパウト,８１０ｍｌ,40,11/15まで,-,-,-,-,-,-
4901301423023 ,ロリエ　さらピュア　超吸収スリム５ｃｃ４０枚,４０枚,40,11/15まで,-,-,-,-,-,-
4901301423030 ,ロリエ　さらピュア　超吸収スリム５ｃｃ８０枚,８０枚,40,11/15まで,-,-,-,-,-,-
4901301423047 ,ロリエ　さらピュア　超吸収スリム１５ｃｃ２５枚,２５枚,40,11/15まで,-,-,-,-,-,-
4901301423054 ,ロリエ　さらピュア　超吸収スリム１５ｃｃ５０枚,５０枚,40,11/15まで,-,-,-,-,-,-
4901301423061 ,ロリエ　さらピュア　超吸収スリム５０ｃｃ１５枚,１５枚,40,11/15まで,-,-,-,-,-,-
4901301423078 ,ロリエ　さらピュア　超吸収スリム５０ｃｃ３０枚,３０枚,40,11/15まで,-,-,-,-,-,-
4901301428288 ,ロリエ　さらピュア　超吸収スリム３ｃｃ無香,４４枚,40,11/15まで,-,-,-,-,-,-
4901301428295 ,ロリエ　さらピュア　超吸収スリム３ｃｃフラワー,４４枚,40,11/15まで,-,-,-,-,-,-
4901301434104 ,クイックルワイパー立体吸着ウエット　ミモザ３２枚入,３２枚,40,11/15まで,-,-,-,-,-,-
4901301447944 ,キュキュットホリデーティつめかえ用７００ｍｌ,７００ＭＬ,40,11/15まで,-,-,-,-,-,-
4901301447951 ,キュキュット泡スプレーＮＤホリデーティ本体,２８０ｍｌ,40,11/15まで,-,-,-,-,-,-
4901301447968 ,キュキュット泡スプレーＮＤホリデーティ替え,６９０ｍｌ,40,11/15まで,-,-,-,-,-,-
4901301454256 ,めぐりズム　貼る炭酸ジェルパックＨＥＡＤ＆ＮＥＣＫ,６枚,40,11/15まで,-,-,-,-,-,-
4901301463999 ,ロリエさらピュア吸水　１５ｃｃ　３２枚,３２枚,40,11/15まで,-,-,-,-,-,-
4901301464002 ,ロリエさらピュア吸水　２０ｃｃ　３０枚,３０枚,40,11/15まで,-,-,-,-,-,-
4901301464019 ,ロリエさらピュア吸水２０ｃｃスーパージャンボ６０枚,６０枚,40,11/15まで,-,-,-,-,-,-
4901301464026 ,ロリエさらピュア吸水　５０ｃｃ　１６枚,１６枚,40,11/15まで,-,-,-,-,-,-
4901301464033 ,ロリエさらピュア吸水５０ｃｃスーパージャンボ３６枚,３６枚,40,11/15まで,-,-,-,-,-,-
4901609014091 ,ＳＢトイレスタンプ３Ｄ抗菌替え２Ｐエレガンスフラワ,３８ｇ×２,40,11/15まで,-,-,-,-,-,-
4901609014121 ,ＳＢトイレスタンプ３Ｄ抗菌替え２Ｐシャインミント,３８ｇ×２,40,11/15まで,-,-,-,-,-,-
4901616969025 ,オーラツーミーハブラシＭＣ２本＋ペコちゃん景品,ふつう×２本,40,11/15まで,-,-,-,-,-,-
4901616969032 ,オーラツーミーハブラシＳＣ２本＋ペコちゃん景品,ふつう×２本,40,11/15まで,-,-,-,-,-,-
4901750182731 ,クリネックストイレット　長持ちロール　Ｓ　８Ｒ,８２．５ｍ,40,11/15まで,-,-,-,-,-,-
4901750227234 ,スコッティフラワーナチュラル３倍長持ち４ＲＷ,７５ｍ,40,11/15まで,-,-,-,-,-,-
4901750249014 ,クリネックス８ロール　プリントピンク,３７．５ｍ,40,11/15まで,-,-,-,-,-,-
4901750282745 ,クリネックストイレット　長持ちロール　Ｗ　８Ｒ,４５ｍ,40,11/15まで,-,-,-,-,-,-
4901750287023 ,クリネックス８ロール　シャワー用,３５ｍ,40,11/15まで,-,-,-,-,-,-
4901750353155 ,スコッティＦ　洗って使えるペーパータオル　強力厚手,４７カット【強力厚手】,40,11/15まで,-,-,-,-,-,-
4901750353179 ,スコッティＦ洗って使えるペーパータオルスヌーピー５,５５カット,40,11/15まで,-,-,-,-,-,-
4901750353544 ,スコッティＦ　洗って使えるペーパータオル７０Ｃ１Ｒ,７０カット,40,11/15まで,-,-,-,-,-,-
4901750353605 ,スコッティＦ洗えるタオルプリント６０Ｃ１Ｒ,６０カット,40,11/15まで,-,-,-,-,-,-
4901750378202 ,ＳＣＴＦ　ペーパーフキン　サッとサッと　２００枚,２００枚,40,11/15まで,-,-,-,-,-,-
4901750378370 ,ＳＣＴペーパーフキン　サッとサッと　ポケモン,２００枚,40,11/15まで,-,-,-,-,-,-
4901750404659 ,クリネックスティシュー　５箱パック,１８０組,40,11/15まで,-,-,-,-,-,-
4901750407698 ,クリネックスティシュ増量１８０Ｗ＋１２Ｗ　５Ｐ,１８０Ｗ＋１２Ｗ　５Ｐ,40,11/15まで,-,-,-,-,-,-
4902011109252 ,エリエール　除菌できるノンアルコール　ボックス本体,４２枚本体,40,11/15まで,-,-,-,-,-,-
4902011109375 ,エリエール　除菌できるノンアルコール　ボックス替３,４２枚ｘ３Ｐ【替え】,40,11/15まで,-,-,-,-,-,-
4902011109443 ,エリエールウェットティシュー贅沢保湿　ボックス本体,５０枚本体,40,11/15まで,-,-,-,-,-,-
4902011109450 ,エリエールウェットティシュー贅沢保湿　ボックス替３,５０枚ｘ３Ｐ【替え】,40,11/15まで,-,-,-,-,-,-
4902011119954 ,エリエール　キレキラ！おそうじシート替え　すみっコ,１０枚×２Ｐ,40,11/15まで,-,-,-,-,-,-
4902011126945 ,キレキラ！トイレクリーナー替　エリエールトイレット,１０枚×２Ｐ,40,11/15まで,-,-,-,-,-,-
4902011823936 ,ラクらクックパパッとキッチンペーパー８０Ｗ３Ｐ,８０Ｗ３Ｐ,40,11/15まで,-,-,-,-,-,-
4902011831528 ,エリエール　除菌できるアルコール　ボックス替３Ｐ,４２枚ｘ３Ｐ【替え】,40,11/15まで,-,-,-,-,-,-
4902011831542 ,エリエール　除菌・ウイルス除去用　ボックス替３Ｐ,４０枚ｘ３Ｐ【替え】,40,11/15まで,-,-,-,-,-,-
4902011831771 ,エリエール　除菌できるアルコール　ボックス本体,４２枚本体,40,11/15まで,-,-,-,-,-,-
4902011831788 ,エリエール　除菌・ウイルス除去用　ボックス本体,４０枚本体,40,11/15まで,-,-,-,-,-,-
4902011831795 ,エリエール　アルコールタオル抗菌　ボックス本体,４０枚本体,40,11/15まで,-,-,-,-,-,-
4902011831801 ,エリエール　アルコールタオル抗菌　ボックス替３Ｐ,４０枚ｘ３Ｐ【替え】,40,11/15まで,-,-,-,-,-,-
4902111758664 ,クリアフォーメン　オールインワンシャンプー　詰替用,２８０ｇ,40,11/15まで,-,-,-,-,-,-
4902111775067 ,ダヴ泡ボディウォッシュ　しっとり　詰替特大,７５０ｇ,40,11/15まで,-,-,-,-,-,-
4902111775074 ,ダヴ泡ボディウォッシュ　つややか　詰替特大,７５０ｇ,40,11/15まで,-,-,-,-,-,-
4902111776989 ,ダヴ　泡ボディウォッシュ　ふっくら　つめかえ用,７５０ｇ,40,11/15まで,-,-,-,-,-,-
4902111779881 ,ダヴ　泡ボディ　キンモクセイ　詰替大,７５０ｇ,40,11/15まで,-,-,-,-,-,-
4902777124636 ,チョコレート効果カカオ７２％袋,１１０ｇ,40,11/15まで,-,-,-,-,-,-
4903111021178 ,ソフィ超熟睡ガード涼肌３６０　１２枚,１２枚,40,11/15まで,-,-,-,-,-,-
4903111031146 ,ソフィ超熟睡ガ－ド涼肌３３０　１４枚,１４枚,40,11/15まで,-,-,-,-,-,-
4903111050499 ,ソフィはだおもいライナーロング＆ワイド無香料５２枚,５２枚,40,11/15まで,-,-,-,-,-,-
4903111232246 ,ソフィ超熟睡ガード涼肌４００　１６枚,１６枚,40,11/15まで,-,-,-,-,-,-
4903111307340 ,ソフィはだおもい極うすスリム１７５羽なし,３４枚,40,11/15まで,-,-,-,-,-,-
4903111309344 ,ソフィはだおもい極うすスリム特に多い夜４００　９枚,９枚,40,11/15まで,-,-,-,-,-,-
4903111315925 ,はだおもいライナー天然極コットン通気性タイプ５４枚,５４枚,40,11/15まで,-,-,-,-,-,-
4903111316083 ,はだおもいライナー天然極コットン低刺激タイプ５０枚,５０枚,40,11/15まで,-,-,-,-,-,-
4903111317769 ,ソフィはだおもい　ふつうの日用　羽なし,３２枚,40,11/15まで,-,-,-,-,-,-
4903111317950 ,ソフィはだおもい　ふつうの日用　羽つき,２６枚,40,11/15まで,-,-,-,-,-,-
4903111321339 ,ソフィはだおもい極うすスリム特に多い日夜用,１２枚,40,11/15まで,-,-,-,-,-,-
4903111329359 ,ソフィはだおもい特に多い夜用３６０　８枚,８枚,40,11/15まで,-,-,-,-,-,-
4903111329472 ,ソフィはだおもい特に多い夜用４００　７枚,７枚,40,11/15まで,-,-,-,-,-,-
4903111332564 ,ソフィはだおもい極うすスリム夜用２９０,１５枚,40,11/15まで,-,-,-,-,-,-
4903111333509 ,ソフィはだおもい極うすスリム３６０特に多い夜１０枚,１０枚,40,11/15まで,-,-,-,-,-,-
4903111333868 ,ソフィ超熟睡ガード涼肌３３０　１４＋２枚,１６枚,40,11/15まで,-,-,-,-,-,-
4903111333899 ,ソフィはだおもい極うすスリム２３０羽つき２０枚,２０枚,40,11/15まで,-,-,-,-,-,-
4903111334070 ,ソフィはだおもい極うすスリム４００特に多い夜９枚,９枚,40,11/15まで,-,-,-,-,-,-
4903111334094 ,ソフィはだおもい　特に多い日夜用　４００,８枚,40,11/15まで,-,-,-,-,-,-
4903111334445 ,ソフィ超熟睡ガード涼肌３６０　１２＋２枚,１４枚,40,11/15まで,-,-,-,-,-,-
4903111334636 ,ソフィ超熟睡ガード涼肌４００　１０＋２枚,１２枚,40,11/15まで,-,-,-,-,-,-
4903111335596 ,ソフィ超熟睡ガ－ド涼肌３３０お試し,１４枚,40,11/15まで,-,-,-,-,-,-
4903111336487 ,ソフィ超熟睡ガ－ド涼肌３６０お試し,１２枚,40,11/15まで,-,-,-,-,-,-
4903111338269 ,ソフィ超熟睡ガ－ド涼肌４００お試し,１０枚,40,11/15まで,-,-,-,-,-,-
4903111338900 ,ソフィ超熟睡極上ＦＳ涼肌３７０お試し,１０枚,40,11/15まで,-,-,-,-,-,-
4903111339969 ,ソフィ超熟睡極上ＦＳ涼肌４００お試し,８枚,40,11/15まで,-,-,-,-,-,-
4903111342105 ,ソフィ超熟睡ガード涼肌３３０　１４枚,１４枚,40,11/15まで,-,-,-,-,-,-
4903111342891 ,ソフィ超熟睡ガード涼肌３６０　１２枚,１２枚,40,11/15まで,-,-,-,-,-,-
4903111343669 ,ソフィ超熟睡ガード涼肌４００　１０枚,１０枚,40,11/15まで,-,-,-,-,-,-
4903111343973 ,ソフィ超熟睡ガード涼肌３３０　１４枚,１４枚,40,11/15まで,-,-,-,-,-,-
4903111344222 ,ソフィ超熟睡ガード涼肌３３０　２２枚,２２枚,40,11/15まで,-,-,-,-,-,-
4903111344598 ,ソフィ超熟睡ガード涼肌３６０　２０枚,２０枚,40,11/15まで,-,-,-,-,-,-
4903111345267 ,ソフィ超熟睡ガード涼肌３６０　１２枚,１２枚,40,11/15まで,-,-,-,-,-,-
4903111345311 ,ソフィ超熟睡ガード涼肌４００　１０枚,１０枚,40,11/15まで,-,-,-,-,-,-
4903111345472 ,ソフィ超熟睡ガード涼肌３３０　２２枚,２２枚,40,11/15まで,-,-,-,-,-,-
4903111345526 ,ソフィ超熟睡ガード涼肌３６０　２０枚,２０枚,40,11/15まで,-,-,-,-,-,-
4903111345571 ,ソフィ超熟睡ガード涼肌４００　１６枚,１６枚,40,11/15まで,-,-,-,-,-,-
4903111345731 ,ソフィ超熟睡ガード涼肌４００　１６枚,１６枚,40,11/15まで,-,-,-,-,-,-
4903111347575 ,ソフィ超熟睡ガード涼肌３３０　１４枚,１４枚,40,11/15まで,-,-,-,-,-,-
4903111348527 ,ソフィ超熟睡ガード涼肌３６０　１２枚,１２枚,40,11/15まで,-,-,-,-,-,-
4903111349951 ,ソフィ超熟睡ガード涼肌４００　１０枚,１０枚,40,11/15まで,-,-,-,-,-,-
4903111350308 ,ソフィ超熟睡ガード涼肌３３０　２２枚,２２枚,40,11/15まで,-,-,-,-,-,-
4903111350773 ,ソフィ超熟睡ガード涼肌３６０　２０枚,２０枚,40,11/15まで,-,-,-,-,-,-
4903111351473 ,ソフィ超熟睡ガード涼肌４００　１６枚,１６枚,40,11/15まで,-,-,-,-,-,-
4903111351794 ,ソフィ超熟睡ガ－ド涼肌３３０お試し,１４枚,40,11/15まで,-,-,-,-,-,-
4903111352555 ,ソフィ超熟睡ガ－ド涼肌３６０お試し,１２枚,40,11/15まで,-,-,-,-,-,-
4903111354047 ,ソフィ超熟睡ガ－ド涼肌４００お試し,１０枚,40,11/15まで,-,-,-,-,-,-
4903111355242 ,ソフィ超熟睡ガ－ド涼肌４００　１０枚,１０枚,40,11/15まで,-,-,-,-,-,-
4903111359387 ,ソフィ超熟睡ガ－ド２９０　１８枚,１８枚,40,11/15まで,-,-,-,-,-,-
4903111359400 ,ソフィ超熟睡ガ－ド３３０　１４枚,１４枚,40,11/15まで,-,-,-,-,-,-
4903111359660 ,ソフィ超熟睡ガ－ド３６０　１２枚,１２枚,40,11/15まで,-,-,-,-,-,-
4903111360574 ,ソフィ超熟睡ガ－ド４００　１０枚,１０枚,40,11/15まで,-,-,-,-,-,-
4903111360987 ,ソフィ超熟睡ガ－ドワイドＧ４２０　１０枚,１０枚,40,11/15まで,-,-,-,-,-,-
4903111361144 ,ソフィ超熟睡極上フィットスリム３４０　１２枚,１２枚,40,11/15まで,-,-,-,-,-,-
4903111361922 ,ソフィはだおもい極うすスリム２１０羽なし,２７枚,40,11/15まで,-,-,-,-,-,-
4903111362127 ,ソフィ超熟睡極上フィットスリム３７０　１０枚,１０枚,40,11/15まで,-,-,-,-,-,-
4903111362301 ,ソフィはだおもい極うすスリム２１０羽つき,２４枚,40,11/15まで,-,-,-,-,-,-
4903111362387 ,ソフィ超熟睡極上フィットスリム４００　８枚,８枚,40,11/15まで,-,-,-,-,-,-
4903111362509 ,ソフィはだおもい羽なし,２４枚,40,11/15まで,-,-,-,-,-,-
4903111362561 ,ソフィはだおもいライナ－フロ－ラルムスク７２枚,７２枚,40,11/15まで,-,-,-,-,-,-
4903111362585 ,ソフィはだおもい極うすスリム２６０羽つき,１７枚,40,11/15まで,-,-,-,-,-,-
4903111363063 ,ソフィはだおもいライナ－無香料７２枚,７２枚,40,11/15まで,-,-,-,-,-,-
4903111363360 ,ソフィはだおもい羽なし１５枚お試し,１５枚,40,11/15まで,-,-,-,-,-,-
4903111363407 ,ソフィはだおもい羽つき,２０枚,40,11/15まで,-,-,-,-,-,-
4903111363582 ,ソフィはだおもい夜用,１０枚,40,11/15まで,-,-,-,-,-,-
4903111363629 ,ソフィはだおもい極うすスリム２１０羽なし,３１枚,40,11/15まで,-,-,-,-,-,-
4903111363643 ,ソフィはだおもい羽つき１４枚お試し,１４枚,40,11/15まで,-,-,-,-,-,-
4903111363711 ,ソフィはだおもい極うすスリム２１０羽つき,２５枚,40,11/15まで,-,-,-,-,-,-
4903111363803 ,ソフィはだおもい極うすスリム２６０羽つき,１９枚,40,11/15まで,-,-,-,-,-,-
4903111364213 ,ソフィはだおもい２６０羽つき１３枚お試し,１３枚,40,11/15まで,-,-,-,-,-,-
4903111364275 ,ソフィはだおもい長時間用羽つき１６枚,１６枚,40,11/15まで,-,-,-,-,-,-
4903111364886 ,ソフィはだおもい極うすＳ２６０羽つき１６枚お試し,１６枚,40,11/15まで,-,-,-,-,-,-
4903111364961 ,ソフィ超熟睡ガード２９０　２８枚,２８枚,40,11/15まで,-,-,-,-,-,-
4903111365210 ,ソフィ超熟睡ガードワイドＧ４２０　１６枚,１６枚,40,11/15まで,-,-,-,-,-,-
4903111375448 ,ソフィ超熟睡ガード３３０　２２枚,３３０　２２枚,40,11/15まで,-,-,-,-,-,-
4903111376445 ,ソフィ超熟睡ガード３６０　２０枚,３６０　２０枚,40,11/15まで,-,-,-,-,-,-
4903111377671 ,ソフィ超熟睡ガード４００　１６枚,４００　１６枚,40,11/15まで,-,-,-,-,-,-
4903111381135 ,ソフィはだおもい特に多い日夜用,９枚,40,11/15まで,-,-,-,-,-,-
4903111386253 ,ソフィはだおもい羽なし２４枚＋４枚増量,２４枚＋４枚,40,11/15まで,-,-,-,-,-,-
4903111386321 ,ソフィはだおもい羽つき２０枚＋４枚増量,２０枚＋４枚,40,11/15まで,-,-,-,-,-,-
4903111386406 ,ソフィはだおもい特に多い日夜用９枚＋２枚増量,９枚＋２枚,40,11/15まで,-,-,-,-,-,-
4903111387755 ,ソフィ超熟睡ガード涼肌３３０　２２枚,２２枚,40,11/15まで,-,-,-,-,-,-
4903111388585 ,ソフィはだおもい夜用１０枚＋２枚増量,１０枚＋２枚,40,11/15まで,-,-,-,-,-,-
4903111389476 ,ソフィはだおもいライナ－天然コットン１００％５４枚,５４枚,40,11/15まで,-,-,-,-,-,-
4903111642991 ,ソフィ超熟睡ガ－ド涼肌４００　１６枚,１６枚,40,11/15まで,-,-,-,-,-,-
4903111728091 ,ソフィ超熟睡ガ－ド涼肌３６０　２０枚,２０枚,40,11/15まで,-,-,-,-,-,-
4903111755349 ,ソフィ超熟睡ガード涼肌４００　１０枚,１０枚,40,11/15まで,-,-,-,-,-,-
4903111795352 ,ソフィ超熟睡ガード涼肌３３０　１４枚,１４枚,40,11/15まで,-,-,-,-,-,-
4903111868346 ,ソフィ超熟睡ガ－ド涼肌３６０　１２枚,１２枚,40,11/15まで,-,-,-,-,-,-
4903111902668 ,ソフィ超熟睡ガード涼肌３６０　２０枚,２０枚,40,11/15まで,-,-,-,-,-,-
4903111953448 ,ソフィ超熟睡ガ－ド涼肌３３０　２２枚,２２枚,40,11/15まで,-,-,-,-,-,-
4903301282990 ,ソフランプレミアム消臭　フローラルアロマ　詰替特大,１３５０ｍｌ,40,11/15まで,-,-,-,-,-,-
4903301283119 ,ソフランプレミアム消臭　ホワイトハーブ　詰替特大,１３５０ｍｌ,40,11/15まで,-,-,-,-,-,-
4903301283171 ,ソフランプレミアム消臭　フルーティグリーン詰替特大,１３５０ｍｌ,40,11/15まで,-,-,-,-,-,-
4903301292388 ,ソフランアロマリッチサラつめかえ用,４００ｍｌ,40,11/15まで,-,-,-,-,-,-
4903301292418 ,ソフランアロマリッチジュリエットつめかえ用,４００ｍｌ,40,11/15まで,-,-,-,-,-,-
4903301292425 ,ソフランアロマリッチスカーレットつめかえ用,４００ｍｌ,40,11/15まで,-,-,-,-,-,-
4903301292432 ,ソフランアロマリッチダイアナつめかえ用,４００ｍｌ,40,11/15まで,-,-,-,-,-,-
4903301292470 ,ソフランアロマリッチジュリエットつめかえ用特大,１２００ｍｌ,40,11/15まで,-,-,-,-,-,-
4903301317241 ,ｈａｄａｋａｒａ泡ボディソープハピネスブーケ替,４２０ｍｌ,40,11/15まで,-,-,-,-,-,-
4903301320432 ,ソフランプレミアム消臭　ホワイトハーブ　詰替特大,１２６０ｍｌ,40,11/15まで,-,-,-,-,-,-
4903301320456 ,ソフランプレミアム消臭ホワイトハーブ特大増量,１３９０ｍｌ,40,11/15まで,-,-,-,-,-,-
4903301320609 ,ソフランプレミアム消臭　抗菌特濃　詰替特大,１２００ｍｌ,40,11/15まで,-,-,-,-,-,-
4903301326953 ,ソフランアロマリッチエリーつめかえ用,４００ｍｌ,40,11/15まで,-,-,-,-,-,-
4903301339823 ,ソフランアロマリッチキャサリンつめかえ用,４００ｍｌ,40,11/15まで,-,-,-,-,-,-
4903301339854 ,ソフランアロマリッチキャサリンつめかえ用特大,１２００ｍｌ,40,11/15まで,-,-,-,-,-,-
4903301339878 ,ソフランアロマリッチキャサリンつめかえ用特大増量,１３２０ｍｌ,40,11/15まで,-,-,-,-,-,-
4903301353157 ,ソフランアロマリッチジュリエットつめかえ用,３８０ｍｌ,40,11/15まで,-,-,-,-,-,-
4903301353164 ,ソフランアロマリッチキャサリンつめかえ用,３８０ｍｌ,40,11/15まで,-,-,-,-,-,-
4903301353171 ,ソフランアロマリッチダイアナつめかえ用,３８０ｍｌ,40,11/15まで,-,-,-,-,-,-
4903301353188 ,ソフランアロマリッチサラつめかえ用,３８０ｍｌ,40,11/15まで,-,-,-,-,-,-
4903301353201 ,ソフランアロマリッチエリーつめかえ用,３８０ｍｌ,40,11/15まで,-,-,-,-,-,-
4903301353317 ,ソフランアロマリッチジュリエット詰替Ｕジャンボ,１５２０ｍｌ,40,11/15まで,-,-,-,-,-,-
4903301353324 ,ソフランアロマリッチキャサリン詰替Ｕジャンボ,１５２０ｍｌ,40,11/15まで,-,-,-,-,-,-
4903301353331 ,ソフランアロマリッチダイアナ詰替Ｕジャンボ,１５２０ｍｌ,40,11/15まで,-,-,-,-,-,-
4903301353362 ,ソフランアロマリッチエリー詰替Ｕジャンボ,１５２０ｍｌ,40,11/15まで,-,-,-,-,-,-
4903301362029 ,ソフランアロマリッチさくらつめかえ用特大,９５０ｍｌ,40,11/15まで,-,-,-,-,-,-
4903301363583 ,ソフランプレミアム消臭　フローラルアロマＵジャンボ,１５２０ｍｌ,40,11/15まで,-,-,-,-,-,-
4903301363651 ,ソフランプレミアム消臭　アロマソープＵジャンボ,１５２０ｍｌ,40,11/15まで,-,-,-,-,-,-
4903301363729 ,ソフランプレミアム消臭ホワイトハーブＵジャンボ,１５２０ｍｌ,40,11/15まで,-,-,-,-,-,-
4903301363781 ,ソフランプレミアム消臭　フレッシュグリーンＵＪ,１５２０ｍｌ,40,11/15まで,-,-,-,-,-,-
4903301367116 ,ソフランアロマリッチクレア詰替Ｕジャンボ,１５２０ｍｌ,40,11/15まで,-,-,-,-,-,-
4903301374152 ,ソフランアロマリッチジュリエット詰替Ｕジャンボ,１３００ｍｌ,40,11/15まで,-,-,-,-,-,-
4903301374190 ,ソフランアロマリッチレイラ詰替Ｕジャンボ,１３００ｍｌ,40,11/15まで,-,-,-,-,-,-
4903301375173 ,ソフランアロマリッチＲホワイトフラワー詰替Ｕジャン,１３００ｍｌ,40,11/15まで,-,-,-,-,-,-
4903301375203 ,ソフランアロマリッチフィグ＆ライラック詰替Ｕジャン,１３００ｍｌ,40,11/15まで,-,-,-,-,-,-
4903301379379 ,ソフランプレミアム消臭　アロマソープ　詰替ＵＪ,１３００ｍｌ,40,11/15まで,-,-,-,-,-,-
4903301379959 ,ソフランプレミアム消臭　汗臭ブロックシトラスソープ,１２５０ｍｌ,40,11/15まで,-,-,-,-,-,-
4903301380122 ,ソフランプレミアム消臭　フローラルアロマ　詰替ＵＪ,１３００ｍｌ,40,11/15まで,-,-,-,-,-,-
4903301381365 ,ソフランプレミアム消臭　フレッシュグリーン　詰替Ｕ,１３００ｍｌ,40,11/15まで,-,-,-,-,-,-
4973321945427 ,ＡＩＭ３０　カリッとトリーツ　４種アソート海の旨み,８０ｇ,40,11/15まで,-,-,-,-,-,-
4973321945434 ,ＡＩＭ３０　カリッとトリーツ４種アソート牧場の旨み,８０ｇ,40,11/15まで,-,-,-,-,-,-
4973321945441 ,ＡＩＭ３０　カリッとトリーツ　総合栄養食鮪＆チキン,８０ｇ,40,11/15まで,-,-,-,-,-,-
4987015011411 ,イチジク製薬　イチジク浣腸（子供用）,１０ｇ×４個入,40,11/15まで,-,-,-,-,-,-
4987028110521 ,エーザイ　トラベルミンファミリー,６Ｔ,40,11/15まで,-,-,-,-,-,-
4987072025109 ,タフデント強力ミント,１０８錠,40,11/15まで,-,-,-,-,-,-
4987072029572 ,パーシャルデント強力ミント,１０８錠,40,11/15まで,-,-,-,-,-,-
4987072038536 ,やわらか歯間ブラシＳＳＳ－Ｓサイズお徳用,４０本,40,11/15まで,-,-,-,-,-,-
4987072042267 ,パーシャルデント　オレンジオイル,１０８錠,40,11/15まで,-,-,-,-,-,-
4987072047439 ,香り実感パーシャルデントグリーンアップルの香り,９６錠,40,11/15まで,-,-,-,-,-,-
4987072061725 ,Ｄｅｎｔａｌ．Ｄｒやわらか歯間ブラシＳＳ－Ｍお徳用,４０本,40,11/15まで,-,-,-,-,-,-
4987072068595 ,タフデント,１０８錠,40,11/15まで,-,-,-,-,-,-
4987072068748 ,パーシャルデント,１０８錠,40,11/15まで,-,-,-,-,-,-
4987072072837 ,小林製薬）パーシャルデント洗浄フォーム,２５０ｍＬ,40,11/15まで,-,-,-,-,-,-
4987072085653 ,パーシャルデント　オレンジ洗浄フォーム,１３０ｍｌ,40,11/15まで,-,-,-,-,-,-
4987072092323 ,ピースクリン　マウスピース洗浄フォーム,１３０ｍｌ,40,11/15まで,-,-,-,-,-,-
4987115105881 ,蚊がいなくなるスプレーＶ　２００回無香料２本パック,４５ｍｌ×２,40,11/15まで,-,-,-,-,-,-
4987176120731 ,レノア超消臭１ｗｅｅｋシトラス特大,９８０ｍＬ,40,11/15まで,-,-,-,-,-,-
4987176123527 ,アリエールジェルボール４Ｄプロクリーン超ジャンボ,１９個,40,11/15まで,-,-,-,-,-,-
4987176128393 ,アリエールジェルボール４Ｄ部屋干し超ジャンボ,２４個,40,11/15まで,-,-,-,-,-,-
4987176137173 ,アリエールジェルボール４Ｄ超ジャンボ,２６個,40,11/15まで,-,-,-,-,-,-
4987176140173 ,ボールドジェルボール４Ｄプレミアムブロッサム超Ｊ,２４個,40,11/15まで,-,-,-,-,-,-
4987176140272 ,ボールドジェルボール４ＤフレッシュＦサボン超Ｊ,２４個,40,11/15まで,-,-,-,-,-,-
4987176140357 ,ボールドジェルボール４Ｄラベンダー超Ｊ,２４個,40,11/15まで,-,-,-,-,-,-
4987176167811 ,レノア超消臭１Ｗやさしく香るフレッシュソープ特大,９２０ｍＬ,40,11/15まで,-,-,-,-,-,-
4987176194503 ,アリエールジェルボール４Ｄプロクリーン超ジャンボ,１９個,40,11/15まで,-,-,-,-,-,-
4987176194633 ,アリエールジェルボール４Ｄ部屋干し超ジャンボ,２３個,40,11/15まで,-,-,-,-,-,-
4987176194794 ,アリエールジェルボール４Ｄ超ジャンボ,２３個,40,11/15まで,-,-,-,-,-,-
4987176195241 ,ファブリーズＷ消臭トイレ用消臭剤＋抗菌ブーケ,６．３ｍｌ,40,11/15まで,-,-,-,-,-,-
4987176195296 ,ファブリーズＷ消臭トイレ用消臭剤＋抗菌シトラスＧ,６．３ｍｌ,40,11/15まで,-,-,-,-,-,-
4987176195302 ,ファブリーズＷ消臭トイレ用消臭剤＋抗菌ラベンダー,６．３ｍｌ,40,11/15まで,-,-,-,-,-,-
4987176195319 ,ファブリーズＷ消臭トイレ用消臭剤＋抗菌マウンテン,６．３ｍｌ,40,11/15まで,-,-,-,-,-,-
4987176195326 ,ファブリーズＷ消臭トイレ用消臭剤＋抗菌シャボン,６．３ｍｌ,40,11/15まで,-,-,-,-,-,-
4987176207883 ,ファブリーズ除菌消臭プレミアム無香料特大,６４０ｍＬ,40,11/15まで,-,-,-,-,-,-
4987176207890 ,ファブリーズ除菌消臭プレミアムランドリー特大,６４０ｍＬ,40,11/15まで,-,-,-,-,-,-
4987176207920 ,ファブリーズ除菌消臭プレミアムメン特大,６４０ｍＬ,40,11/15まで,-,-,-,-,-,-
4987176212610 ,ボールドジェルボール４Ｄラベンダー超Ｊ,２２個,40,11/15まで,-,-,-,-,-,-
4987176212627 ,ボールドジェルボール４Ｄプレミアムブロッサム超Ｊ,２３個,40,11/15まで,-,-,-,-,-,-
4987176212764 ,ボールドジェルボール４ＤフレッシュＦサボン超Ｊ,２３個,40,11/15まで,-,-,-,-,-,-
4987176232342 ,ファブリーズＷ消臭トイレ用最高レベルシトラス,６．３ｍｌ,40,11/15まで,-,-,-,-,-,-
4987176232373 ,ファブリーズＷ消臭トイレ用最高レベルシャボン,６．３ｍｌ,40,11/15まで,-,-,-,-,-,-
4987176233288 ,ファブリーズ除菌消臭プレミアムシトラス特大,６４０ｍＬ,40,11/15まで,-,-,-,-,-,-
4987176233356 ,ファブリーズ除菌消臭プレミアムパステル特大,６４０ｍＬ,40,11/15まで,-,-,-,-,-,-
4987176234698 ,アリエールジェルボールプロ超ジャンボ,１５個,40,11/15まで,-,-,-,-,-,-
4987176234902 ,アリエールジェルボールプロパワー超ジャンボ,１３個,40,11/15まで,-,-,-,-,-,-
4987176234971 ,アリエールジェルボールプロ部屋干し超ジャンボ,１５個,40,11/15まで,-,-,-,-,-,-
4987176235718 ,イージークリップグリーンミスト２Ｐ,２．４ｍｌ×２,40,11/15まで,-,-,-,-,-,-
4987176235770 ,イージークリップタバコ用２Ｐ,２．４ｍｌ×２,40,11/15まで,-,-,-,-,-,-
4987176235794 ,イージークリップフローラルブリーズ２Ｐ,２．４ｍｌ×２,40,11/15まで,-,-,-,-,-,-
4987176235817 ,イージークリップスカイブリーズ２Ｐ,２．４ｍｌ×２,40,11/15まで,-,-,-,-,-,-
4987176235862 ,イージークリップフルーツシトラスブリーズ２Ｐ,２．４ｍｌ×２,40,11/15まで,-,-,-,-,-,-
4987176235879 ,イージークリップ消臭成分最高レベルＦブーケ,２．５ｍｌ,40,11/15まで,-,-,-,-,-,-
4987176235886 ,イージークリップ消臭成分最高レベルＦシトラス,２．５ｍｌ,40,11/15まで,-,-,-,-,-,-
4987176235893 ,イージークリップ微香ふんわりシャボン２Ｐ,２．４ｍｌ×２,40,11/15まで,-,-,-,-,-,-
4987176235909 ,イージークリップ消臭成分最高レベルＣフレッシュ,２．５ｍｌ,40,11/15まで,-,-,-,-,-,-
4987176235923 ,イージークリップ消臭成分最高レベルＦシャボン,２．５ｍｌ,40,11/15まで,-,-,-,-,-,-
4987176244161 ,アリエールミライ消臭プラスつめかえ超特大,６４０ｇ,40,11/15まで,-,-,-,-,-,-
4987176244215 ,アリエールミライ洗浄プラスつめかえ超特大,６４０ｇ,40,11/15まで,-,-,-,-,-,-
4987176251725 ,ボールドジェルボール４ＤフレッシュＦサボン超Ｊ,１５個,40,11/15まで,-,-,-,-,-,-
4987176251732 ,ボールドジェルボール４Ｄプレミアムブロッサム超Ｊ,１５個,40,11/15まで,-,-,-,-,-,-
4987176253798 ,イージークリップ抗菌エキスパートクリーンＥＢ２Ｐ,２．５ｍｌ×２,40,11/15まで,-,-,-,-,-,-
4987176253804 ,イージークリップ抗菌エキスパートクリーンＥブリーズ,２．５ｍｌ,40,11/15まで,-,-,-,-,-,-
4987176253811 ,イージークリップ抗菌エキスパートクリーンＰＳ２Ｐ,２．５ｍｌ×２,40,11/15まで,-,-,-,-,-,-
4987176253828 ,イージークリップ抗菌エキスパートクリーンＢシャボン,２．５ｍｌ,40,11/15まで,-,-,-,-,-,-
4987176253835 ,イージークリップ抗菌エキスパートクリーンＰＳ,２．５ｍｌ,40,11/15まで,-,-,-,-,-,-
4987176253859 ,イージークリップ防カビエキスパートＣアクア,２．５ｍｌ,40,11/15まで,-,-,-,-,-,-
4987176253880 ,イージークリップ防カビエキスパートＰフローラル,２．５ｍｌ,40,11/15まで,-,-,-,-,-,-
4987176253897 ,イージークリップベルガモットウッド２Ｐ,２．４ｍｌ×２,40,11/15まで,-,-,-,-,-,-
4987176253903 ,イージークリップパッションアンバー２Ｐ,２．４ｍｌ×２,40,11/15まで,-,-,-,-,-,-
4987176253910 ,イージークリップパッションアンバー,２．４ｍｌ,40,11/15まで,-,-,-,-,-,-
4987176253934 ,イージークリップベルガモットウッド,２．４ｍｌ,40,11/15まで,-,-,-,-,-,-
4987176253941 ,イージークリップ防カビエキスパートＣアクア２Ｐ,２．５ｍｌ×２,40,11/15まで,-,-,-,-,-,-
4987176253958 ,イージークリップ抗菌エキスパートクリーンＢＳ２Ｐ,２．５ｍｌ×２,40,11/15まで,-,-,-,-,-,-
4987176253989 ,イージークリップ防カビエキスパートＰフローラル２Ｐ,２．５ｍｌ×２,40,11/15まで,-,-,-,-,-,-
4987176255419 ,レノア超消臭１Ｗやさしく香るフレッシュソープ特大,８４０ｍｌ,40,11/15まで,-,-,-,-,-,-
4987176256461 ,イージークリップホワイトフローラル,２．４ｍｌ,40,11/15まで,-,-,-,-,-,-
4987176256478 ,イージークリップホワイトフローラル２Ｐ,２．４ｍｌ×２,40,11/15まで,-,-,-,-,-,-
4987176256485 ,イージークリップ防カビエキスパートグリーンＣＬ２Ｐ,２．５ｍｌ×２,40,11/15まで,-,-,-,-,-,-
4987176256492 ,イージークリップ防カビエキスパートグリーンＣリーフ,２．５ｍｌ,40,11/15まで,-,-,-,-,-,-
4987176279835 ,ファブリーズＷ除菌＋消臭プレミアムサクラ特大,６４０ｍｌ,40,11/15まで,-,-,-,-,-,-
4987176290120 ,除菌ジョイ　詰替ジャンボ,１３００ｍＬ,40,11/15まで,-,-,-,-,-,-
4987176290182 ,除菌ジョイ　贅沢オレンジ詰替ジャンボ,１３００ｍＬ,40,11/15まで,-,-,-,-,-,-
4987176290205 ,除菌ジョイ　贅沢レモン詰替ジャンボ,１３００ｍＬ,40,11/15まで,-,-,-,-,-,-
4987176290236 ,除菌ジョイ　緑茶詰替ジャンボ,１３００ｍＬ,40,11/15まで,-,-,-,-,-,-
4987176293060 ,レノアクエン酸イン超消臭部屋干しフレッシュグリーン,１１１０ｍｌ,40,11/15まで,-,-,-,-,-,-
4987176293138 ,レノアクエン酸イン超消臭無臭シトラス超特大,１１１０ｍｌ,40,11/15まで,-,-,-,-,-,-
4987176318275 ,ファブリーズＷ消臭トイレ用消臭剤＋抗菌ブーケ,６．３ｍｌ,40,11/15まで,-,-,-,-,-,-
4987176318299 ,ファブリーズＷ消臭トイレ用消臭剤＋抗菌マウンテン,６．３ｍｌ,40,11/15まで,-,-,-,-,-,-
4987176318312 ,ファブリーズＷ消臭トイレ用最高レベルシトラス,６．３ｍｌ,40,11/15まで,-,-,-,-,-,-
4987176318336 ,ファブリーズＷ消臭トイレ用消臭剤＋抗菌シャボン,６．３ｍｌ,40,11/15まで,-,-,-,-,-,-
4987176318343 ,ファブリーズＷ消臭トイレ用消臭剤＋抗菌シトラスＧ,６．３ｍｌ,40,11/15まで,-,-,-,-,-,-
4987176318350 ,ファブリーズＷ消臭トイレ用消臭剤＋抗菌ラベンダー,６．３ｍｌ,40,11/15まで,-,-,-,-,-,-
4987176318756 ,アリエールミライ超濃縮つめかえ特大,４８０ｇ,40,11/15まで,-,-,-,-,-,-
4987176318947 ,アリエールミライ超濃縮部屋干しつめかえ特大,４８０ｇ,40,11/15まで,-,-,-,-,-,-
4987176323903 ,イージークリップ消臭成分最高レベルＦシャボン４Ｐ,２．５ｍｌ×４,40,11/15まで,-,-,-,-,-,-
4987176323910 ,イージークリップ消臭成分最高レベルＦシャボン２Ｐ,２．５ｍｌ×２,40,11/15まで,-,-,-,-,-,-
4987176323927 ,イージークリップ消臭成分最高レベルＦシトラス２Ｐ,２．５ｍｌ×２,40,11/15まで,-,-,-,-,-,-
4987176323934 ,イージークリップ消臭成分最高レベルＦブーケ２Ｐ,２．５ｍｌ×２,40,11/15まで,-,-,-,-,-,-
4987176323958 ,イージークリップ消臭成分最高レベルＣフレッシュ２Ｐ,２．５ｍｌ×２,40,11/15まで,-,-,-,-,-,-
4987176331472 ,イージークリップ　金木犀の香り２Ｐ,２．４ｍｌ×２,40,11/15まで,-,-,-,-,-,-
4987176331526 ,イージークリップ　金木犀の香り　本体,２．４ｍｌ,40,11/15まで,-,-,-,-,-,-
4987176336590 ,イージークリップ　防カビ　クリスタルアクア　２Ｐ,２．５ｍｌｘ２,40,11/15まで,-,-,-,-,-,-
4987176336606 ,イージークリップ　抗菌　クリーン・ピンクＳ　２Ｐ,２．５ｍｌｘ２,40,11/15まで,-,-,-,-,-,-
4987176336613 ,イージークリップ　防カビ　グリーンシトラス　２Ｐ,２．５ｍｌｘ２,40,11/15まで,-,-,-,-,-,-
4987176336620 ,イージークリップ　抗菌　Ｃオーシャンタバコ　２Ｐ,２．５ｍｌｘ２,40,11/15まで,-,-,-,-,-,-
4987176336637 ,イージークリップ　抗菌　Ｃオーシャン　タバコ,２．５ｍｌ,40,11/15まで,-,-,-,-,-,-
4987176336651 ,イージークリップ　抗菌　Ｃブルー・シャボン　２Ｐ,２．５ｍｌｘ２,40,11/15まで,-,-,-,-,-,-
4987176336668 ,イージークリップ　防カビ　プラチナフローラル２Ｐ,２．５ｍｌｘ２,40,11/15まで,-,-,-,-,-,-
4987176349668 ,ボールドジェルさくらフローラル本体,６１０ｇ,40,11/15まで,-,-,-,-,-,-
4987176354693 ,ファブリーズトイレ用消臭剤　サクラ本体,６．３ｍｌ,40,11/15まで,-,-,-,-,-,-
4987176354785 ,イージークリップ消臭成分最高レベルＦシャボンお試し,１．９ｍｌ,40,11/15まで,-,-,-,-,-,-
4987176361530 ,ファブリーズ玄関用Ｗティー＆リリー本体＋替１Ｐ,７ｍｌ×２,40,11/15まで,-,-,-,-,-,-
4987176361554 ,イージークリップドライブシリーズフォレスト２Ｐ,２．５ｍｌ×２,40,11/15まで,-,-,-,-,-,-
4987176361578 ,イージークリップドライブシリーズフォレスト,２．５ｍｌ,40,11/15まで,-,-,-,-,-,-
4987176361929 ,ファブリーズトイレ用＋自然　フォレスト＆ＳＷ,６．３ｍｌ,40,11/15まで,-,-,-,-,-,-
4987176361943 ,ファブリーズトイレ用＋自然　ホワイトムスク,６．３ｍｌ,40,11/15まで,-,-,-,-,-,-
4987176361967 ,ファブリーズトイレ用＋自然　シトラス＆ＯＲＢ,６．３ｍｌ,40,11/15まで,-,-,-,-,-,-
4987176362018 ,イージークリップドライブシリーズＯサボン２Ｐ,２．５ｍｌ×２,40,11/15まで,-,-,-,-,-,-
4987176362032 ,イージークリップドライブシリーズオーシャンサボン,２．５ｍｌ,40,11/15まで,-,-,-,-,-,-
4987176362049 ,イージークリップドライブシリーズホワイトムスク,２．５ｍｌ,40,11/15まで,-,-,-,-,-,-
4987176362056 ,イージークリップドライブシリーズホワイトムスク２Ｐ,２．５ｍｌ×２,40,11/15まで,-,-,-,-,-,-
4987176366993 ,ファブリーズ玄関用Ｆリネン＆ジャスミン本体＋替１Ｐ,７ｍｌ×２,40,11/15まで,-,-,-,-,-,-
4987176394323 ,ジョイＰＲＯ洗浄すぐ洗い用詰替特大増量,６８０ＭＬ,40,11/15まで,-,-,-,-,-,-
4987176394330 ,ジョイＰＲＯ洗浄まとめ洗い用詰替特大増量,６８０ＭＬ,40,11/15まで,-,-,-,-,-,-
4987176407085 ,レノア超消臭爽快クール詰替特大,７０５ｍＬ,40,11/15まで,-,-,-,-,-,-
4987286317991 ,健栄製薬　健栄うがい薬,１２０ｍｌ,40,11/15まで,-,-,-,-,-,-
4987286318035 ,健栄製薬　健栄うがい薬ピーチ,１２０ｍｌ,40,11/15まで,-,-,-,-,-,-
4987286415420 ,健栄製薬　手ピカスプレー　本体,４２０ｍＬ,40,11/15まで,-,-,-,-,-,-
4987300037003 ,エスエス製薬　ガストール細粒,１０包,40,11/15まで,-,-,-,-,-,-
4987300037508 ,エスエス製薬　ガストールジヨウ,３０錠,40,11/15まで,-,-,-,-,-,-
4987316035031 ,佐藤製薬　ユンケル黄帝（Ｎ）３本パック,３０ｍｌ×３,40,11/15まで,-,-,-,-,-,-
4987316035178 ,佐藤製薬　ユンケル黄帝液Ｌ（Ｎ）３本パック,３０ｍｌ×３,40,11/15まで,-,-,-,-,-,-
4902508084055 ,ベビーミルクローション　うるおいプラス替２５０ｇ,２５０ｇ,40,10/15まで,-,-,-,-,-,-
4902508273398 ,ぷちキッズ泡シャンプーニオイすっきり,３００ｍｌ,40,10/15まで,-,-,-,-,-,-
4902508273411 ,ぷちキッズ泡シャンプーからまりするん,３００ｍｌ,40,10/15まで,-,-,-,-,-,-
4902508273435 ,ぷちキッズコンディショナー,３００ｍｌ,40,10/15まで,-,-,-,-,-,-
4902508275811 ,ピジョンキッズ　魔法のあわあわボディソープ詰替用,３４０ｍｌ,40,10/15まで,-,-,-,-,-,-
4902508275835 ,ピジョンキッズ　魔法のあわあわシャンプー詰替用,３００ｍｌ,40,10/15まで,-,-,-,-,-,-
4903301338826 ,クリニカアドバンテージクールミント２Ｐワンピース,１３０ｇ×２本,40,10/15まで,-,-,-,-,-,-
4903301338994 ,ＮＯＮＩＯハミガキクリアハーブ２Ｐワンピース,１３０ｇ×２本,40,10/15まで,-,-,-,-,-,-
4903301339007 ,ＮＯＮＩＯホワイトニングハミガキ２Ｐワンピース,１３０ｇ×２本,40,10/15まで,-,-,-,-,-,-
4903301344049 ,ＮＯＮＩＯ＋ケア　ホワイトニング２Ｐ　ヒロアカ,１３０ｇＸ２本,40,10/15まで,-,-,-,-,-,-
4903301344056 ,ＮＯＮＩＯハミガキクリアハーブミント２Ｐ　ヒロアカ,１３０ｇＸ２本,40,10/15まで,-,-,-,-,-,-
4903301344087 ,クリニカＡＤハミガキ　クールミント２Ｐ　ヒロアカ,１３０ｇＸ２本,40,10/15まで,-,-,-,-,-,-
4903301349181 ,ＮＯＮＩＯハミガキクリアハーブ２Ｐ鬼滅の刃,１３０ｇ×２本,40,10/15まで,-,-,-,-,-,-
4903301349198 ,ＮＯＮＩＯホワイトニングハミガキ２Ｐ鬼滅の刃,１３０ｇ×２本,40,10/15まで,-,-,-,-,-,-
4903301349686 ,クリニカアドバンテージクールミント２Ｐ鬼滅の刃,１３０ｇ×２本,40,10/15まで,-,-,-,-,-,-
4903301354284 ,バスタブクレンジング銀　つめかえ用特大,１１５０ｍｌ,40,10/15まで,-,-,-,-,-,-
4903301354307 ,バスタブクレンジング銀　香り残らない　詰替用特大,１１５０ｍｌ,40,10/15まで,-,-,-,-,-,-
4903301357926 ,クリニカアドバンテージクールミント２Ｐちいかわ,１３０ｇ×２本,40,10/15まで,-,-,-,-,-,-
4903301357964 ,ＮＯＮＩＯハミガキクリアハーブ２Ｐちいかわ,１３０ｇ×２本,40,10/15まで,-,-,-,-,-,-
4903301357971 ,ＮＯＮＩＯホワイトニングハミガキ２Ｐちいかわ,１３０ｇ×２本,40,10/15まで,-,-,-,-,-,-
4903301367529 ,バスタブクレンジング銀イオンプラスＳシトラス替特大,１１５０ｍｌ,40,10/15まで,-,-,-,-,-,-
4903301371700 ,ＮＯＮＩＯハミガキクリアハーブ２Ｐ　モフサンド,１３０ｇ×２本,40,10/15まで,-,-,-,-,-,-
4903301371755 ,ＮＯＮＩＯ＋ホワイトニング２Ｐ　モフサンド,１３０ｇ×２本,40,10/15まで,-,-,-,-,-,-
4903301371915 ,クリニカＡＤクールミント２Ｐ　モフサンド,１３０ｇ×２本,40,10/15まで,-,-,-,-,-,-
4903301375241 ,ルックプラスバスタブクレンジングＨＡＲＤ洗浄替特大,１１５０ｍｌ,40,10/15まで,-,-,-,-,-,-
4903301376675 ,クリニカアドバンテージクール２Ｐクレヨンしんちゃん,１３０ｇ×２本,40,10/15まで,-,-,-,-,-,-
4903301378006 ,クリニカアドバンテージクール２Ｐクレヨンしんちゃん,１３０ｇ×２本,40,10/15まで,-,-,-,-,-,-
4903301378013 ,ＮＯＮＩＯホワイトニング２Ｐクレヨンしんちゃん,１３０ｇ×２本,40,10/15まで,-,-,-,-,-,-
4903301378020 ,ＮＯＮＩＯクリアハーブ２Ｐクレヨンしんちゃん,１３０ｇ×２本,40,10/15まで,-,-,-,-,-,-
4903301385806 ,ＮＯＮＩＯクリアハーブ２Ｐちびまる子ちゃんコラボ,１３０ｇ×２本,40,10/15まで,-,-,-,-,-,-
4903301385837 ,ＮＯＮＩＯホワイトニング２Ｐちびまる子ちゃんコラボ,１３０ｇ×２本,40,10/15まで,-,-,-,-,-,-
4903301385844 ,ＮＯＮＩＯ知覚過敏ケア２Ｐちびまる子ちゃんコラボ,１３０ｇ×２本,40,10/15まで,-,-,-,-,-,-
4973227306032 ,デンタルプロ歯間ブラシＬ字型Ｓ１０本,１０本,40,10/15まで,-,-,-,-,-,-
4973227308326 ,デンタルプロ歯間ブラシＬ字型サイズ１（ＳＳＳ）,ＤＰ歯間Ｌ字サイズ１,40,10/15まで,-,-,-,-,-,-
4973227312439 ,デンタルプロ歯間ブラシＬ字　１０Ｐ,０－ＳＳＳＳ,40,10/15まで,-,-,-,-,-,-
4973227315454 ,デンタルプロ歯間ブラシＬ字型１０Ｐ　サイズ５（Ｌ）,１０Ｐ,40,10/15まで,-,-,-,-,-,-
4902111783222 ,ダヴ　ふわとろボディ　サクラ＆ムスク　詰替,３４０ｇ,50,11/15まで,-,-,-,-,233,3/31まで
4901609000599 ,カビキラー洗濯槽クリーナー,５５０ｇ,50,11/15まで,-,-,-,-,243,11/15まで
4901070131860 ,お部屋の消臭力ＰＡＳｔｉｃｋ本体　金木犀,６５ｍｌ,50,11/15まで,-,-,-,-,249,3/31まで
4901301435934 ,キッチン泡ハイター　つけかえ用　４００ｍｌ,４００ｍｌ,50,11/15まで,-,-,-,-,293,11/15まで
4901301435958 ,キッチン泡ハイター　無臭性　つけかえ用　４００ｍｌ,４００ｍｌ,50,11/15まで,-,-,-,-,293,11/15まで
4901301349033 ,リセッシュ除菌デオパワー香りが残らない本体,３６０ｍｌ,50,11/15まで,-,-,-,-,323,11/15まで
4901301349057 ,リセッシュ除菌ＥＸピュアソープの香り本体,３７０ｍｌ,50,11/15まで,-,-,-,-,323,11/15まで
4901301356031 ,リセッシュ除菌ＥＸ香りが残らないタイプ本体,３７０ｍｌ,50,11/15まで,-,-,-,-,323,11/15まで
4901301396723 ,リセッシュ除菌ＥＸプロテクトガード本体,３５０ｍｌ,50,11/15まで,-,-,-,-,323,11/15まで
4901301400710 ,リセッシュ除菌ＥＸプロテクトガードシャボン本体,３５０ｍｌ,50,11/15まで,-,-,-,-,323,11/15まで
4901301454386 ,リセッシュ除菌ＥＸアールグレイ＆シトラスの香り本体,３７０ｍｌ,50,11/15まで,-,-,-,-,323,11/15まで
4901301454997 ,リセッシュ除菌ＥＸ　リラクシーサボンの香り　本体,３７０ｍｌ,50,11/15まで,-,-,-,-,323,11/15まで
4901301465078 ,リセッシュプロテクトガード　香りが残らない　本体,３５０ｍｌ,50,11/15まで,-,-,-,-,323,11/15まで
4901301465108 ,リセッシュ　香りが残らないタイプ　本体,３７０ｍｌ,50,11/15まで,-,-,-,-,323,11/15まで
4901301473073 ,リセッシュデオドラントパワー　シトラスの香り　本体,３５０ｍｌ,50,11/15まで,-,-,-,-,323,11/15まで
4901301473103 ,リセッシュデオドラントパワー　香りが残らない　本体,３５０ｍｌ,50,11/15まで,-,-,-,-,323,11/15まで
4902111783208 ,ダヴ　ふわとろボディ　ザクロ＆シアバター　詰替,３４０ｇ,50,11/15まで,-,-,-,-,343,11/15まで
4902111783246 ,ダヴ　ふわとろボディ　キンモクセイ　詰替,３４０ｇ,50,11/15まで,-,-,-,-,343,11/15まで
4902111783864 ,ダヴ　ふわとろボディ　チェリー　詰替,３４０ｇ,50,11/15まで,-,-,-,-,343,11/15まで
4902111785103 ,ダヴふわとろボディ　ピーチホワイトティー　詰替,３４０ｇ,50,11/15まで,-,-,-,-,343,11/15まで
4901609012820 ,スクラビングバブル　ジャバ１つ穴用,１６０ｇ,50,11/15まで,-,-,-,-,343,3/31まで
4906156801637 ,ミューズノータッチ詰替フルーティーフレッシュ,２５０ｍｌ,50,11/15まで,-,-,-,-,343,3/31まで
4906156802764 ,ミューズノータッチ付替ボトルピーチ＆ローズ,２５０ｍｌ,50,11/15まで,-,-,-,-,343,3/31まで
4901301424945 ,トイレマジックリン消臭ＳＰ香り消臭ローズスパウト,８００ｍｌ,50,11/15まで,-,-,-,-,373,11/15まで
4901301424976 ,トイレマジックリン消臭ＳＰ汚れ予防ミントスパウト,８００ｍｌ,50,11/15まで,-,-,-,-,373,11/15まで
4901301424990 ,トイレマジックリン消臭ＳＰ除菌・抗菌スパウトパウチ,８００ｍｌ,50,11/15まで,-,-,-,-,373,11/15まで
4901301431691 ,トイレマジックリン消臭洗浄ＳＰシトラススパウト増量,８３０ＭＬ,50,11/15まで,-,-,-,-,373,11/15まで
4901301431714 ,トイレマジックリン消臭洗浄ＳＰ除菌抗菌スパウト増量,８３０ＭＬ,50,11/15まで,-,-,-,-,373,11/15まで
4901301448583 ,キッチン泡ハイターつけかえ用大容量,６００ｍｌ,50,11/15まで,-,-,-,-,373,11/15まで
4901301448590 ,キッチン泡ハイター無臭性つけかえ用大容量,６００ｍｌ,50,11/15まで,-,-,-,-,373,11/15まで
4901301467850 ,バスマジックリンパワフル泡洗浄　ローズ　替７２０,７２０ｍｌ,50,11/15まで,-,-,-,-,373,11/15まで
4901301467874 ,バスマジックリンパワフル泡洗浄　無残香　替７２０,７２０ｍｌ,50,11/15まで,-,-,-,-,373,11/15まで
4901301435927 ,キッチン泡ハイター　ハンディスプレー,４００ｍｌ,50,11/15まで,-,-,-,-,373,11/15まで
4901301435941 ,キッチン泡ハイター　ハンディスプレー　無臭性,４００ｍｌ,50,11/15まで,-,-,-,-,373,11/15まで
4901301468352 ,トイレマジＳＰシトラス　スパウトパウチ,７２０ｍｌ,50,11/15まで,-,-,-,-,373,11/15まで
4901301468369 ,トイレマジＳＰ　エレガントローズ　スパウトパウチ,７２０ｍｌ,50,11/15まで,-,-,-,-,373,11/15まで
4901301468376 ,トイレマジＳＰ　ミント　スパウトパウチ,７２０ｍｌ,50,11/15まで,-,-,-,-,373,11/15まで
4901301467867 ,バスマジックリンパワフル泡洗浄　ハーブ　替７２０,７２０ｍｌ,50,11/15まで,-,-,-,-,373,11/15まで
4901301464194 ,キッチン泡ハイター　無臭性　つけかえ用　大容量,６００ｍｌ,50,11/15まで,-,-,-,-,413,11/15まで
4901301464200 ,キッチン泡ハイター　つけかえ用　大容量,６００ｍｌ,50,11/15まで,-,-,-,-,413,11/15まで
4902111775364 ,ダヴ　モイスチャーケア　詰替特大,６４０ｇ,50,11/15まで,-,-,-,-,423,11/15まで
4902111775371 ,ダヴ　センシティブマイルド　詰替特大,６４０ｇ,50,11/15まで,-,-,-,-,423,11/15まで
4902111775388 ,ダヴ　シアバター＆バニラ　詰替特大,６４０ｇ,50,11/15まで,-,-,-,-,423,11/15まで
4902111775395 ,ダヴ　ピーチ＆スイートピー　詰替特大,６４０ｇ,50,11/15まで,-,-,-,-,423,11/15まで
4902111775401 ,ダヴ　ライスファーメント＆キンモクセイ　詰替特大,６４０ｇ,50,11/15まで,-,-,-,-,423,11/15まで
4902111775418 ,ダヴ　ホホバオイル＆サンダルウッド　詰替特大,６４０ｇ,50,11/15まで,-,-,-,-,423,11/15まで
4902111776064 ,ダヴ　さくら　詰替特大,６４０ｇ,50,11/15まで,-,-,-,-,423,11/15まで
4902111776095 ,ダヴ　ミモザ　詰替特大,６４０ｇ,50,11/15まで,-,-,-,-,423,11/15まで
4902111777436 ,ダヴ　さらさら透明感　詰替大,６４０ｇ,50,11/15まで,-,-,-,-,423,11/15まで
4902111777900 ,ダヴ　ラベンダー＆オーツミルク　詰替大,６４０ｇ,50,11/15まで,-,-,-,-,423,11/15まで
4902111778808 ,ダヴ　濃厚シアバター＆バニラ　詰替用大,６４０ｇ,50,11/15まで,-,-,-,-,423,11/15まで
4902111779621 ,ダヴボディ　堂島ロール　シャインマスカット詰替特大,６４０ｇ,50,11/15まで,-,-,-,-,423,11/15まで
4902111780269 ,ダヴ　モイスチャーケア　詰替特大増量,７００ｇ,50,11/15まで,-,-,-,-,423,11/15まで
4902111780276 ,ダヴ　シアバター＆バニラ　詰替特大増量,７００ｇ,50,11/15まで,-,-,-,-,423,11/15まで
4902111780450 ,ダヴ　ボディ　シトラス＆バーベナ　詰替特大,６４０ｇ,50,11/15まで,-,-,-,-,423,11/15まで
4902111782584 ,ダヴ　堂島ロール　甘酸っぱい摘みたていちご　詰替大,６２０ｇ,50,11/15まで,-,-,-,-,423,11/15まで
4902111782614 ,ダヴ　ボディ　濃厚シアバター＆バニラ　詰替大,６２０ｇ,50,11/15まで,-,-,-,-,423,11/15まで
4902111782645 ,ダヴ　ボディ　ナイトギンモクセイ　詰替特大,６２０ｇ,50,11/15まで,-,-,-,-,423,11/15まで
4902111784052 ,ダヴ　ボディウォッシュ　ミモザ　詰替特大,６２０ｇ,50,11/15まで,-,-,-,-,423,11/15まで
4902111784366 ,ダヴボディ　シャインマスカット　詰替特大,６２０ｇ,50,11/15まで,-,-,-,-,423,11/15まで
4902111785264 ,ダヴピーチ＆スイートピー　詰替増量品　ＦＩＦＡ,７００ｇ,50,11/15まで,-,-,-,-,423,11/15まで
4902111785349 ,ダヴモイスチャー　詰替増量品　ＦＩＦＡ,７００ｇ,50,11/15まで,-,-,-,-,423,11/15まで
4903301374138 ,ソフランアロマリッチジュリエットつめかえ用特大,７５０ｍｌ,50,11/15まで,-,-,-,-,443,11/15まで
4903301374145 ,ソフランアロマリッチジュリエットつめかえ用特大増量,８２５ｍｌ,50,11/15まで,-,-,-,-,443,11/15まで
4903301374176 ,ソフランアロマリッチレイラつめかえ用特大,７５０ｍｌ,50,11/15まで,-,-,-,-,443,11/15まで
4903301374183 ,ソフランアロマリッチレイラつめかえ用特大増量,８２５ｍｌ,50,11/15まで,-,-,-,-,443,11/15まで
4903301374220 ,ソフランアロマリッチダイアナつめかえ用特大,７５０ｍｌ,50,11/15まで,-,-,-,-,443,11/15まで
4903301374251 ,ソフランアロマリッチクレアつめかえ用特大,７５０ｍｌ,50,11/15まで,-,-,-,-,443,11/15まで
4903301374268 ,ソフランアロマリッチクレアつめかえ用特大増量,８２５ｍｌ,50,11/15まで,-,-,-,-,443,11/15まで
4903301374282 ,ソフランアロマリッチエリーつめかえ用特大,７５０ｍｌ,50,11/15まで,-,-,-,-,443,11/15まで
4903301374299 ,ソフランアロマリッチエリーつめかえ用特大増量,８２５ｍｌ,50,11/15まで,-,-,-,-,443,11/15まで
4903301374329 ,ソフランアロマリッチさくらつめかえ用特大,７５０ｍｌ,50,11/15まで,-,-,-,-,443,11/15まで
4903301374312 ,ソフランアロマリッチ金木犀つめかえ用特大,７５０ｍｌ,50,11/15まで,-,-,-,-,443,11/15まで
4901301259271 ,バブ　クール　ミントの香り　１２錠入,１２錠,50,11/15まで,-,-,-,-,483,11/15まで
4901301288981 ,バブ　クール　オリエンタルスパ　１２錠入,１２錠,50,11/15まで,-,-,-,-,483,11/15まで
4901301310378 ,バブクールフラワースプラッシュ　１２錠入,１２錠,50,11/15まで,-,-,-,-,483,11/15まで
4901301312754 ,バブ　ピースフルハーブ　１２錠入,１２錠,50,11/15まで,-,-,-,-,483,11/15まで
4901301312761 ,バブ　ナイトアロマ　１２錠入,１２錠,50,11/15まで,-,-,-,-,483,11/15まで
4901301353566 ,バブ　２種選べる　温＆涼セット　１２錠入,１２錠,50,11/15まで,-,-,-,-,483,11/15まで
4901301358745 ,バブ　至福の柑橘めぐり浴　１２錠入,１２錠,50,11/15まで,-,-,-,-,483,11/15まで
4901301359292 ,バブ　至福の森めぐり浴　１２錠入,１２錠,50,11/15まで,-,-,-,-,483,11/15まで
4901301364784 ,バブ　エクストラクール　ミントの香り　１２錠入,１２錠,50,11/15まで,-,-,-,-,483,11/15まで
4901301384089 ,バブ　ミルキーアロマ　１２錠入,１２錠,50,11/15まで,-,-,-,-,483,11/15まで
4901301388100 ,バブ　ミルキータイプ　お試し　１２錠入,１２錠,50,11/15まで,-,-,-,-,483,11/15まで
4901301388124 ,バブ　クリアタイプ　お試し　１２錠入,１２錠,50,11/15まで,-,-,-,-,483,11/15まで
4901301388148 ,バブ　ラベンダーの香り　お試し１２錠入,１２錠,50,11/15まで,-,-,-,-,483,11/15まで
4901301393050 ,バブ　スパドリーム　１２錠入,１２錠,50,11/15まで,-,-,-,-,483,11/15まで
4901301394873 ,バブ　至福の果実めぐり浴　１２錠入,１２錠,50,11/15まで,-,-,-,-,483,11/15まで
4901301397249 ,バブクール　レモンとライムの炭酸浴１２錠入り,１２錠,50,11/15まで,-,-,-,-,483,11/15まで
4901301413536 ,香りの推しバブ総選挙　リラックス部門,１２錠,50,11/15まで,-,-,-,-,483,11/15まで
4901301413543 ,香りの推しバブ総選挙　リフレッシュ部門,１２錠,50,11/15まで,-,-,-,-,483,11/15まで
4901301414816 ,バブクール　爽やかなあの夏,１２錠,50,11/15まで,-,-,-,-,483,11/15まで
4901301414823 ,バブクール　鮮やかなあの夏,１２錠,50,11/15まで,-,-,-,-,483,11/15まで
4901301418296 ,バブーピー　みかんの香り　１２錠入,１２錠,50,11/15まで,-,-,-,-,483,11/15まで
4901301418302 ,バブーピー　りんごの香り　１２錠入,１２錠,50,11/15まで,-,-,-,-,483,11/15まで
4901301425966 ,バブ　至福の花めぐり浴　１２錠入,１２錠,50,11/15まで,-,-,-,-,483,11/15まで
4901301429704 ,バブーピー　ナチュラルラベンダー　１２錠入,１２錠,50,11/15まで,-,-,-,-,483,11/15まで
4901301429728 ,バブーピー　スイートカモミール　１２錠入,１２錠,50,11/15まで,-,-,-,-,483,11/15まで
4901301439581 ,バブ　クール　レモンの香り　１２錠入,１２錠,50,11/15まで,-,-,-,-,483,11/15まで
4901301439598 ,バブ　クール　ライムの香り　１２錠入,１２錠,50,11/15まで,-,-,-,-,483,11/15まで
4901301445810 ,バブ　ポケモンスリープ　カモミール１２錠入,１２錠,50,11/15まで,-,-,-,-,483,11/15まで
4901301445827 ,バブ　ポケモンスリープ　ラベンダー１２錠入,１２錠,50,11/15まで,-,-,-,-,483,11/15まで
4901301445834 ,バブ　ポケモンスリープ　ネロリの香り　１２錠入,１２錠,50,11/15まで,-,-,-,-,483,11/15まで
4901301447609 ,バブ　バブみ湯　マンダリンバニラの香り　１２錠入,１２錠,50,11/15まで,-,-,-,-,483,11/15まで
4901301447623 ,バブ　バブみ湯　メルティミルクの香り　１２錠入,１２錠,50,11/15まで,-,-,-,-,483,11/15まで
4901301448668 ,バブ　サクラの香り　１２錠入,１２錠,50,11/15まで,-,-,-,-,483,11/15まで
4901301448675 ,バブ　ミモザの香り　１２錠入,１２錠,50,11/15まで,-,-,-,-,483,11/15まで
4901301449733 ,バブ　金木犀の香り　１２錠入,１２錠,50,11/15まで,-,-,-,-,483,11/15まで
4901301451712 ,バブ　銀木犀の香り　１２錠入,１２錠,50,11/15まで,-,-,-,-,483,11/15まで
4901301451996 ,バブ　ホワイトティーの香り　１２錠入,１２錠,50,11/15まで,-,-,-,-,483,11/15まで
4901301452016 ,バブ　プラレールデザイン企画品　１２錠入,１２錠,50,11/15まで,-,-,-,-,483,11/15まで
4901301452023 ,バブ　リカちゃんデザイン企画品　１２錠入,１２錠,50,11/15まで,-,-,-,-,483,11/15まで
4901301456328 ,バブ　クール　シャキーッと炭酸レモン浴　１２錠入,１２錠,50,11/15まで,-,-,-,-,483,11/15まで
4901301456335 ,バブ　クール　キリーッと炭酸ライム浴　１２錠入,１２錠,50,11/15まで,-,-,-,-,483,11/15まで
4901301460035 ,バブ　至福の花果実めぐり浴　１２錠入,１２錠,50,11/15まで,-,-,-,-,483,11/15まで
4901301460042 ,バブ　夜のほっとひと息　１２錠入,１２錠,50,11/15まで,-,-,-,-,483,11/15まで
4901301460394 ,バブ　ポケモンスリープ　スイートカモミール１２錠入,１２錠,50,11/15まで,-,-,-,-,483,11/15まで
4901301460400 ,バブ　ポケモンスリープ　ネロリの香り　１２錠入,１２錠,50,11/15まで,-,-,-,-,483,11/15まで
4901301460417 ,バブ　ポケモンスリープ　ナチュラルラベンダー１２錠,１２錠,50,11/15まで,-,-,-,-,483,11/15まで
4901301461964 ,バブサンダルウッドの香り１２錠,１２錠,50,11/15まで,-,-,-,-,483,11/15まで
4901301462985 ,バブ　サクラの香り　１２錠入,１２錠,50,11/15まで,-,-,-,-,483,11/15まで
4901301462992 ,バブ　ミモザの香り　１２錠入,１２錠,50,11/15まで,-,-,-,-,483,11/15まで
4901301470713 ,バブ　たまごっち　ひのき　１２錠入,１２錠,50,11/15まで,-,-,-,-,483,11/15まで
4901301470720 ,バブ　たまごっち　サニーＦ　１２錠入,１２錠,50,11/15まで,-,-,-,-,483,11/15まで
4901301470737 ,バブ　たまごっち　ホワイトサボン　１２錠入,１２錠,50,11/15まで,-,-,-,-,483,11/15まで
4903301363071 ,ＯＣＨ－ＴＵＮＥマウスウォッシュ　ＦＡＳＴ,６００ｍｌ,50,11/15まで,-,-,-,-,543,11/15まで
4903301363088 ,ＯＣＨ－ＴＵＮＥマウスウォッシュ　ＳＬＯＷ,６００ｍｌ,50,11/15まで,-,-,-,-,543,11/15まで
4903301368113 ,ＯＣＨ－ＴＵＮＥマウスウォッシュＳＬＯＷ　ミニＲ付,６００ｍｌ＋８０ｍｌ,50,11/15まで,-,-,-,-,543,11/15まで
4903301368144 ,ＯＣＨ－ＴＵＮＥマウスウォッシュＦＡＳＴ　ミニＲ付,６００ｍｌ＋８０ｍｌ,50,11/15まで,-,-,-,-,543,11/15まで
4903301373964 ,ＯＣＨ－ＴＵＮＥマウスウォッシュＳＬＯＷハミガキ付,６００ｍｌ＋３０ｇ,50,11/15まで,-,-,-,-,543,11/15まで
4903301373995 ,ＯＣＨ－ＴＵＮＥマウスウォッシュＦＡＳＴハミガキ付,６００ｍｌ＋３０ｇ,50,11/15まで,-,-,-,-,543,11/15まで
4904651124367 ,サロンドプロ　早染めクリーム　３Ａ,４０ｇ＋４０ｇ,50,11/15まで,-,-,-,-,543,11/15まで
4904651124541 ,サロンドプロ　早染めクリーム　４Ｂ,４０ｇ＋４０ｇ,50,11/15まで,-,-,-,-,543,11/15まで
4904651124558 ,サロンドプロ　早染めクリーム　５Ｂ,４０ｇ＋４０ｇ,50,11/15まで,-,-,-,-,543,11/15まで
4904651178674 ,サロンドプロ　早染めクリーム　１,４０ｇ＋４０ｇ,50,11/15まで,-,-,-,-,543,11/15まで
4904651178681 ,サロンドプロ　早染めクリーム　２,４０ｇ＋４０ｇ,50,11/15まで,-,-,-,-,543,11/15まで
4904651178698 ,サロンドプロ　早染めクリーム　３,４０ｇ＋４０ｇ,50,11/15まで,-,-,-,-,543,11/15まで
4904651178711 ,サロンドプロ　早染めクリーム　３Ｂ,４０ｇ＋４０ｇ,50,11/15まで,-,-,-,-,543,11/15まで
4904651178728 ,サロンドプロ　早染めクリーム　４,４０ｇ＋４０ｇ,50,11/15まで,-,-,-,-,543,11/15まで
4904651178766 ,サロンドプロ　早染めクリーム　４Ａ,４０ｇ＋４０ｇ,50,11/15まで,-,-,-,-,543,11/15まで
4904651178773 ,サロンドプロ　早染めクリーム　５,４０ｇ＋４０ｇ,50,11/15まで,-,-,-,-,543,11/15まで
4904651178780 ,サロンドプロ　早染めクリーム　６,４０ｇ＋４０ｇ,50,11/15まで,-,-,-,-,543,11/15まで
4904651179275 ,サロンドプロ　早染めクリーム　５Ｋ,４０ｇ＋４０ｇ,50,11/15まで,-,-,-,-,543,11/15まで
4904651179886 ,サロンドプロ　早染めクリーム　５Ａ,４０ｇ＋４０ｇ,50,11/15まで,-,-,-,-,543,11/15まで
4904651180011 ,サロンドプロ　早染めクリーム　４Ｋ,４０ｇ＋４０ｇ,50,11/15まで,-,-,-,-,543,11/15まで
4904651180707 ,サロンドプロ　早染めクリーム　４Ｎ,４０ｇ＋４０ｇ,50,11/15まで,-,-,-,-,543,11/15まで
4904651181063 ,サロンドプロ　早染めクリーム　５Ｎ,４０ｇ＋４０ｇ,50,11/15まで,-,-,-,-,543,11/15まで
4904651181476 ,サロンドプロ　早染めクリーム　４Ｅ,４０ｇ＋４０ｇ,50,11/15まで,-,-,-,-,543,11/15まで
4904651181636 ,サロンドプロ　早染めクリーム　５Ｅ,４０ｇ＋４０ｇ,50,11/15まで,-,-,-,-,543,11/15まで
4904651181926 ,サロンドプロ　早染めクリーム　７,４０ｇ＋４０ｇ,50,11/15まで,-,-,-,-,543,11/15まで
4904651183487 ,サロンドプロ　早染めクリーム　４ＧＲ,４０ｇ＋４０ｇ,50,11/15まで,-,-,-,-,543,11/15まで
4904651183494 ,サロンドプロ　早染めクリーム　５ＧＲ,４０ｇ＋４０ｇ,50,11/15まで,-,-,-,-,543,11/15まで
4904651183791 ,サロンドプロ　早染めクリーム　４Ｒ,４０ｇ＋４０ｇ,50,11/15まで,-,-,-,-,543,11/15まで
4987176370464 ,ｈ＆ｓ　モイスチャー　ＣＤ　詰替特大,４７５ｇ,50,11/15まで,-,-,-,-,543,11/15まで
4987176370471 ,ｈ＆ｓ　モイスチャー　シャンプー　詰替特大,４７５ｇ,50,11/15まで,-,-,-,-,543,11/15まで
4987176370624 ,ｈ＆ｓシトラスオイルコントロール　ＳＰ詰替特大,４６０ｇ,50,11/15まで,-,-,-,-,543,11/15まで
4987176370631 ,ｈ＆ｓシトラスオイルコントロール　ＣＤ詰替特大,４６０ｇ,50,11/15まで,-,-,-,-,543,11/15まで
4987176370747 ,ｈ＆ｓグリーンゼラニウム　ＳＰ詰替特大,４６０ｇ,50,11/15まで,-,-,-,-,543,11/15まで
4987176370754 ,ｈ＆ｓグリーンゼラニウム　ＣＤ詰替特大,４６０ｇ,50,11/15まで,-,-,-,-,543,11/15まで
4901609017085 ,パイプユニッシュ爆盛り泡パウダー,５０ｇ×２包,50,11/15まで,-,-,-,-,543,11/15まで
4987176409447 ,パンテーン　エクストラダメージリペア　洗い流すＴＲ,１４０ｇ,50,11/15まで,-,-,-,-,543,11/15まで
4987176413338 ,パンテーン　ゴールドダメージリペア　洗い流すＴＲ,１２５ｇ,50,11/15まで,-,-,-,-,543,11/15まで
4987176413369 ,パンテーン　ゴールドボリュームリペア　洗い流すＴＲ,１２５ｇ,50,11/15まで,-,-,-,-,543,11/15まで
4903301380801 ,クリスタ　クリアＥＸジェル　つめかえ用６６０ｇ,６６０ｇ,50,11/15まで,-,-,-,-,543,11/15まで
4903301380900 ,クリスタ　消臭ＥＸジェル　つめかえ用６６０ｇ,６６０ｇ,50,11/15まで,-,-,-,-,543,11/15まで
4901201154980 ,職人の珈琲ドリップ　ビターなクラシックブレンド,１８Ｐ,50,11/15まで,-,-,-,-,544,11/15まで
4901201154997 ,職人の珈琲ドリップ　深いコクのスペシャルブレンド,１８Ｐ,50,11/15まで,-,-,-,-,544,11/15まで
4901201155000 ,職人の珈琲ドリップ　あまい香りのリッチブレンド,１８Ｐ,50,11/15まで,-,-,-,-,544,11/15まで
4901201155017 ,職人の珈琲ドリップ　まろやか味のマイルドブレンド,１８Ｐ,50,11/15まで,-,-,-,-,544,11/15まで
4901201156458 ,ＵＣＣ　職人の珈琲　コーヒーバッグ　水淹れアイスコ,１２ｇＸ１２Ｐ,50,11/15まで,-,-,-,-,544,11/15まで
4901201157417 ,職人の珈琲ドリップ　深いコクのスペシャルブレンド,７ｇ×１６Ｐ,50,11/15まで,-,-,-,-,544,11/15まで
4901201157424 ,職人の珈琲ドリップ　あまい香りのリッチブレンド,７ｇ×１６Ｐ,50,11/15まで,-,-,-,-,544,11/15まで
4901201157431 ,職人の珈琲ドリップ　まろやか味のマイルドブレンド,７ｇ×１６Ｐ,50,11/15まで,-,-,-,-,544,11/15まで
4901201157448 ,職人の珈琲ドリップ　ビターなクラシックブレンド,７ｇ×１６Ｐ,50,11/15まで,-,-,-,-,544,11/15まで
4901201158933 ,職人の珈琲コーヒーバッグ　水淹れアイスコーヒー,１０ｇＸ１２Ｐ,50,11/15まで,-,-,-,-,544,11/15まで
4901201159138 ,ＵＣＣ　職人の珈琲ミルクと愉しむインスタント袋,９０ｇ,50,11/15まで,-,-,-,-,544,11/15まで
4901080314413 ,モンダミン　クリアミント　つめかえ,９５０ｍｌ,50,11/15まで,-,-,-,-,545,3/31まで
4901301418500 ,キュキュットつめかえ用１２５０ｍｌ,１２５０ＭＬ,50,11/15まで,-,-,-,-,573,11/15まで
4901301418562 ,キュキュットマスカットの香り詰替１２５０ｍｌ,１２５０ＭＬ,50,11/15まで,-,-,-,-,573,11/15まで
4901301418609 ,キュキュットクリア除菌詰替１２５０ｍｌ,１２５０ＭＬ,50,11/15まで,-,-,-,-,573,11/15まで
4901301418630 ,キュキュットクリア除菌レモンの香り詰替１２５０ｍｌ,１２５０ＭＬ,50,11/15まで,-,-,-,-,573,11/15まで
4901301418661 ,キュキュットクリア除菌緑茶の香り詰替１２５０ｍｌ,１２５０ＭＬ,50,11/15まで,-,-,-,-,573,11/15まで
4901301433350 ,キュキュットＮＤヴァ―ベナシトラス替え１２５０ｍｌ,１２５０ＭＬ,50,11/15まで,-,-,-,-,573,11/15まで
4901301433367 ,キュキュットＮＤ無香性つめかえ用１２５０ｍｌ,１２５０ＭＬ,50,11/15まで,-,-,-,-,573,11/15まで
4901301281999 ,クイックルワイパードライシート４０枚入,４０枚,50,11/15まで,-,-,-,-,613,11/15まで
4901080247315 ,モンダミン　クリアミント,１０００ｍｌ,50,11/15まで,-,-,-,-,643,11/15まで
4901080247711 ,モンダミン　マイルドミント,１０００ｍｌ,50,11/15まで,-,-,-,-,643,11/15まで
4901080248015 ,モンダミン　スパイシーミント,１０００ｍｌ,50,11/15まで,-,-,-,-,643,11/15まで
4901080312310 ,モンダミン　ナイトクリア,１０００ｍｌ,50,11/15まで,-,-,-,-,643,11/15まで
4987176100306 ,パンテーン　ダメージケア　ＳＰ詰替特大Ｎ,６００ｍｌ,50,11/15まで,-,-,-,-,643,11/15まで
4987176100313 ,パンテーン　ダメージケア　ＴＲコンデ詰替特大Ｎ,６００ｇ,50,11/15まで,-,-,-,-,643,11/15まで
4987176100320 ,パンテーン　モイストスムース　ＳＰ詰替特大Ｎ,６００ｍｌ,50,11/15まで,-,-,-,-,643,11/15まで
4987176100337 ,パンテーン　モイストスムース　ＴＲコンデ詰替特大Ｎ,６００ｇ,50,11/15まで,-,-,-,-,643,11/15まで
4987176100344 ,パンテーン　エアリーふんわり　ＳＰ詰替特大Ｎ,６００ｍｌ,50,11/15まで,-,-,-,-,643,11/15まで
4987176100351 ,パンテーン　エアリーふんわり　ＴＲコンデ詰替特大Ｎ,６００ｇ,50,11/15まで,-,-,-,-,643,11/15まで
4987176338433 ,パンテーンゴールドＤリペアコンディショナー詰替特大,５００ｇ,50,11/15まで,-,-,-,-,643,11/15まで
4987176338471 ,パンテーンゴールドＤリペアシャンプー詰替特大,５００ｇ,50,11/15まで,-,-,-,-,643,11/15まで
4987176412386 ,パンテーンゴールドボリュームシャンプー詰替特大,５００ｇ,50,11/15まで,-,-,-,-,643,11/15まで
4987176412409 ,パンテーンゴールドボリューム　ＣＤ詰替特大,５００ｇ,50,11/15まで,-,-,-,-,643,11/15まで
4901301469038 ,マジックリンお風呂にピタッ　フローラル　本体,１０ｇ,50,11/15まで,-,-,-,-,693,11/15まで
4901301469052 ,マジックリンお風呂にピタッ　シトラスサボン　本体,１０ｇ,50,11/15まで,-,-,-,-,693,11/15まで
4901301379078 ,サクセスリンスのいらない薬用ＳＰスムースＷ詰替,３２０ｍｌ,50,11/15まで,-,-,-,-,703,11/15まで
4901301379108 ,サクセスリンスのいらない薬用ＳＰスムースＷＥＸＣ詰,３２０ｍｌ,50,11/15まで,-,-,-,-,703,11/15まで
4987176237590 ,パンテーンエアリーふんわりリペアヴィタミルク,１２５ｍｌ,50,11/15まで,-,-,-,-,773,3/31まで
4901301286840 ,ブローネ泡カラー　１　スタイリッシュブラウン,１０８ｍｌ,50,11/15まで,-,-,-,-,813,11/15まで
4901301286857 ,ブローネ泡カラー　２　より明るいライトブラウン,１０８ｍｌ,50,11/15まで,-,-,-,-,813,11/15まで
4901301286864 ,ブローネ泡カラー　３Ｒ　ロゼブラウン,１０８ｍｌ,50,11/15まで,-,-,-,-,813,11/15まで
4901301286871 ,ブローネ泡カラー　３　明るいライトブラウン,１０８ｍｌ,50,11/15まで,-,-,-,-,813,11/15まで
4901301286895 ,ブローネ泡カラー　４　ライトブラウン,１０８ｍｌ,50,11/15まで,-,-,-,-,813,11/15まで
4901301286932 ,ブローネ泡カラー　５　ブラウン,１０８ｍｌ,50,11/15まで,-,-,-,-,813,11/15まで
4901301286949 ,ブローネ泡カラー　６　ダークブラウン,１０８ｍｌ,50,11/15まで,-,-,-,-,813,11/15まで
4901301286994 ,ブローネ泡カラー　７　黒みのダークブラウン,１０８ｍｌ,50,11/15まで,-,-,-,-,813,11/15まで
4901301287014 ,ブローネ泡カラー　０　シャイニーブラウン,１０８ｍｌ,50,11/15まで,-,-,-,-,813,11/15まで
4901301287113 ,ブローネ泡カラー　１ＰＫ　ピンキッシュブラウン,１０８ｍｌ,50,11/15まで,-,-,-,-,813,11/15まで
4901301287120 ,ブローネ泡カラー　０ＳＰ　スパークリングブラウン,１０８ｍｌ,50,11/15まで,-,-,-,-,813,11/15まで
4901301287144 ,ブローネ泡カラー　１ＡＨ　アッシュベージュ,１０８ｍｌ,50,11/15まで,-,-,-,-,813,11/15まで
4901301313089 ,ブローネ泡カラー２Ｎモカブラウン,１０８ｍｌ,50,11/15まで,-,-,-,-,813,11/15まで
4901301329318 ,ブローネ泡カラー　１Ｎ　サンドベージュ,１０８ｍｌ,50,11/15まで,-,-,-,-,813,11/15まで
4901301350046 ,ブローネ泡カラー　２Ｇ　ラテグレージュ,１０８ｍＬ,50,11/15まで,-,-,-,-,813,11/15まで
4901301382405 ,ブローネ泡カラー１Ｍ　マットアッシュ,１０８ｍｌ,50,11/15まで,-,-,-,-,813,11/15まで
4901301382412 ,ブローネ泡カラー　３Ｂ　ボルドーブラウン,１０８ｍｌ,50,11/15まで,-,-,-,-,813,11/15まで
4901301394460 ,ブローネ泡カラー　１Ｇ　シアーアッシュ,１０８ｍｌ,50,11/15まで,-,-,-,-,813,11/15まで
4901301394477 ,ブローネ泡カラー　１Ｌ　ラベンダーアッシュ,１０８ｍｌ,50,11/15まで,-,-,-,-,813,11/15まで
4901301398390 ,メンズビオレ　泡タイプ洗顔　つめかえ大容量,３３０ｍＬ,50,11/15まで,-,-,-,-,813,11/15まで
4901301418456 ,ブローネ泡カラー　３ＣＢ　キャメルブラウン,１０８ｍＬ,50,11/15まで,-,-,-,-,813,11/15まで
4901301418463 ,ブローネ泡カラー　１Ｐ　モーブピンク,１０８ｍＬ,50,11/15まで,-,-,-,-,813,11/15まで
4901301418470 ,ブローネ泡カラー　０Ｎ　シルキーベージュ,１０８ｍＬ,50,11/15まで,-,-,-,-,813,11/15まで
4901301435798 ,強力カビハイター　排水口そうじ　これだけ　６袋入り,２４０ｇ,50,11/15まで,-,-,-,-,873,11/15まで
4901301324252 ,クイックルワイパーハンディ本体伸び縮みタイプ,１クミ,50,11/15まで,-,-,-,-,913,11/15まで
4906156501421 ,フィニッシュ　パワーキューブ　Ｍ,５２個,50,11/15まで,-,-,-,-,923,11/15まで
4987176237637 ,パンテーンエクストラダメージヴィタミルク,１２５ｍｌ,50,11/15まで,-,-,-,-,943,11/15まで
4987176237682 ,パンテーンモイストスムースヴィタミルク,１２５ｍｌ,50,11/15まで,-,-,-,-,943,11/15まで
4987176409423 ,パンテーン　ゴールドダメージ　トリートメントミスト,１７０ｍｌ,50,11/15まで,-,-,-,-,943,11/15まで
4987176412362 ,パンテーンゴールドボリューム　トリートメントミスト,１７０ｍｌ,50,11/15まで,-,-,-,-,943,11/15まで
4902430873796 ,ウィスパ－うすさら吸水長時間快適用８５ｃｃ　１６枚,１６枚,50,10/15まで,-,-,-,-,966,3/31まで
4903018282054 ,セラプリエ　ヘアミルク,１３５ｍＬ,50,11/15まで,-,-,-,-,980,3/31まで
4901609016354 ,カビキラーＰＲＯ最強ジェル,１００ｇ,50,11/15まで,-,-,-,-,1026,11/15まで
4902430881517 ,ウィスパーおりもの＆水分ケアパンティライナ１５ｃｃ,６６枚,50,10/15まで,-,-,-,-,1303,3/31まで
4902430881715 ,ウィスパ－うすさら吸水　中量用５０ｃｃ　３８枚,３８枚,50,10/15まで,-,-,-,-,1303,3/31まで
4902430917100 ,ウィスパ－　うすさら吸水　安心の少量用　３０ｃｃ,４４枚,50,10/15まで,-,-,-,-,1303,3/31まで
4902430917148 ,ウィスパ－　うすさら吸水　長時間快適用　８５ｃｃ,２２枚,50,10/15まで,-,-,-,-,1303,3/31まで
4902430917179 ,ウィスパ－　うすさら吸水　多くても安心用１００ｃｃ,２０枚,50,10/15まで,-,-,-,-,1303,3/31まで
4903301187240 ,ルック防カビくん煙剤　３個パック,５ｇ×３個,50,11/15まで,-,-,-,-,1523,11/15まで
4903301221043 ,ルック防カビくん煙剤　せっけんの香り３個パック,５ｇ×３個,50,11/15まで,-,-,-,-,1523,11/15まで
4903301234999 ,ルック　おふろの防カビくん煙剤　消臭ミント３Ｐ,５ｇ×３,50,11/15まで,-,-,-,-,1523,11/15まで
4903301372554 ,ルック＋　トイレのまるごと除菌消臭くん煙剤３個,４ｇ×３個,50,11/15まで,-,-,-,-,1523,11/15まで
4511413310649 ,ＤＨＣ　オリーブバージンオイル,１０ｍｌ,50,11/15まで,-,-,-,-,-,-
4511413310656 ,ＤＨＣ　マイルドモイスチュアウォッシュ,１００ｇ,50,11/15まで,-,-,-,-,-,-
4511413407950 ,ＤＨＣ　ＥＰＡプレミアム２０日分,１２０粒,50,11/15まで,-,-,-,-,-,-
4520699557723 ,ＭＫ銀のスプーンおやつ　にゃんスプーン３種アソート,３００ｇ,50,11/15まで,-,-,-,-,-,-
4520699621813 ,銀スプおやつとろリッチ　３種アソートまぐろかつお鯛,６ｇ×４０本,50,11/15まで,-,-,-,-,-,-
4520699622162 ,銀スプおやつとろリッチ　３種アソートささみ鮭ぶり,６ｇ×４０本,50,11/15まで,-,-,-,-,-,-
4520699625798 ,銀スプおやつとろリッチ　３種シーフードアソート,６ｇ×４０本,50,11/15まで,-,-,-,-,-,-
4547691710499 ,０．０２ＥＸ,６個,50,11/15まで,-,-,-,-,-,-
4547894200339 ,リカルデント　パイナップルガムボトル,１３０ｇ,50,11/15まで,-,-,-,-,-,-
4550667024872 ,ＡＳＴＩＧＵ黒　着圧ＬＬＬディープブラック,ＤブラックＬＬＬ,50,11/15まで,-,-,-,-,-,-
4550667024889 ,ＡＳＴＩＧＵ黒　着圧ＭＬディープブラック,ＤブラックＭＬ,50,11/15まで,-,-,-,-,-,-
4550667062928 ,タイツ５０デニール２ＰＬＬＬブラック,ＬＬＬブラック,50,11/15まで,-,-,-,-,-,-
4550667062935 ,タイツ５０デニール２ＰＭＬブラック,ＭＬブラック,50,11/15まで,-,-,-,-,-,-
4550667066049 ,なめらかで伝線しにくいパンスト２ＰＬＬＬシアーＢ,ＬＬＬシアーＢ,50,11/15まで,-,-,-,-,-,-
4550667066056 ,なめらかで伝線しにくいパンスト２ＰＬＬＬヌーディＢ,ＬＬＬヌーディＢ,50,11/15まで,-,-,-,-,-,-
4550667066063 ,なめらかで伝線しにくいパンスト２ＰＬＬＬブラック,ＬＬＬブラック,50,11/15まで,-,-,-,-,-,-
4550667066070 ,なめらかで伝線しにくいパンスト２ＰＭＬシアーＢ,ＭＬシアーＢ,50,11/15まで,-,-,-,-,-,-
4550667066087 ,なめらかで伝線しにくいパンスト２ＰＭＬヌーディＢ,ＭＬヌーディＢ,50,11/15まで,-,-,-,-,-,-
4550667066094 ,なめらかで伝線しにくいパンスト２ＰＭＬブラック,ＭＬブラック,50,11/15まで,-,-,-,-,-,-
4550667066100 ,丈夫で破れにくいパンスト２ＰＬＬＬシアーベージュ,ＬＬＬシアーＢ,50,11/15まで,-,-,-,-,-,-
4550667066117 ,丈夫で破れにくいパンスト２ＰＬＬＬヌーディベージュ,ＬＬＬヌーディＢ,50,11/15まで,-,-,-,-,-,-
4550667066124 ,丈夫で破れにくいパンスト２ＰＬＬＬＢＬＫ,ＬＬＬブラック,50,11/15まで,-,-,-,-,-,-
4550667066131 ,丈夫で破れにくいパンスト２ＰＭＬシアーベージュ,ＭＬシアーＢ,50,11/15まで,-,-,-,-,-,-
4550667066148 ,丈夫で破れにくいパンスト２ＰＭＬヌーディベージュ,ＭＬヌーディＢ,50,11/15まで,-,-,-,-,-,-
4550667066155 ,丈夫で破れにくいパンスト２ＰＭＬブラック,ＭＬブラック,50,11/15まで,-,-,-,-,-,-
4550667066223 ,シアータイツ３０デニール２ＰＬＬＬブラック,ＬＬＬブラック,50,11/15まで,-,-,-,-,-,-
4550667066230 ,シアータイツ３０デニール２ＰＭＬブラック,ＭＬブラック,50,11/15まで,-,-,-,-,-,-
4573142070058 ,日本薬健　金の青汁純国産大麦若葉,９０包,50,11/15まで,-,-,-,-,-,-
4573142070935 ,日本薬健　プラズマ乳酸菌免疫ケア青汁,３０包,50,11/15まで,-,-,-,-,-,-
4580312894895 ,ｍｋ　３Ｄスマートマスク　ニュアンスカラーＭ３０枚,３０枚,50,11/15まで,-,-,-,-,-,-
4580312895106 ,ｍｋ　３Ｄスマートマスク　ホワイト　Ｍ　３０枚,３０枚,50,11/15まで,-,-,-,-,-,-
4580312895113 ,ｍｋ　３Ｄ　スマートマスク　ホワイト　Ｌ　３０枚,３０枚,50,11/15まで,-,-,-,-,-,-
4580312895205 ,ｍｋ　３Ｄ　スマートマスク　ナチュラル　Ｍ　３０枚,３０枚,50,11/15まで,-,-,-,-,-,-
4901070131686 ,消臭力ＰＦｏｒＳｌｅｅｐＳｔｉｃｋ本体ラベンダー,５０ｍｌ,50,11/15まで,-,-,-,-,-,-
4901070131693 ,消臭力ＰＦｏｒＳｌｅｅｐＳｔｉｃｋ本体Ｔローズ,５０ｍｌ,50,11/15まで,-,-,-,-,-,-
4901070131822 ,消臭力ＰＦｏｒＳｌｅｅｐＳｔｉｃｋ本体カモミール,５０ｍｌ,50,11/15まで,-,-,-,-,-,-
4901070132836 ,消臭力ＥｐｕｒｅＳｔｉｃｋイノセントフローラル本体,７５ｍｌ,50,11/15まで,-,-,-,-,-,-
4901070132959 ,消臭力プラグタイプリビング用　Ｗフローラル本体,２０ｍｌ,50,11/15まで,-,-,-,-,-,-
4901070303984 ,ムシューダ　ダニさん集まれ！　ダニ捕獲シート,２枚,50,11/15まで,-,-,-,-,-,-
4901070907212 ,米唐番　５キロタイプ　天然唐辛子パウダー入,２５ｇ【５キロタイプ】,50,11/15まで,-,-,-,-,-,-
4901070907229 ,米唐番　１０キロタイプ　天然唐辛子パウダー入,４５ｇ【１０キロタイプ】,50,11/15まで,-,-,-,-,-,-
4901085618592 ,機能性表示食品　お～いお茶　さらさら抹茶入り濃い茶,８０ｇ,50,11/15まで,-,-,-,-,-,-
4901111684485 ,ブレンディ　まろやかな香りブレンド袋１１０ｇ,１１０ｇ,50,11/15まで,-,-,-,-,-,-
4901111899803 ,ブレンディ　袋１１０ｇ,１１０ｇ,50,11/15まで,-,-,-,-,-,-
4901111939165 ,ブレンディ　エスプレッソ袋１１０ｇ,１１０ｇ,50,11/15まで,-,-,-,-,-,-
4901113294538 ,素材まるごとグラノラ脂質７０％オフ　香るフルーツ,３５０ｇ,50,11/15まで,-,-,-,-,-,-
4901113540352 ,素材まるごとグラノラ　ヘーゼルナッツチョコレート,３７０ｇ,50,11/15まで,-,-,-,-,-,-
4901113907704 ,素材まるごとグラノラ　朝摘みいちご,４００ｇ,50,11/15まで,-,-,-,-,-,-
4901133302183 ,チャオこだわりだしスープまぐろ・かつおバラエティ,３０ｇ×８,50,11/15まで,-,-,-,-,-,-
4901133636806 ,焼かつお　かつおミックス味,１０本,50,11/15まで,-,-,-,-,-,-
4901133636851 ,焼かつお　高齢猫用,１０本,50,11/15まで,-,-,-,-,-,-
4901133706745 ,焼ささみ　チキンミックス味,１０本,50,11/15まで,-,-,-,-,-,-
4901306300312 ,アーモンド・ブリーズ　微糖,１０００ｇ,50,11/15まで,-,-,-,-,-,-
4901306300336 ,アーモンド・ブリーズ　無糖,１０００ｇ,50,11/15まで,-,-,-,-,-,-
4901340047341 ,カルピス　糖質６０％オフ,４７０ｍｌ,50,11/15まで,-,-,-,-,-,-
4901340073142 ,カルピス　完熟白桃,４７０ｍｌ,50,11/15まで,-,-,-,-,-,-
4901340089945 ,カルピス　甘熟いちご,４７０ｍｌ,50,11/15まで,-,-,-,-,-,-
4901340093843 ,カルピス　芳醇メロン,４７０ｍｌ,50,11/15まで,-,-,-,-,-,-
4901340096646 ,カルピス　クラフトシロップ　ほっとゆず・かりん,４７０ｍｌ,50,11/15まで,-,-,-,-,-,-
4901340096745 ,カルピス　クラフトシロップ　ほっとレモン,４７０ｍｌ,50,11/15まで,-,-,-,-,-,-
4901340184527 ,カルピス　カルピス　白,４７０ｍｌ,50,11/15まで,-,-,-,-,-,-
4901340269026 ,カルピス　巨峰,４７０ｍｌ,50,11/15まで,-,-,-,-,-,-
4902201181754 ,キットカットミニカカオ７２％,１２枚,50,11/15まで,-,-,-,-,-,-
4902201182515 ,キットカット　鉄分補給　ｗｉｔｈ　ＭＩＬＯ,１０枚,50,11/15まで,-,-,-,-,-,-
4902201183130 ,キットカットカカオ７２％,１０枚,50,11/15まで,-,-,-,-,-,-
4902401512310 ,だし入り風味一番,６５０ｇ,50,11/15まで,-,-,-,-,-,-
4902401512327 ,だし入り風味一番減塩,６５０ｇ,50,11/15まで,-,-,-,-,-,-
4902590147973 ,ＡＪＩＮＯＭＯＴＯオリーブオイルエクストラバージン,５００ｇ,50,11/15まで,-,-,-,-,-,-
4946842638536 ,アサヒ　ネナイト　３０日分,１２０粒,50,11/15まで,-,-,-,-,-,-
4901133838644 ,旅する焼かつお１０本四国の味セレクション,１０本,50,11/15まで,-,-,-,-,-,-
4901133838651 ,旅する焼かつお１０本和風だしセレクション,１０本,50,11/15まで,-,-,-,-,-,-
4901301243621 ,ブローネ根元カラー　ライトブラウン,２８Ｇ,50,11/15まで,-,-,-,-,-,-
4901301243638 ,ブローネ根元カラー　ナチュラルブラウン,２８Ｇ,50,11/15まで,-,-,-,-,-,-
4901301243645 ,ブローネ根元カラー　ダークブラウン,２８Ｇ,50,11/15まで,-,-,-,-,-,-
4901301258298 ,薬用ピュオーラ　ナノブライト液体ハミガキ４００ｍｌ,４００ｍＬ,50,11/15まで,-,-,-,-,-,-
4901301265661 ,強力カビハイター本体＋つけかえ用ペアセット,８００ｍｌ,50,11/15まで,-,-,-,-,-,-
4901301282088 ,薬用ピュオーラ洗口液　クリーンミント,４２０ｍＬ,50,11/15まで,-,-,-,-,-,-
4901301282101 ,薬用ピュオーラ洗口液　ノンアルコール,４２０ｍＬ,50,11/15まで,-,-,-,-,-,-
4901301290762 ,ビオレｕ泡ボディウォッシュ　詰替,４８０ｍｌ,50,11/15まで,-,-,-,-,-,-
4901301326911 ,アトリックス　ハンドミルク,２００ｍＬ,50,11/15まで,-,-,-,-,-,-
4901301334046 ,ニベア　マシュマロケアボディミルク　Ｈシトラス,２００ｍＬ,50,11/15まで,-,-,-,-,-,-
4901301334053 ,ニベア　マシュマロケアボディミルク　Ｓフラワー,２００ｍＬ,50,11/15まで,-,-,-,-,-,-
4901301335944 ,ビオレｕ泡ボディウォッシュ　ローズ　詰替,４８０ｍｌ,50,11/15まで,-,-,-,-,-,-
4901301335968 ,ビオレｕ泡ボディウォッシュ　シトラス　詰替,４８０ｍｌ,50,11/15まで,-,-,-,-,-,-
4901301339997 ,薬用ピュオーラ洗口液　ノンアルコール　８５０ｍｌ,８５０ｍＬ,50,11/15まで,-,-,-,-,-,-
4901301340009 ,薬用ピュオーラ洗口液　クリーンミント　８５０ｍｌ,８５０ｍＬ,50,11/15まで,-,-,-,-,-,-
4901301342263 ,アトリックス　ハンドミルク　無香料　つめかえ用,１６０ｍＬ,50,11/15まで,-,-,-,-,-,-
4901301342270 ,アトリックス　ハンドミルク　シトラスハニー,２００ｍＬ,50,11/15まで,-,-,-,-,-,-
4901301342898 ,ビオレｕ泡ボディウォッシュ　うるおい　詰替,４８０ｍｌ,50,11/15まで,-,-,-,-,-,-
4901301343482 ,ブローネヘアマスカラ　ライトブラウン,１２ｍｌ,50,11/15まで,-,-,-,-,-,-
4901301343499 ,ブローネヘアマスカラ　ナチュラルブラック,１２ｍｌ,50,11/15まで,-,-,-,-,-,-
4901301343505 ,ブローネヘアマスカラ　ナチュラルブラウン,１２ｍｌ,50,11/15まで,-,-,-,-,-,-
4901301343512 ,ブローネヘアマスカラ　ダークブラウン,１２ｍｌ,50,11/15まで,-,-,-,-,-,-
4901301370020 ,ビオレｕ泡ボディウォッシュ　詰替増量　５１５ｍｌ,５１５ｍｌ,50,11/15まで,-,-,-,-,-,-
4901301370037 ,ビオレｕ泡ボディウォッシュローズ　詰替増量５１５,５１５ｍｌ,50,11/15まで,-,-,-,-,-,-
4901301370051 ,ビオレｕ泡ボディウォッシュうるおい　詰替増量５１５,５１５ｍｌ,50,11/15まで,-,-,-,-,-,-
4901301373717 ,ケープ　ナチュラル＆キープ　無香料　１８０ｇ,１８０ｇ,50,11/15まで,-,-,-,-,-,-
4901301373724 ,ケープ　ナチュラル＆キープ　微香性　１８０ｇ,１８０ｇ,50,11/15まで,-,-,-,-,-,-
4901301373731 ,ケープ　スーパーハード　無香料　１８０ｇ,１８０ｇ,50,11/15まで,-,-,-,-,-,-
4901301373748 ,ケープ　スーパーハード　微香性　１８０ｇ,１８０ｇ,50,11/15まで,-,-,-,-,-,-
4901301373755 ,ケープ　３Ｄエクストラキープ　無香料　１８０ｇ,１８０ｇ,50,11/15まで,-,-,-,-,-,-
4901301373762 ,ケープ　３Ｄエクストラキープ　微香性　１８０ｇ,１８０ｇ,50,11/15まで,-,-,-,-,-,-
4901301373779 ,ケープ　ソフト　微香性　１８０ｇ,１８０ｇ,50,11/15まで,-,-,-,-,-,-
4901301388179 ,バブ　ゆずの香り　お試し　１２錠入,１２錠,50,11/15まで,-,-,-,-,-,-
4901301396426 ,バブ　フルーティ　コレクション　１２錠入,１２錠,50,11/15まで,-,-,-,-,-,-
4901301415042 ,バスマジックリンＳＵＰＥＲ泡洗浄無残香大スパウト,１２００ｍｌ,50,11/15まで,-,-,-,-,-,-
4901301415059 ,バスマジックリンＳＵＰＥＲ泡洗浄ハーブ大スパウト,１２００ｍｌ,50,11/15まで,-,-,-,-,-,-
4901301415066 ,バスマジックリンＳＵＰＥＲ泡洗浄ローズ大スパウト,１２００ｍｌ,50,11/15まで,-,-,-,-,-,-
4901301430342 ,ビオレｕザボディ泡　モイスチャースムース　替え大,７８０ｍＬ,50,11/15まで,-,-,-,-,-,-
4901301431615 ,バスマジックリンＳＵＰＥＲ泡洗浄無残香１２５０増量,１２５０ＭＬ,50,11/15まで,-,-,-,-,-,-
4901301431639 ,バスマジックリンＳＵＰＥＲ泡洗浄ハーブ１２５０増量,１２５０ＭＬ,50,11/15まで,-,-,-,-,-,-
4901301431653 ,バスマジＳＵＰＥＲ泡洗浄ローズ１２５０増量,１２５０ＭＬ,50,11/15まで,-,-,-,-,-,-
4901301434210 ,ニベア　リッチケア＆カラーリップ　色持続Ｔベージュ,２ｇ,50,11/15まで,-,-,-,-,-,-
4901301434227 ,ニベア　リッチケア＆カラーリップ　色持続Ｎレッド,２ｇ,50,11/15まで,-,-,-,-,-,-
4901301434234 ,ニベア　リッチケア＆カラーリップ　色持続Ｃローズ,２ｇ,50,11/15まで,-,-,-,-,-,-
4901301438584 ,ビオレｕザボディ泡　モイスチャーアールグレイ替え大,７８０ｍＬ,50,11/15まで,-,-,-,-,-,-
4901301438607 ,ビオレｕザボディ泡　ディープクリア　替え大,７８０ｍＬ,50,11/15まで,-,-,-,-,-,-
4901301438881 ,ブローネリタッチマジックピンクブラウン,１４ｍＬ,50,11/15まで,-,-,-,-,-,-
4901301439772 ,ブローネリタッチマジックウォームブラウン,１４ｍＬ,50,11/15まで,-,-,-,-,-,-
4901301439802 ,ブローネリタッチマジックナチュラルブラウン,１４ｍＬ,50,11/15まで,-,-,-,-,-,-
4901301439826 ,ブローネリタッチマジックダークブラウン,１４ｍＬ,50,11/15まで,-,-,-,-,-,-
4901301439833 ,ブローネリタッチマジックアッシュブラウン,１４ｍＬ,50,11/15まで,-,-,-,-,-,-
4901301439901 ,ビオレｕ泡ボディウォッシュ　詰替　ピクミン,４８０ｍＬ,50,11/15まで,-,-,-,-,-,-
4901301439963 ,ブローネリタッチマジックライトブラウン,１４ｍＬ,50,11/15まで,-,-,-,-,-,-
4901301442932 ,メリーズパンツ　Ｓ７４枚,７４枚,50,11/15まで,-,-,-,-,-,-
4901301442949 ,メリーズパンツ　Ｍ６２枚,６２枚,50,11/15まで,-,-,-,-,-,-
4901301442956 ,メリーズパンツ　Ｌ５４枚,５４枚,50,11/15まで,-,-,-,-,-,-
4901301442963 ,メリーズパンツ　ビッグ４６枚,４６枚,50,11/15まで,-,-,-,-,-,-
4901301442970 ,メリーズパンツ　ビッグより大きいサイズ３０枚,３０枚,50,11/15まで,-,-,-,-,-,-
4901301445322 ,ビオレｕ泡ボディウォッシュ　ローズ　詰替　ピクミン,４８０ｍＬ,50,11/15まで,-,-,-,-,-,-
4901301449771 ,ニベアディープモイスチャリップ美容液ゼラローズ,２．２ｇ,50,11/15まで,-,-,-,-,-,-
4901301449788 ,ニベアディープモイスチャー美容液ＳＴ無香料,２．２ｇ,50,11/15まで,-,-,-,-,-,-
4901301449832 ,メリットキッズ　リンスのいらない泡ＳＰ　つめかえ,２７０ｍＬ,50,11/15まで,-,-,-,-,-,-
4901301450128 ,メリットキッズ　泡で出てくるシャンプー　ポンプ,３３０ｍＬ,50,11/15まで,-,-,-,-,-,-
4901301450135 ,メリットキッズ泡で出てくるシャンプー　つめかえ用,２７０ｍＬ,50,11/15まで,-,-,-,-,-,-
4901301450142 ,メリットキッズ　コンディショナー　ポンプ,３６０ｍＬ,50,11/15まで,-,-,-,-,-,-
4901301450159 ,メリットキッズ　コンディショナー　つめかえ用,２８５ｍＬ,50,11/15まで,-,-,-,-,-,-
4901301450166 ,メリットキッズ　リンスのいらない泡シャンプー　ＰＯ,３３０ｍＬ,50,11/15まで,-,-,-,-,-,-
4901301452849 ,ビオレザボディ泡　ピュアリーサボン　替え大,７８０ｍＬ,50,11/15まで,-,-,-,-,-,-
4901301452856 ,ビオレザボディ泡　金木犀　替え大,７８０ｍＬ,50,11/15まで,-,-,-,-,-,-
4901301453099 ,ビオレザボディ泡　ブリリアントブーケ　替え大,７８０ｍＬ,50,11/15まで,-,-,-,-,-,-
4901301453105 ,ビオレザボディ泡　ディープクリア　替え大,７４０ｍＬ,50,11/15まで,-,-,-,-,-,-
4901301453112 ,ビオレザボディ泡　モイスチャースムース　替え大,７４０ｍＬ,50,11/15まで,-,-,-,-,-,-
4901301453648 ,ビオレｕ泡ボディウォッシュ　ローズ　詰替　カービィ,４８０ｍＬ,50,11/15まで,-,-,-,-,-,-
4901301453662 ,ビオレｕ泡ボディウォッシュ　フローラル詰替カービィ,４８０ｍＬ,50,11/15まで,-,-,-,-,-,-
4901301454249 ,めぐりズム　医療機器肌に直接貼るシートローズ８枚入,８枚,50,11/15まで,-,-,-,-,-,-
4901301463081 ,ニベア　リッチケア＆カラーリップ色持続　Ｂピンク,２ｇ,50,11/15まで,-,-,-,-,-,-
4901301463142 ,めぐりズム　医療機器下着の内側面に貼るシート７枚入,７枚,50,11/15まで,-,-,-,-,-,-
4901301466839 ,ニベアルーセントＢ　Ｓブライトニングポンプつめかえ,２７０ｍＬ,50,11/15まで,-,-,-,-,-,-
4901301466846 ,ニベアルーセントＢ　Ｖエンリッチポンプつめかえ,２７０ｇ,50,11/15まで,-,-,-,-,-,-
4901301466853 ,ニベアルーセントＢ　Ｄモイスチャーポンプつめかえ,２９０ｇ,50,11/15まで,-,-,-,-,-,-
4901301468420 ,ピュオーラ　超密着ホイップハミガキ　ミント　８５ｇ,８５ｇ,50,11/15まで,-,-,-,-,-,-
4901301468437 ,ピュオーラ　超密着ホイップハミガキ　ハーブ　８５ｇ,８５ｇ,50,11/15まで,-,-,-,-,-,-
4901301469168 ,ロリエ　朝までブロック　３００　２６コ入,２６コ,50,11/15まで,-,-,-,-,-,-
4901301471772 ,ブローネダイレクトショット３,８０ｇ,50,11/15まで,-,-,-,-,-,-
4901301471789 ,ブローネダイレクトショット４,８０ｇ,50,11/15まで,-,-,-,-,-,-
4901301471796 ,ブローネダイレクトショット５,８０ｇ,50,11/15まで,-,-,-,-,-,-
4901301471925 ,めぐりズム　医療機器　肌に直接貼るシート　８枚入,８枚,50,11/15まで,-,-,-,-,-,-
4901417160799 ,ナイーブ　ボディソープ　桜詰替大容量,７６０ｍｌ,50,11/15まで,-,-,-,-,-,-
4901417170064 ,ナイーブ　ボディソープ（月下美人の香り）ポンプ,５３０ｍＬ,50,11/15まで,-,-,-,-,-,-
4901417170088 ,ナイーブ　泡ボディソープ（月下美人の香り）ポンプ,６００ｍＬ,50,11/15まで,-,-,-,-,-,-
4901417619150 ,いち髪　和草ダメージリペアオイルセラム,６０ｍＬ,50,11/15まで,-,-,-,-,-,-
4901508973918 ,黒バラ　ツバキオイル　集中補修美容液,５０ｍｌ,50,11/15まで,-,-,-,-,-,-
4901508974236 ,ツバキオイルうるおい補修ウォーター,３００ｍｌ,50,11/15まで,-,-,-,-,-,-
4901508976155 ,ツバキオイル　オイルｄｅミスト,８０ｍｌ,50,11/15まで,-,-,-,-,-,-
4901609010925 ,カビキラーペアパック本体＋付替え,４００ｇ＋４００ｇ,50,11/15まで,-,-,-,-,-,-
4901609016743 ,ガッツリ剥がす洗たく槽カビキラー,２５０ｇ,50,11/15まで,-,-,-,-,-,-
4901609017955 ,スクラビングバブルジャバＥＸ１つ穴用,２００ｇ,50,11/15まで,-,-,-,-,-,-
4901616013537 ,ガム・プレミアム　トータルケアＥＸ　クリーンミント,２５ｇ,50,11/15まで,-,-,-,-,-,-
4901616013544 ,ガム・プレミアム　トータルケアＥＸ　マイルドミント,２５ｇ,50,11/15まで,-,-,-,-,-,-
4901730180443 ,キズパワーパッドプラス＿ジャンボサイズ,３枚,50,11/15まで,-,-,-,-,-,-
4901730180450 ,キズパワーパッドプラス＿大きめサイズ,６枚,50,11/15まで,-,-,-,-,-,-
4901730180467 ,キズパワーパッドプラス＿ふつうサイズ,１０枚,50,11/15まで,-,-,-,-,-,-
4901730180474 ,キズパワーパッドプラス＿ひじ・ひざ用,３枚,50,11/15まで,-,-,-,-,-,-
4902111783154 ,ダヴ　ボディ　さくら　詰替特大,６２０ｇ,50,11/15まで,-,-,-,-,-,-
4902424448290 ,ドラネズミバリア強力忌避剤４００ｇ,４００ｇ,50,11/15まで,-,-,-,-,-,-
4902424450989 ,ドラネズミバリアダブルジェット４２０ｍｌ,４２０ｍｌ,50,11/15まで,-,-,-,-,-,-
4902424450996 ,ドラネズミバリアワンプッシュ３０回分,３０回分,50,11/15まで,-,-,-,-,-,-
4902522666718 ,キネシオロジーテープ快適通気,３７．５ｍｍ,50,11/15まで,-,-,-,-,-,-
4902522666725 ,キネシオロジーテープ快適通気,５０ｍｍ,50,11/15まで,-,-,-,-,-,-
4902522666749 ,キネシオロジーテープ快適通気　手切れ,２５ｍｍ,50,11/15まで,-,-,-,-,-,-
4902522666756 ,キネシオロジーテープ快適通気　手切れ,３７．５ｍｍ,50,11/15まで,-,-,-,-,-,-
4902522666763 ,キネシオロジーテープ快適通気　手切れ,５０ｍｍ,50,11/15まで,-,-,-,-,-,-
4902522666770 ,キネシオロジーしっかり粘着,３７．５ｍｍ,50,11/15まで,-,-,-,-,-,-
4902522666787 ,キネシオロジーしっかり粘着,５０ｍｍ,50,11/15まで,-,-,-,-,-,-
4902522668040 ,ピップエレキバン１３０,２４粒,50,11/15まで,-,-,-,-,-,-
4902522672634 ,ピップエレキバンＭＡＸ２００,１２粒,50,11/15まで,-,-,-,-,-,-
4902522674485 ,ピップエレキバン　ｆｏｒ　ｍａｍａ,１２粒,50,11/15まで,-,-,-,-,-,-
4902522675512 ,プロ・フィッツ　くっつくテーピング,５０ｍｍ,50,11/15まで,-,-,-,-,-,-
4902522676762 ,プロ・フィッツテーピングサポーターひざ用,１枚,50,11/15まで,-,-,-,-,-,-
4902522676779 ,プロ・フィッツテーピングサポーター手首用,１枚,50,11/15まで,-,-,-,-,-,-
4902522676786 ,プロ・フィッツテーピングサポーター足首用,１枚,50,11/15まで,-,-,-,-,-,-
4902522680455 ,ピップエレキバンワイド　６粒,６粒,50,11/15まで,-,-,-,-,-,-
4902899451054 ,はるオンパックスミニ３０Ｐ,３０個,50,11/15まで,-,-,-,-,-,-
4902899453041 ,貼らないオンパックスミニ３０Ｐ,３０個,50,11/15まで,-,-,-,-,-,-
4903018202083 ,柳屋　あんず油,６３ｍｌ,50,11/15まで,-,-,-,-,-,-
4903018202274 ,柳屋　あんず油　グロスオイルスプレー,８０ｇ,50,11/15まで,-,-,-,-,-,-
4903111021567 ,ライフリ－一晩中あんしん尿とりパッド６４枚,６４枚,50,11/15まで,-,-,-,-,-,-
4903111338139 ,ライフリー一晩中あんしん尿とりパッドスーパー２７枚,２７枚,50,11/15まで,-,-,-,-,-,-
4903111506705 ,ライフリー一晩中あんしん尿とりパッド夜用,２４枚,50,11/15まで,-,-,-,-,-,-
4903111579846 ,ライフリー一晩中あんしん尿とりパッドスーパー３６枚,３６枚,50,11/15まで,-,-,-,-,-,-
4903111610099 ,ＬＦ一晩中あんしん尿とりパッドスーパープラス３３枚,３３枚,50,11/15まで,-,-,-,-,-,-
4903301385578 ,ｈａｄａｋａｒａ美肌プレミアムＢＳオイルｉｎ泡詰替,３６０ｍｌ,50,11/15まで,-,-,-,-,-,-
4906156501599 ,フィニッシュ　オールインワンプラス　Ｍ,３０個,50,11/15まで,-,-,-,-,-,-
4970883012857 ,ｍｋ　ハイドロコロイドパッド厚型,ジャンボ５枚,50,11/15まで,-,-,-,-,-,-
4971710541717 ,ＳＳ　ビオリス　ボタニカル　ヘアスティック,１１ｇ,50,11/15まで,-,-,-,-,-,-
4971710569810 ,ビオリス　　前髪ロック　ヘアスティック,８ｇ,50,11/15まで,-,-,-,-,-,-
4971710569827 ,ビオリス　　おくれ毛メイク　ヘアスティック,８ｇ,50,11/15まで,-,-,-,-,-,-
4975479426070 ,オムロン）予測式体温計,ＭＣ－６８００Ｂ,50,11/15まで,-,-,-,-,-,-
4976861006559 ,ｍｋ　アルカリ電解水クリーナー　詰替え,２５０ｍｌ詰替え,50,11/15まで,-,-,-,-,-,-
4987040055213 ,カイゲン　改源,２６包,50,11/15まで,-,-,-,-,-,-
4987045056086 ,クラシエ薬品　ベルクリーンＳ軟膏,１４ｇ,50,11/15まで,-,-,-,-,-,-
4987045100314 ,クラシエ薬品　コッコアポＥＸ錠（新）,６０錠,50,11/15まで,-,-,-,-,-,-
4987045100345 ,クラシエ薬品　コッコアポＧ錠（新）,６０錠,50,11/15まで,-,-,-,-,-,-
4987045100369 ,クラシエ薬品　コッコアポＬ錠（新）,６０錠,50,11/15まで,-,-,-,-,-,-
4987045100383 ,クラシエ薬品　当帰芍薬散錠（新）,６０錠,50,11/15まで,-,-,-,-,-,-
4987067227808 ,興和）ケラチナミン２０％クリーム,１５０ｇ,50,11/15まで,-,-,-,-,-,-
4987067252305 ,興和）ケラチナミンコーワ乳状液２０,２００ｇ,50,11/15まで,-,-,-,-,-,-
4987067254309 ,興和　コルゲンコーワＩＢ錠ＴＸアルファ,２７錠,50,11/15まで,-,-,-,-,-,-
4987067329601 ,興和　バンテリンコーワパットＥＸホット,７枚,50,11/15まで,-,-,-,-,-,-
4987072001134 ,サラサーティ　コットン１００,５６枚,50,11/15まで,-,-,-,-,-,-
4987072043288 ,サラサーティコットン１００　極上やわらか,５２枚,50,11/15まで,-,-,-,-,-,-
4987072047705 ,サラサーティコットン１００　ナチュラルローズ,５６枚,50,11/15まで,-,-,-,-,-,-
4987072053201 ,サラサーティコットン１００　ワイド＆ロング,４０個,50,11/15まで,-,-,-,-,-,-
4987072055090 ,無香空間特大ほのかなせっけん６３０ｇ,６３０ｇ,50,11/15まで,-,-,-,-,-,-
4987072068366 ,無香空間　特大,６３０ｇ,50,11/15まで,-,-,-,-,-,-
4987072087916 ,小林製薬　ゴホナース,１８錠,50,11/15まで,-,-,-,-,-,-
4987072088876 ,サラサーティコットン１００ワイド＆ロング吸水プラス,３４個,50,11/15まで,-,-,-,-,-,-
4987072089026 ,小林製薬　チクナインＣスプレー,３０ｍｌ,50,11/15まで,-,-,-,-,-,-
4987072094693 ,小林製薬　チュメキュア５Ｇ,５Ｇ,50,11/15まで,-,-,-,-,-,-
4987072096789 ,無香空間　ペット用　４７０ｇ,４７０ｇ,50,11/15まで,-,-,-,-,-,-
4987072098851 ,無香空間　特大無香料６３０ｇ,６３０ｇ,50,11/15まで,-,-,-,-,-,-
4987072098875 ,無香空間特大ほのかなせっけん６３０ｇ,６３０ｇ,50,11/15まで,-,-,-,-,-,-
4987156211541 ,常盤薬品　南天のど飴（缶）,５４錠,50,11/15まで,-,-,-,-,-,-
4987156211572 ,常盤薬品　南天のど飴はちみつ梅（缶）,５４錠,50,11/15まで,-,-,-,-,-,-
4987176409430 ,パンテーン　モイストスムースリペア　洗い流すＴＲ,１４０ｇ,50,11/15まで,-,-,-,-,-,-
4987176413765 ,レノアアロマジュエルガーデンブリーズ本体,４００ｍＬ,50,11/15まで,-,-,-,-,-,-
4987234360239 ,サイオスヘアカラークリーム　２,５０ｇ＋５０ｇ,50,11/15まで,-,-,-,-,-,-
4987234360246 ,サイオスヘアカラークリーム３,５０ｇ＋５０ｇ,50,11/15まで,-,-,-,-,-,-
4987234360253 ,サイオスヘアカラークリーム４,５０ｇ＋５０ｇ,50,11/15まで,-,-,-,-,-,-
4987234360260 ,サイオスヘアカラークリーム５,５０ｇ＋５０ｇ,50,11/15まで,-,-,-,-,-,-
4987234360284 ,サイオスヘアカラークリーム３Ｂ,５０ｇ＋５０ｇ,50,11/15まで,-,-,-,-,-,-
4987234360291 ,サイオスヘアカラークリーム３Ａ,５０ｇ＋５０ｇ,50,11/15まで,-,-,-,-,-,-
4987234360611 ,サイオス　ヘアカラークリーム２Ｂ,５０ｇ＋５０ｇ,50,11/15まで,-,-,-,-,-,-
4987234360628 ,サイオス　ヘアカラークリーム２Ａ,５０ｇ＋５０ｇ,50,11/15まで,-,-,-,-,-,-
4987234360635 ,サイオス　ヘアカラークリーム２Ｐ,５０ｇ＋５０ｇ,50,11/15まで,-,-,-,-,-,-
4987234360871 ,サイオスヘアカラークリーム４ＢＧ,５０ｇ＋５０ｇ,50,11/15まで,-,-,-,-,-,-
4987234361298 ,サイオスヘアカラークリーム３Ｐ,５０ｇ＋５０ｇ,50,11/15まで,-,-,-,-,-,-
4987234362585 ,サイオス　ヘアカラークリーム６Ｎ　ディープブラウン,５０ｇ＋５０ｇ,50,11/15まで,-,-,-,-,-,-
4987234362967 ,サイオス　ヘアカラー　クリーム　４Ａ,５０ｇ＋５０ｇ,50,11/15まで,-,-,-,-,-,-
4987234363209 ,サイオス　ヘアカラー　クリーム　１Ｂ,５０ｇ＋５０ｇ,50,11/15まで,-,-,-,-,-,-
4987244164032 ,オーラルプラスうるおいマウスウォッシュ,２５０ｍｌ,50,11/15まで,-,-,-,-,-,-
4987244164049 ,オーラルプラスマイルド歯みがきジェル,１００ｇ,50,11/15まで,-,-,-,-,-,-
4987244172532 ,ＯＰ口腔ケア綿棒５０本,５０本,50,11/15まで,-,-,-,-,-,-
4987244172549 ,ＯＰ口腔ケア歯ブラシ,１本,50,11/15まで,-,-,-,-,-,-
4987244180025 ,口腔用スプレーうるおいミスト（無香料）,５０ｍＬ,50,11/15まで,-,-,-,-,-,-
4987244192011 ,ミルふわ　全身ベビーソープ泡タイプ,４５０ｍｌ,50,11/15まで,-,-,-,-,-,-
4987244192066 ,ミルふわ　ベビーミルキーローション　ポンプタイプ,３００ｍｌ,50,11/15まで,-,-,-,-,-,-
4987244193544 ,ミルふわ　高保水ベビークリーム,７０ｇ,50,11/15まで,-,-,-,-,-,-
4987244194107 ,オーラルプラス　口腔ケアスポンジ,３０本,50,11/15まで,-,-,-,-,-,-
4987244204004 ,シッカロール・ハイ紙箱,１７０Ｇ,50,11/15まで,-,-,-,-,-,-
4987244601018 ,口腔用スプレーうるおいミスト（ミントの香味）,５０ｍＬ,50,11/15まで,-,-,-,-,-,-
4987244602206 ,オーラルプラス　うるおい口腔ケアジェル,４５ｇ,50,11/15まで,-,-,-,-,-,-
4987300032022 ,エスエス製薬　エスタックイブ,６０錠,50,11/15まで,-,-,-,-,-,-
4987305114167 ,全薬工業　新ジキニン顆粒,２２包,50,11/15まで,-,-,-,-,-,-
4987305116918 ,全薬工業　ジキニンＦｉｒｓｔＮＥＯ　ＣＺ,２７錠,50,11/15まで,-,-,-,-,-,-
4987353190212 ,ユースキン　８０ｇチューブ,８０ｇ,50,11/15まで,-,-,-,-,-,-
4987353270013 ,ユースキン　シソラ　クリーム３８ｇ,３８ｇ,50,11/15まで,-,-,-,-,-,-
4987353271713 ,ユースキン　　シソラ　クリーム３８ｇ,３８ｇ,50,11/15まで,-,-,-,-,-,-
4987426002015 ,池田模範堂）かゆみ肌修復ムヒソフト,１００ｇ,50,11/15まで,-,-,-,-,-,-
4987426002022 ,池田模範堂）かゆみ肌修復ムヒソフト,１５０ｇ,50,11/15まで,-,-,-,-,-,-
4987426002039 ,池田模範堂）かゆみ肌修復ムヒソフト乳状液,１２０ｍｌ,50,11/15まで,-,-,-,-,-,-
4987438015676 ,ＪＰＳ）排膿散エキス錠Ｊ,６３錠,50,11/15まで,-,-,-,-,-,-
4547894156995 ,クロレッツ　ビッグフルーツ　マスカット　ボトル,１１２ｇ,50,10/15まで,-,-,-,-,-,-
4547894157039 ,クロレッツＸＰラズＢブルーＢボトル×ＰＥＡＮＵＴＳ,１３０ｇ,50,10/15まで,-,-,-,-,-,-
4547894157046 ,クロレッツＸＰ　アップルボトル×ＰＥＡＮＵＴＳ,１３０ｇ,50,10/15まで,-,-,-,-,-,-
4903301176848 ,キレイキレイ薬用泡Ｈソープ２５０ｍｌ,２５０ｍｌ,50,10/15まで,-,-,-,-,-,-
4903301176909 ,キレイキレイ薬用泡ＨソープＦソープ２５０ｍｌ,２５０ｍｌ,50,10/15まで,-,-,-,-,-,-
4903301240990 ,キレイキレイ泡ハンドソープ　フルーツ本体,２５０ｍｌ,50,10/15まで,-,-,-,-,-,-
4903301269052 ,キレイキレイ薬用泡ハンドソープ本体大型　シトラス,５００ｍｌ,50,10/15まで,-,-,-,-,-,-
4903301269069 ,キレイキレイ薬用泡ハンドソープ本体大型　フローラル,５００ｍｌ,50,10/15まで,-,-,-,-,-,-
4903301269076 ,キレイキレイ薬用泡ハンドソープ本体大型　フルーツ,５００ｍｌ,50,10/15まで,-,-,-,-,-,-
4903301375395 ,ＮＡＮＯＸｏｎｅ洗浄プラス詰替超特大,１０８０ｇ,50,10/15まで,-,-,-,-,-,-
4903301375463 ,ＮＡＮＯＸｏｎｅニオイ専用詰替超特大,１０８０ｇ,50,10/15まで,-,-,-,-,-,-
4903301375494 ,ＮＡＮＯＸｏｎｅＰＲＯ詰替超特大,１０１０ｇ,50,10/15まで,-,-,-,-,-,-
4903301378600 ,ＮＡＮＯＸｏｎｅ洗浄プラス詰替超特大増量,１１３０ｇ,50,10/15まで,-,-,-,-,-,-
4903301378617 ,ＮＡＮＯＸｏｎｅニオイ専用詰替超特大増量,１１３０ｇ,50,10/15まで,-,-,-,-,-,-
4903301378624 ,ＮＡＮＯＸｏｎｅＰＲＯ詰替超特大増量,１０６０ｇ,50,10/15まで,-,-,-,-,-,-
4971710570700 ,ＣＴごめんね素肌クマらないアイクリーム,２０ｇ,50,10/15まで,-,-,-,-,-,-
4971710617191 ,クリアターンごめんね素肌無垢美ちゃんアイセラム,２０ｍｌ,50,10/15まで,-,-,-,-,-,-
4971710618181 ,クリアターン　ごめんね素肌キニシナイクリーム,１５ｇ,50,10/15まで,-,-,-,-,-,-
4973512257964 ,アラウベビーはみがきジェル,３５ｇ,50,10/15まで,-,-,-,-,-,-
4973512259708 ,アラウベビー衣料のラク洗い泡スプレー,２８０ＭＬ,50,10/15まで,-,-,-,-,-,-
4973512259722 ,アラウベビー泡ストローマグ洗い本体,１５０ＭＬ,50,10/15まで,-,-,-,-,-,-
4979654029223 ,山本漢方　マイボトル　減肥茶,３ｇＸ１６包,50,10/15まで,-,-,-,-,-,-
4987244195869 ,レーベンスミルクはいはい　Ｎ,８１０ｇ,50,10/15まで,-,-,-,-,-,-
4987244195890 ,フォローアップミルクぐんぐん　Ｎ,８３０ｇ,50,10/15まで,-,-,-,-,-,-
4547691806475 ,ＧＲＯＯＶＥ　６Ｐ,６個,50,11/15まで,-,-,-,-,-,-
4547691810687 ,ＧＲＯＯＶＥ　Ｌサイズ,６個入,50,11/15まで,-,-,-,-,-,-
4547691811912 ,ＧＲＯＯＶＥ　Ｘ　６個入,６個入,50,11/15まで,-,-,-,-,-,-
4547894199916 ,リカルデントフルーツアソートオレンジ＆ストロベリー,１３５．２ｇ,50,11/15まで,-,-,-,-,-,-
4547894200087 ,リカルデントフルーツアソート　アップル＆ピーチボト,１３５．２ｇ,50,11/15まで,-,-,-,-,-,-
4547894200155 ,リカルデント　グレープミントガムボトル,１３５．２ｇ,50,11/15まで,-,-,-,-,-,-
4547894200162 ,リカルデント　さっぱりミントガムボトル,１３５．２ｇ,50,11/15まで,-,-,-,-,-,-
4547894200179 ,リカルデント　グレープミントガム　スタンドパウチ,２５０ｇ,50,11/15まで,-,-,-,-,-,-
4547894200223 ,リカルデント　ライムミントガム　ボトル,１３５．２ｇ,50,11/15まで,-,-,-,-,-,-
4547894200292 ,リカルデント　洋なしミントガムボトル,１３０ｇ,50,11/15まで,-,-,-,-,-,-
4547894200315 ,リカルデント　ブラッドオレンジガムボトル,１３０ｇ,50,11/15まで,-,-,-,-,-,-
4550516495204 ,ＡＧデオ２４メン　薬用メンズボディクレンズ,４９０ＭＬ,50,11/15まで,-,-,-,-,-,-
4550516503237 ,ウーノ　オールインワンシャンプー　ボリューム,４８０ＭＬ,50,11/15まで,-,-,-,-,-,-
4550516503244 ,ウーノ　オールインワンシャンプー　スマート,４８０ＭＬ,50,11/15まで,-,-,-,-,-,-
4550516503275 ,ウーノ　薬用スカルプエッセンス,１５０ＭＬ,50,11/15まで,-,-,-,-,-,-
4550585540751 ,サブリナ伝線しにくい３足組パンストバーモンＬ－ＬＬ,Ｌ－ＬＬ,50,11/15まで,-,-,-,-,-,-
4550585540768 ,サブリナ伝線しにくい３足組パンストＮＢＥ　Ｌ－ＬＬ,Ｌ－ＬＬ,50,11/15まで,-,-,-,-,-,-
4550585540775 ,サブリナ伝線しにくい３足組パンストヌード　Ｌ－ＬＬ,Ｌ－ＬＬ,50,11/15まで,-,-,-,-,-,-
4550585540799 ,サブリナ伝線しにくい３足組パンストバーモンＭ－Ｌ,Ｍ－Ｌ,50,11/15まで,-,-,-,-,-,-
4550585540805 ,サブリナ伝線しにくい３足組パンストＮＢＥ　Ｍ－Ｌ,Ｍ－Ｌ,50,11/15まで,-,-,-,-,-,-
4550585540812 ,サブリナ伝線しにくい３足組パンストヌード　Ｍ－Ｌ,Ｍ－Ｌ,50,11/15まで,-,-,-,-,-,-
4550585540836 ,サブリナ伝線しにくい３足組着圧バーモン　Ｌ－ＬＬ,Ｌ－ＬＬ,50,11/15まで,-,-,-,-,-,-
4550585540843 ,サブリナ伝線しにくい３足組着圧ナチュラル　Ｌ－ＬＬ,Ｌ－ＬＬ,50,11/15まで,-,-,-,-,-,-
4550585540850 ,サブリナ伝線しにくい３足組着圧ＮＢＥ　Ｌ－ＬＬ,Ｌ－ＬＬ,50,11/15まで,-,-,-,-,-,-
4550585540874 ,サブリナ伝線しにくい３足組着圧バーモン　Ｍ－Ｌ,Ｍ－Ｌ,50,11/15まで,-,-,-,-,-,-
4550585540881 ,サブリナ伝線しにくい３足組着圧ナチュラル　Ｍ－Ｌ,Ｍ－Ｌ,50,11/15まで,-,-,-,-,-,-
4550585540898 ,サブリナ伝線しにくい３足組着圧ＮＢＥ　Ｍ－Ｌ,Ｍ－Ｌ,50,11/15まで,-,-,-,-,-,-
4562403554765 ,低温製法米のおいしいごはん　国産米１００％　角型,１５０ｇ×６,50,11/15まで,-,-,-,-,-,-
4562403576446 ,低温製法米のおいしいごはん　国産米１００％　増量品,１６５ｇ×６,50,11/15まで,-,-,-,-,-,-
4573142070034 ,日本薬健　金の青汁純国産大麦若葉,４６包,50,11/15まで,-,-,-,-,-,-
4580312890507 ,ｍｋ　耳が痛くなりにくいマスク　個包装Ｓ４０枚,４０枚入,50,11/15まで,-,-,-,-,-,-
4580312890514 ,ｍｋ　耳が痛くなりにくいマスク　個包装Ｍ４０枚,４０枚入,50,11/15まで,-,-,-,-,-,-
4580312890521 ,ｍｋ　耳が痛くなりにくいマスク　個包装Ｌ４０枚,４０枚入,50,11/15まで,-,-,-,-,-,-
4580312897025 ,ｍｋ　接触瞬間冷感　プリーツマスク　Ｍ　５０枚,５０枚,50,11/15まで,-,-,-,-,-,-
4580312897049 ,ｍｋ　接触瞬間冷感　３Ｄ　スマートマスクＭ　３０枚,３０枚,50,11/15まで,-,-,-,-,-,-
4580312897056 ,ｍｋ　接触瞬間冷感　３Ｄ　スマートマスク　Ｓ　３０,３０枚,50,11/15まで,-,-,-,-,-,-
4580543940019 ,バルサンＳＰジェット　６－８畳用,６－８畳用,50,11/15まで,-,-,-,-,-,-
4901070128914 ,お部屋の消臭力プレミアムＳｔｉｃｋ本体アーバンＲ,５０ｍｌ,50,11/15まで,-,-,-,-,-,-
4901070130030 ,お部屋の消臭力　ＰＡスティック本体ベルベットムスク,５０ｍｌ,50,11/15まで,-,-,-,-,-,-
4901070130108 ,お部屋の消臭力ＰＡＳｔｉｃｋムーンライトシャボン,５０ｍｌ,50,11/15まで,-,-,-,-,-,-
4901070130566 ,お部屋の消臭力プレミアムＳｔｉｃｋ本体イニシャルＢ,５０ｍｌ,50,11/15まで,-,-,-,-,-,-
4901070130757 ,お部屋の消臭力ＰＡＳｔｉｃｋ本体　エターナルギフト,５０ｍｌ,50,11/15まで,-,-,-,-,-,-
4901070130900 ,お部屋の消臭力　ＰＡ　Ｓｔｉｃｋ　本体イニシャルＢ,５０ｍｌ,50,11/15まで,-,-,-,-,-,-
4901070131228 ,お部屋の消臭力ＰＡＳｔｉｃｋ本体Ｓオレンジ＆Ｂ,６５ｍｌ,50,11/15まで,-,-,-,-,-,-
4901070131235 ,お部屋の消臭力ＰＡＳｔｉｃｋ本体レモングラス＆Ｖ,６５ｍｌ,50,11/15まで,-,-,-,-,-,-
4901070131242 ,お部屋の消臭力ＰＡＳｔｉｃｋ本体リリー＆ジャスミン,６５ｍｌ,50,11/15まで,-,-,-,-,-,-
4901070131327 ,お部屋の消臭力プレミアムＳｔｉｃｋ本体アンバーＢ,５０ｍｌ,50,11/15まで,-,-,-,-,-,-
4901070131358 ,お部屋の消臭力ＰＡＳｔｉｃｋ本体　金木犀,５０ｍｌ,50,11/15まで,-,-,-,-,-,-
4901070131518 ,お部屋の消臭力　ＰＡ　Ｓｔｉｃｋ　本体イニシャルＢ,５０ｍｌ,50,11/15まで,-,-,-,-,-,-
4901070131556 ,お部屋の消臭力　ＰＡ　Ｓｔｉｃｋ　本体ミモザ,５０ｍｌ,50,11/15まで,-,-,-,-,-,-
4901070132034 ,お部屋の消臭力　ＰＡ　Ｓｔｉｃｋ　本体イニシャルＢ,６５ｍｌ,50,11/15まで,-,-,-,-,-,-
4901070132065 ,お部屋の消臭力　ＰＡ　Ｓｔｉｃｋ　本体ミモザ,６５ｍｌ,50,11/15まで,-,-,-,-,-,-
4901070132171 ,お部屋の消臭力　ＰＡ　Ｓｔｉｃｋ　本体紫陽花,６５ｍｌ,50,11/15まで,-,-,-,-,-,-
4901070132348 ,お部屋の消臭力ＰＡＳｔｉｃｋ本体ピュアコスモス,６５ｍｌ,50,11/15まで,-,-,-,-,-,-
4901070132485 ,お部屋の消臭力ＰＡＳｔｉｃｋトゥインクルスノー,６５ｍｌ,50,11/15まで,-,-,-,-,-,-
4901070132515 ,お部屋の消臭力ＰＡＳｔｉｃｋ本体イニシャルＢ,６５ｍｌ,50,11/15まで,-,-,-,-,-,-
4901070132720 ,お部屋の消臭力ＰＡＳｔｉｃｋ本体アンダーザシー,６５ｍｌ,50,11/15まで,-,-,-,-,-,-
4901070909254 ,備長炭ドライペット引き出し・衣装ケース用,２５ｇ×１２,50,11/15まで,-,-,-,-,-,-
4901070909681 ,備長炭ドライペット　クローゼット用　２枚入,１２２ｇ×２,50,11/15まで,-,-,-,-,-,-
4901070910281 ,ドライペット　ウォークインクローゼット専用,２６５ｇ×３,50,11/15まで,-,-,-,-,-,-
4901070910298 ,備長炭ドライペット　ウォークインクローゼット専用,２６８ｇ×３,50,11/15まで,-,-,-,-,-,-
4901080248619 ,モンダミン　プレミアムケア　ゴールドミント,１０００ｍｌ,50,11/15まで,-,-,-,-,-,-
4901080250612 ,モンダミン　プレミアムケア　ホワイトミント,１０００ｍｌ,50,11/15まで,-,-,-,-,-,-
4901080311917 ,モンダミン　プレミアムケア　シトラスミント,１０００ｍｌ,50,11/15まで,-,-,-,-,-,-
4901080312112 ,モンダミン　プレミアムケア　ブラックミント,１０００ｍｌ,50,11/15まで,-,-,-,-,-,-
4901080334312 ,アース　ＯＨ！ノーマット　１５０日用セット,１セット,50,11/15まで,-,-,-,-,-,-
4901133302114 ,チャオこだわりフレークまぐろかつおバラエティ,３０ｇ×８,50,11/15まで,-,-,-,-,-,-
4901133302121 ,チャオこだわりフレークまぐろ削り節バラエティ,３０ｇ×８,50,11/15まで,-,-,-,-,-,-
4901133302138 ,チャオこだわりフレークかつお削り節バラエティ,３０ｇ×８,50,11/15まで,-,-,-,-,-,-
4901133302152 ,チャオこだわりテイスト　まぐろかつおバラエティ,３０ｇ×８,50,11/15まで,-,-,-,-,-,-
4901133302169 ,チャオこだわりテイスト　まぐろささみバラエティ,３０ｇ×８,50,11/15まで,-,-,-,-,-,-
4901133302176 ,チャオこだわりスープ　まぐろかつおバラエティ,３０ｇ×８,50,11/15まで,-,-,-,-,-,-
4901133319372 ,チャオパウチ　まぐろバラエティ,４０ｇ×８,50,11/15まで,-,-,-,-,-,-
4901133319389 ,チャオパウチ　かつおバラエティ,４０ｇ×８,50,11/15まで,-,-,-,-,-,-
4901133481499 ,鶏三昧　チキン・ほたてバラエティ,６０ｇ×１０,50,11/15まで,-,-,-,-,-,-
4901133481505 ,鶏三昧　お肉バラエティ,６０ｇ×１０,50,11/15まで,-,-,-,-,-,-
4901133596766 ,チャオスープパウチ　まぐろバラエティ,４０ｇ×８,50,11/15まで,-,-,-,-,-,-
4901133596773 ,チャオスープパウチ　まぐろ・かつおバラエティ,４０ｇ×８,50,11/15まで,-,-,-,-,-,-
4901133596780 ,チャオだしスープパウチ　ささみバラエティ,４０ｇ×８,50,11/15まで,-,-,-,-,-,-
4901133811548 ,チャオパウチ　乳酸菌バラエティ,４０ｇ×８,50,11/15まで,-,-,-,-,-,-
4901133811555 ,チャオパウチ　まぐろ・かつおバラエティ,４０ｇ×８,50,11/15まで,-,-,-,-,-,-
4901133811579 ,チャオパウチ　贅沢バラエティ,３５ｇ×８,50,11/15まで,-,-,-,-,-,-
4901133834837 ,おさかな三昧　まぐろバラエティ,６０ｇ×１０,50,11/15まで,-,-,-,-,-,-
4901133834844 ,おさかな三昧　まぐろ・かつおバラエティ,６０ｇ×１０,50,11/15まで,-,-,-,-,-,-
4901133834851 ,おさかな三昧　シーフードバラエティ,６０ｇ×１０,50,11/15まで,-,-,-,-,-,-
4902777071251 ,チョコレート効果カカオ７２％アーモンド大袋,１６６ｇ,50,11/15まで,-,-,-,-,-,-
4902777115092 ,チョコレート効果カカオ７２％カカオクランチ大袋,１８０ｇ,50,11/15まで,-,-,-,-,-,-
4902777214092 ,明治オリゴ糖ミルクチョコレート５０大袋,２００ｇ,50,11/15まで,-,-,-,-,-,-
4901301259349 ,ワイドハイターラク泡スプレー本体,３００ｍｌ,50,11/15まで,-,-,-,-,-,-
4901301266194 ,リーゼ泡カラー　ミルクティブラウン,１０８ｍＬ,50,11/15まで,-,-,-,-,-,-
4901301266217 ,リーゼ泡カラー　マシュマロブラウン,１０８ｍＬ,50,11/15まで,-,-,-,-,-,-
4901301266231 ,リーゼ泡カラー　ロイヤルブラウン,１０８ｍＬ,50,11/15まで,-,-,-,-,-,-
4901301266255 ,リーゼ泡カラー　ダークショコラ,１０８ｍＬ,50,11/15まで,-,-,-,-,-,-
4901301266385 ,リーゼ泡カラー　髪色もどしブラック,１０８ｍＬ,50,11/15まで,-,-,-,-,-,-
4901301288448 ,キュキュットつめかえ用１３８０ｍｌ,１３８０ｍｌ,50,11/15まで,-,-,-,-,-,-
4901301288486 ,キュキュットピンクグレープＦつめかえ用１３８０ｍｌ,１３８０ｍｌ,50,11/15まで,-,-,-,-,-,-
4901301288523 ,キュキュットマスカットつめかえ用１３８０ｍｌ,１３８０ｍｌ,50,11/15まで,-,-,-,-,-,-
4901301288592 ,キュキュットクリア除菌つめかえ用１３８０ｍｌ,１３８０ｍｌ,50,11/15まで,-,-,-,-,-,-
4901301299468 ,リセッシュ除菌ＥＸ花粉プロテクト本体,３６０ＭＬ,50,11/15まで,-,-,-,-,-,-
4901301307439 ,キュキュットクリア除菌緑茶の香り詰替１３８０ｍｌ,１３８０ｍｌ,50,11/15まで,-,-,-,-,-,-
4901301307446 ,キュキュットクリア除菌レモンの香り詰替１３８０ｍｌ,１３８０ｍｌ,50,11/15まで,-,-,-,-,-,-
4901301332561 ,ワイドハイター強力分解パウダーつめかえ用,４５０Ｇ,50,11/15まで,-,-,-,-,-,-
4901301332769 ,ワイドハイター強力分解パウダー本体,５３０Ｇ,50,11/15まで,-,-,-,-,-,-
4901301334787 ,リセッシュ除菌ＥＸデオパワーＲアクア企画品本体,３６０ｍｌ,50,11/15まで,-,-,-,-,-,-
4901301336811 ,リーゼ泡カラー　ブリティッシュアッシュ,１０８ｍＬ,50,11/15まで,-,-,-,-,-,-
4901301348111 ,めぐりズム蒸気でグッドナイト１２枚,１２枚,50,11/15まで,-,-,-,-,-,-
4901301348128 ,めぐりズム蒸気でグッドナイトラベンダー１２枚,１２枚,50,11/15まで,-,-,-,-,-,-
4901301348425 ,リセッシュ除菌ＥＸデオドラントパワーＷオーク本体,３６０ｍｌ,50,11/15まで,-,-,-,-,-,-
4901301349040 ,リセッシュ除菌ＥＸグリーンハーブの香り本体,３７０ｍｌ,50,11/15まで,-,-,-,-,-,-
4901301349064 ,リセッシュ除菌ＥＸデオドラントパワーＳシトラス本体,３６０ｍｌ,50,11/15まで,-,-,-,-,-,-
4901301350107 ,リーゼ泡カラー　プロヴァンスロゼ,１０８ｍＬ,50,11/15まで,-,-,-,-,-,-
4901301362018 ,リセッシュ除菌ＥＸプロテクトガード本体,３６０ｍｌ,50,11/15まで,-,-,-,-,-,-
4901301362025 ,リセッシュ除菌ＥＸフレグランスピュアローズ本体,３７０ｍｌ,50,11/15まで,-,-,-,-,-,-
4901301362056 ,リセッシュ除菌ＥＸフレグランスフォレスト本体,３７０ｍｌ,50,11/15まで,-,-,-,-,-,-
4901301362070 ,リセッシュ除菌ＥＸフレグランスオリエンタル本体,３７０ＭＬ,50,11/15まで,-,-,-,-,-,-
4901301363701 ,リーゼ泡カラー　エアリーブラウン,１０８ｍＬ,50,11/15まで,-,-,-,-,-,-
4901301363718 ,リーゼ泡カラー　ソフトグレージュ,１０８ｍＬ,50,11/15まで,-,-,-,-,-,-
4901301363725 ,リーゼ泡カラー　ダークネイビー,１０８ｍＬ,50,11/15まで,-,-,-,-,-,-
4901301368201 ,リセッシュ除菌ＥＸリフレッシュミントの香り本体,３７０ＭＬ,50,11/15まで,-,-,-,-,-,-
4901301368218 ,リセッシュデオパワーアイスミントの香り本体,３６０ＭＬ,50,11/15まで,-,-,-,-,-,-
4901301371843 ,リセッシュフレグランスローズ＆ベリー本体,３７０ｍｌ,50,11/15まで,-,-,-,-,-,-
4901301373663 ,強力カビハイター　排水口スッキリ,２４０Ｇ,50,11/15まで,-,-,-,-,-,-
4901301375537 ,リーゼ泡カラー　ディープバイオレット,１０８ｍＬ,50,11/15まで,-,-,-,-,-,-
4901301377128 ,リセッシュ除菌ＥＸルームクリア本体,３５０ＭＬ,50,11/15まで,-,-,-,-,-,-
4901301377142 ,リセッシュ除菌ＥＸアクティブアップ本体,３５０ＭＬ,50,11/15まで,-,-,-,-,-,-
4901301381927 ,トイレマジＳＰツヤツヤコートＥローズスパウト,８２０ｍｌ,50,11/15まで,-,-,-,-,-,-
4901301381934 ,トイレマジＳＰツヤツヤコートシトラスＭスパウト,８２０ｍｌ,50,11/15まで,-,-,-,-,-,-
4901301382160 ,クイックルＪｏａｎフロア用除菌シート,１６枚,50,11/15まで,-,-,-,-,-,-
4901301382733 ,ロリエ　きれいスタイル超吸ランジェリー　無香料６２,６２個,50,11/15まで,-,-,-,-,-,-
4901301382740 ,ロリエ　きれいスタイル超吸ランジェリー　ブーケ６２,６２個,50,11/15まで,-,-,-,-,-,-
4901301382757 ,ロリエ　きれいスタイル超吸ランジェリーコットン５２,５２個,50,11/15まで,-,-,-,-,-,-
4901301384140 ,ワイドハイターＣヒーロー消臭Ｊグリーンの香り本体,５７０ｍｌ,50,11/15まで,-,-,-,-,-,-
4901301384157 ,ワイドハイターＣヒーロー消臭Ｊグリーンの香り替え,５００ｍｌ,50,11/15まで,-,-,-,-,-,-
4901301384164 ,ワイドハイター消臭ジェルフレッシュフローラルの香り,５７０ｍｌ,50,11/15まで,-,-,-,-,-,-
4901301384171 ,ワイドハイター消臭ジェルフレッシュフローラルの香り,５００ｍｌ,50,11/15まで,-,-,-,-,-,-
4901301393166 ,アタック抗菌ＥＸつめかえ用２５００ｇ,２５００ｇ,50,11/15まで,-,-,-,-,-,-
4901301393944 ,ハミング消臭実感リフレッシュグリーンの香り詰替,４００ｍｌ,50,11/15まで,-,-,-,-,-,-
4901301393975 ,ハミング消臭実感ローズガーデンの香り詰替,４００ｍｌ,50,11/15まで,-,-,-,-,-,-
4901301394002 ,ハミング消臭実感ジャスミンソープの香り詰替,４００ｍｌ,50,11/15まで,-,-,-,-,-,-
4901301395009 ,ニベアクリアビューティ弱酸性泡洗顔もっちり美肌詰替,１３０ｍＬ,50,11/15まで,-,-,-,-,-,-
4901301395108 ,リーゼ泡カラー　ミッドナイトアッシュ,１０８ｍＬ,50,11/15まで,-,-,-,-,-,-
4901301395115 ,リーゼ泡カラー　スモーキーアッシュグレイ,１０８ｍＬ,50,11/15まで,-,-,-,-,-,-
4901301395238 ,ロリエ　超吸ランジェリーライナーＬ　Ｆブーケ,５０個,50,11/15まで,-,-,-,-,-,-
4901301395245 ,ロリエ　超吸ランジェリーライナーＬ　天然コットン,４４個,50,11/15まで,-,-,-,-,-,-
4901301398130 ,クイックルＪｏａｎ除菌スプレーつめかえ,６３０ｍｌ,50,11/15まで,-,-,-,-,-,-
4901301401380 ,トイレマジックリン消臭プラスローズスパウト増量,９００ＭＬ,50,11/15まで,-,-,-,-,-,-
4901301401397 ,トイレマジックリン消臭プラスシトラススパウト増量,９００ＭＬ,50,11/15まで,-,-,-,-,-,-
4901301405142 ,トイレマジＳＰ除菌抗菌スパウトパウチ,８２０ｍｌ,50,11/15まで,-,-,-,-,-,-
4901301405166 ,ワイドハイター消臭ジェルグリーンシトラスの香り本体,５７０ｍｌ,50,11/15まで,-,-,-,-,-,-
4901301405173 ,ワイドハイター消臭ジェルグリーンシトラスの香り詰替,５００ｍｌ,50,11/15まで,-,-,-,-,-,-
4901301406217 ,ハミング消臭実感リラックスソープの香り詰替,４００ｍｌ,50,11/15まで,-,-,-,-,-,-
4901301406231 ,ハミング消臭実感アクアティックフルーツの香り詰替,４００ｍｌ,50,11/15まで,-,-,-,-,-,-
4901301406255 ,ハミング消臭実感ＷパワーＳシトラスの香り詰替,４００ｍｌ,50,11/15まで,-,-,-,-,-,-
4901301406279 ,ハミング消臭実感ＷパワーＦフローラルの香り詰替,４００ｍｌ,50,11/15まで,-,-,-,-,-,-
4901301406415 ,リーゼ泡カラー　シュガーピンク,１０８ｍＬ,50,11/15まで,-,-,-,-,-,-
4901301406422 ,リーゼ泡カラー　シトロンアッシュ,１０８ｍＬ,50,11/15まで,-,-,-,-,-,-
4901301406705 ,キッチンマジックリン泡ジェット本体,３７０ｍｌ,50,11/15まで,-,-,-,-,-,-
4901301406712 ,キッチンマジックリン泡ジェットつめかえ用,６３０ｍｌ,50,11/15まで,-,-,-,-,-,-
4901301407917 ,アタック抗菌ＥＸ部屋干し用つめかえ用２５００ｇ,２．５０ｋｇ,50,11/15まで,-,-,-,-,-,-
4901301411594 ,ニベア　クリアビューティー弱酸性泡洗顔　皮脂すっき,１３０ｍｌ,50,11/15まで,-,-,-,-,-,-
4901301412461 ,リセッシュ除菌ＥＸガーデンローズの香り本体,３７０ｍｌ,50,11/15まで,-,-,-,-,-,-
4901301415028 ,トイレマジＳＰツヤツヤコートＥＲスパウト増量,９００ＭＬ,50,11/15まで,-,-,-,-,-,-
4901301415035 ,トイレマジＳＰツヤツヤコートＣスパウト増量,９００ＭＬ,50,11/15まで,-,-,-,-,-,-
4901301415349 ,トイレマジＳＰ除菌・抗菌スパウト増量,９００ＭＬ,50,11/15まで,-,-,-,-,-,-
4901301415660 ,アタック抗菌ＥＸ部屋干し用つめかえ用２５００ｇ,２．５０ｋｇ,50,11/15まで,-,-,-,-,-,-
4901301415776 ,アタック抗菌ＥＸつめかえ用２５００ｇ,２５００ｇ,50,11/15まで,-,-,-,-,-,-
4901301418180 ,ハミング消臭実感リフレッシュグリーンの香り　詰替,３８０ｍｌ,50,11/15まで,-,-,-,-,-,-
4901301418197 ,ハミング消臭実感ローズ＆フローラルの香り　詰替,３８０ｍｌ,50,11/15まで,-,-,-,-,-,-
4901301418203 ,ハミング消臭実感香り控えめホワイトソープの香り詰替,３８０ｍｌ,50,11/15まで,-,-,-,-,-,-
4901301418210 ,ハミング消臭実感アクアティックフルーツの香り　詰替,３８０ｍｌ,50,11/15まで,-,-,-,-,-,-
4901301418531 ,キュキュットグレープフルーツの香り詰替１２５０ｍｌ,１２５０ＭＬ,50,11/15まで,-,-,-,-,-,-
4901301420749 ,ハミングフレアフレグランスアロマ魅惑の果実本体,９０ＭＬ,50,11/15まで,-,-,-,-,-,-
4901301420756 ,ハミングフレアフレグランスアロマ高貴な香水本体,９０ＭＬ,50,11/15まで,-,-,-,-,-,-
4901301420794 ,ハミング消臭実感Ｗパワースプラッシュシトラスの香り,３８０ｍｌ,50,11/15まで,-,-,-,-,-,-
4901301420848 ,ハミング消臭実感Ｗパワー　ハーバルデオサボンの香り,３８０ｍｌ,50,11/15まで,-,-,-,-,-,-
4901301421487 ,●リーゼ泡カラー　ルーセントピンク,１０８ｍＬ,50,11/15まで,-,-,-,-,-,-
4901301421494 ,●リーゼ泡カラー　アンティークブラウン,１０８ｍＬ,50,11/15まで,-,-,-,-,-,-
4901301421500 ,●リーゼ泡カラー　フォギーブラウン,１０８ｍＬ,50,11/15まで,-,-,-,-,-,-
4901301422101 ,キュキュットクリアＣＬＥＡＲ泡ＳＰレモンの香り詰替,１１２０ｍｌ,50,11/15まで,-,-,-,-,-,-
4901301422118 ,キュキュットクリア除菌ＣＬＥＡＲ泡スプレー微香詰替,１１２０ｍｌ,50,11/15まで,-,-,-,-,-,-
4901301422125 ,キュキュットＣＬＥＡＲ泡ＳＰオレンジの香り替５回分,１１２０ｍｌ,50,11/15まで,-,-,-,-,-,-
4901301422132 ,キュキュットＣＬＥＡＲ泡スプレー無香性詰替５回分,１１２０ｍｌ,50,11/15まで,-,-,-,-,-,-
4901301422637 ,トイレマジックリン泡パックサボンシトラス本体,３００ｍｌ,50,11/15まで,-,-,-,-,-,-
4901301422644 ,トイレマジックリン泡パックサボンシトラス詰替,６６０ｍｌ,50,11/15まで,-,-,-,-,-,-
4901301422651 ,トイレマジックリン泡パックホワイトフローラル本体,３００ｍｌ,50,11/15まで,-,-,-,-,-,-
4901301422668 ,トイレマジックリン泡パックホワイトフローラル詰替,６６０ｍｌ,50,11/15まで,-,-,-,-,-,-
4901301430564 ,めぐりズムグッドナイトドリーミー１２枚,１２枚,50,11/15まで,-,-,-,-,-,-
4901301430892 ,ハミング消臭実感Ｗパワークリアシトラス　詰替,３８０ｍｌ,50,11/15まで,-,-,-,-,-,-
4901301430908 ,ハミング消臭実感Ｗパワーデオドラントサボン　詰替,３８０ｍｌ,50,11/15まで,-,-,-,-,-,-
4901301432629 ,アタック抗菌ＥＸラク干しプラス　つめかえ用８１０ｇ,８１０ｇ,50,11/15まで,-,-,-,-,-,-
4901301433381 ,リーゼ　泡ブリーチ　ナチュラルトーン,１０８ｍＬ,50,11/15まで,-,-,-,-,-,-
4901301433565 ,ハミング消臭実感オレンジ＆フラワー　詰替,３８０ｍｌ,50,11/15まで,-,-,-,-,-,-
4901301434043 ,リーゼ　ブリーチオンカラー　さくらピンク,１０８ｍＬ,50,11/15まで,-,-,-,-,-,-
4901301434050 ,リーゼ　ブリーチオンカラー　ラナンキュラスオレンジ,１０８ｍＬ,50,11/15まで,-,-,-,-,-,-
4901301434067 ,リーゼ　ブリーチオンカラー　Ｆフラワーベージュ,１０８ｍＬ,50,11/15まで,-,-,-,-,-,-
4901301434074 ,リーゼ　ブリーチオンカラー　スイートピーグレージュ,１０８ｍＬ,50,11/15まで,-,-,-,-,-,-
4901301434319 ,アタック抗菌ＥＸ　つめかえ用２１２０Ｇ,２１２０ｇ,50,11/15まで,-,-,-,-,-,-
4901301434401 ,アタック抗菌ＥＸ　部屋干し用　つめかえ２０３０ｇ,２０３０ｇ,50,11/15まで,-,-,-,-,-,-
4901301435149 ,アタック除菌アドバンス　つめかえ用　２０３０ｇ,２０３０ｇ,50,11/15まで,-,-,-,-,-,-
4901301435231 ,トイレマジこすらずスッキリ泡パックミモザ本体,３００ｍｌ,50,11/15まで,-,-,-,-,-,-
4901301435248 ,トイレマジ泡パックミモザ　つめかえ用６６０ＭＬ,６６０ｍｌ,50,11/15まで,-,-,-,-,-,-
4901301435965 ,トイレマジックリン泡パックウォーターミント本体,３００ｍｌ,50,11/15まで,-,-,-,-,-,-
4901301435989 ,トイレマジックリン泡パックウォーターミントつめかえ,６６０ｍｌ,50,11/15まで,-,-,-,-,-,-
4901301437280 ,めぐりズム蒸気でグッドナイトドリーミー１２枚,１２枚,50,11/15まで,-,-,-,-,-,-
4901301441393 ,トイレマジ泡パックＣ　つめかえ用増量７２０ＭＬ,７２０ｍｌ,50,11/15まで,-,-,-,-,-,-
4901301441409 ,トイレマジ泡パックＦ　つめかえ用増量７２０ＭＬ,７２０ｍｌ,50,11/15まで,-,-,-,-,-,-
4901301447128 ,トイレマジックリン泡パックミントつめかえ増量,７２０ｍｌ,50,11/15まで,-,-,-,-,-,-
4901301450210 ,ハミング消臭実感リフレッシュグリーン詰替３７０ｍｌ,３７０ｍｌ,50,11/15まで,-,-,-,-,-,-
4901301450227 ,ハミング消臭実感ローズ＆フローラル詰替え３７０ｍｌ,３７０ｍｌ,50,11/15まで,-,-,-,-,-,-
4901301450234 ,ハミング消臭実感ホワイトソープつめかえ用３７０ｍｌ,３７０ｍｌ,50,11/15まで,-,-,-,-,-,-
4901301450241 ,ハミング消臭実感オレンジ＆フラワー詰替え３７０ｍｌ,３７０ｍｌ,50,11/15まで,-,-,-,-,-,-
4901301450401 ,ハミング消臭実感汗・脂臭タイプシトラス替３６０ｍｌ,３６０ｍｌ,50,11/15まで,-,-,-,-,-,-
4901301451156 ,アタック抗菌ＥＸ　つめかえ用　９００ｇ,９００ｇ,50,11/15まで,-,-,-,-,-,-
4901301451187 ,アタック抗菌ＥＸ　部屋干し用　つめかえ用８５０ｇ,８５０ｇ,50,11/15まで,-,-,-,-,-,-
4901301455062 ,アタック抗菌ＥＸラク干しプラス　つめかえ用８１０ｇ,８１０ｇ,50,11/15まで,-,-,-,-,-,-
4901301456922 ,アタック除菌アドバンス　つめかえ用８５０ｇ,８５０ｇ,50,11/15まで,-,-,-,-,-,-
4901301463326 ,ハミング消臭実感　リフレッシュグリーンの香り　詰替,３７０ｇ,50,11/15まで,-,-,-,-,-,-
4901301463333 ,ハミング消臭実感　ローズ＆フローラルの香り　詰替,３７０ｇ,50,11/15まで,-,-,-,-,-,-
4901301463340 ,ハミング消臭実感　ホワイトソープの香り詰替,３７０ｇ,50,11/15まで,-,-,-,-,-,-
4901301463357 ,ハミング消臭実感　リラックス＆フローラルの香り詰替,３７０ｇ,50,11/15まで,-,-,-,-,-,-
4901301463364 ,ハミング消臭実感　汗・脂臭タイプ　Ｃシトラス　詰替,３６０ｇ,50,11/15まで,-,-,-,-,-,-
4901301463876 ,ハミング消臭実感部屋干しタイプハーバルサボン　詰替,３６０ｇ,50,11/15まで,-,-,-,-,-,-
4901301467478 ,アタック抗菌ＥＸ　部屋干し用　つめかえ８５０ｇ,８５０ｇ,50,11/15まで,-,-,-,-,-,-
4901301468253 ,アタック抗菌ＥＸ　つめかえ用８５０Ｇ,８５０ｇ,50,11/15まで,-,-,-,-,-,-
4901301761972 ,キッチン泡ハイター本体＋替,１組,50,11/15まで,-,-,-,-,-,-
4901417162083 ,ナイーブ　ボディソープクロミちゃん　ポンプ,５３０ｍｌ,50,11/15まで,-,-,-,-,-,-
4901417162120 ,ナイーブ　ボディソープ（ひんやり桃ソーダ）ポンプ,５３０ｍｌ,50,11/15まで,-,-,-,-,-,-
4901417162168 ,ナイーブ　Ｂクロミちゃんサマー　ポンプ,５３０ｍｌ,50,11/15まで,-,-,-,-,-,-
4901417162182 ,ナイーブ　泡で出てくるＢマイメロサマー　ポンプ,６００ｍｌ,50,11/15まで,-,-,-,-,-,-
4901417162915 ,ナイーブ　ボディソープ（金木犀の香り）ポンプ,５３０ｍＬ,50,11/15まで,-,-,-,-,-,-
4901417162939 ,ナイーブ　泡ボディソープ（金木犀の香り）ポンプ,６００ｍＬ,50,11/15まで,-,-,-,-,-,-
4901417162953 ,ナイーブ　ボディソープ（抹茶ラテの香り）ポンプ,５３０ｍＬ,50,11/15まで,-,-,-,-,-,-
4901417162977 ,ナイーブ　泡ボディソープ（抹茶ラテの香り）ポンプ,６００ｍＬ,50,11/15まで,-,-,-,-,-,-
4901417163059 ,ナイーブ　ボディソープ（さくらの香り）ポンプ,５３０ｍｌ,50,11/15まで,-,-,-,-,-,-
4901417163073 ,ナイーブ　泡ボディソープ（さくらの香り）ポンプ,６００ｍｌ,50,11/15まで,-,-,-,-,-,-
4901417163134 ,ナイーブ　ボディソープ（ミニオン）ポンプ,５３０ｍＬ,50,11/15まで,-,-,-,-,-,-
4901417163158 ,ナイーブ　泡ボディソープ（ミニオン）ポンプ,６００ｍＬ,50,11/15まで,-,-,-,-,-,-
4901417163172 ,ナイーブ　ボディソープ（ハワイアンクール）ポンプ,５３０ｍＬ,50,11/15まで,-,-,-,-,-,-
4901417163196 ,ナイーブ　泡ボディソープ（ハワイアンクール）ポンプ,６００ｍＬ,50,11/15まで,-,-,-,-,-,-
4901417170026 ,ナイーブ　ボディソープ（ミニオンサマー）ポンプ,５３０ｍＬ,50,11/15まで,-,-,-,-,-,-
4901417170040 ,ナイーブ　泡ボディソープ（ミニオンサマー）ポンプ,６００ｍＬ,50,11/15まで,-,-,-,-,-,-
4901417622228 ,肌美精　ビューティーケアマスク（ニキビ）,３マイ,50,11/15まで,-,-,-,-,-,-
4901417628534 ,肌美精ＯＮＥ　リンクルケア　密着濃厚アイクリーム,１５ｇ,50,11/15まで,-,-,-,-,-,-
4901417628923 ,肌美精うるおい浸透マスク　超しっとり,５枚,50,11/15まで,-,-,-,-,-,-
4901417628930 ,肌美精うるおい浸透マスク　深層美白,５枚,50,11/15まで,-,-,-,-,-,-
4901417629241 ,肌美精　ＣＨＯＩ薬用マスク　肌・毛穴ケア,１０枚,50,11/15まで,-,-,-,-,-,-
4901417629258 ,肌美精　ＣＨＯＩ薬用フェイスウォッシュ肌・毛穴ケア,１１０ｇ,50,11/15まで,-,-,-,-,-,-
4901417629449 ,肌美精　ＣＨＯＩ薬用化粧水ニキビケア,３２０ｍｌ,50,11/15まで,-,-,-,-,-,-
4901417629517 ,肌美精　ＣＨＯＩマスク　薬用ニキビケア,１０枚,50,11/15まで,-,-,-,-,-,-
4901417629524 ,肌美精　ＣＨＯＩフェイスウォッシュ薬用ニキビケア,１１０ｇ,50,11/15まで,-,-,-,-,-,-
4901417629661 ,肌美精　ＣＨＯＩマスク　薬用乾燥肌あれケア,１０枚,50,11/15まで,-,-,-,-,-,-
4901417629722 ,肌美精　ＣＨＯＩ薬用ミスト化粧水ニキビケア,１５０ｇ,50,11/15まで,-,-,-,-,-,-
4901417629777 ,肌美精ＣＨＯＩ　クレンジングオイル　薬用ニキビケア,１５０ｍｌ,50,11/15まで,-,-,-,-,-,-
4901417630179 ,肌美精　超浸透３Ｄマスク　クール,４枚,50,11/15まで,-,-,-,-,-,-
4901417630643 ,肌美精　超浸透３Ｄマスク冬デザイン,４枚,50,11/15まで,-,-,-,-,-,-
4901417630650 ,肌美精　超浸透３Ｄマスク桜デザイン,４枚,50,11/15まで,-,-,-,-,-,-
4901417630674 ,肌美精　超浸透３Ｄマスク　エイジング保湿,４枚,50,11/15まで,-,-,-,-,-,-
4901417630988 ,肌美精　超浸透３Ｄマスク　超もっちり,４枚,50,11/15まで,-,-,-,-,-,-
4901417631077 ,肌美精　乾燥小じわ目元集中リンクルケアマスク,６０枚入り【３０回】,50,11/15まで,-,-,-,-,-,-
4901417631350 ,肌美精ＣＨＯＩマスク薬用ニキビケア　クロミ,１０枚,50,11/15まで,-,-,-,-,-,-
4901417631381 ,肌美精　超浸透３Ｄマスク　エイジングケア美白,４枚,50,11/15まで,-,-,-,-,-,-
4901417631404 ,肌美精　ＣＨＯＩマスクニキビ　クロミ,１０枚,50,11/15まで,-,-,-,-,-,-
4901417631503 ,肌美精　ＣＨＯＩマスク肌・毛穴　マイメロ,１０枚,50,11/15まで,-,-,-,-,-,-
4901417631596 ,肌美精ＣＨＯＩマスク肌・毛穴ケア　ポムポムプリン,１０枚,50,11/15まで,-,-,-,-,-,-
4901417631961 ,肌美精　うるおい浸透マスク（アクネ）,５枚,50,11/15まで,-,-,-,-,-,-
4901609006065 ,アクティブ酸素で落とす洗たく槽カビキラーパウダー,２５０ｇ,50,11/15まで,-,-,-,-,-,-
4901616011717 ,ガムウェルプラスデンタルペーストハーブミント,１２５ｇ,50,11/15まで,-,-,-,-,-,-
4901616011724 ,ガムウェルプラスデンタルペーストリフレッシュクール,１２５ｇ,50,11/15まで,-,-,-,-,-,-
4901616012257 ,ガムプロケアハイパーセンシティブマイルドハーブ香味,９０ｇ,50,11/15まで,-,-,-,-,-,-
4901616012264 ,ガムプロケアハイパーセンシティブシトラス香味,９０ｇ,50,11/15まで,-,-,-,-,-,-
4901616012622 ,ガムプラス　デンタルペースト　ハーブミント,１２０ｇ,50,11/15まで,-,-,-,-,-,-
4901616012639 ,ガムプラス　デンタルペースト　リフレッシュミント,１２０ｇ,50,11/15まで,-,-,-,-,-,-
4901616012806 ,ガム・ハグキラボＤペースト　メディカルハーブミント,８５ｇ,50,11/15まで,-,-,-,-,-,-
4901616012813 ,ガム・ハグキラボＤペースト　ナチュラルハーブミント,８５ｇ,50,11/15まで,-,-,-,-,-,-
4901616012899 ,ガム・知覚過敏ラボＤペースト　リフレッシュシトラス,９０ｇ,50,11/15まで,-,-,-,-,-,-
4901616012905 ,ガム・知覚過敏ラボＤペースト　マイルドハーブ,９０ｇ,50,11/15まで,-,-,-,-,-,-
4901616013315 ,ガムプラスデンタルペーストリラックスミント,１２０ｇ,50,11/15まで,-,-,-,-,-,-
4901616013469 ,ガム・プレミアムペースト知覚過敏ケアマイルドハーブ,９０ｇ,50,11/15まで,-,-,-,-,-,-
4901616013476 ,ガム・プレミアムペースト知覚過敏ケアシトラス,９０ｇ,50,11/15まで,-,-,-,-,-,-
4901616013483 ,ガム・プレミアムペーストナチュラルハーブミント,８５ｇ,50,11/15まで,-,-,-,-,-,-
4901616013490 ,ガム・プレミアムペーストメディカルハーブミント,８５ｇ,50,11/15まで,-,-,-,-,-,-
4901616013506 ,ガム・プレミアムデンタルペーストハグキケアうるおい,８５ｇ,50,11/15まで,-,-,-,-,-,-
4901616013513 ,ガム・プレミアムデンタルペーストハグキケア,９０ｇ,50,11/15まで,-,-,-,-,-,-
4901616965553 ,ガムウェルプラスペーストハーブミント２５ｇ付,１２５ｇ＋２５ｇ,50,11/15まで,-,-,-,-,-,-
4901616965560 ,ガムウェルプラスペーストクール２５ｇ付,１２５ｇ＋２５ｇ,50,11/15まで,-,-,-,-,-,-
4901616966017 ,ガムウェルプラスペーストクール２０ｇ増量,１４５ｇ,50,11/15まで,-,-,-,-,-,-
4901616966024 ,ガムウェルプラスペーストハーブミント２０ｇ増量,１４５ｇ,50,11/15まで,-,-,-,-,-,-
4901616967281 ,ガムプラス　Ｄペーストハーブミントミニリンス付き,１２０ｇ＋８０ｍｌ,50,11/15まで,-,-,-,-,-,-
4901616967298 ,ガムプラス　Ｄペーストリフレッシュミント　リンス付,１２０ｇ＋８０ｍｌ,50,11/15まで,-,-,-,-,-,-
4901616967649 ,ガムプラス　デンタルペーストハーブミント増量,１４０ｇ,50,11/15まで,-,-,-,-,-,-
4901616967656 ,ガムプラス　デンタルペーストリフレッシュミント増量,１４０ｇ,50,11/15まで,-,-,-,-,-,-
4901616968202 ,ガム・ハグキラボＤペーストＭハーブ　ハブラシ付,８５ｇ＋１本,50,11/15まで,-,-,-,-,-,-
4901616968219 ,ガム・ハグキラボＤペーストＮハーブ　ハブラシ付,８５ｇ＋１本,50,11/15まで,-,-,-,-,-,-
4901616968912 ,ガム・ハグキラボＤペーストＭハーブ　ハブラシ付Ｎ,８５ｇ＋１本,50,11/15まで,-,-,-,-,-,-
4901616968929 ,ガム・ハグキラボＤペーストＮハーブ　ハブラシ付Ｎ,８５ｇ＋１本,50,11/15まで,-,-,-,-,-,-
4901616969049 ,ガムプラスデンタルペーストハーブミント１０％増量,１３２ｇ,50,11/15まで,-,-,-,-,-,-
4901616969056 ,ガムプラスペーストリフレッシュミント１０％増量,１３２ｇ,50,11/15まで,-,-,-,-,-,-
4901616969759 ,ガムプラスデンタルペーストハーブミント２０ｇ付,１２０ｇ＋２０ｇ,50,11/15まで,-,-,-,-,-,-
4901616969766 ,ガムプラスペーストリフレッシュミント２０ｇ付,１２０ｇ＋２０ｇ,50,11/15まで,-,-,-,-,-,-
4901616970311 ,ガムプレミアムペーストハグキケア１０％増量,９９ｇ,50,11/15まで,-,-,-,-,-,-
4901616970328 ,ガムプレミアムペーストハグキケアうるおい１０％増量,９４ｇ,50,11/15まで,-,-,-,-,-,-
4901616970335 ,ガムプレミアムペーストメディカルハーブ１０％増量,９４ｇ,50,11/15まで,-,-,-,-,-,-
4901616970359 ,ガムプレミアムペーストナチュラルハーブ１０％増量,９４ｇ,50,11/15まで,-,-,-,-,-,-
4901616970427 ,ガムプラスペーストリラックスミント１０％増量,１３２ｇ,50,11/15まで,-,-,-,-,-,-
4901750806040 ,アクティ　においが良い香りに変わるおしりふき,７２枚,50,11/15まで,-,-,-,-,-,-
4901750807344 ,ポイズパッド超スリム　安心の中量,２２枚,50,11/15まで,-,-,-,-,-,-
4901750807351 ,ポイズパッド超スリム　多い時も安心,２０枚,50,11/15まで,-,-,-,-,-,-
4901750807368 ,ポイズパッド超スリム　長時間も安心,１６枚,50,11/15まで,-,-,-,-,-,-
4901750807375 ,ポイズパッド超スリム　多い時長時間,１４枚,50,11/15まで,-,-,-,-,-,-
4901750807382 ,ポイズパッド超スリム　特に多い時長時間,１２枚,50,11/15まで,-,-,-,-,-,-
4901750830489 ,ＭＫ　ポイズパッド　超スリム　安心の中量用,２２枚【６０ｃｃ】,50,11/15まで,-,-,-,-,-,-
4901750830977 ,ＭＫ　ポイズパッド　超スリム　多い時も安心用,２０枚【１１０ｃｃ】,50,11/15まで,-,-,-,-,-,-
4901750830991 ,ＭＫ　ポイズパッド　超スリム　長時間も安心用,１６枚【１６０ｃｃ】,50,11/15まで,-,-,-,-,-,-
4901750837013 ,ＭＫ　ポイズパッド　超スリム　多い・長時間安心用,１４枚【１９０ｃｃ】,50,11/15まで,-,-,-,-,-,-
4901750837181 ,ＭＫポイズ　超スリム＆Ｃ中量用２４枚,２４枚【５５ｃｃ】,50,11/15まで,-,-,-,-,-,-
4901750837204 ,ＭＫポイズ　超スリム＆Ｃ安心の中量用２２枚,２２枚【８０ｃｃ】,50,11/15まで,-,-,-,-,-,-
4901750837228 ,ＭＫポイズ　超スリム＆Ｃ多い時も安心用１８枚,１８枚【１２０ｃｃ】,50,11/15まで,-,-,-,-,-,-
4901750837242 ,ＭＫポイズ　超スリム＆Ｃ長時間・夜も安心用１６枚,１６枚【１７０ｃｃ】,50,11/15まで,-,-,-,-,-,-
4901750837266 ,ＭＫポイズ　超スリム＆Ｃ特に多い・夜も安心１４枚,１４枚【２２０ｃｃ】,50,11/15まで,-,-,-,-,-,-
4902011100341 ,アテント超うすパンツ下着爽快エレガントＭ２枚,２枚,50,11/15まで,-,-,-,-,-,-
4902011100365 ,アテント超うすパンツ下着爽快エレガントＬ２枚,２枚,50,11/15まで,-,-,-,-,-,-
4902011100389 ,アテントうす型パンツ下着気分エレガントＭ２枚,２枚,50,11/15まで,-,-,-,-,-,-
4902011100402 ,アテントうす型パンツ下着気分エレガントＬ２枚,２枚,50,11/15まで,-,-,-,-,-,-
4902011107760 ,エリエール超吸収キッチンタオル４Ｒ　１２０カット,４Ｒ　１２０カット,50,11/15まで,-,-,-,-,-,-
4902011120455 ,キミおもい　消臭抗菌システムトイレシート１週間,２０枚,50,11/15まで,-,-,-,-,-,-
4902011127348 ,キミおもい　パワフル消臭シート　レギュラー,８８枚,50,11/15まで,-,-,-,-,-,-
4902011127362 ,キミおもい　パワフル消臭シート　ワイド,４４枚,50,11/15まで,-,-,-,-,-,-
4902011127386 ,キミおもい　パワフル消臭シート　ＳＷ,１８枚,50,11/15まで,-,-,-,-,-,-
4902011881356 ,朝まで超安心クリニクス（量が心配な人用）羽つき６枚,６枚,50,11/15まで,-,-,-,-,-,-
4902111749488 ,ダヴボディボタニカルラベンダーポンプ,５００ｇ,50,11/15まで,-,-,-,-,-,-
4902111749501 ,ダヴボディボタニカルローズポンプ,５００ｇ,50,11/15まで,-,-,-,-,-,-
4902111749525 ,ダヴボディボタニカルジャスミンポンプ,５００ｇ,50,11/15まで,-,-,-,-,-,-
4902111750118 ,ダヴボタニカル　ポアビューティ―　泡洗顔料,１４５ｍｌ,50,11/15まで,-,-,-,-,-,-
4902111750132 ,ダヴボタニカル　ナチュラルラディアンス　泡洗顔料,１４５ｍｌ,50,11/15まで,-,-,-,-,-,-
4902111758817 ,ダヴボディボタニカルオリーブポンプ,５００ｇ,50,11/15まで,-,-,-,-,-,-
4902111759401 ,ルミニーク　ダメージリペアシャンプー詰替Ｎ,３５０ｇ,50,11/15まで,-,-,-,-,-,-
4902111759418 ,ルミニーク　ダメージリペアトリートメント詰替Ｎ,３５０ｇ,50,11/15まで,-,-,-,-,-,-
4902111759456 ,ルミニーク　モイストチャージシャンプー替Ｎ,３５０ｇ,50,11/15まで,-,-,-,-,-,-
4902111759463 ,ルミニーク　モイストチャージトリートメント替Ｎ,３５０ｇ,50,11/15まで,-,-,-,-,-,-
4902111759500 ,ルミニーク　ハピネスブルームシャンプー替Ｎ,３５０ｇ,50,11/15まで,-,-,-,-,-,-
4902111759517 ,ルミニーク　ハピネスブルームトリートメント替Ｎ,３５０ｇ,50,11/15まで,-,-,-,-,-,-
4902111759609 ,ルミニーク　ボタニカルピュアシャンプー詰替Ｎ,３５０ｇ,50,11/15まで,-,-,-,-,-,-
4902111759616 ,ルミニーク　ボタニカルピュアトリートメント詰替Ｎ,３５０ｇ,50,11/15まで,-,-,-,-,-,-
4902111759654 ,ＭＫ　ルミニークボタニカルリペア　ＳＰ　詰替Ｎ,３５０ｇ,50,11/15まで,-,-,-,-,-,-
4902111759661 ,ＭＫ　ルミニークボタニカルリペア　ＴＲ　詰替Ｎ,３５０ｇ,50,11/15まで,-,-,-,-,-,-
4902111759838 ,ダヴ　ボタニカルビューティーレジリエンス　泡洗顔料,１４５ｍｌ,50,11/15まで,-,-,-,-,-,-
4902111760094 ,ルミニーク　ダメージリペアマスク,１７０ｇ,50,11/15まで,-,-,-,-,-,-
4902111765549 ,ラックス　ボタニカルシャインＳＰ詰替,３３０ｇ,50,11/15まで,-,-,-,-,-,-
4902111765556 ,ラックス　ボタニカルシャインＣＤ詰替,３３０ｇ,50,11/15まで,-,-,-,-,-,-
4902111773384 ,ダヴビューティモイスチャー　クリーミー泡洗顔料,１５０ｍｌ,50,11/15まで,-,-,-,-,-,-
4902111773391 ,ダヴクリアリニュー　クリーミー泡洗顔料,１５０ｍｌ,50,11/15まで,-,-,-,-,-,-
4902111773407 ,ダヴディープピュア　クリーミー泡洗顔料,１５０ｍｌ,50,11/15まで,-,-,-,-,-,-
4902111773414 ,ダヴニキビケア　クリーミー泡洗顔料,１５０ｍｌ,50,11/15まで,-,-,-,-,-,-
4902111773421 ,ダヴセンシティブマイルド　クリーミー泡洗顔料,１５０ｍｌ,50,11/15まで,-,-,-,-,-,-
4902111777795 ,ダヴ　トリプルビタミンＣ　クリーミー泡洗顔料,１５０ｍｌ,50,11/15まで,-,-,-,-,-,-
4902111778266 ,ダヴ　クリーミー泡洗顔料　金木犀の香り,１５０ｍｌ,50,11/15まで,-,-,-,-,-,-
4902111779928 ,ダヴビューティモイスチャークリーミー泡洗顔　ミモザ,１５０ｍｌ,50,11/15まで,-,-,-,-,-,-
4902111781006 ,ラックス　ダメージ補修　チューブトリートメント,１５０ｇ,50,11/15まで,-,-,-,-,-,-
4902111781013 ,ラックス　モイスチャー保湿　チューブトリートメント,１５０ｇ,50,11/15まで,-,-,-,-,-,-
4902111781020 ,ラックス　ストレート　チューブトリートメント,１５０ｇ,50,11/15まで,-,-,-,-,-,-
4902111781037 ,ラックス　リラックスナイト　チューブトリートメント,１５０ｇ,50,11/15まで,-,-,-,-,-,-
4902111781082 ,ラックス　ダメージリペア　補修ヘアオイル,７０ｍｌ,50,11/15まで,-,-,-,-,-,-
4902111781099 ,ラックス　モイスチャー　保湿ヘアオイル,７０ｍｌ,50,11/15まで,-,-,-,-,-,-
4902111781105 ,ラックス　ストレートビューティー　ヘアオイル,７０ｍｌ,50,11/15まで,-,-,-,-,-,-
4902111781112 ,ラックス　リラックスナイト　ヘアオイル,７０ｍｌ,50,11/15まで,-,-,-,-,-,-
4902111781228 ,ラックス　ダメージリペア　補修ヘアミルク,１００ｍｌ,50,11/15まで,-,-,-,-,-,-
4902111781235 ,ラックス　リラックスナイトケアまとまりヘアミルク,１００ｍｌ,50,11/15まで,-,-,-,-,-,-
4902111781242 ,ラックス　ダメージリペア　補修ヘアマスク,１８０ｇ,50,11/15まで,-,-,-,-,-,-
4902111781259 ,ラックスダメージリペア　補修ヘアマスク　詰替,１５０ｇ,50,11/15まで,-,-,-,-,-,-
4902111781266 ,ラックス　ダメージリペア　補修ヘアミスト,２００ｍｌ,50,11/15まで,-,-,-,-,-,-
4902111781969 ,ラックス　キンモクセイ　トリートメント,１５０ｇ,50,11/15まで,-,-,-,-,-,-
4902111781983 ,ラックス　キンモクセイ　ヘアオイル,７０ｍｌ,50,11/15まで,-,-,-,-,-,-
4902111782492 ,ラックス　モイスチャー　保湿ヘアオイル　サクラ,７０ｍｌ,50,11/15まで,-,-,-,-,-,-
4902111782508 ,ラックス　ダメージリペア　補修ヘアミルク　サクラ,１００ｍｌ,50,11/15まで,-,-,-,-,-,-
4902111783307 ,ダヴ　ＶＣマイルド　クリーミー泡洗顔料,１５０ｍｌ,50,11/15まで,-,-,-,-,-,-
4902111783918 ,ラックススーパーリッチシャインミモザヘアオイル,７０ｍｌ,50,11/15まで,-,-,-,-,-,-
4902111784991 ,ラックス　クロミ　コラボ　補修ヘアオイル,７０ｍｌ,50,11/15まで,-,-,-,-,-,-
4902111785004 ,ラックス　クロミ　コラボ　補修ヘアミルク,１００ｍｌ,50,11/15まで,-,-,-,-,-,-
4902418004365 ,懐石　２つのごほうび　小魚添えペア,６５０ｇ,50,11/15まで,-,-,-,-,-,-
4902418004372 ,懐石　２つのごほうび　かつお節添えペア,６５０ｇ,50,11/15まで,-,-,-,-,-,-
4902418004389 ,懐石　２つのごほうび　まぐろ節添えペア,６５０ｇ,50,11/15まで,-,-,-,-,-,-
4902418004396 ,懐石　２つのごほうび　白身魚添えペア,６５０ｇ,50,11/15まで,-,-,-,-,-,-
4902418004402 ,懐石　２つのごほうび　ささみ添えペア,６５０ｇ,50,11/15まで,-,-,-,-,-,-
4902418004419 ,懐石　２つのごほうび　小魚とささみ添えペア,６５０ｇ,50,11/15まで,-,-,-,-,-,-
4902418004426 ,懐石　２つのごほうび　グレインフリー,６００ｇ,50,11/15まで,-,-,-,-,-,-
4902418004433 ,懐石　２つのごほうび　下部尿路の健康維持,６００ｇ,50,11/15まで,-,-,-,-,-,-
4902418004440 ,懐石　２つのごほうび　毛玉に配慮,６００ｇ,50,11/15まで,-,-,-,-,-,-
4902418004457 ,懐石　２つのごほうび　腎臓の健康維持,６００ｇ,50,11/15まで,-,-,-,-,-,-
4902418004464 ,懐石　２つのごほうび　おさかな添えペア　子ねこ用,６５０ｇ,50,11/15まで,-,-,-,-,-,-
4902418004471 ,懐石　２つのごほうび　低脂肪,６５０ｇ,50,11/15まで,-,-,-,-,-,-
4902424441116 ,ゴキファイタープロ　１２個入,１２個入,50,11/15まで,-,-,-,-,-,-
4902424441727 ,キッチン用アルコール除菌スプレー替２回分,７２０ｍｌ,50,11/15まで,-,-,-,-,-,-
4902424445183 ,虫よけバリアスプレー４５０ｍｌ,４５０ｍｌ,50,11/15まで,-,-,-,-,-,-
4902430751988 ,アリエールリビングドライイオンパワージェル詰替特大,１２６０ｇ,50,11/15まで,-,-,-,-,-,-
4902430752077 ,アリエールイオンパワージェルサイエンスプラスつめか,１２６０ｇ,50,11/15まで,-,-,-,-,-,-
4902430889469 ,アリエールプロクリーンジェル本体,７５０ｇ,50,11/15まで,-,-,-,-,-,-
4902430889506 ,レノアオードリュクススタイルイノセント本体,５３０ｍＬ,50,11/15まで,-,-,-,-,-,-
4902430889865 ,アリエールプロクリーンジェルつめかえ超特大,１３４０ｇ,50,11/15まで,-,-,-,-,-,-
4902430893503 ,レノアオードリュクスパルファムイノセント本体,５３０ｍＬ,50,11/15まで,-,-,-,-,-,-
4902430914116 ,レノア超消臭抗菌ビーズスポーツクールリフレッシュ本,４９０ｍＬ,50,11/15まで,-,-,-,-,-,-
4902430914130 ,レノア超消臭抗菌ビーズグリーンミスト本体,４９０ｍＬ,50,11/15まで,-,-,-,-,-,-
4902430914178 ,レノア超消臭抗菌ビーズ部屋干し花とおひさま本体,４９０ｍＬ,50,11/15まで,-,-,-,-,-,-
4902430932158 ,レノアリセットヤマユリグリーンブーケ本体,５７０ｍＬ,50,11/15まで,-,-,-,-,-,-
4902430932172 ,レノアリセットフレッシュローズガーデン本体,５７０ｍＬ,50,11/15まで,-,-,-,-,-,-
4903111021505 ,ＬＦズレずに消臭紙パンツ専用尿とりパッド２回３０枚,３０枚,50,11/15まで,-,-,-,-,-,-
4903111022106 ,ＬＦお肌に低刺激であんしん尿とりパッド６回２２枚,２２枚,50,11/15まで,-,-,-,-,-,-
4903111076703 ,ライフリーお肌快適尿とりパッド長時間　女性用,２２枚,50,11/15まで,-,-,-,-,-,-
4903111076925 ,ライフリーお肌快適尿とりパッド夜用　女性用,１４枚,50,11/15まで,-,-,-,-,-,-
4903111089710 ,ライフリー一晩中あんしん尿とりパッド夜用,２４枚,50,11/15まで,-,-,-,-,-,-
4903111090181 ,ライフリー一晩中あんしん尿とりパッド夜用スーパー,１４枚,50,11/15まで,-,-,-,-,-,-
4903111221325 ,ＬＦズレずに消臭紙パンツ専用尿とりパッド４回１６枚,１６枚,50,11/15まで,-,-,-,-,-,-
4903111232222 ,ＬＦお肌に低刺激であんしん尿とりパッド４回３３枚,３３枚,50,11/15まで,-,-,-,-,-,-
4903111408528 ,ウェーブ超保水ウェットシート無香ドラえもん２１,１６枚,50,11/15まで,-,-,-,-,-,-
4903111408719 ,ウェーブ超保水ウェットＮＡ除菌１６枚ドラえもん２１,１６枚,50,11/15まで,-,-,-,-,-,-
4903111465873 ,ウェーブ超保水フロア用ウェットシート１６枚,１６枚,50,11/15まで,-,-,-,-,-,-
4903111466115 ,ウェーブ超保水フロアウェットシート１６枚微香,１６枚,50,11/15まで,-,-,-,-,-,-
4903111469123 ,ウェーブフロア用ウェットシート１４枚,１４枚,50,11/15まで,-,-,-,-,-,-
4903111469543 ,ウェーブフロア用ウェットシート１４枚ノンアルコール,１４枚,50,11/15まで,-,-,-,-,-,-
4903111469963 ,ウェーブフロア用ウェットシート１４枚微香タイプ,１４枚,50,11/15まで,-,-,-,-,-,-
4903111482245 ,ウェーブ超保水フロア用Ｗシート１６枚ＮＡ除菌タイプ,１６枚,50,11/15まで,-,-,-,-,-,-
4903111506903 ,ライフリ－一晩中あんしん尿とりパッド,４２枚,50,11/15まで,-,-,-,-,-,-
4903111512959 ,超快適マスク　敏感肌ごこち　小さめサイズ６枚,６枚,50,11/15まで,-,-,-,-,-,-
4903111514038 ,ライフリ－一晩中あんしん尿とりパッドス－パ－,２４枚,50,11/15まで,-,-,-,-,-,-
4903111514113 ,ライフリ－一晩中あんしん尿とりパッド,４２枚,50,11/15まで,-,-,-,-,-,-
4903111518159 ,超快適マスク　敏感肌ごこち　ふつうサイズ６枚,６枚,50,11/15まで,-,-,-,-,-,-
4903111523108 ,ライフリー長時間あんしん尿とりパッド,２４枚,50,11/15まで,-,-,-,-,-,-
4903111529087 ,ＬＦズレずに安心紙パンツ専用パッドコンパクト,２０枚,50,11/15まで,-,-,-,-,-,-
4903111532674 ,ＬＦズレずに安心うす型紙パンツ専用尿とりパッド３４,３４枚,50,11/15まで,-,-,-,-,-,-
4903111540570 ,ライフリー　一晩中お肌安心尿とりパット４回,３３枚,50,11/15まで,-,-,-,-,-,-
4903111540662 ,ライフリー　一晩中お肌安心尿とりパッド６回,２２枚,50,11/15まで,-,-,-,-,-,-
4903111576159 ,ライフリーズレずに安心紙パンツ用尿とりパッド,３６枚,50,11/15まで,-,-,-,-,-,-
4903111576203 ,ライフリーズレずに安心紙パンツ用尿とりパッド長時間,２０枚,50,11/15まで,-,-,-,-,-,-
4903111579631 ,超快適マスク息ムレクリアタイプ小さめ６枚,６枚,50,11/15まで,-,-,-,-,-,-
4903111579952 ,超快適マスク息ムレクリアタイプふつう６枚,６枚,50,11/15まで,-,-,-,-,-,-
4903111584680 ,ライフリ－長時間あんしん尿とりパッド,４２枚,50,11/15まで,-,-,-,-,-,-
4903111586837 ,ＬＦ一晩中あんしん尿とりパッドスーパープラス,２２枚,50,11/15まで,-,-,-,-,-,-
4903111689026 ,ライフリーズレずに安心うす型紙パンツ専用尿とりパッ,３４枚,50,11/15まで,-,-,-,-,-,-
4903111916443 ,ＬＦズレずに安心紙パンツ専用尿とりパッド夜２０枚,２０枚,50,11/15まで,-,-,-,-,-,-
4903111916511 ,ＬＦズレずに安心紙パンツ専用尿とりパッド夜Ｓ１６枚,１６枚,50,11/15まで,-,-,-,-,-,-
4903111923403 ,ライフリ－お肌あんしん尿とりパッド３回３０枚,３０枚,50,11/15まで,-,-,-,-,-,-
4903111982004 ,ＬＦ一晩中あんしん尿とりパッド超ス－パ－１８枚,１８枚,50,11/15まで,-,-,-,-,-,-
4903111988891 ,ライフリ－長時間あんしん尿とりパッド５回３６枚,３６枚,50,11/15まで,-,-,-,-,-,-
4903301017035 ,ライオン　スマイル４０ＥＸゴールドクール,１３ｍｌ,50,11/15まで,-,-,-,-,-,-
4903301124795 ,ＣＨＡＲＭＹクリスタジェル　詰替え,４２０ｇ,50,11/15まで,-,-,-,-,-,-
4903301168881 ,ＣＨＡＲＭＹクリスタジェル　詰替え大型,８４０ｇ,50,11/15まで,-,-,-,-,-,-
4903301186519 ,ライオン　スマイル４０ＥＸゴールドマイルド,１３ｍｌ,50,11/15まで,-,-,-,-,-,-
4903301194187 ,ＣＨＡＲＭＹクリスタ　消臭ジェル　詰替え,４２０ｇ,50,11/15まで,-,-,-,-,-,-
4903301214441 ,ＣＨＡＲＭＹクリスタ　消臭ジェル　詰替大型,８４０ｇ,50,11/15まで,-,-,-,-,-,-
4903301216803 ,システマハグキプラスハミガキ,９０ｇ,50,11/15まで,-,-,-,-,-,-
4903301231073 ,システマハグキプラスセンシティブハミガキ,９５ｇ,50,11/15まで,-,-,-,-,-,-
4903301231097 ,システマハグキプラスホワイトニングハミガキ,９５ｇ,50,11/15まで,-,-,-,-,-,-
4903301248880 ,システマハグキプラス　ナイトケアジェル,６０ｇ,50,11/15まで,-,-,-,-,-,-
4903301268987 ,システマＥＸデンタルリンス　アルコールタイプ,４５０ｍｌ,50,11/15まで,-,-,-,-,-,-
4903301268994 ,システマＥＸデンタルリンス　アルコールタイプ,９００ｍｌ,50,11/15まで,-,-,-,-,-,-
4903301269021 ,システマＥＸデンタルリンス　ノンアルコールタイプ,４５０ｍｌ,50,11/15まで,-,-,-,-,-,-
4903301269038 ,システマＥＸデンタルリンス　ノンアルコールタイプ,９００ｍｌ,50,11/15まで,-,-,-,-,-,-
4903301276241 ,ｈａｄａｋａｒａ泡ボディソープフローラル替,４４０ｍｌ,50,11/15まで,-,-,-,-,-,-
4903301276319 ,ｈａｄａｋａｒａ泡ボディソープクリーミーソープ替,４４０ｍｌ,50,11/15まで,-,-,-,-,-,-
4903301277057 ,システマハグキプラスハミガキ増量品,９９ｇ,50,11/15まで,-,-,-,-,-,-
4903301277064 ,システマハグキプラスハミガキセンシティブ増量品,１０５ｇ,50,11/15まで,-,-,-,-,-,-
4903301277071 ,システマハグキプラスハミガキホワイトニング増量品,１０５ｇ,50,11/15まで,-,-,-,-,-,-
4903301277842 ,ＣＨＡＲＭＹクリスタクリアジェルつめかえ用,４２０ｇ,50,11/15まで,-,-,-,-,-,-
4903301277972 ,ＣＨＡＲＭＹクリスタ消臭ジェルつめかえ用,４２０ｇ,50,11/15まで,-,-,-,-,-,-
4903301293064 ,システマハグキプラスプレミアムフルーティミント,９５ｇ,50,11/15まで,-,-,-,-,-,-
4903301293088 ,システマハグキプラスプレミアムフルーティミント増量,１０５ｇ,50,11/15まで,-,-,-,-,-,-
4903301293101 ,システマハグキプラスプレミアムクリスタルミント,９５ｇ,50,11/15まで,-,-,-,-,-,-
4903301293125 ,システマハグキプラスプレミアムクリスタルミント増量,１０５ｇ,50,11/15まで,-,-,-,-,-,-
4903301296386 ,ＣＨＡＲＭＹクリスタクリアジェルトライアルパック,４８０ｇ＋８４０ｇ,50,11/15まで,-,-,-,-,-,-
4903301296393 ,ＣＨＡＲＭＹクリスタ消臭ジェルトライアルパック,４８０ｇ＋８４０ｇ,50,11/15まで,-,-,-,-,-,-
4903301301592 ,ｈａｄａｋａｒａ泡ボディソープクールフレッシュ替,４２０ｍｌ,50,11/15まで,-,-,-,-,-,-
4903301310822 ,システマハグキ＋ＰＲハミガキエレガントＦＭお試し付,９５ｇ＋３０ｇ,50,11/15まで,-,-,-,-,-,-
4903301310839 ,システマハグキ＋ＰＲハミガキフレッシュＣＭお試し付,９５ｇ＋３０ｇ,50,11/15まで,-,-,-,-,-,-
4903301311249 ,システマハグキプラスハミガキ大サイズ,１１５ｇ,50,11/15まで,-,-,-,-,-,-
4903301311256 ,システマハグキプラスセンシティブハミガキ大サイズ,１２０ｇ,50,11/15まで,-,-,-,-,-,-
4903301311263 ,システマハグキプラスホワイトニングハミガキ大サイズ,１２０ｇ,50,11/15まで,-,-,-,-,-,-
4903301311270 ,システマハグキプラスプレミアムロイヤルハーブミント,９５ｇ,50,11/15まで,-,-,-,-,-,-
4903301311287 ,システマハグキプラスプレミアム　ロイヤルミント増量,１０５ｇ,50,11/15まで,-,-,-,-,-,-
4903301312017 ,ｈａｄａｋａｒａ泡ボディソープオイルインタイプ替,４２０ｍｌ,50,11/15まで,-,-,-,-,-,-
4903301321095 ,ｈａｄａｋａｒａ泡ボディソープグリーンシトラス詰替,４２０ｍｌ,50,11/15まで,-,-,-,-,-,-
4903301323914 ,クリスタクリアジェルトライアルパック本体＋大型,１３２０ｇ,50,11/15まで,-,-,-,-,-,-
4903301323921 ,クリスタ消臭ジェルトライアルパック本体＋大型,１３２０ｇ,50,11/15まで,-,-,-,-,-,-
4903301326250 ,ライオン　スマイル４０ＥＸゴールドクールＭＡＸ,１３ｍｌ,50,11/15まで,-,-,-,-,-,-
4903301326441 ,ｈａｄａｋａｒａ泡ボディソープ薬用デオドラント詰替,４４０ｍｌ,50,11/15まで,-,-,-,-,-,-
4903301326465 ,ｈａｄａｋａｒａ　薬用デオドラントボディソープ本体,５００ｍｌ,50,11/15まで,-,-,-,-,-,-
4903301326625 ,システマハグキプラスプレミアムリンスフルーティ,６００ｍｌ,50,11/15まで,-,-,-,-,-,-
4903301326632 ,システマハグキプラスプレミアムリンスフルーティ,９００ｍｌ,50,11/15まで,-,-,-,-,-,-
4903301326663 ,システマハグキプラスプレミアムリンスクリスタル,６００ｍｌ,50,11/15まで,-,-,-,-,-,-
4903301326694 ,システマハグキプラスプレミアムリンスクリスタル,９００ｍｌ,50,11/15まで,-,-,-,-,-,-
4903301330790 ,システマハグキプレミアムリンスフルーティハミガキ付,９００ｍｌ＋３０ｇ,50,11/15まで,-,-,-,-,-,-
4903301330806 ,システマハグキプレミアムリンスクリスタルハミガキ付,９００ｍｌ＋３０ｇ,50,11/15まで,-,-,-,-,-,-
4903301331278 ,ｈａｄａｋａｒａ泡ボディソープホワイトサボン詰替,４２０ｍｌ,50,11/15まで,-,-,-,-,-,-
4903301332268 ,システマハグキプレミアムよくばりな美白シルキー,９５ｇ,50,11/15まで,-,-,-,-,-,-
4903301332312 ,システマハグキプレミアムよくばりな美白シルキー増量,１０５ｇ,50,11/15まで,-,-,-,-,-,-
4903301332343 ,システマハグキプレミアムよくばりな美白ブライト,９５ｇ,50,11/15まで,-,-,-,-,-,-
4903301332374 ,システマハグキプレミアムよくばりな美白ブライト増量,１０５ｇ,50,11/15まで,-,-,-,-,-,-
4903301333449 ,ｈａｄａｋａｒａ泡ボディソープひんやりタイプ替,４２０ｍｌ,50,11/15まで,-,-,-,-,-,-
4903301339687 ,ｈａｄａｋａｒａ泡ボディソープピュアマイルド詰替,４４０ｍｌ,50,11/15まで,-,-,-,-,-,-
4903301339779 ,ライオン　スマイル４０ゴールドコンタクトマイルド,１３ｍｌ,50,11/15まで,-,-,-,-,-,-
4903301339786 ,ライオン　スマイル４０ゴールドコンタクトクール,１３ｍｌ,50,11/15まで,-,-,-,-,-,-
4903301347040 ,ｈａｄａｋａｒａ泡ボディヒーリングフルーティ詰替,４２０ｍｌ,50,11/15まで,-,-,-,-,-,-
4903301347965 ,ＣＨＡＲＭＹクリスタ　クリアジェル　詰替大型増量,８７０ｇ,50,11/15まで,-,-,-,-,-,-
4903301347996 ,ＣＨＡＲＭＹクリスタ　消臭ジェル　詰替大型増量,８７０ｇ,50,11/15まで,-,-,-,-,-,-
4903301357179 ,システマハグキ＋ＰＲハミガキ美白ＢＦＭお試し付,９５ｇ＋３０ｇ,50,11/15まで,-,-,-,-,-,-
4903301357186 ,システマハグキ＋ＰＲハミガキ美白ＳＦＭお試し付,９５ｇ＋３０ｇ,50,11/15まで,-,-,-,-,-,-
4903301361602 ,ｈａｄａｋａｒａ泡ボディソープホワイトシトラス詰替,４２０ｍｌ,50,11/15まで,-,-,-,-,-,-
4903301378235 ,ｈａｄａｋａｒａ美肌プレミアムＢＳ泡詰替,３６０ｍｌ,50,11/15まで,-,-,-,-,-,-
4903301378259 ,ｈａｄａｋａｒａ美肌プレミアムＢＳ液体詰替,３６０ｍｌ,50,11/15まで,-,-,-,-,-,-
4903301379782 ,システマハグキプラスプレミアムフルーティミント,９５ｇ,50,11/15まで,-,-,-,-,-,-
4903301379799 ,システマハグキＰＰハミガキフルーティミント増量,１０５ｇ,50,11/15まで,-,-,-,-,-,-
4903301379805 ,システマハグキプラスプレミアムクリスタルミント,９５ｇ,50,11/15まで,-,-,-,-,-,-
4903301379812 ,システマハグキＰＰハミガキクリスタルミント増量,１０５ｇ,50,11/15まで,-,-,-,-,-,-
4903301379829 ,システマハグキプラスプレミアムロイヤルハーブミント,９５ｇ,50,11/15まで,-,-,-,-,-,-
4903301379836 ,システマハグキＰＰハミガキロイヤルハーブミント増量,１０５ｇ,50,11/15まで,-,-,-,-,-,-
4903301380832 ,クリスタ　クリアＥＸジェル　つめかえ用１１５５ｇ,１１５５ｇ,50,11/15まで,-,-,-,-,-,-
4903301380924 ,クリスタ　消臭ＥＸジェル　つめかえ用１１５５ｇ,１１５５ｇ,50,11/15まで,-,-,-,-,-,-
4903301381488 ,ｈａｄａｋａｒａ泡ボディケアソープ　ひんやり詰替,４２０ｍｌ,50,11/15まで,-,-,-,-,-,-
4903301382010 ,システマハグキプラスハミガキシステマハブラシセット,９０ｇ＋コンパクトふつう,50,11/15まで,-,-,-,-,-,-
4904585047138 ,ｍｋ　はくパンツうす型快適,Ｍ２２枚,50,11/15まで,-,-,-,-,-,-
4904585047145 ,ｍｋ　はくパンツうす型快適,Ｌ２０枚,50,11/15まで,-,-,-,-,-,-
4904585047152 ,ｍｋ　はくパンツうす型長時間快適,Ｍ２０枚,50,11/15まで,-,-,-,-,-,-
4904585047169 ,ｍｋ　はくパンツうす型長時間快適,Ｌ１８枚,50,11/15まで,-,-,-,-,-,-
4904585047442 ,ｍｋ　尿とりパッド　２回吸収,５６枚,50,11/15まで,-,-,-,-,-,-
4904585047466 ,ｍｋ　夜用パッド　一晩中快適,４２枚,50,11/15まで,-,-,-,-,-,-
4904585047473 ,ｍｋ　夜用パッド　一晩中安心,２６枚,50,11/15まで,-,-,-,-,-,-
4904585047695 ,ｍｋ　夜用パッド　一晩中安心　２０枚,２０枚,50,11/15まで,-,-,-,-,-,-
4906156800470 ,ミューズノータッチ詰替グレープフルーツ,２５０ｍｌ,50,11/15まで,-,-,-,-,-,-
4906156800487 ,ミューズノータッチ詰替グリーンティー,２５０ｍｌ,50,11/15まで,-,-,-,-,-,-
4906156800715 ,ミューズノータッチ詰替オリジナル,２５０ｍｌ,50,11/15まで,-,-,-,-,-,-
4906156802221 ,ミューズノータッチ詰替ポケモン　グレープフルーツ,２５０ｍｌ,50,11/15まで,-,-,-,-,-,-
4906156802535 ,ミューズノータッチ付替ボトルディズニー,２５０ｍｌ,50,11/15まで,-,-,-,-,-,-
4906156802641 ,ミューズノータッチディズニー付替ボトルレモンライム,２５０ｍｌ,50,11/15まで,-,-,-,-,-,-
4906156803068 ,ミューズノータッチ詰替くまのプーさん２２春夏,２５０ｍｌ,50,11/15まで,-,-,-,-,-,-
4906156803396 ,ミューズノータッチ詰替ボタニカル,２５０ｍｌ,50,11/15まで,-,-,-,-,-,-
4906156803723 ,ミューズＮＴ付替ボトルボタニカルホワイト,２５０ｍｌ,50,11/15まで,-,-,-,-,-,-
4906156804003 ,ミューズノータッチ付替ボトルブルーレモンソーダ,２５０ｍｌ,50,11/15まで,-,-,-,-,-,-
4944520007742 ,ｍｋ　水を使わないスニーカー泡クリーナー,１５０ｍｌ,50,11/15まで,-,-,-,-,-,-
4949176230148 ,ＭＫ　ダニ捕りシートＤＸ,４枚入,50,11/15まで,-,-,-,-,-,-
4949176230391 ,ＭＫダニ捕りシートＤＸ大判セット,大判２枚＋普通１枚入,50,11/15まで,-,-,-,-,-,-
4950055604196 ,オフテクス　ｃｌｅａｄｅｗプロケアＳ　ミニ,６０ｍｌ,50,11/15まで,-,-,-,-,-,-
4957584004916 ,ｍｋ　ワンタッチパッド大容量Ｓ,３０枚,50,11/15まで,-,-,-,-,-,-
4957584004923 ,ｍｋ　ワンタッチパッド大容量Ｍ,２０枚,50,11/15まで,-,-,-,-,-,-
4957584004930 ,ｍｋ　ワンタッチパッド大容量Ｌ,１２枚,50,11/15まで,-,-,-,-,-,-
4961243448300 ,ジェルクリンＷ,１５Ｇ,50,11/15まで,-,-,-,-,-,-
4961308116441 ,ボシュロム　レニュー＿フレッシュ＿５００ＭＬ＿２Ｐ,５００ＭＬＸ２Ｐ,50,11/15まで,-,-,-,-,-,-
4961308116793 ,ＢＬ　レニューフレッシュ５００ＭＬ×２Ｐ＋６０ＭＬ,５００ＭＬＸ２Ｐ＋６０Ｍ,50,11/15まで,-,-,-,-,-,-
4987033000442 ,太田胃散　太田胃散整腸薬デ・ルモア錠,９０錠,50,11/15まで,-,-,-,-,-,-
4987033000558 ,太田胃散　太田胃散ペイノン錠,６錠,50,11/15まで,-,-,-,-,-,-
4987045047718 ,クラシエ薬品　八味地黄丸エキス顆粒,３０包,50,11/15まで,-,-,-,-,-,-
4987067262403 ,興和　バンテリンコーワパットＥＸ,７枚,50,11/15まで,-,-,-,-,-,-
4987072090688 ,Ｓａｗａｄａｙ＋＠ｓｌｅｅｐおやすみハーブ,７０ｍｌ,50,11/15まで,-,-,-,-,-,-
4987072090695 ,Ｓａｗａｄａｙ＋＠ｓｌｅｅｐゆめごこちフルール,７０ｍｌ,50,11/15まで,-,-,-,-,-,-
4987072091814 ,消臭元ＺＥＲＯ　無香料,４００ｍｌ,50,11/15まで,-,-,-,-,-,-
4987072092552 ,Ｓａｗａｄａｙ＋＆Ｅｍоｔｉоｎおだやかアロマ,７０ｍｌ,50,11/15まで,-,-,-,-,-,-
4987072092569 ,Ｓａｗａｄａｙ＋＆Ｅｍоｔｉоｎまえむきアロマ,７０ｍｌ,50,11/15まで,-,-,-,-,-,-
4987072096390 ,Ｓａｗａｄａｙクルマ専用ゲル　パルファムノアール,１１０ｇ,50,11/15まで,-,-,-,-,-,-
4987072096406 ,Ｓａｗａｄａｙクルマ専用ゲル　パルファムブラン,１１０ｇ,50,11/15まで,-,-,-,-,-,-
4987072096413 ,Ｓａｗａｄａｙクルマ専用ゲル　パルファムロゼ,１１０ｇ,50,11/15まで,-,-,-,-,-,-
4987072096420 ,Ｓａｗａｄａｙクルマ専用ゲル　ホワイトムスク,１１０ｇ,50,11/15まで,-,-,-,-,-,-
4987072096826 ,消臭元くつ箱用　シトラスサボン,６．４ｍｌ,50,11/15まで,-,-,-,-,-,-
4987072099612 ,消臭元ＺＥＲＯ　トイレ用　フレッシュシャボンの香り,４００ｍｌ,50,11/15まで,-,-,-,-,-,-
4987072100660 ,Ｓａｗａｄａｙ＋Ｗｏｍａｎ’ｓＡｒｏｍａ　本体,７０ｍｌ,50,11/15まで,-,-,-,-,-,-
4987107028105 ,第一三共　マイティアピントケア４０メディカル,１５ｍｌ,50,11/15まで,-,-,-,-,-,-
4987107028112 ,第一三共　マイティアピントケア４０メディカルＭ,１５ｍｌ,50,11/15まで,-,-,-,-,-,-
4987115250017 ,シンカトリ　２００日本体セット,１セット,50,11/15まで,-,-,-,-,-,-
4987115521476 ,ムカデ用ムエンダー　６０プッシュ,２８ｍｌ,50,11/15まで,-,-,-,-,-,-
4987115521537 ,コバエムエンダー　８０プッシュ,３８ｍｌ,50,11/15まで,-,-,-,-,-,-
4987115855045 ,お風呂の防カビムエンダー４０プッシュ,４０ｍＬ,50,11/15まで,-,-,-,-,-,-
4987115855052 ,お風呂の防カビムエンダー４０プッシュ無香料,４０ｍＬ,50,11/15まで,-,-,-,-,-,-
4987117372014 ,大鵬薬品　ゼノールエクサムＳＸ,４３ｇ,50,11/15まで,-,-,-,-,-,-
4987117372601 ,大鵬薬品　ゼノールジクロダイレクトＲ,４２ｇ,50,11/15まで,-,-,-,-,-,-
4987125101620 ,ＭＫ　ネズミ捕り　シートタイプ,５枚,50,11/15まで,-,-,-,-,-,-
4987176042484 ,アリエール消臭＆抗菌ビーズ部屋干し用Ｍシトラス本体,４９０ｍｌ,50,11/15まで,-,-,-,-,-,-
4987176042507 ,アリエール消臭＆抗菌ビーズマイルドフレッシュ本体,４９０ｍｌ,50,11/15まで,-,-,-,-,-,-
4987176062703 ,アリエールジェルボール４Ｄ本体,１２個,50,11/15まで,-,-,-,-,-,-
4987176066008 ,レノアオードリュクスマインドフルスリープ本体,５３０ｍＬ,50,11/15まで,-,-,-,-,-,-
4987176098160 ,レノアアロマジュエルホワイティーの香り本体,４７０ｍｌ,50,11/15まで,-,-,-,-,-,-
4987176108913 ,ボールドジェルボール４Ｄラベンダー本体,１１個,50,11/15まで,-,-,-,-,-,-
4987176120939 ,レノアアロマジュエルフローラル＆ブロッサム本体,４７０ｍｌ,50,11/15まで,-,-,-,-,-,-
4987176120946 ,レノアアロマジュエルローズ＆フローラル本体,４７０ｍｌ,50,11/15まで,-,-,-,-,-,-
4987176123534 ,アリエールジェルボール４Ｄプロクリーン本体,９個,50,11/15まで,-,-,-,-,-,-
4987176124722 ,レノアリセットシトラス＆ヴァーベナ本体,５７０ｍＬ,50,11/15まで,-,-,-,-,-,-
4987176128317 ,アリエールジェルボール４Ｄ部屋干し本体,１１個,50,11/15まで,-,-,-,-,-,-
4987176140180 ,ボールドジェルボール４Ｄプレミアムブロッサム本体,１１個,50,11/15まで,-,-,-,-,-,-
4987176140258 ,ボールドジェルボール４ＤフレッシュＦサボン本体,１１個,50,11/15まで,-,-,-,-,-,-
4987176145543 ,レノアリセットフレッシュローズ＆フラワー本体,５７０ｍＬ,50,11/15まで,-,-,-,-,-,-
4987176161741 ,レノアアロマジュエルおひさまフローラルの香り本体,４７０ｍｌ,50,11/15まで,-,-,-,-,-,-
4987176178787 ,レノア消臭抗菌ビーズスポーツクールリフレッシュ本体,４２０ｍＬ,50,11/15まで,-,-,-,-,-,-
4987176178794 ,レノア消臭抗菌ビーズウォータリーグリーン本体,４２０ｍＬ,50,11/15まで,-,-,-,-,-,-
4987176178817 ,レノア消臭抗菌ビーズリフレッシュフローラル本体,４２０ｍＬ,50,11/15まで,-,-,-,-,-,-
4987176178831 ,レノア消臭抗菌ビーズ部屋干し花とおひさま本体,４２０ｍＬ,50,11/15まで,-,-,-,-,-,-
4987176184764 ,ボールドジェルボール４Ｄシトラス＆ヴァーベナ本体,１１個,50,11/15まで,-,-,-,-,-,-
4987176186478 ,レノアアロマジュエルパステルフローラルＴＴ本体,４７０ｍｌ,50,11/15まで,-,-,-,-,-,-
4987176186492 ,レノアアロマジュエルアンティークローズＴＴ本体,４７０ｍｌ,50,11/15まで,-,-,-,-,-,-
4987176194527 ,アリエールジェルボール４Ｄプロクリーン本体,９個,50,11/15まで,-,-,-,-,-,-
4987176194664 ,アリエールジェルボール４Ｄ部屋干し本体,１１個,50,11/15まで,-,-,-,-,-,-
4987176194824 ,アリエールジェルボール４Ｄ本体,１１個,50,11/15まで,-,-,-,-,-,-
4987176228543 ,レノアアロマジュエルブルーミングブロッサム本体,４２０ｍＬ,50,11/15まで,-,-,-,-,-,-
4987176228550 ,レノアアロマジュエルシトラスヴァーベナ本体,４２０ｍＬ,50,11/15まで,-,-,-,-,-,-
4987176228567 ,レノアアロマジュエルホワイトティー本体,４２０ｍＬ,50,11/15まで,-,-,-,-,-,-
4987176235800 ,イージークリップ消臭成分最高レベルＦシャボン２Ｐ,２．５ｍｌ×２,50,11/15まで,-,-,-,-,-,-
4987176235855 ,イージークリップ消臭成分最高レベルＣフレッシュ２Ｐ,２．５ｍｌ×２,50,11/15まで,-,-,-,-,-,-
4987176235930 ,イージークリップ消臭成分最高レベルＦシトラス２Ｐ,２．５ｍｌ×２,50,11/15まで,-,-,-,-,-,-
4987176235947 ,イージークリップ消臭成分最高レベルＦブーケ２Ｐ,２．５ｍｌ×２,50,11/15まで,-,-,-,-,-,-
4987176238511 ,アリエールジェルボールプロ本体,１１個,50,11/15まで,-,-,-,-,-,-
4987176238559 ,アリエールジェルボールプロパワー本体,９個,50,11/15まで,-,-,-,-,-,-
4987176238566 ,アリエールジェルボールプロ部屋干し本体,１１個,50,11/15まで,-,-,-,-,-,-
4987176241863 ,レノアオードリュクスマインドフルネスサンデー本体,５３０ｍＬ,50,11/15まで,-,-,-,-,-,-
4987176242341 ,レノアアロマジュエルローズ＆フローラル本体,４２０ｍＬ,50,11/15まで,-,-,-,-,-,-
4987176242365 ,レノアアロマジュエルフローラル＆ブロッサム本体,４２０ｍＬ,50,11/15まで,-,-,-,-,-,-
4987176243980 ,レノア消臭抗菌ビーズ黄ばみブロッカーシトラス本体,４２０ｍＬ,50,11/15まで,-,-,-,-,-,-
4987176247568 ,レノア消臭抗菌ビーズ洗濯槽の防カビクリーン本体,４２０ｍＬ,50,11/15まで,-,-,-,-,-,-
4987176258861 ,ＦＢトイレ用消臭剤クリーン・ラベンダー本体,６．３ｍｌ,50,11/15まで,-,-,-,-,-,-
4987176258892 ,ＦＢトイレ用消臭剤フルーティ・グリーン本体,６．３ｍｌ,50,11/15まで,-,-,-,-,-,-
4987176258939 ,ＦＢトイレ用消臭剤ブルー・シャボン本体,６．３ｍｌ,50,11/15まで,-,-,-,-,-,-
4987176258953 ,ＦＢトイレ用消臭剤クラシック・ブーケ本体,６．３ｍｌ,50,11/15まで,-,-,-,-,-,-
4987176259011 ,ＦＢトイレ用消臭剤シトラス・スプラッシュ本体,６．３ｍｌ,50,11/15まで,-,-,-,-,-,-
4987176260703 ,レノアリセットセラムミネラルジャスミン本体,５００ｍＬ,50,11/15まで,-,-,-,-,-,-
4987176260727 ,レノアリセットセラムホワイトピーチ本体,５００ｍＬ,50,11/15まで,-,-,-,-,-,-
4987176260734 ,レノアリセットセラムホワイトリリー本体,５００ｍＬ,50,11/15まで,-,-,-,-,-,-
4987176263445 ,ＦＢ玄関用消臭剤リネン＆ジャスミン本体＋詰替え２Ｐ,７ｍｌ＋替え２Ｐ,50,11/15まで,-,-,-,-,-,-
4987176263476 ,ＦＢ玄関用消臭剤抗菌Ｗティー＆Ｃ本体＋詰替え２Ｐ,７ｍｌ＋替え２Ｐ,50,11/15まで,-,-,-,-,-,-
4987176263483 ,ＦＢ玄関用消臭剤抗菌リネン＆ソープ本体＋詰替え２Ｐ,７ｍｌ＋替え２Ｐ,50,11/15まで,-,-,-,-,-,-
4987176263490 ,ＦＢ玄関用消臭剤Ｗティー＆リリー本体＋詰替え２Ｐ,７ｍｌ＋替え２Ｐ,50,11/15まで,-,-,-,-,-,-
4987176263513 ,ＦＢ玄関用消臭剤Ｓピオニー＆ミュゲ本体＋詰替え２Ｐ,７ｍｌ＋替え２Ｐ,50,11/15まで,-,-,-,-,-,-
4987176267900 ,レノア消臭抗菌ビーズ夜干し用アクアナイト本体,４２０ｍＬ,50,11/15まで,-,-,-,-,-,-
4987176276117 ,レノアアロマジュエルさくらフローラル本体,４００ｍＬ,50,11/15まで,-,-,-,-,-,-
4987176277572 ,レノアアロマジュエルさくらフローラル特大,９９０ｍＬ,50,11/15まで,-,-,-,-,-,-
4987176278418 ,レノアアロマジュエルホワイトムスク本体,４２０ｍＬ,50,11/15まで,-,-,-,-,-,-
4987176284426 ,アリエールジェルボールプロパワー本体,９個,50,11/15まで,-,-,-,-,-,-
4987176284471 ,アリエールジェルボールプロ部屋干し本体,１１個,50,11/15まで,-,-,-,-,-,-
4987176284648 ,アリエールジェルボールプロ本体,１１個,50,11/15まで,-,-,-,-,-,-
4987176292216 ,ファブリーズトイレ用消臭剤パッションアンバー４Ｐ,６．３ｍｌ×４,50,11/15まで,-,-,-,-,-,-
4987176292223 ,ファブリーズトイレ用消臭剤ホワイトフローラル４Ｐ,６．３ｍｌ×４,50,11/15まで,-,-,-,-,-,-
4987176292230 ,ファブリーズトイレ用消臭剤ベルガモットウッド４Ｐ,６．３ｍｌ×４,50,11/15まで,-,-,-,-,-,-
4987176292377 ,ボールドジェルボール４Ｄプレミアムブロッサム本体,１１個,50,11/15まで,-,-,-,-,-,-
4987176292384 ,ボールドジェルボール４ＤフレッシュＦサボン本体,１１個,50,11/15まで,-,-,-,-,-,-
4987176292698 ,ボールドジェルボール４Ｄラベンダー本体,１１個,50,11/15まで,-,-,-,-,-,-
4987176292858 ,ボールドジェルボール４Ｄシトラス＆ヴァーベナ本体,１１個,50,11/15まで,-,-,-,-,-,-
4987176293978 ,レノアアロマジュエルホワイトティー本体,４２０ｍＬ,50,11/15まで,-,-,-,-,-,-
4987176293985 ,レノアアロマジュエルローズ＆フローラル本体,４２０ｍＬ,50,11/15まで,-,-,-,-,-,-
4987176293992 ,レノアアロマジュエルフローラル＆ブロッサム本体,４２０ｍＬ,50,11/15まで,-,-,-,-,-,-
4987176294012 ,レノアアロマジュエルブルーミングブロッサム本体,４２０ｍＬ,50,11/15まで,-,-,-,-,-,-
4987176297228 ,イージークリップ　スカイブリーズ,２．５ｍｌ,50,11/15まで,-,-,-,-,-,-
4987176297273 ,イージークリップ　グリーンミスト２Ｐ,２．５ｍｌ×２,50,11/15まで,-,-,-,-,-,-
4987176297303 ,イージークリップ　フローラルブリーズ,２．５ｍｌ,50,11/15まで,-,-,-,-,-,-
4987176297310 ,イージークリップ　スカイブリーズ２Ｐ,２．５ｍｌ×２,50,11/15まで,-,-,-,-,-,-
4987176297334 ,イージークリップ　グリーンミスト,２．５ｍｌ,50,11/15まで,-,-,-,-,-,-
4987176297341 ,イージークリップ　フローラルブリーズ２Ｐ,２．５ｍｌ×２,50,11/15まで,-,-,-,-,-,-
4987176297358 ,イージークリップ　フルーツシトラス２Ｐ,２．５ｍｌ×２,50,11/15まで,-,-,-,-,-,-
4987176297365 ,イージークリップ　フルーツシトラス,２．５ｍｌ,50,11/15まで,-,-,-,-,-,-
4987176297389 ,イージークリップ　微香ふんわりシャボンそよ風２Ｐ,２．５ｍｌ×２,50,11/15まで,-,-,-,-,-,-
4987176297396 ,イージークリップ　タバコ２Ｐ,２．５ｍｌ×２,50,11/15まで,-,-,-,-,-,-
4987176297426 ,イージークリップ　微香ふんわりシャボンそよ風,２．５ｍｌ,50,11/15まで,-,-,-,-,-,-
4987176297433 ,イージークリップ　タバコ,２．５ｍｌ,50,11/15まで,-,-,-,-,-,-
4987176301246 ,レノア消臭抗菌ビーズスポーツクールリフレッシュ本体,４２０ｍＬ,50,11/15まで,-,-,-,-,-,-
4987176301253 ,レノア消臭抗菌ビーズ洗濯槽の防カビクリーン本体,４２０ｍＬ,50,11/15まで,-,-,-,-,-,-
4987176301291 ,レノア消臭抗菌ビーズメンムスクの香り本体,４２０ｍＬ,50,11/15まで,-,-,-,-,-,-
4987176301314 ,レノア消臭抗菌ビーズ部屋干し花とおひさま本体,４２０ｍＬ,50,11/15まで,-,-,-,-,-,-
4987176304605 ,イージークリップ　ムスク２Ｐ,２．５ｍｌ×２,50,11/15まで,-,-,-,-,-,-
4987176304612 ,イージークリップ　ムスク,２．５ｍｌ,50,11/15まで,-,-,-,-,-,-
4987176315830 ,ＦＢ玄関用消臭剤ホワイトムスク本体＋詰替え２Ｐ,７ｍｌ＋替え２Ｐ,50,11/15まで,-,-,-,-,-,-
4987176315847 ,ＦＢトイレ用消臭剤ホワイトムスク本体,６．３ｍｌ,50,11/15まで,-,-,-,-,-,-
4987176322890 ,レノアアロマジュエルブラックムスク本体,４２０ｍＬ,50,11/15まで,-,-,-,-,-,-
4987176323033 ,レノア消臭抗菌ビーズフレッシュグリーンの香り本体,４２０ｍＬ,50,11/15まで,-,-,-,-,-,-
4987176329929 ,レノアオードリュクスＡＪホワイトムスク超特大,１３００ｍＬ,50,11/15まで,-,-,-,-,-,-
4987176329950 ,レノアオードリュクスＡＪイノセントリリー超特大,１３００ｍＬ,50,11/15まで,-,-,-,-,-,-
4987176331496 ,ＦＢトイレ用消臭剤　金木犀の香り　本体,６．３ｍｌ,50,11/15まで,-,-,-,-,-,-
4987176336293 ,ボールドジェルボール４Ｄホワイトティー＆ムスク本体,１１個,50,11/15まで,-,-,-,-,-,-
4987176344250 ,ボールドジェルボール４Ｄさくらフローラル本体,１１個,50,11/15まで,-,-,-,-,-,-
4987176350268 ,レノアアロマジュエルさくらフローラル本体,４００ｍＬ,50,11/15まで,-,-,-,-,-,-
4987176354440 ,ｅファブリーズ　ホワイトリリ－　替１個,２６ｍｌ,50,11/15まで,-,-,-,-,-,-
4987176354457 ,ｅファブリーズ　ピーチ＆ムスク　替１個,２６ｍｌ,50,11/15まで,-,-,-,-,-,-
4987176354471 ,ｅファブリーズ　すずらん＆グリーンブーケ　替１個,２６ｍｌ,50,11/15まで,-,-,-,-,-,-
4987176356239 ,レノアアロマジュエルホワイトフローラル本体,４２０ｍＬ,50,11/15まで,-,-,-,-,-,-
4987176362025 ,ファブリーズ玄関用Ｗティー＆リリー替３Ｐ,７ｍｌ×３,50,11/15まで,-,-,-,-,-,-
4987176364234 ,レノアアロマジュエルフローラル＆ブロッサム本体,４２０ｍＬ,50,11/15まで,-,-,-,-,-,-
4987176364333 ,レノアアロマジュエルグリーンティー本体,４２０ｍＬ,50,11/15まで,-,-,-,-,-,-
4987176364357 ,レノアアロマジュエルローズ＆フローラル本体,４２０ｍＬ,50,11/15まで,-,-,-,-,-,-
4987176364524 ,レノアアロマジュエルブルーミングブロッサム本体,４２０ｍＬ,50,11/15まで,-,-,-,-,-,-
4987176369734 ,アリエールジェルボールプロ本体,１４個,50,11/15まで,-,-,-,-,-,-
4987176369963 ,アリエールジェルボールプロ部屋干し本体,１４個,50,11/15まで,-,-,-,-,-,-
4987176369987 ,アリエールジェルボールプロパワー超抗菌本体,１２個,50,11/15まで,-,-,-,-,-,-
4987176371560 ,レノア消臭抗菌ビーズピュアブーケ＆ソープ本体,４２０ｍＬ,50,11/15まで,-,-,-,-,-,-
4987176376725 ,イージークリップ　スカイブリーズ　４Ｐ,２．２ｍｌｘ４,50,11/15まで,-,-,-,-,-,-
4987176376794 ,イージークリップ　フローラルブリーズ４Ｐ,２．２ｍｌｘ４,50,11/15まで,-,-,-,-,-,-
4987176401168 ,レノアオードリュクスビーズアールグレイ超特大,１３００ｍＬ,50,11/15まで,-,-,-,-,-,-
4987176404169 ,レノアアロマジュエルジャスミンローズ本体,４２０ｍＬ,50,11/15まで,-,-,-,-,-,-
4987176407054 ,レノア抗菌ビーズ爽快クール本体,４００ｍＬ,50,11/15まで,-,-,-,-,-,-
4987205011429 ,ビューティーン　メイクアップカラー　マゼンタピンク,４０ｇ＋８８ｍｌ,50,11/15まで,-,-,-,-,-,-
4987205011436 ,ビューティーン　メイクアップカラー　ビビッドオレン,４０ｇ＋８８ｍｌ,50,11/15まで,-,-,-,-,-,-
4987205011443 ,ビューティーン　メイクアップカラー　ブルーブラック,４０ｇ＋８８ｍｌ,50,11/15まで,-,-,-,-,-,-
4987205011450 ,ビューティーン　メイクアップカラー　スモーキーブラ,４０ｇ＋８８ｍｌ,50,11/15まで,-,-,-,-,-,-
4987205013164 ,ＢＴ　メイクアップカラー　アイスシルバー,４０ｍｌ＋８８ｍｌ,50,11/15まで,-,-,-,-,-,-
4987205013171 ,ＢＴ　メイクアップカラー　プラントグリーン,４０ｍｌ＋８８ｍｌ,50,11/15まで,-,-,-,-,-,-
4987205013188 ,ＢＴ　メイクアップカラー　シャンパンブロンド,４０ｍｌ＋８８ｍｌ,50,11/15まで,-,-,-,-,-,-
4987205013195 ,ＢＴ　メイクアップカラー　ディープバイオレット,４０ｍｌ＋８８ｍｌ,50,11/15まで,-,-,-,-,-,-
4987205013553 ,ビューティーンメイクアップ　ホワイティラベンダー,４０ｇ＋８８ｍｌ,50,11/15まで,-,-,-,-,-,-
4987205311956 ,ビューティーントーンダウンカラーナチュラルブラウン,３２Ｇ＋９６ｍＬ＋５ｍＬ,50,11/15まで,-,-,-,-,-,-
4987205311963 ,ビューティーントーンダウンカラーナチュラルブラック,３２Ｇ＋９６ｍＬ＋５ｍＬ,50,11/15まで,-,-,-,-,-,-
4987205311970 ,ビューティーントーンダウンカラースーパーブラック,３２Ｇ＋９６ｍＬ＋５ｍＬ,50,11/15まで,-,-,-,-,-,-
4987205311987 ,ビューティーン黒染めスプレーナチュラルブラック,８０Ｇ,50,11/15まで,-,-,-,-,-,-
4987205312861 ,ビューティーン　メイクアップ　ワイルドレッド,４０ｇ＋８８ｍｌ,50,11/15まで,-,-,-,-,-,-
4987205312878 ,ビューティーン　メイクアップ　ブルーシルバー,４０ｇ＋８８ｍｌ,50,11/15まで,-,-,-,-,-,-
4987205312885 ,ビューティーン　メイクアップ　ライムグリーン,４０ｇ＋８８ｍｌ,50,11/15まで,-,-,-,-,-,-
4987205312892 ,ビューティーン　メイクアップ　ベリーバイオレット,４０ｇ＋８８ｍｌ,50,11/15まで,-,-,-,-,-,-
4987205312908 ,ビューティーン　メイクアップ　ティールグリーン,４０ｇ＋８８ｍｌ,50,11/15まで,-,-,-,-,-,-
4987205312915 ,ビューティーン　メイクアップ　グレーアッシュ,４０ｇ＋８８ｍｌ,50,11/15まで,-,-,-,-,-,-
4987205312922 ,ビューティーン　メイクアップ　モノトーングレージュ,４０ｇ＋８８ｍｌ,50,11/15まで,-,-,-,-,-,-
4987205312939 ,ビューティーン　メイクアップ　メタリックアッシュ,４０ｇ＋８８ｍｌ,50,11/15まで,-,-,-,-,-,-
4987205312946 ,ビューティーン　メイクアップ　ネイビーブルー,４０ｇ＋８８ｍｌ,50,11/15まで,-,-,-,-,-,-
4987205312953 ,ビューティーン　メイクアップ　ピンクアッシュ,４０ｇ＋８８ｍｌ,50,11/15まで,-,-,-,-,-,-
4987205312960 ,ビューティーン　メイクアップ　ピンキッシュコーラル,４０ｇ＋８８ｍｌ,50,11/15まで,-,-,-,-,-,-
4987205312977 ,ビューティーン　メイクアップ　スモーキーブルージュ,４０ｇ＋８８ｍｌ,50,11/15まで,-,-,-,-,-,-
4987205312984 ,ビューティーン　メイクアップ　テラコッタオレンジ,４０ｇ＋８８ｍｌ,50,11/15まで,-,-,-,-,-,-
4987241162376 ,デ・オウ薬用クレンジングウォッシュつめかえ,４２０ｍｌ,50,11/15まで,-,-,-,-,-,-
4987241162383 ,デ・オウ薬用クレンジングウォッシュノンＭ詰替,４２０ｍｌ,50,11/15まで,-,-,-,-,-,-
4987243150920 ,アバンビーズトータル口臭ケア,８０ｇ,50,11/15まで,-,-,-,-,-,-
4987243150937 ,アバンビーズ知覚過敏症状ケア,８０ｇ,50,11/15まで,-,-,-,-,-,-
4987305116710 ,全薬工業　ジキニンＦｉｒｓｔＮＥＯ錠,２７錠,50,11/15まで,-,-,-,-,-,-
4987617003746 ,ＡＭＯ　コンプリートダブルモイスト　ダブルパック,４８０×２＋６０ｍｌ,50,11/15まで,-,-,-,-,-,-
4987910003146 ,アリナミン製薬　ベンザエースＡゴールドＷ錠,４５錠,50,11/15まで,-,-,-,-,-,-
4987973222348 ,バンテリンサポーター　太もも用　Ｓ　ブラック,小さめ,50,11/15まで,-,-,-,-,-,-
4987973222355 ,バンテリンサポーター　太もも用　Ｍ　ブラック,ふつう,50,11/15まで,-,-,-,-,-,-
4987973222362 ,バンテリンサポーター　太もも用　Ｌ　ブラック,大きめ,50,11/15まで,-,-,-,-,-,-
4987977000942 ,ポリデントマウスピース洗浄剤プレミアム歯垢予防,４８錠,50,11/15まで,-,-,-,-,-,-
4990088931166 ,ｍｋ　お肌にやさしいシリコーンテープ　２５ｍｍ幅,１個,50,11/15まで,-,-,-,-,-,-
4990705539607 ,ｍｋ　フィットイストワン,１２０ｍｌＸ３,50,11/15まで,-,-,-,-,-,-
4547894154984 ,クロレッツＸＰ　シャープミントボトルＲ,１４０ｇ,50,10/15まで,-,-,-,-,-,-
4547894154991 ,クロレッツＸＰクリアミントボトルＲ,１４０ｇ,50,10/15まで,-,-,-,-,-,-
4547894155004 ,クロレッツＸＰオリジナルミントボトルＲ,１４０ｇ,50,10/15まで,-,-,-,-,-,-
4547894155745 ,クロレッツ炭フレッシュ　フレッシュミントボトルＲ,１２７ｇ,50,10/15まで,-,-,-,-,-,-
4547894155769 ,クロレッツ炭フレッシュ　レモンミントボトルＲ,１２７ｇ,50,10/15まで,-,-,-,-,-,-
4547894156148 ,クロレッツＸＰ　エナジードリンクミントボトルＲ,１４０ｇ,50,10/15まで,-,-,-,-,-,-
4547894156230 ,クロレッツシタクリア　ＦグリーンミントボトルＲ,１２１ｇ,50,10/15まで,-,-,-,-,-,-
4547894156261 ,クロレッツシタクリア　クリアシトラスミントボトルＲ,１２１ｇ,50,10/15まで,-,-,-,-,-,-
4547894156315 ,クロレッツＸＰ　シーズンアソートボトルＲ,１４０ｇ,50,10/15まで,-,-,-,-,-,-
4547894156490 ,クロレッツアロマタイムレモングラス香オレンジボトル,１２１ｇ,50,10/15まで,-,-,-,-,-,-
4547894156506 ,クロレッツアロマタイムジャスミン香るピーチ味ボトル,１２１ｇ,50,10/15まで,-,-,-,-,-,-
4547894156575 ,クロレッツＸＰ　ラズベリー＆ブルーベリー　ボトル,１４０ｇ,50,10/15まで,-,-,-,-,-,-
4547894156612 ,クロレッツ炭フレッシュ　フレッシュミントボトル,１１２ｇ,50,10/15まで,-,-,-,-,-,-
4547894156629 ,クロレッツ炭フレッシュ　レモンミントボトル,１１２ｇ,50,10/15まで,-,-,-,-,-,-
4547894156650 ,クロレッツＸＰ　ピンクグレープフルーツボトル,１３０ｇ,50,10/15まで,-,-,-,-,-,-
4547894156681 ,クロレッツ　ビッグ　ブルーミントボトル,１１２ｇ,50,10/15まで,-,-,-,-,-,-
4547894156698 ,クロレッツ　ビッグ　グリーンミントボトル,１１２ｇ,50,10/15まで,-,-,-,-,-,-
4547894156735 ,クロレッツＸＰ　がっつりミント　ボトル,１３０ｇ,50,10/15まで,-,-,-,-,-,-
4547894156759 ,クロレッツＸＰ　ライムボトル,１３０ｇ,50,10/15まで,-,-,-,-,-,-
4547894156834 ,クロレッツ　ビッグフルーツ　シトラスミント　ボトル,１１２ｇ,50,10/15まで,-,-,-,-,-,-
4547894156858 ,クロレッツ　ビッグフルーツパッションフルーツボトル,１１２ｇ,50,10/15まで,-,-,-,-,-,-
4902430874311 ,ウィスパーおりもの＆水分ケアパンティライナ１５ｃｃ,３２枚,50,10/15まで,-,-,-,-,-,-
4902430874335 ,ウィスパ－うすさら吸水　中量用５０ｃｃ　１８枚,１８枚,50,10/15まで,-,-,-,-,-,-
4902430881531 ,ウィスパ－うすさら吸水　少量用３０ｃｃ　２２枚,２２枚,50,10/15まで,-,-,-,-,-,-
4902508084413 ,全身泡ソープ　詰めかえ用２回分,８００ｍｌ,50,10/15まで,-,-,-,-,-,-
4902508084444 ,全身泡ソープ　しっとり詰めかえ用２回分,８００ｍｌ,50,10/15まで,-,-,-,-,-,-
4902508084475 ,全身泡ソープ　ベビーフラワーの香り詰めかえ用２回分,８００ｍｌ,50,10/15まで,-,-,-,-,-,-
4902508084550 ,ベビーミルクローション,３００ｇ,50,10/15まで,-,-,-,-,-,-
4902508273893 ,薬用ミルクローション,３００ｇ,50,10/15まで,-,-,-,-,-,-
4903301219620 ,キレイキレイキッチン泡ハンドソープ本体,２３０ｍｌ,50,10/15まで,-,-,-,-,-,-
4903301256380 ,ルックプラスバスタブクレンジングＣシトラス本体,５００ｍｌ,50,10/15まで,-,-,-,-,-,-
4903301256427 ,ルックプラスバスタブクレンジングＦソープ本体,５００ｍｌ,50,10/15まで,-,-,-,-,-,-
4903301282228 ,キレイキレイ液体ハンドソープ詰替特大８００ｍｌ,８００ｍｌ,50,10/15まで,-,-,-,-,-,-
4903301302421 ,ルックプラスバスタブクレンジング銀イオンプラス本体,５００ｍｌ,50,10/15まで,-,-,-,-,-,-
4903301311812 ,キレイキレイ液体ハンドソープ詰替特大８４０ｍｌ,８４０ｍｌ,50,10/15まで,-,-,-,-,-,-
4903301318620 ,キレイキレイ手指の消毒スプレー本体,３５０ｍｌ,50,10/15まで,-,-,-,-,-,-
4903301333456 ,バスタブクレンジング銀イオン香りが残らない本体,５００ｍｌ,50,10/15まで,-,-,-,-,-,-
4903301350583 ,ＮＡＮＯＸｏｎｅスタンダード本体大,６４０ｇ,50,10/15まで,-,-,-,-,-,-
4903301350606 ,ＮＡＮＯＸｏｎｅスタンダードつめかえ用超特大,１１６０ｇ,50,10/15まで,-,-,-,-,-,-
4903301350668 ,ＮＡＮＯＸｏｎｅニオイ専用本体大,６４０ｇ,50,10/15まで,-,-,-,-,-,-
4903301350705 ,ＮＡＮＯＸｏｎｅニオイ専用つめかえ用超特大,１１６０ｇ,50,10/15まで,-,-,-,-,-,-
4903301350781 ,ＮＡＮＯＸｏｎｅＰＲＯつめかえ用超特大,１０７０ｇ,50,10/15まで,-,-,-,-,-,-
4903301367444 ,バスタブクレンジング銀イオンプラスＳシトラス本体,５００ｍｌ,50,10/15まで,-,-,-,-,-,-
4903301372325 ,ＮＡＮＯＸｏｎｅ部屋干し　本体大,６４０ｇ,50,10/15まで,-,-,-,-,-,-
4903301372349 ,ＮＡＮＯＸｏｎｅ部屋干しつめかえ用超特大,１１６０ｇ,50,10/15まで,-,-,-,-,-,-
4903301375227 ,ルックプラスバスタブクレンジングＨＡＲＤ洗浄本体,５００ｍｌ,50,10/15まで,-,-,-,-,-,-
4903301375364 ,ＮＡＮＯＸｏｎｅ洗浄プラス本体大,６００ｇ,50,10/15まで,-,-,-,-,-,-
4903301375449 ,ＮＡＮＯＸｏｎｅニオイ専用本体大,６００ｇ,50,10/15まで,-,-,-,-,-,-
4971710393231 ,サンカット　パーフェクトＵＶ　スプレー　６０ｇ,６０ｇ,50,10/15まで,-,-,-,-,-,-
4971710393712 ,サンカット　トーンアップＵＶ　スプレー,６０ｇ,50,10/15まで,-,-,-,-,-,-
4971710393866 ,ＭＫ　サンカット　プロテクトＵＶ　スプレー,６０ｇ,50,10/15まで,-,-,-,-,-,-
4971710394139 ,ＭＫ　サンカット　ＰＵＶ　スプレー　Ｆピーチ,６０ｇ,50,10/15まで,-,-,-,-,-,-
4971710395303 ,ＭＫ　サンカット　ＰＵＶ　スプレー　ディズニー,６０ｇ,50,10/15まで,-,-,-,-,-,-
4971710396188 ,ＭＫ　サンカット　ＰＵＶ　スプレー　Ｆゆず,６０ｇ,50,10/15まで,-,-,-,-,-,-
4971710397611 ,ＭＫ　サンカット　プロテクトＵＶスプレー　うさまる,６０ｇ,50,10/15まで,-,-,-,-,-,-
4971710398519 ,ＭＫ　サンカット　ＰＵＶスプレー　アップル＆ピーチ,６０ｇ,50,10/15まで,-,-,-,-,-,-
4971710522433 ,サンカット　プロテクトＵＶ　スプレー　無香料６０ｇ,６０ｇ,50,10/15まで,-,-,-,-,-,-
4971710522440 ,サンカット　プロテクトＵＶ　スプレー　無香料９０ｇ,９０ｇ,50,10/15まで,-,-,-,-,-,-
4971710523041 ,ＭＫサンカット　フレグランスＵＶスプレー　Ｆシャボ,６０ｇ,50,10/15まで,-,-,-,-,-,-
4971710525199 ,ＭＫサンカット　うさまるプロテクトＵＶスプレー無香,６０ｇ,50,10/15まで,-,-,-,-,-,-
4971710560992 ,ＳＣ　フレグランスＵＶスプレー　クール　シチリアレ,６０ｇ,50,10/15まで,-,-,-,-,-,-
4971710575385 ,サンカット　ＵＶスプレー　シトラスソルベの香り,６０ｇ,50,10/15まで,-,-,-,-,-,-
4971710577204 ,サンカット　プロテクトＵＶスプレー,６０ｇ,50,10/15まで,-,-,-,-,-,-
4971710577211 ,サンカット　パーフェクトＵＶスプレー,６０ｇ,50,10/15まで,-,-,-,-,-,-
4971710577228 ,サンカット　プロテクトＵＶスプレー　９０ｇ,９０ｇ,50,10/15まで,-,-,-,-,-,-
4971710577235 ,サンカット　パーフェクトＵＶスプレー　９０ｇ,９０ｇ,50,10/15まで,-,-,-,-,-,-
4971710595642 ,サンカット　マルチビタミンＵＶ　ミスト,６０ｍｌ,50,10/15まで,-,-,-,-,-,-
4971710595659 ,サンカット　マルチビタミンＵＶ　エッセンス,８０ｇ,50,10/15まで,-,-,-,-,-,-
4971710599268 ,ＭＫ　サンカット　フレグランスＵＶスプレー,６０ｇ,50,10/15まで,-,-,-,-,-,-
4971710599299 ,サンカット　プロテクトＵＶ　スプレー　クール,６０ｇ,50,10/15まで,-,-,-,-,-,-
4971710632903 ,サンカットマルチビタミンエッセンスクリアＬＶ,８０ｇ,50,10/15まで,-,-,-,-,-,-
4971710638318 ,サンカット　プロテクトＵＶスプレークール　２６ＳＳ,６０ｇ,50,10/15まで,-,-,-,-,-,-
4971710638363 ,サンカット　フレグランスＵＶスプレー　ＢＰ,６０ｇ,50,10/15まで,-,-,-,-,-,-
4973227222226 ,デンタルプロ３ＤーＦＩＴブラックレギュラー,ふつう,50,10/15まで,-,-,-,-,-,-
4973227222240 ,デンタルプロ３ＤーＦＩＴホワイトレギュラー,ふつう,50,10/15まで,-,-,-,-,-,-
4973227222264 ,デンタルプロ３ＤーＦＩＴレッドレギュラー,ふつう,50,10/15まで,-,-,-,-,-,-
4987176126825 ,ウィスパー１枚２役Ｗガード３ｃｃ４０枚,４０枚,50,10/15まで,-,-,-,-,-,-
4987176126849 ,ウィスパー１枚２役Ｗガード　３ｃｃ　４０枚　無香料,４０枚,50,10/15まで,-,-,-,-,-,-
4987176126856 ,ウィスパー　うすさら吸水　１５０ｃｃ　２２枚,２２枚,50,10/15まで,-,-,-,-,-,-
4987176161147 ,ウィスパーおりもの＆水分ケアパンティライナ１０ｃｃ,３８枚,50,10/15まで,-,-,-,-,-,-
4987176194053 ,ウィスパーうすさら吸水　５０ｃｃ　５４枚,５４枚,50,10/15まで,-,-,-,-,-,-
4987176194084 ,ウィスパーうすさら吸水　３０ｃｃ　６０枚,６０枚,50,10/15まで,-,-,-,-,-,-
4987176195913 ,ウィスパーうすさら吸水　５０ｃｃ　１８枚　無香料,１８枚,50,10/15まで,-,-,-,-,-,-
4987176195937 ,ウィスパーうすさら吸水　３０ｃｃ　２２枚　無香料,２２枚,50,10/15まで,-,-,-,-,-,-
4987176118400 ,除菌ジョイ　贅沢グレープフルーツ特大,６７０ｍｌ,60,11/15まで,-,-,-,-,352,11/15まで
4987176118547 ,除菌ジョイＷ消臭　フレッシュシトラス　特大,６７０ｍｌ,60,11/15まで,-,-,-,-,352,11/15まで
4987176118561 ,除菌ジョイ　贅沢シトラスミントの香り特大,６７０ｍｌ,60,11/15まで,-,-,-,-,352,11/15まで
4987176118585 ,除菌ジョイＷ消臭　フレッシュクリーン　特大,６７０ｍｌ,60,11/15まで,-,-,-,-,352,11/15まで
4987176118608 ,除菌ジョイ　緑茶の香り　特大,６７０ｍｌ,60,11/15まで,-,-,-,-,352,11/15まで
4987176118622 ,除菌ジョイ　スパークリングレモンの香り　特大増量,６９０ｍＬ,60,11/15まで,-,-,-,-,352,11/15まで
4987176118783 ,除菌ジョイ　贅沢シトラスオレンジの香り特大,６７０ｍｌ,60,11/15まで,-,-,-,-,352,11/15まで
4987176118806 ,除菌ジョイ　贅沢シトラスレモンの香り　特大,６７０ｍｌ,60,11/15まで,-,-,-,-,352,11/15まで
4987176118844 ,除菌ジョイ　緑茶の香り　特大増量,６９０ｍＬ,60,11/15まで,-,-,-,-,352,11/15まで
4987176118868 ,除菌ジョイ　特大,６７０ｍｌ,60,11/15まで,-,-,-,-,352,11/15まで
4987176118882 ,除菌ジョイ　特大増量,６９０ｍＬ,60,11/15まで,-,-,-,-,352,11/15まで
4987176118905 ,除菌ジョイ　バレンシアオレンジの香り特大増量,６９０ｍＬ,60,11/15まで,-,-,-,-,352,11/15まで
4987176275608 ,除菌ジョイ　シトラスオレンジの香り詰替特大増量,６８５ｍｌ,60,11/15まで,-,-,-,-,352,11/15まで
4987176275615 ,除菌ジョイ　詰替特大増量,６８５ｍｌ,60,11/15まで,-,-,-,-,352,11/15まで
4987176298720 ,除菌ジョイ　贅沢オレンジ詰替特大増量,６８５ｍＬ,60,11/15まで,-,-,-,-,352,11/15まで
4987176298751 ,除菌ジョイ　贅沢レモン詰替特大増量,６８５ｍＬ,60,11/15まで,-,-,-,-,352,11/15まで
4987176298768 ,除菌ジョイ　緑茶詰替特大増量,６８５ｍＬ,60,11/15まで,-,-,-,-,352,11/15まで
4987176298782 ,除菌ジョイ　詰替特大増量,６８５ｍＬ,60,11/15まで,-,-,-,-,352,11/15まで
4987176361349 ,除菌ジョイ　ベルガモットの香り　詰替特大,６７０ｍｌ,60,11/15まで,-,-,-,-,352,11/15まで
4987176387936 ,除菌ジョイ　ライム＆エルダーフラワー　詰替特大増量,６８５ｍＬ,60,11/15まで,-,-,-,-,352,11/15まで
4901301420008 ,ワイドハイターＰＲＯ　抗菌リキッド　本体,５６０ｍｌ,60,11/15まで,-,-,-,-,442,11/15まで
4901301461551 ,ワイドハイター　ＰＲＯリキッド　部屋干し　本体,５６０ｍｌ,60,11/15まで,-,-,-,-,442,11/15まで
4901301454706 ,トイレマジックリン泡パックサボン＆シトラス　本体,３００ｍｌ,60,11/15まで,-,-,-,-,472,11/15まで
4901301454713 ,トイレマジックリン泡パックサボン＆シトラス　替,６６０ｍｌ,60,11/15まで,-,-,-,-,472,11/15まで
4901301454720 ,トイレマジックリン泡パックホワイトフローラル　本体,３００ｍｌ,60,11/15まで,-,-,-,-,472,11/15まで
4901301454737 ,トイレマジックリン泡パックホワイトフローラル　替,６６０ｍｌ,60,11/15まで,-,-,-,-,472,11/15まで
4901301454744 ,トイレマジックリン泡パックウォーターミント　本体,３００ｍｌ,60,11/15まで,-,-,-,-,472,11/15まで
4901301454751 ,トイレマジックリン泡パックウォーターミント　替,６６０ｍｌ,60,11/15まで,-,-,-,-,472,11/15まで
4901301459626 ,トイレマジックリン泡パックサボン＆シトラス　替増量,７２０ｍｌ,60,11/15まで,-,-,-,-,472,11/15まで
4901301459633 ,トイレマジックリン泡パックホワイトフローラル替増量,７２０ｍｌ,60,11/15まで,-,-,-,-,472,11/15まで
4901301459640 ,トイレマジックリン泡パックウォーターミント　替増量,７２０ｍｌ,60,11/15まで,-,-,-,-,472,11/15まで
4901301468451 ,トイレマジックリン泡パックＷ　つめかえ用６６０ＭＬ,６６０ｍｌ,60,11/15まで,-,-,-,-,472,11/15まで
4901301468468 ,トイレマジックリンこすらずスッキリ泡パックＷ本体,３００ｍｌ,60,11/15まで,-,-,-,-,472,11/15まで
4901301453198 ,バスマジエアジェットハーバルシトラス替え,７６０ｍｌ,60,11/15まで,-,-,-,-,482,11/15まで
4901301453211 ,バスマジエアジェットハーバルシトラス本体,４２０ｍｌ,60,11/15まで,-,-,-,-,482,11/15まで
4901301454768 ,バスマジＡＪシトラスつめかえ用増量７９０ｍｌ,７９０ｍｌ,60,11/15まで,-,-,-,-,482,11/15まで
4901301467829 ,バスマジックリンパワフル泡洗浄　ローズ　１０５０,１０５０ｍｌ,60,11/15まで,-,-,-,-,492,11/15まで
4901301467836 ,バスマジックリンパワフル泡洗浄　ハーブ　１０５０,１０５０ｍｌ,60,11/15まで,-,-,-,-,492,11/15まで
4901301467843 ,バスマジックリンパワフル泡洗浄　無残香　１０５０,１０５０ｍｌ,60,11/15まで,-,-,-,-,492,11/15まで
4901301453228 ,バスマジエアジェット除菌ＥＸハーバルクリア本体,３９０ｍｌ,60,11/15まで,-,-,-,-,552,11/15まで
4901301453235 ,バスマジエアジェット除菌ＥＸハーバルクリア替え,７００ｍｌ,60,11/15まで,-,-,-,-,552,11/15まで
4901301453259 ,バスマジエアジェット除菌ＥＸ　フラワーシャワー本体,３９０ｍｌ,60,11/15まで,-,-,-,-,552,11/15まで
4901301453266 ,バスマジエアジェット除菌ＥＸフラワーシャワー替え,７００ｍｌ,60,11/15まで,-,-,-,-,552,11/15まで
4901301454775 ,バスマジ　エアジェット除菌つめかえ増量７３０,７３０ｍｌ,60,11/15まで,-,-,-,-,552,11/15まで
4901301454782 ,バスマジ　エアジェット除菌Ｆつめかえ増量７３０,７３０ｍｌ,60,11/15まで,-,-,-,-,552,11/15まで
4901301468079 ,バスマジックリンエアジェット除菌無香本体３９０ｍｌ,３９０ｍｌ,60,11/15まで,-,-,-,-,552,11/15まで
4901301468086 ,バスマジックリンエアジェット除菌無香かえ７００ｍｌ,７００ｍｌ,60,11/15まで,-,-,-,-,552,11/15まで
4902111780849 ,ラックス　ダメージリペア　シャンプー　詰替大,５６０ｇ,60,11/15まで,-,-,-,-,552,11/15まで
4902111780856 ,ラックス　モイスチャー保湿　シャンプー　詰替大,５６０ｇ,60,11/15まで,-,-,-,-,552,11/15まで
4902111780863 ,ラックス　ストレートビューティー　ＳＰ詰替大,５６０ｇ,60,11/15まで,-,-,-,-,552,11/15まで
4902111780870 ,ラックス　リラックスナイトケア　シャンプー詰替大,５６０ｇ,60,11/15まで,-,-,-,-,552,11/15まで
4902111780887 ,ラックスダメージリペアコンディショナー詰替大,５６０ｇ,60,11/15まで,-,-,-,-,552,11/15まで
4902111780894 ,ラックス　モイスチャー保湿　コンディショナー詰替大,５６０ｇ,60,11/15まで,-,-,-,-,552,11/15まで
4902111780900 ,ラックス　ストレートビューティー　ＣＤ詰替大,５６０ｇ,60,11/15まで,-,-,-,-,552,11/15まで
4902111780917 ,ラックス　リラックスナイトケア　ＣＤ詰替大,５６０ｇ,60,11/15まで,-,-,-,-,552,11/15まで
4902111782119 ,ラックス　キンモクセイシャンプー　詰替大,５６０ｇ,60,11/15まで,-,-,-,-,552,11/15まで
4902111782126 ,ラックス　キンモクセイ　コンディショナー詰替大,５６０ｇ,60,11/15まで,-,-,-,-,552,11/15まで
4902111783048 ,ラックス　ダメージシャンプー　詰替大容量１０％増量,６１６ｇ,60,11/15まで,-,-,-,-,552,11/15まで
4902111783055 ,ラックス　ダメージＣＤ　詰替大容量１０％増量,６１６ｇ,60,11/15まで,-,-,-,-,552,11/15まで
4902111783062 ,ラックス　モイスチャーＳＰ　詰替大容量１０％増量,６１６ｇ,60,11/15まで,-,-,-,-,552,11/15まで
4902111783079 ,ラックス　モイスチャーＣＤ　詰替大容量１０％増量,６１６ｇ,60,11/15まで,-,-,-,-,552,11/15まで
4902111783086 ,ラックス　ストレート　ＳＰ詰替大容量１０％増量,６１６ｇ,60,11/15まで,-,-,-,-,552,11/15まで
4902111783093 ,ラックス　ストレート　ＣＤ詰替大容量１０％増量,６１６ｇ,60,11/15まで,-,-,-,-,552,11/15まで
4987176122186 ,レノアクエン酸イン超消臭さわやかシトラスの香り本体,４３０ｍｌ,60,11/15まで,-,-,-,-,552,11/15まで
4987176122193 ,レノアクエン酸イン超消臭フレッシュグリーン本体,４３０ｍｌ,60,11/15まで,-,-,-,-,552,11/15まで
4987176122223 ,レノアクエン酸イン超消臭クリアフローラルの香り本体,４３０ｍｌ,60,11/15まで,-,-,-,-,552,11/15まで
4987176293039 ,レノアクエン酸イン超消臭部屋干しフレッシュグリーン,４３０ｍｌ,60,11/15まで,-,-,-,-,552,11/15まで
4987176293107 ,レノアクエン酸イン超消臭無臭シトラス本体,４３０ｍｌ,60,11/15まで,-,-,-,-,552,11/15まで
4987176293169 ,レノアクエン酸イン超消臭スポーツフレッシュリリー本,４３０ｍｌ,60,11/15まで,-,-,-,-,552,11/15まで
4901301309273 ,エッセンシャル　ＣＣミルク,１００ｍｌ,60,11/15まで,-,-,-,-,552,11/15まで
4901301309303 ,エッセンシャル　ＣＣオイル,６０ｍｌ,60,11/15まで,-,-,-,-,552,11/15まで
4901201157486 ,ＵＣＣ　ザ・ブレンド１１４,７０ｇ,60,11/15まで,-,-,-,-,553,11/15まで
4901201157493 ,ＵＣＣ　ザ・ブレンド１１７,７０ｇ,60,11/15まで,-,-,-,-,553,11/15まで
4901301454263 ,キュキュット泡スプレー無香性つめかえ用６５０ｍｌ,６５０ｍｌ,60,11/15まで,-,-,-,-,582,11/15まで
4901301454270 ,キュキュット泡スプレーオレンジつめかえ用６５０ｍｌ,６５０ｍｌ,60,11/15まで,-,-,-,-,582,11/15まで
4901301454317 ,キュキュット除菌泡スプレー微香性つめかえ６５０ｍｌ,６５０ｍｌ,60,11/15まで,-,-,-,-,582,11/15まで
4901301454799 ,キュキュット除菌泡スプレー緑茶つめかえ用６５０ｍｌ,６５０ｍｌ,60,11/15まで,-,-,-,-,582,11/15まで
4901301440488 ,クイックル洗面ボウルクリーナー　本体,１００ｍｌ,60,11/15まで,-,-,-,-,632,11/15まで
4901301453204 ,バスマジエアジェットハーバルシトラス替え大,１１００ｍｌ,60,11/15まで,-,-,-,-,702,11/15まで
4901301449559 ,トイレマジックリン泡パックサボンシトラス替１０８０,１０８０ｍｌ,60,11/15まで,-,-,-,-,712,11/15まで
4901301449566 ,トイレマジックリン泡パックフローラル　替　１０８０,１０８０ｍｌ,60,11/15まで,-,-,-,-,712,11/15まで
4901301449573 ,トイレマジックリン泡パックＷミント　替１０８０,１０８０ｍｌ,60,11/15まで,-,-,-,-,712,11/15まで
4901301468444 ,トイレマジ泡パックＷ　つめかえ用１０８０ＭＬ,１０８０ｍｌ,60,11/15まで,-,-,-,-,712,11/15まで
4901301453242 ,バスマジエアジェット除菌ＥＸハーバルクリア替え大,１０００ｍｌ,60,11/15まで,-,-,-,-,752,11/15まで
4901301453273 ,バスマジエアジェット除菌ＥＸフラワーシャワー替え大,１０００ｍｌ,60,11/15まで,-,-,-,-,752,11/15まで
4901301440624 ,クイックルハンディ　取り替え用シート　８枚入,８枚入,60,11/15まで,-,-,-,-,842,11/15まで
4901301440631 ,クイックルハンディ取り替え用シートブラック８枚入,８枚入,60,11/15まで,-,-,-,-,842,11/15まで
4901301466556 ,クイックルハンディ＆モップ取り替え用ブラック８枚入,８枚,60,11/15まで,-,-,-,-,842,11/15まで
4901301466570 ,クイックルハンディ＆モップ取り替え用８枚入,８枚,60,11/15まで,-,-,-,-,842,11/15まで
4901301311672 ,ビオレうるおいクレンジングリキッド詰替　２１０ｍｌ,２１０ｍｌ,60,11/15まで,-,-,-,-,852,11/15まで
4901301448927 ,メリット　シャンプー　つめかえ用　１０８０ｍＬ,１０８０ｍＬ,60,11/15まで,-,-,-,-,905,11/15まで
4901301448934 ,メリット　ＣＤ　つめかえ用　１０８０ｍＬ,１０８０ｍＬ,60,11/15まで,-,-,-,-,905,11/15まで
4901301448767 ,メリットＲＩＮ　つめかえ用　１０８０ｍＬ,１０８０ｍＬ,60,11/15まで,-,-,-,-,1005,11/15まで
4906156501384 ,フィニッシュ　ウルトラタブレット　Ｍ,３５個,60,11/15まで,-,-,-,-,1052,11/15まで
4511413309926 ,ＤＨＣエクストラモイスチュアリップクリーム,１．５ｇ,60,11/15まで,-,-,-,-,-,-
4511413310632 ,ＤＨＣエクストラモイスチュアリップクリーム,１．５ｇ,60,11/15まで,-,-,-,-,-,-
4511413405802 ,ＤＨＣ　セラミドモイスチュア　２０日,２０粒,60,11/15まで,-,-,-,-,-,-
4511413406717 ,ＤＨＣ　プラセンタ２０日分,６０粒,60,11/15まで,-,-,-,-,-,-
4589850822575 ,ポッカ　キレートレモンクエン酸２７００ゼリーボール,１６５ｇ×６,60,11/15まで,-,-,-,-,-,-
4901070302444 ,ムシューダ１年間有効ウォークインクローゼット専用,３個入り,60,11/15まで,-,-,-,-,-,-
4901070303045 ,ムシューダ　１年間　引き出し・衣装ケース用　３２,３２個,60,11/15まで,-,-,-,-,-,-
4901070303052 ,ムシューダ　１年間　洋服ダンス用　３個入,３個,60,11/15まで,-,-,-,-,-,-
4901070303236 ,ムシューダ防虫カバー　スーツ・ジャケット用８枚入,８枚,60,11/15まで,-,-,-,-,-,-
4901070303243 ,ムシューダ防虫カバー　コート・ワンピース用６枚入,６枚,60,11/15まで,-,-,-,-,-,-
4901070303311 ,かおりムシューダ　ＷＩクローゼット専用　フローラル,３個,60,11/15まで,-,-,-,-,-,-
4901070303328 ,かおりムシューダ　ＷＩクローゼット専用　ソープ,３個,60,11/15まで,-,-,-,-,-,-
4901080561718 ,ピレパラアース　ボタニカル引き出し用,４８包,60,11/15まで,-,-,-,-,-,-
4901080565419 ,ピレパラ無臭防虫１年,４８包,60,11/15まで,-,-,-,-,-,-
4901080567918 ,ピレパラアース柔軟剤の香り　引出１年用,４８包,60,11/15まで,-,-,-,-,-,-
4901080571816 ,ピレパラ柔軟剤の香りアロマソープ,４８包,60,11/15まで,-,-,-,-,-,-
4901080583611 ,消臭ピレパラアースＭＡＧＩＣ　ＰＵＳＨ無臭タイプ,１３．６ｍｌ,60,11/15まで,-,-,-,-,-,-
4901080697615 ,消臭ピレパラアースＭＡＧＩＣ　ＰＵＳＨボタニカル,１３．６ＭＬ,60,11/15まで,-,-,-,-,-,-
4901085663677 ,お～いお茶　ＰＵＲＥ　ＧＲＥＥＮケース,２Ｌ×６本,60,11/15まで,-,-,-,-,-,-
4901201103797 ,ＵＣＣ　ザ・ブレンド１１４,９０ｇ,60,11/15まで,-,-,-,-,-,-
4901201103803 ,ＵＣＣ　ザ・ブレンド１１７,９０ｇ,60,11/15まで,-,-,-,-,-,-
4901301200211 ,ビオレ毛穴すっきりパック　鼻用,１０マイ,60,11/15まで,-,-,-,-,-,-
4901301200228 ,ビオレ毛穴すっきりパック　鼻用＋気になる部分用,１５マイ,60,11/15まで,-,-,-,-,-,-
4901301210494 ,ビオレ毛穴すっきりパック　鼻用　黒色タイプ,１０枚,60,11/15まで,-,-,-,-,-,-
4901301263049 ,ビオレうるおいクレンジングリキッド　２３０ｍｌ,２３０ｍＬ,60,11/15まで,-,-,-,-,-,-
4901301336477 ,リーゼ　しっとりジューシーシャワー　本体,２００ｍｌ,60,11/15まで,-,-,-,-,-,-
4901301341228 ,ビオレクレンジングリキッドボタニカルハーブマツキヨ,２３０ｍＬ,60,11/15まで,-,-,-,-,-,-
4901301353962 ,ビオレ毛穴すっきりパック白　ローズの香り企画品,１０枚,60,11/15まで,-,-,-,-,-,-
4901301353979 ,ビオレ毛穴すっきりパック白　ハーブの香り企画品,１０枚,60,11/15まで,-,-,-,-,-,-
4901301368317 ,ビオレ毛穴すっきりパック鼻用　桜の香り,１０枚,60,11/15まで,-,-,-,-,-,-
4901301389435 ,メリーズファーストプレミアム新生児５０００ｇ２０枚,２０枚,60,11/15まで,-,-,-,-,-,-
4901301389442 ,メリーズファーストプレミアムＳサイズ１９枚,１９枚,60,11/15まで,-,-,-,-,-,-
4901301390882 ,ビオレ　泡クリームメイク落とし　つめかえ用大容量,３５５ｇ,60,11/15まで,-,-,-,-,-,-
4901301466105 ,ニュービーズ　ジャスミン＆ムスクつめかえ用８８０ｇ,８８０ｇ,60,11/15まで,-,-,-,-,-,-
4901301466136 ,ニュービーズ　ローズ＆マグノリアつめかえ用８８０ｇ,８８０ｇ,60,11/15まで,-,-,-,-,-,-
4901301734013 ,リーゼ　ウォーターサプライミントシヤワー本体,２００ｍｌ,60,11/15まで,-,-,-,-,-,-
4901417823816 ,旅の宿　こだわりアソート,２５ｇ×１３包,60,11/15まで,-,-,-,-,-,-
4901417823823 ,旅の宿　にごりアソート,２５ｇ×１３包,60,11/15まで,-,-,-,-,-,-
4901417823830 ,旅の宿　贅沢アソート,２５ｇ×７包４０ｇ×６錠,60,11/15まで,-,-,-,-,-,-
4901417824998 ,旅の宿　こだわりアソート,２５ｇ×１２包入,60,11/15まで,-,-,-,-,-,-
4901417825001 ,旅の宿　にごりアソート,２５ｇ×１２包入,60,11/15まで,-,-,-,-,-,-
4901417884169 ,旅の宿　涼夏の湯＆泡の湯クール体験セット,１２包,60,11/15まで,-,-,-,-,-,-
4901508975189 ,クロバラ純椿油　７２ｍｌ,７２ｍｌ,60,11/15まで,-,-,-,-,-,-
4901508975974 ,ツバキオイルヘアミルク,１５０ｍｌ,60,11/15まで,-,-,-,-,-,-
4901730230339 ,バンドエイド　肌色　Ｍサイズ　１５０枚,１５０枚,60,11/15まで,-,-,-,-,-,-
4902102113731 ,アクエリアス　ケース,２０００ｍＬ×６,60,11/15まで,-,-,-,-,-,-
4902102113830 ,アクエリアス　ゼロ　ケース,２０００ｍＬ×６,60,11/15まで,-,-,-,-,-,-
4902102132695 ,アクエリアス　ビタミン　ケース,２Ｌ×６,60,11/15まで,-,-,-,-,-,-
4902407125422 ,ミセスロイド洋服ダンス用２個入１年防虫,２個,60,11/15まで,-,-,-,-,-,-
4902407125439 ,ミセスロイド引き出し用２４個入１年防虫,２４個,60,11/15まで,-,-,-,-,-,-
4902407125446 ,ミセスロイドクローゼット用３個入１年防虫,３個,60,11/15まで,-,-,-,-,-,-
4902407125453 ,ミセスロイドウォークインクローゼット用３個入１年防,３個,60,11/15まで,-,-,-,-,-,-
4902407126467 ,ミセスロイドフローラル引き出し用フローラルブーケの,２４個,60,11/15まで,-,-,-,-,-,-
4902407126474 ,ミセスロイドフローラル引き出し用ホワイトアロマソー,２４個,60,11/15まで,-,-,-,-,-,-
4902407126481 ,ミセスロイドフローラルクローゼット洋服ダンス用ＦＢ,３個,60,11/15まで,-,-,-,-,-,-
4902407126498 ,ミセスロイドフローラルクローゼット洋服ダンス用ＷＡ,３個,60,11/15まで,-,-,-,-,-,-
4902407126528 ,ミセスロイドフローラルウォークインクローゼット用Ｆ,３個,60,11/15まで,-,-,-,-,-,-
4902407126535 ,ミセスロイドフローラルウォークインクローゼット用Ｗ,３個,60,11/15まで,-,-,-,-,-,-
4902407126634 ,ミセスロイド引き出し用１年防虫金木犀の香り,２４個,60,11/15まで,-,-,-,-,-,-
4902407126641 ,ミセスロイドクローゼット１年防虫金木犀の香り,３個,60,11/15まで,-,-,-,-,-,-
4902407126658 ,ミセスロイドＷＩクローゼット用１年防虫金木犀,３個,60,11/15まで,-,-,-,-,-,-
4902407126733 ,ミセスロイド引き出し用１年防虫白檀の香り,２４個,60,11/15まで,-,-,-,-,-,-
4902407126740 ,ミセスロイドクローゼット１年防虫白檀の香り,３個,60,11/15まで,-,-,-,-,-,-
4902407126757 ,ミセスロイドＷＩクローゼット用１年防虫白檀,３個,60,11/15まで,-,-,-,-,-,-
4902407395054 ,ドライ＆ドライＵＰ　ＮＥＣＯ　４個セット,４個,60,11/15まで,-,-,-,-,-,-
4902777313160 ,明治　即攻元気ゼリー　高麗人蔘＋栄養ドリンク味,１８０ｇ×６,60,11/15まで,-,-,-,-,-,-
4902777314631 ,明治　即攻元気ゼリー鉄分＆Ｍビタミン　ぶどう,１８０ｇ×６,60,11/15まで,-,-,-,-,-,-
4902777321646 ,明治　即攻元気ゼリー　ＧＡＢＡ＋栄養ドリンク味,１８０ｇ×６,60,11/15まで,-,-,-,-,-,-
4902777322209 ,明治　即攻元気ゼリークエン酸＋レモン風味,１８０ｇ×６,60,11/15まで,-,-,-,-,-,-
4902777332024 ,明治　即攻元気ゼリーアミノ酸＆ローヤルコーラ味付き,セット,60,11/15まで,-,-,-,-,-,-
4902777344133 ,明治製菓　Ｐプラス　即攻元気ゼリー,１８０ｇ×６,60,11/15まで,-,-,-,-,-,-
4902899450057 ,はるオンパックス３０Ｐ,３０個,60,11/15まで,-,-,-,-,-,-
4902899450064 ,はるオンパックス６０Ｐ,６０個,60,11/15まで,-,-,-,-,-,-
4902899451061 ,はるオンパックスミニ６０Ｐ,６０個,60,11/15まで,-,-,-,-,-,-
4902899452044 ,貼らないオンパックス３０Ｐ,３０個,60,11/15まで,-,-,-,-,-,-
4903018185058 ,レディース毛乳源　薬用育毛スプレー　めぐらせケア,１８０ｇ,60,11/15まで,-,-,-,-,-,-
4909411089924 ,キリン　イミューズ　ヨーグルトテイスト　６本パック,５００ｍｌ×６,60,11/15まで,-,-,-,-,-,-
4930726000625 ,調整豆乳ケース　１０００ｍｌケース,１０００ｍｌ×６,60,11/15まで,-,-,-,-,-,-
4930726000632 ,豆乳飲料麦芽コーヒー　１０００ｍｌケース,１０００ｍｌ×６,60,11/15まで,-,-,-,-,-,-
4930726000649 ,特濃調整豆乳１０００ｍｌケース,１０００ｍｌ×６,60,11/15まで,-,-,-,-,-,-
4930726000656 ,おいしい無調整豆乳　１０００ｍｌケース,１０００ｍｌ×６,60,11/15まで,-,-,-,-,-,-
4930726000885 ,豆乳飲料紅茶ケース,１０００ｍｌ×６,60,11/15まで,-,-,-,-,-,-
4930726001325 ,豆乳フルーツＭＩＸケース,１０００ｍｌ×６,60,11/15まで,-,-,-,-,-,-
4930726001400 ,豆乳飲料バナナ　ケース,１０００ｍｌ×６,60,11/15まで,-,-,-,-,-,-
4930726102091 ,低糖質　調製豆乳　ケース,１０００ｍｌ,60,11/15まで,-,-,-,-,-,-
4930726102114 ,低糖質　豆乳飲料麦芽コーヒー　ケース,１０００ｍｌＸ６,60,11/15まで,-,-,-,-,-,-
4930726103241 ,砂糖不使用　調製豆乳　ケース,１０００ｍｌＸ６,60,11/15まで,-,-,-,-,-,-
4973512271441 ,サラヤ　ラカントＳシロップＰ,２８０Ｇ,60,11/15まで,-,-,-,-,-,-
4973512273469 ,サラヤ　ラカントフローラビオＰ,２６５Ｇ,60,11/15まで,-,-,-,-,-,-
4973512282546 ,サラヤ　ラカントＳ顆粒Ｐ１３０ｇ　Ｎ,１３０Ｇ,60,11/15まで,-,-,-,-,-,-
4987035153627 ,大塚製薬　ファイブミニ　６本Ｎ,１００ｍｌ×６,60,11/15まで,-,-,-,-,-,-
4971710632774 ,ＳＳビオリス　ＦシロップＳＰＤモイスト　替,３３０ｍｌ,60,11/15まで,-,-,-,-,-,-
4971710632781 ,ＳＳビオリス　ＦシロップＣＤＤモイスト　替,３３０ｍｌ,60,11/15まで,-,-,-,-,-,-
4971710632828 ,ＳＳビオリス　ＦシロップＳＰＳスムース　替,３３０ｍｌ,60,11/15まで,-,-,-,-,-,-
4971710632835 ,ＳＳビオリス　ＦシロップＣＤＳスムース　替,３３０ｍｌ,60,11/15まで,-,-,-,-,-,-
4973512259814 ,ハンドラボ手指消毒ＶＨ携帯用,３０ｍｌ,60,11/15まで,-,-,-,-,-,-
4973512263941 ,ハンドラボ手指消毒ＶＨスプレー詰替,３８０ｍｌ,60,11/15まで,-,-,-,-,-,-
4987033811055 ,太田胃散　太田胃散Ａ錠剤,１２０錠,60,11/15まで,-,-,-,-,-,-
4987045068102 ,クラシエ薬品　葛根湯エキス錠,２４０錠,60,11/15まで,-,-,-,-,-,-
4987046100634 ,レディース加美乃素ＥＸ　無香料,１５０ｍｌ,60,11/15まで,-,-,-,-,-,-
4987046110077 ,フルネージュ　プライマーヘアセラム,１６０ｍｌ,60,11/15まで,-,-,-,-,-,-
4987046110084 ,フルネージュ　フィニッシュオイル,６０ｍｌ,60,11/15まで,-,-,-,-,-,-
4987072004708 ,小林製薬　のどぬーるスプレー,１５ｍｌ,60,11/15まで,-,-,-,-,-,-
4987072032350 ,ドでか無香空間　つめ替用,１５００ｇ,60,11/15まで,-,-,-,-,-,-
4987072055144 ,ドでか無香空間ほのかなせっけんつめ替,１５００ｇ,60,11/15まで,-,-,-,-,-,-
4987072061183 ,小林製薬　のどぬーるスプレーナイテクト,１５ｍｌ,60,11/15まで,-,-,-,-,-,-
4987072070840 ,小林製薬　のどぬーるスプレーＥＸクール,１５ｍｌ,60,11/15まで,-,-,-,-,-,-
4987176402561 ,ボールドジェルボール４ＤフレッシュＦサボンＨＪ,２６個,60,11/15まで,-,-,-,-,-,-
4987176402639 ,ボールドジェルボール４Ｄグリーンティー＆ネロリＨＪ,２６個,60,11/15まで,-,-,-,-,-,-
4987176402714 ,ボールドジェルボール４Ｄローズ＆ブーケＨＪ,２６個,60,11/15まで,-,-,-,-,-,-
4987176402882 ,ボールドジェルボール４Ｄホワイトティー＆フロＨＪ,２６個,60,11/15まで,-,-,-,-,-,-
4971710587654 ,クリアターン　ごめんね素肌　おやすみリペアクリーム,５０ｇ,60,10/15まで,-,-,-,-,-,-
4971710632132 ,クリアターン　ごめんね素肌　化粧水,２００ｍｌ,60,10/15まで,-,-,-,-,-,-
4971710632149 ,クリアターン　ごめんね素肌　乳液,１５０ｍｌ,60,10/15まで,-,-,-,-,-,-
4973512254949 ,アラウ．ベビー　やわらか消臭仕上げ剤　詰替,１０８０ｍｌ,60,10/15まで,-,-,-,-,-,-
4973512259104 ,アラウベビー泡全身ソープ詰替,４００ＭＬ,60,10/15まで,-,-,-,-,-,-
4973512259135 ,アラウベビー泡全身ソープしっとり詰替,４００ＭＬ,60,10/15まで,-,-,-,-,-,-
4973512259326 ,アラウベビー泡全身ソープ敏感肌詰替,４００ＭＬ,60,10/15まで,-,-,-,-,-,-
4580543943294 ,レック　グロンサン用刃棒　１００ｍｌ×３本,１００ｍｌ×３本,60,11/15まで,-,-,-,-,-,-
4580771749484 ,ＭＫ　ＣＩＣＩＢＥＬＬＡ３Ｄマスク　グレージュ,３３枚入,60,11/15まで,-,-,-,-,-,-
4580771749491 ,ＭＫ　ＣＩＣＩＢＥＬＬＡ３Ｄマスク　オールドレース,３３枚入,60,11/15まで,-,-,-,-,-,-
4901080065629 ,アースレッドＷ　ノンスモーク霧タイプ　９～１２畳用,１５０МＬ×２,60,11/15まで,-,-,-,-,-,-
4901080280916 ,コバエがホイホイ,２個入り,60,11/15まで,-,-,-,-,-,-
4901121178523 ,ネピアプレミアムソフトティシュ５Ｐ,１８０Ｗ　５Ｐ,60,11/15まで,-,-,-,-,-,-
4901133403132 ,香立つクランキーちゅーる和え　まぐろ味,２０ｇ×１０袋,60,11/15まで,-,-,-,-,-,-
4901133403149 ,香立つクランキーちゅーる和え　とささみ味,２０ｇ×１０袋,60,11/15まで,-,-,-,-,-,-
4901133403156 ,香立つクランキーちゅーる和え　まぐろバラエティ,２０ｇ×１０袋,60,11/15まで,-,-,-,-,-,-
4901133403163 ,香立つクランキーちゅーる和え　とささみバラエティ,２０ｇ×１０袋,60,11/15まで,-,-,-,-,-,-
4901133403170 ,香立つクランキーちゅーる和え　シーフードバラエティ,２０ｇ×１０袋,60,11/15まで,-,-,-,-,-,-
4901133403187 ,香立つクランキーちゅーる和え　贅沢バラエティ,２０ｇ×１０袋,60,11/15まで,-,-,-,-,-,-
4901133682445 ,ちゅ～るビッツ　お肉バラエティ,１２ｇ×１４袋,60,11/15まで,-,-,-,-,-,-
4901133682452 ,ちゅ～るビッツ　とりささみ野菜バラエティ,１２ｇ×１４袋,60,11/15まで,-,-,-,-,-,-
4901133682506 ,ちゅ～るビッツ　チーズ軟骨バラエティ,１２ｇ×１４袋,60,11/15まで,-,-,-,-,-,-
4901133719608 ,ＣＩＡＯちゅ～るビッツ　まぐろバラエティ,１２ｇ×１５袋,60,11/15まで,-,-,-,-,-,-
4901133719615 ,ＣＩＡＯちゅ～るビッツ　まぐろ・かつおバラエティ,１２ｇ×１５袋,60,11/15まで,-,-,-,-,-,-
4901133724138 ,ＣＩＡＯちゅ～るビッツ　まぐろ・ささみバラエティ,１２ｇ×１５袋,60,11/15まで,-,-,-,-,-,-
4901301331670 ,クイックルワイパーハンディ取り替え用ジャンボパック,６枚,60,11/15まで,-,-,-,-,-,-
4901301336156 ,食洗機用キュキュットウルトラクリーン　本体,４８０Ｇ,60,11/15まで,-,-,-,-,-,-
4901301348852 ,フレグランスＮＢジェルハーバルフレッシュ替１２６０,１２６０ｇ,60,11/15まで,-,-,-,-,-,-
4901301348869 ,フレグランスＮＢジェルフラワーリュクス替１２６０ｇ,１２６０ｇ,60,11/15まで,-,-,-,-,-,-
4901301361028 ,アタックＺＥＲＯドラム本体大,５８０Ｇ,60,11/15まで,-,-,-,-,-,-
4901301361059 ,アタックＺＥＲＯドラム詰替中スパウト,８６０Ｇ,60,11/15まで,-,-,-,-,-,-
4901301361240 ,アタックＺＥＲＯ本体大,６１０Ｇ,60,11/15まで,-,-,-,-,-,-
4901301361271 ,アタックＺＥＲＯ詰替中スパウト,９００Ｇ,60,11/15まで,-,-,-,-,-,-
4901301363800 ,クイックルハンディ取り替え用ブラック６枚入,６枚,60,11/15まで,-,-,-,-,-,-
4901301376596 ,フレグランスニュービーズピュアクラフトスパウト,１２２０ｇ,60,11/15まで,-,-,-,-,-,-
4901301376640 ,フレグランスニュービーズリュクスクラフトスパウト,１２２０ｇ,60,11/15まで,-,-,-,-,-,-
4901301377395 ,フレアフレグランスフラワーハーモニー詰替,４００ｍｌ,60,11/15まで,-,-,-,-,-,-
4901301377418 ,フレアフレグランスヴェルベットフラワー詰替,４００ｍｌ,60,11/15まで,-,-,-,-,-,-
4901301377432 ,フレアフレグランスフローラルスウィート詰替,４００ｍｌ,60,11/15まで,-,-,-,-,-,-
4901301377760 ,フレアフレグランスホワイトブーケ詰替,４００ｍｌ,60,11/15まで,-,-,-,-,-,-
4901301377838 ,フレアフレグランスジェントル＆ブーケ詰替,４００ｍｌ,60,11/15まで,-,-,-,-,-,-
4901301382603 ,キュキュットあとラクミストつめかえ用,７５０ｍｌ,60,11/15まで,-,-,-,-,-,-
4901301384188 ,ワイドハイター抗菌リキッド本体,６００ｍｌ,60,11/15まで,-,-,-,-,-,-
4901301393289 ,バスマジックリンエアジェットハーバルシトラス本体,４３０ｍｌ,60,11/15まで,-,-,-,-,-,-
4901301393302 ,バスマジックリンエアジェットハーバルシトラススパ,８２０ｍｌ,60,11/15まで,-,-,-,-,-,-
4901301393319 ,バスマジックリンエアジェットフルーティフローラル本,４３０ｍｌ,60,11/15まで,-,-,-,-,-,-
4901301393333 ,バスマジックリンエアジェットフルーティフローラルス,８２０ｍｌ,60,11/15まで,-,-,-,-,-,-
4901301393951 ,ハミング消臭実感リフレッシュグリーンの香りスパウト,１０００ｍｌ,60,11/15まで,-,-,-,-,-,-
4901301393982 ,ハミング消臭実感ローズガーデンの香りスパウト,１０００ｍｌ,60,11/15まで,-,-,-,-,-,-
4901301394019 ,ハミング消臭実感ジャスミンソープの香りスパウトパウ,１０００ｍｌ,60,11/15まで,-,-,-,-,-,-
4901301395702 ,アタックＺＥＲＯ大サイズ本体,６１０Ｇ,60,11/15まで,-,-,-,-,-,-
4901301396648 ,アタックＺＥＲＯ詰替中スパウト,９００Ｇ,60,11/15まで,-,-,-,-,-,-
4901301396679 ,アタックＺＥＲＯドラム式専用大サイズ本体,６１０Ｇ,60,11/15まで,-,-,-,-,-,-
4901301396709 ,アタックＺＥＲＯドラム式専用詰替中スパウト,９００Ｇ,60,11/15まで,-,-,-,-,-,-
4901301398154 ,食洗機用キュキュット　クエン酸効果　詰替,９００Ｇ,60,11/15まで,-,-,-,-,-,-
4901301398161 ,食洗機用キュキュット　クエン酸効果　オレンジ詰替,９００Ｇ,60,11/15まで,-,-,-,-,-,-
4901301398475 ,フレアフレグランスリッチフローラル詰替,４００ｍｌ,60,11/15まで,-,-,-,-,-,-
4901301402141 ,キュキュットあとラクミストつめかえ用,７５０ｍｌ,60,11/15まで,-,-,-,-,-,-
4901301405906 ,アタックＺＥＲＯ大サイズ本体,５８０ｇ,60,11/15まで,-,-,-,-,-,-
4901301405920 ,アタックＺＥＲＯつめかえ用８５０ｇ,８５０ｇ,60,11/15まで,-,-,-,-,-,-
4901301405999 ,アタックＺＥＲＯドラム式専用大サイズ本体,５８０ｇ,60,11/15まで,-,-,-,-,-,-
4901301406019 ,アタックＺＥＲＯドラム式専用つめかえ用８５０ｇ,８５０ｇ,60,11/15まで,-,-,-,-,-,-
4901301406132 ,アタックＺＥＲＯ部屋干し本体大,５８０ｇ,60,11/15まで,-,-,-,-,-,-
4901301406156 ,アタックＺＥＲＯ部屋干しつめかえ８５０ｇ,８５０ｇ,60,11/15まで,-,-,-,-,-,-
4901301406316 ,ハミング消臭実感アクアティックフルーツスパウト,１０００ｍｌ,60,11/15まで,-,-,-,-,-,-
4901301406330 ,ＨＭ消臭実感Ｗパワーシトラス１．０Ｌスパウト,１０００ｍｌ,60,11/15まで,-,-,-,-,-,-
4901301406354 ,ＨＭ消臭実感ＷパワーＦフローラル１．０Ｌスパウト,１０００ｍｌ,60,11/15まで,-,-,-,-,-,-
4901301406460 ,ハミング消臭実感リラックスソープの香りスパウト,１０００ｍｌ,60,11/15まで,-,-,-,-,-,-
4901301406514 ,食洗機用キュキュットウルトラクリーン無香性本体,４８０Ｇ,60,11/15まで,-,-,-,-,-,-
4901301407399 ,ハミングフレアフレグランスフラワーハーモニー詰替,３８０ｍｌ,60,11/15まで,-,-,-,-,-,-
4901301407436 ,ハミングフレアフレグランスフローラルスウィート詰替,３８０ｍｌ,60,11/15まで,-,-,-,-,-,-
4901301407474 ,ハミングフレアフレグランスホワイトブーケ詰替,３８０ｍｌ,60,11/15まで,-,-,-,-,-,-
4901301407610 ,ハミングフレアフレグランスチャーミングブーケ詰替,３８０ｍｌ,60,11/15まで,-,-,-,-,-,-
4901301407832 ,ハミングフレアフレグランスリッチフローラル詰替,３８０ｍｌ,60,11/15まで,-,-,-,-,-,-
4901301409485 ,バスマジックリンエアジェットシトラススパウト増量,９００ＭＬ,60,11/15まで,-,-,-,-,-,-
4901301409492 ,バスマジックリンエアジェットフルーティスパウト増量,９００ＭＬ,60,11/15まで,-,-,-,-,-,-
4901301409621 ,バスマジエアジェットハーバルシトラス詰替大,１２００ＭＬ,60,11/15まで,-,-,-,-,-,-
4901301409638 ,バスマジエアジェットフルーティフローラル詰替大,１２００ＭＬ,60,11/15まで,-,-,-,-,-,-
4901301410856 ,ハミング消臭実感ローズガーデン１．１Ｌ企画品,１１００ｍｌ,60,11/15まで,-,-,-,-,-,-
4901301410863 ,ハミング消臭実感リラックスソープ１．１Ｌ企画品,１１００ｍｌ,60,11/15まで,-,-,-,-,-,-
4901301410887 ,ハミング消臭実感Ｒグリーン１．１Ｌ企画品,１１００ｍｌ,60,11/15まで,-,-,-,-,-,-
4901301413352 ,バスマジックリンエアジェットシトラス本体企画品,４３０ＭＬ,60,11/15まで,-,-,-,-,-,-
4901301413369 ,バスマジックリンエアジェットフローラル本体企画品,４３０ＭＬ,60,11/15まで,-,-,-,-,-,-
4901301415127 ,バスマジックリンエアジェット除菌ＥＸハーバルクリア,４００ｍｌ,60,11/15まで,-,-,-,-,-,-
4901301415134 ,バスマジックリンエアジェット除菌ＥＸハーバルクリア,７６０ｍｌ,60,11/15まで,-,-,-,-,-,-
4901301415141 ,バスマジックリンエアジェット除菌ＥＸハーバルクリア,１１００ｍｌ,60,11/15まで,-,-,-,-,-,-
4901301417282 ,アタックＺＥＲＯ　部屋干し　本体　大,５８０ｇ,60,11/15まで,-,-,-,-,-,-
4901301417305 ,アタックＺＥＲＯ　部屋干し　つめかえ用　８１０ｇ,８１０ｇ,60,11/15まで,-,-,-,-,-,-
4901301417367 ,アタックＺＥＲＯ　本体　大,５８０ｇ,60,11/15まで,-,-,-,-,-,-
4901301417435 ,アタックＺＥＲＯ　ドラム式専用　本体　大,５８０ｇ,60,11/15まで,-,-,-,-,-,-
4901301417459 ,アタックＺＥＲＯ　ドラム式専用　つめかえ用　８１０,８１０ｇ,60,11/15まで,-,-,-,-,-,-
4901301417886 ,アタックＺＥＲＯ　つめかえ用　８１０ｇ,８１０ｇ,60,11/15まで,-,-,-,-,-,-
4901301418791 ,ハミング消臭実感リフレッシュグリーンスパウト,１０００ｍｌ,60,11/15まで,-,-,-,-,-,-
4901301418821 ,ハミング消臭実感ローズ＆フローラル　スパウト,１０００ｍｌ,60,11/15まで,-,-,-,-,-,-
4901301418852 ,ハミング消臭実感ホワイトソープ　１．０Ｌスパウト,１０００ｍｌ,60,11/15まで,-,-,-,-,-,-
4901301418883 ,ハミング消臭実感アクアフルーツ１．０Ｌスパウト,１０００ｍｌ,60,11/15まで,-,-,-,-,-,-
4901301419811 ,アタックＺＥＲＯパーフェクトスティック２４本入り,２４本,60,11/15まで,-,-,-,-,-,-
4901301419835 ,アタックＺＥＲＯパーフェクトスティック部屋干２４本,２４本,60,11/15まで,-,-,-,-,-,-
4901301420442 ,ハミングフレアフレグランスフローラルスウィート詰替,３８０ＭＬ,60,11/15まで,-,-,-,-,-,-
4901301420459 ,ハミングフレアフレグランスフラワーハーモニー詰替,３８０ＭＬ,60,11/15まで,-,-,-,-,-,-
4901301420466 ,ハミングフレアフレグランスチャーミングブーケ詰替,３８０ＭＬ,60,11/15まで,-,-,-,-,-,-
4901301420473 ,ハミングフレアフレグランスサボンデサボン詰替,３８０ＭＬ,60,11/15まで,-,-,-,-,-,-
4901301420480 ,ハミングフレアフレグランスリッチフローラル詰替,３８０ＭＬ,60,11/15まで,-,-,-,-,-,-
4901301420800 ,ハミング消臭実感Ｗパワー　シトラススパウト,１０００ｍｌ,60,11/15まで,-,-,-,-,-,-
4901301420855 ,ハミング消臭実感Ｗパワー　ハーバルデオサボンの香り,１０００ｍｌ,60,11/15まで,-,-,-,-,-,-
4901301421340 ,ニュービーズリュクスクラフトつめかえ用１１６０ｇ,１１６０ｇ,60,11/15まで,-,-,-,-,-,-
4901301421357 ,ニュービーズピュアクラフトつめかえ用１１６０ｇ,１１６０ｇ,60,11/15まで,-,-,-,-,-,-
4901301422446 ,アタックＺＥＲＯ自動投入　詰替６５０ｇ,６５０ｇ,60,11/15まで,-,-,-,-,-,-
4901301423146 ,ハミングフローラルブーケスパウトパウチ１０００ｍｌ,１０００ｍｌ,60,11/15まで,-,-,-,-,-,-
4901301423153 ,ハミングフレッシュローズスパウトパウチ１０００ｍｌ,１０００ｍｌ,60,11/15まで,-,-,-,-,-,-
4901301423160 ,ハミング無香料スパウトパウチ１０００ｍｌ,１０００ｍｌ,60,11/15まで,-,-,-,-,-,-
4901301428707 ,ハミング消臭実感金木犀の香り１．０Ｌスパウトパウチ,１０００ｍｌ,60,11/15まで,-,-,-,-,-,-
4901301430915 ,ハミング消臭実感ＷパワーＣシトラス詰替９８０ｍｌ,９８０ｍｌ,60,11/15まで,-,-,-,-,-,-
4901301430922 ,ハミング消臭実感ＷパワーＤサボン詰替９８０ｍｌ,９８０ｍｌ,60,11/15まで,-,-,-,-,-,-
4901301431288 ,ハミング消臭実感リフレッシュグリーン詰替９８０ｍｌ,９８０ｍｌ,60,11/15まで,-,-,-,-,-,-
4901301431295 ,ハミング消臭実感ローズ＆フローラル詰替９８０ｍｌ,９８０ｍｌ,60,11/15まで,-,-,-,-,-,-
4901301431301 ,ハミング消臭実感ホワイトソープ詰替９８０ｍｌ,９８０ｍｌ,60,11/15まで,-,-,-,-,-,-
4901301431660 ,バスマジエアジェットハーバルシトラスつめかえ増量,８５０ｍｌ,60,11/15まで,-,-,-,-,-,-
4901301431684 ,バスマジックリンエアジェット　除菌Ｅ×７９０増量,７９０ＭＬ,60,11/15まで,-,-,-,-,-,-
4901301433572 ,ハミング消臭実感オレンジ＆フラワー詰替９８０ｍｌ,９８０ｍｌ,60,11/15まで,-,-,-,-,-,-
4901301434579 ,バスマジエアジェット除菌ＥＸフラワーシャワー本体,４００ｍｌ,60,11/15まで,-,-,-,-,-,-
4901301434586 ,バスマジエアジェット除菌ＥＸＦシャワースパウト,７６０ｍｌ,60,11/15まで,-,-,-,-,-,-
4901301434593 ,バスマジエアジェット除菌ＥＸＦシャワー大スパウト,１１００ｍｌ,60,11/15まで,-,-,-,-,-,-
4901301434913 ,バスマジックリン　エアジェット　ミモザ　本体,４３０ｍｌ,60,11/15まで,-,-,-,-,-,-
4901301434920 ,バスマジＡＪミモザつめかえ用８２０ｍｌ,８２０ｍｌ,60,11/15まで,-,-,-,-,-,-
4901301435538 ,アタックＺＥＲＯ大サイズ　本体　５８０ｇ,５８０ｇ,60,11/15まで,-,-,-,-,-,-
4901301435552 ,アタックＺＥＲＯつめかえ用　８１０ｇ,８１０ｇ,60,11/15まで,-,-,-,-,-,-
4901301435606 ,アタックＺＥＲＯドラム式専用大サイズ本体　５８０ｇ,５８０ｇ,60,11/15まで,-,-,-,-,-,-
4901301435620 ,アタックＺＥＲＯドラム式専用つめかえ用　８１０ｇ,８１０ｇ,60,11/15まで,-,-,-,-,-,-
4901301435651 ,アタックＺＥＲＯ部屋干し　大サイズ　本体　５７０ｇ,５７０ｇ,60,11/15まで,-,-,-,-,-,-
4901301435675 ,アタックＺＥＲＯ部屋干し　つめかえ用　７６０ｇ,７６０ｇ,60,11/15まで,-,-,-,-,-,-
4901301437167 ,ハミングフレアリラックスムスク＆ミューゲつめかえ用,３５０ｍｌ,60,11/15まで,-,-,-,-,-,-
4901301438140 ,ハミングフレアリラックスラベンダー＆ジャスミン詰替,３５０ｍｌ,60,11/15まで,-,-,-,-,-,-
4901301438508 ,ハミングフレア　フローラルスウィート　詰替,３６０ＭＬ,60,11/15まで,-,-,-,-,-,-
4901301438836 ,ハミングフレア　フラワーハーモニー　詰替,３６０ＭＬ,60,11/15まで,-,-,-,-,-,-
4901301438997 ,ハミング消臭実感　金木犀の香りつめかえ用９８０ＭＬ,９８０ｍｌ,60,11/15まで,-,-,-,-,-,-
4901301439154 ,ハミングフレア　サボンデサボン　詰替,３６０ＭＬ,60,11/15まで,-,-,-,-,-,-
4901301441294 ,バスマジエアジェット除菌ＥＸＦシャワーつめかえ増量,７９０ｍｌ,60,11/15まで,-,-,-,-,-,-
4901301441737 ,ハミングフレア　リッチフローラル　詰替,３６０ＭＬ,60,11/15まで,-,-,-,-,-,-
4901301447562 ,ハミング消臭実感リフレッシュグリーンスパウト増量品,１０７５ｍｌ,60,11/15まで,-,-,-,-,-,-
4901301447579 ,ハミング消臭実感オレンジ＆フラワースパウト増量品,１０７５ｍｌ,60,11/15まで,-,-,-,-,-,-
4901301448101 ,ニュービーズローズ＆マグノリアの香り　詰替９００ｇ,９００ｇ,60,11/15まで,-,-,-,-,-,-
4901301448224 ,ニュービーズジャスミン＆ムスクの香り　詰替９００ｇ,９００ｇ,60,11/15まで,-,-,-,-,-,-
4901301448736 ,メリット　シャンプー　つめかえ用,３２０ｍＬ,60,11/15まで,-,-,-,-,-,-
4901301448743 ,メリット　コンディショナー　つめかえ用,３２０ｍＬ,60,11/15まで,-,-,-,-,-,-
4901301448750 ,メリット　リンスのいらないシャンプー　つめかえ用,３２０ｍＬ,60,11/15まで,-,-,-,-,-,-
4901301448972 ,メリット　リンスのいらないＳＰクール　つめかえ用,３２０ｍＬ,60,11/15まで,-,-,-,-,-,-
4901301450258 ,ハミング消臭実感リフレッシュグリーン詰替９５０ｍｌ,９５０ｍｌ,60,11/15まで,-,-,-,-,-,-
4901301450265 ,ハミング消臭実感ローズ＆フローラル詰替用９５０ｍｌ,９５０ｍｌ,60,11/15まで,-,-,-,-,-,-
4901301450272 ,ハミング消臭実感ホワイトソープ詰替え用９５０ｍｌ,９５０ｍｌ,60,11/15まで,-,-,-,-,-,-
4901301450289 ,ハミング消臭実感オレンジ＆フラワー詰替用９５０ｍｌ,９５０ｍｌ,60,11/15まで,-,-,-,-,-,-
4901301450418 ,ハミング消臭実感汗・脂臭タイプＣシトラス９３０ｍｌ,９３０ｍｌ,60,11/15まで,-,-,-,-,-,-
4901301451392 ,ハミング消臭実感部屋干しホワイトティー　９３０ＭＬ,９３０ｍｌ,60,11/15まで,-,-,-,-,-,-
4901301452597 ,食洗機用キュキュットウルトラクリーンシトラス　本体,４５０ｇ,60,11/15まで,-,-,-,-,-,-
4901301452627 ,食洗機用キュキュットウルトラクリーン無香性　本体,４５０ｇ,60,11/15まで,-,-,-,-,-,-
4901301454461 ,ハミングフレア　アーバンフローラル　詰替,３５０ｇ,60,11/15まで,-,-,-,-,-,-
4901301454546 ,ハミングフレアリラックス　ムスクアロマ　替え,３４０ｇ,60,11/15まで,-,-,-,-,-,-
4901301456267 ,ハミング消臭実感　リフレッシュグリーン　詰替増量品,１０４５ｍｌ,60,11/15まで,-,-,-,-,-,-
4901301456274 ,ハミング消臭実感　ローズ＆フローラル　詰替増量品,１０４５ｍｌ,60,11/15まで,-,-,-,-,-,-
4901301456281 ,ハミング消臭実感　汗・脂臭タイプシトラス　増量品,１０１５ｍｌ,60,11/15まで,-,-,-,-,-,-
4901301457776 ,ハミングフレア　フローラルスウィート　詰替,３５０ｇ,60,11/15まで,-,-,-,-,-,-
4901301457806 ,ハミングフレア　フラワーハーモニー　詰替,３５０ｇ,60,11/15まで,-,-,-,-,-,-
4901301457837 ,ハミングフレア　サボンデサボン　詰替,３５０ｇ,60,11/15まで,-,-,-,-,-,-
4901301457868 ,ハミングフレアリラックス　ラベンダーアロマ　替え,３４０ｇ,60,11/15まで,-,-,-,-,-,-
4901301459206 ,クイックルハンディ　ホワイト　取り替え用８枚入,８枚,60,11/15まで,-,-,-,-,-,-
4901301460431 ,ニュービーズバニラ＆シダーウッドつめかえ用９００ｇ,９００ｇ,60,11/15まで,-,-,-,-,-,-
4901301461353 ,ニュービーズ　ローズ＆マグノリア　スパウト増量品,９９０ｇ,60,11/15まで,-,-,-,-,-,-
4901301461377 ,ニュービーズ　ジャスミン＆ムスク　スパウト増量品,９９０ｇ,60,11/15まで,-,-,-,-,-,-
4901301466327 ,アタックＺＥＲＯ　ドラム式専用　つめかえ　７６０ｇ,７６０ｇ,60,11/15まで,-,-,-,-,-,-
4901301466334 ,アタックＺＥＲＯ　つめかえ　７６０ｇ,７６０ｇ,60,11/15まで,-,-,-,-,-,-
4901301466358 ,アタックＺＥＲＯ　本体大　５７０ｇ,５７０ｇ,60,11/15まで,-,-,-,-,-,-
4901301466396 ,アタックＺＥＲＯ　ドラム式専用　本体大　５７０ｇ,５７０ｇ,60,11/15まで,-,-,-,-,-,-
4901301466440 ,アタックＺＥＲＯ　部屋干し　つめかえ　７６０ｇ,７６０ｇ,60,11/15まで,-,-,-,-,-,-
4901301466464 ,アタックＺＥＲＯ　部屋干し　本体大　５７０ｇ,５７０ｇ,60,11/15まで,-,-,-,-,-,-
4901301467126 ,ハミングフレア　アールグレイ＆ピーチ　詰替,３５０ｇ,60,11/15まで,-,-,-,-,-,-
4901301468680 ,ニュービーズ　サボン＆ミューゲ　つめかえ用９００ｇ,９００ｇ,60,11/15まで,-,-,-,-,-,-
4901340083851 ,カルピス　ＰＬＵＳカルピス睡眠腸活ケア　６Ｐ,１００ｍｌ×６Ｐ,60,11/15まで,-,-,-,-,-,-
4901730230087 ,すやすやタイムローション,５００ｍｌ,60,11/15まで,-,-,-,-,-,-
4901730230445 ,ジョンソンベビーローション無香料,５００ｍｌ,60,11/15まで,-,-,-,-,-,-
4901730240130 ,ジョンソンベビーローション微香,５００ｍｌ,60,11/15まで,-,-,-,-,-,-
4901730250221 ,ジョンソンベビーローション高保湿,５００ｍｌ,60,11/15まで,-,-,-,-,-,-
4901750140106 ,スコッティフラワーパック３倍長持ち　Ｓ　８Ｒ,１５０ｍ８Ｒ,60,11/15まで,-,-,-,-,-,-
4901750211660 ,クリネックス　ソフティ　ダブル,４ロール,60,11/15まで,-,-,-,-,-,-
4901750227470 ,スコッティフラワーパック３倍長持ち　８ロールダブル,７５ｍ８Ｒ,60,11/15まで,-,-,-,-,-,-
4901750251079 ,クリネックス　システィ　ダブル　ブルー,４ロール,60,11/15まで,-,-,-,-,-,-
4901750251178 ,クリネックス　システィ　ダブル　ピンク,４ロール,60,11/15まで,-,-,-,-,-,-
4903111539628 ,ライフリーさわやかパッド安心の中量用３０枚,３０枚,60,11/15まで,-,-,-,-,-,-
4903111554485 ,ＬＦさわやかパッド特に多い時も１枚で安心用,１８枚,60,11/15まで,-,-,-,-,-,-
4903111556113 ,ライフリ－さわやかパッド多い時でも快適用２６枚,２６枚,60,11/15まで,-,-,-,-,-,-
4903111559978 ,ライフリ－さわやかパッド多い時でも安心用２４枚,２４枚,60,11/15まで,-,-,-,-,-,-
4903111560103 ,ライフリ－さわやかパッド長時間・夜でも安心用２２枚,２２枚,60,11/15まで,-,-,-,-,-,-
4903111934300 ,ＬＦさわやかパッド特に多い時も長時間安心用１６枚,１６枚,60,11/15まで,-,-,-,-,-,-
4903301291299 ,ｈａｄａｋａｒａフレッシュフローラル詰替大型,８００ｍｌ,60,11/15まで,-,-,-,-,-,-
4903301291305 ,ｈａｄａｋａｒａリッチソープ詰替大型,８００ｍｌ,60,11/15まで,-,-,-,-,-,-
4946842636938 ,アサヒ　ディアナチュラスタイル　鉄×マルチビタミン,６０粒,60,11/15まで,-,-,-,-,-,-
4903301321217 ,ｈａｄａｋａｒａグリーンシトラス詰替大型,７５０ｍｌ,60,11/15まで,-,-,-,-,-,-
4903301329732 ,ｈａｄａｋａｒａオイルインローズ詰替大型,７５０ｍｌ,60,11/15まで,-,-,-,-,-,-
4903301375289 ,ルックプラストイレクレンジングクールシトラス詰替用,６４０ｍｌ,60,11/15まで,-,-,-,-,-,-
4903301375319 ,ルックプラストイレクレンジングミンティ詰替用,６４０ｍｌ,60,11/15まで,-,-,-,-,-,-
4903301378471 ,ｈａｄａｋａｒａモイストＢＳ液体フローラル詰替大型,７５０ｍｌ,60,11/15まで,-,-,-,-,-,-
4903301378518 ,ｈａｄａｋａｒａモイストＢＳ液体ソープ詰替大型,７５０ｍｌ,60,11/15まで,-,-,-,-,-,-
4971710523447 ,ジュレームｉＰ　タラソリペア　ＳＰ　Ｄモイスト　替,３４０ｍｌ,60,11/15まで,-,-,-,-,-,-
4971710523454 ,ジュレームｉＰ　タラソリペア　ＴＲ　Ｄモイスト　替,３４０ｍｌ,60,11/15まで,-,-,-,-,-,-
4971710523485 ,ジュレームｉＰ　タラソリペア　ＳＰ　Ｍ＆Ｓ　替,３４０ｍｌ,60,11/15まで,-,-,-,-,-,-
4971710523492 ,ジュレームｉＰ　タラソリペア　ＴＲ　Ｍ＆Ｓ　替,３４０ｍｌ,60,11/15まで,-,-,-,-,-,-
4971710558630 ,ジュレームＲＬ　ミッドナイトリペアＳＰ替（Ｓ＆Ｒ）,３４０ｍＬ,60,11/15まで,-,-,-,-,-,-
4971710558647 ,ジュレームＲＬ　ミッドナイトリペアＴＲ替（Ｓ＆Ｒ）,３４０ｍＬ,60,11/15まで,-,-,-,-,-,-
4971710558661 ,ジュレームＲＬ　ミッドナイトリペアＳＰ替（Ｓ＆Ｇ）,３４０ｍＬ,60,11/15まで,-,-,-,-,-,-
4971710558678 ,ジュレームＲＬ　ミッドナイトリペアＴＲ替（Ｓ＆Ｇ）,３４０ｍＬ,60,11/15まで,-,-,-,-,-,-
4987028115434 ,エーザイ　チョコラＢＢローヤル２　３本,５０ｍｌ×３本,60,11/15まで,-,-,-,-,-,-
4987072089750 ,ドでか無香空間　つめ替用無香料,１６００ｇ,60,11/15まで,-,-,-,-,-,-
4987072089781 ,ドでか無香空間ほのかなせっけんつめ替,１６００ｇ,60,11/15まで,-,-,-,-,-,-
4987072090589 ,ピースクリン　マウスピース洗浄剤　９６錠,９６錠,60,11/15まで,-,-,-,-,-,-
4987072098912 ,ドでか無香空間　つめ替用無香料,１６００ｇ,60,11/15まで,-,-,-,-,-,-
4987072098929 ,ドでか無香空間ほのかなせっけんつめ替,１６００ｇ,60,11/15まで,-,-,-,-,-,-
4987084305916 ,参天製薬　サンテＦＸ　ＡＬ,１２ｍｌ,60,11/15まで,-,-,-,-,-,-
4987084305930 ,参天製薬　サンテＦＸコンタクト,１２ｍｌ,60,11/15まで,-,-,-,-,-,-
4987084315106 ,参天製薬　サンテＦＸＶプラス（Ｎ）,１２ｍｌ,60,11/15まで,-,-,-,-,-,-
4987084319364 ,参天　サンテＦＸネオ２個企画品（２３年ポーチ付）,１２ｍｌ×２,60,11/15まで,-,-,-,-,-,-
4987084319371 ,参天　サンテＦＸＶプラス企画品（２３年ポーチ付）,１２ｍｌ,60,11/15まで,-,-,-,-,-,-
4987084319883 ,参天　サンテＦＸＶプラス企画品（２３年限定）,１２ｍｌ,60,11/15まで,-,-,-,-,-,-
4987084319906 ,参天　サンテＦＸＡＬ企画品（２３年限定デザイン）,１２ｍｌ,60,11/15まで,-,-,-,-,-,-
4987084319913 ,参天　サンテＦＸコンタクト企画品（２３年限定）,１２ｍｌ,60,11/15まで,-,-,-,-,-,-
4987084321008 ,参天　サンテＦＸネオ２個企画品（２４年クロス付）,１２ｍｌ×２,60,11/15まで,-,-,-,-,-,-
4987084321053 ,参天　サンテＦＸＶプラス企画品（２４年クロス付）,１２ｍｌ,60,11/15まで,-,-,-,-,-,-
4987084321657 ,参天　サンテＦＸＶプラス企画品（２４年限定）,１２ｍｌ,60,11/15まで,-,-,-,-,-,-
4987084321664 ,参天　サンテＦＸＡＬ企画品（２４年限定デザイン）,１２ｍｌ,60,11/15まで,-,-,-,-,-,-
4987084321671 ,参天　サンテＦＸコンタクト企画品（２４年限定）,１２ｍｌ,60,11/15まで,-,-,-,-,-,-
4987084323729 ,参天　サンテＦＸＶプラス企画品（２５年ポーチ付）,１２ｍｌ,60,11/15まで,-,-,-,-,-,-
4987084323736 ,参天　サンテＦＸネオ２個企画品（２５年ポーチ付）,１２ｍｌ×２,60,11/15まで,-,-,-,-,-,-
4987084324511 ,参天　サンテＦＸＶプラス企画品（２５年限定）,１２ｍｌ,60,11/15まで,-,-,-,-,-,-
4987084324528 ,参天　サンテＦＸＡＬ企画品（２５年限定デザイン）,１２ｍｌ,60,11/15まで,-,-,-,-,-,-
4987084324535 ,参天　サンテＦＸコンタクト企画品（２５年限定）,１２ｍｌ,60,11/15まで,-,-,-,-,-,-
4987084325761 ,参天　サンテＦＸネオ２個企画品（２６年クロス付）,１２ｍｌ×２,60,11/15まで,-,-,-,-,-,-
4987084325778 ,参天　サンテＦＸＶプラス企画品（２６年クロス付）,１２ｍｌ,60,11/15まで,-,-,-,-,-,-
4987084325785 ,参天　サンテＦＸＡＬ企画品（２６年クロス付）,１２ｍｌ,60,11/15まで,-,-,-,-,-,-
4987084325792 ,参天　サンテＦＸコンタクト企画品（２６年クロス付）,１２ｍｌ,60,11/15まで,-,-,-,-,-,-
4987176062642 ,ボールドジェルボール４Ｄフレッシュサボン超Ｊ,３１個,60,11/15まで,-,-,-,-,-,-
4987176062765 ,アリエールジェルボール４ＤハイパーＪ,３９個,60,11/15まで,-,-,-,-,-,-
4987176108975 ,ボールドジェルボール４ＤラベンダーＨＪ,３６個,60,11/15まで,-,-,-,-,-,-
4987176123558 ,アリエールジェルボール４ＤプロクリーンＨＪ,２８個,60,11/15まで,-,-,-,-,-,-
4987176128416 ,アリエールジェルボール４Ｄ部屋ハイパーＪ,３６個,60,11/15まで,-,-,-,-,-,-
4987176140203 ,ボールドジェルボール４ＤプレミアムブロッサムＨＪ,３６個,60,11/15まで,-,-,-,-,-,-
4987176140296 ,ボールドジェルボール４ＤフレッシュＦサボンＨＪ,３６個,60,11/15まで,-,-,-,-,-,-
4987176184726 ,ボールドジェルボールシトラス＆ヴァーベナ詰替ＨＪ,３２個,60,11/15まで,-,-,-,-,-,-
4987176194480 ,アリエールジェルボール４ＤプロクリーンＨＪ,２８個,60,11/15まで,-,-,-,-,-,-
4987176194626 ,アリエールジェルボール４Ｄ部屋干しハイパージャンボ,３３個,60,11/15まで,-,-,-,-,-,-
4987176194787 ,アリエールジェルボール４ＤハイパーＪ,３３個,60,11/15まで,-,-,-,-,-,-
4987176212597 ,ボールドジェルボール４ＤラベンダーＨＪ,３２個,60,11/15まで,-,-,-,-,-,-
4987176212658 ,ボールドジェルボール４ＤプレミアムブロッサムＨＪ,３３個,60,11/15まで,-,-,-,-,-,-
4987176212788 ,ボールドジェルボール４ＤフレッシュＦサボンＨＪ,３３個,60,11/15まで,-,-,-,-,-,-
4987176234728 ,アリエールジェルボールプロ部屋干しハイパージャンボ,３１個,60,11/15まで,-,-,-,-,-,-
4987176234834 ,アリエールジェルボールプロハイパーＪ,３１個,60,11/15まで,-,-,-,-,-,-
4987176234933 ,アリエールジェルボールプロパワーＨＪ,２６個,60,11/15まで,-,-,-,-,-,-
4987176264565 ,ボールドジェルボールシトラスヴァーベナＨＪ,３０個,60,11/15まで,-,-,-,-,-,-
4987176264596 ,ボールドジェルボール４ＤラベンダーＨＪ,３０個,60,11/15まで,-,-,-,-,-,-
4987176264640 ,ボールドジェルボール４ＤフレッシュＦサボンＨＪ,３１個,60,11/15まで,-,-,-,-,-,-
4987176264732 ,ボールドジェルボール４ＤプレミアムブロッサムＨＪ,３１個,60,11/15まで,-,-,-,-,-,-
4987176274120 ,ボールドジェルボール４Ｄさくらフローラルの香りＨＪ,２６個,60,11/15まで,-,-,-,-,-,-
4987176284440 ,アリエールジェルボールプロ部屋干しハイパージャンボ,２８個,60,11/15まで,-,-,-,-,-,-
4987176284549 ,アリエールジェルボールプロパワーＨＪ,２４個,60,11/15まで,-,-,-,-,-,-
4987176284723 ,アリエールジェルボールプロハイパーＪ,２８個,60,11/15まで,-,-,-,-,-,-
4987176292308 ,ボールドジェルボールシトラスヴァーベナＨＪ,２７個,60,11/15まで,-,-,-,-,-,-
4987176292407 ,ボールドジェルボール４ＤラベンダーＨＪ,２７個,60,11/15まで,-,-,-,-,-,-
4987176292612 ,ボールドジェルボール４ＤプレミアムブロッサムＨＪ,２８個,60,11/15まで,-,-,-,-,-,-
4987176292643 ,ボールドジェルボール４ＤフレッシュＦサボンＨＪ,２８個,60,11/15まで,-,-,-,-,-,-
4987176321572 ,ボールドジェルボール４ＤホワイトムスクＨＪ,２５個,60,11/15まで,-,-,-,-,-,-
4987176336286 ,ボールドジェルボール４Ｄホワイトティー＆ムスクＨＪ,２７個,60,11/15まで,-,-,-,-,-,-
4987176344229 ,ボールドジェルボール４ＤさくらフローラルＨＪ,２５個,60,11/15まで,-,-,-,-,-,-
4987176386991 ,レノアクエン酸イン　スポーツリフレッシュリリー本体,４３０ｍｌ,60,11/15まで,-,-,-,-,-,-
4987176387011 ,レノアクエン酸イン　シトラス本体,４３０ｍｌ,60,11/15まで,-,-,-,-,-,-
4987176387073 ,レノアクエン酸イン　部屋干しフレッシュグリーン本体,４３０ｍｌ,60,11/15まで,-,-,-,-,-,-
4987176389558 ,ボールドジェルボール４Ｄホワイトムスクハイパージャ,２５個,60,11/15まで,-,-,-,-,-,-
4987176392787 ,レノアオードリュクスホワイトムスク超特大,１０００ｍＬ,60,11/15まで,-,-,-,-,-,-
4987176392831 ,レノアオードリュクスイノセントリリー超特大,１０００ｍＬ,60,11/15まで,-,-,-,-,-,-
4987176392909 ,レノアオードリュクスバブルバス超特大,１０００ｍＬ,60,11/15まで,-,-,-,-,-,-
4987176403032 ,アリエールジェルボール爽快クールハイパーＪ,２５個,60,11/15まで,-,-,-,-,-,-
4987286415215 ,健栄製薬　手ピカジェルプラス,３００ＭＬ,60,11/15まで,-,-,-,-,-,-
4902508084574 ,ベビーミルクローション　うるおいプラス,３００ｇ,60,10/15まで,-,-,-,-,-,-
4902508272674 ,おしりナップ　やわらか厚手仕上げ　８０枚６Ｐ,８０枚×６Ｐ,60,10/15まで,-,-,-,-,-,-
4902508272728 ,おしりナップ　オイル配合　なめらか厚手仕上げ　６４,６４枚×６Ｐ,60,10/15まで,-,-,-,-,-,-
4903301339014 ,システマＥＸメディカルクールハミガキ２Ｐワンピース,１３０ｇ×２本,60,10/15まで,-,-,-,-,-,-
4903301344094 ,システマＥＸメディカルクールハミガキ２Ｐヒロアカ,１３０ｇ×２本,60,10/15まで,-,-,-,-,-,-
4903301349174 ,システマＥＸメディカルクールハミガキ２Ｐ鬼滅の刃,１３０ｇ×２本,60,10/15まで,-,-,-,-,-,-
4903301350767 ,ＮＡＮＯＸｏｎｅＰＲＯ本体大,６４０ｇ,60,10/15まで,-,-,-,-,-,-
4903301357919 ,システマＥＸメディカルクールハミガキ２Ｐちいかわ,１３０ｇ×２本,60,10/15まで,-,-,-,-,-,-
4903301372011 ,システマＥＸメディカルクール２Ｐ　モフサンド,１３０ｇ×２本,60,10/15まで,-,-,-,-,-,-
4903301375470 ,ＮＡＮＯＸｏｎｅＰＲＯ本体大,６００ｇ,60,10/15まで,-,-,-,-,-,-
4903301376231 ,システマＥＸメディカルクール２Ｐクレヨンしんちゃん,１３０ｇ×２本,60,10/15まで,-,-,-,-,-,-
4903301377993 ,システマＥＸメディカルクール２Ｐクレヨンしんちゃん,１３０ｇ×２本,60,10/15まで,-,-,-,-,-,-
4903333176069 ,キシリトールガム７種アソートボトル,１４３ｇ,60,10/15まで,-,-,-,-,-,-
4903333187560 ,キシリトールガムライムミントＦＢ,１４３Ｇ,60,10/15まで,-,-,-,-,-,-
4903333191239 ,キシリトールガムフレッシュミントＦＢ,１４３Ｇ,60,10/15まで,-,-,-,-,-,-
4903333200375 ,キシリトールガム　ＥＮＪＯＹＣＵＢＥアソートボトル,１１４ｇ,60,10/15まで,-,-,-,-,-,-
4903333206780 ,キシリトールガムブラックミントファミリーボトル,１４３ｇ,60,10/15まで,-,-,-,-,-,-
4903333218370 ,キシリトールガムグレープファミリーボトル,１４３ｇ,60,10/15まで,-,-,-,-,-,-
4903333223695 ,キシリトールガムＥＮＪＯＹＣＵＢＥアソートボトル,１２２ｇ,60,10/15まで,-,-,-,-,-,-
4903333269372 ,キシリトールガムＥＮＪＯＹＣＵＢＥアソートボトル,１２２ｇ,60,10/15まで,-,-,-,-,-,-
4971710599275 ,ＭＫ　サンカット　フレグランスＵＶスプレー１８０ｇ,１８０ｇ,60,10/15まで,-,-,-,-,-,-
4971710638370 ,サンカット　フレグランスＵＶスプレー　ＢＰ１８０ｇ,１８０ｇ,60,10/15まで,-,-,-,-,-,-
4987176309143 ,アリエールジェル除菌プラス詰替,６２５ｇ,70,11/15まで,-,-,-,-,411,11/15まで
4987176309280 ,アリエールジェル詰替,６２５ｇ,70,11/15まで,-,-,-,-,411,11/15まで
4987176309365 ,アリエールジェル部屋干し詰替,６２５ｇ,70,11/15まで,-,-,-,-,411,11/15まで
4903301282198 ,キレイキレイ泡ハンドソープシトラス替特大８００ｍｌ,８００ｍｌ,70,10/15まで,-,-,-,-,491,11/15まで
4903301282204 ,キレイキレイ泡ハンドソープフローラル替特大８００ｍ,８００ｍｌ,70,10/15まで,-,-,-,-,491,11/15まで
4903301282211 ,キレイキレイ泡ハンドソープフルーツ替特大８００ｍｌ,８００ｍｌ,70,10/15まで,-,-,-,-,491,11/15まで
4903301311737 ,キレイキレイ泡ハンドソープシトラス替特大８４０ｍｌ,８４０ｍｌ,70,10/15まで,-,-,-,-,491,11/15まで
4903301311799 ,キレイキレイ泡ハンドソープフローラル替特大８４０ｍ,８４０ｍｌ,70,10/15まで,-,-,-,-,491,11/15まで
4903301311805 ,キレイキレイ泡ハンドソープフルーツ替特大８４０ｍｌ,８４０ｍｌ,70,10/15まで,-,-,-,-,491,11/15まで
4903301316466 ,キレイキレイ泡ハンドソープシトラス替特大,８００ｍｌ,70,10/15まで,-,-,-,-,491,11/15まで
4903301316473 ,キレイキレイ泡ハンドソープフローラル替特大,８００ｍｌ,70,10/15まで,-,-,-,-,491,11/15まで
4903301316534 ,キレイキレイ泡ハンドソープフルーツ替特大,８００ｍｌ,70,10/15まで,-,-,-,-,491,11/15まで
4901301416001 ,ビオレｕ泡ハンドソープ　詰替大容量,７７０ｍＬ,70,11/15まで,-,-,-,-,511,11/15まで
4901301416056 ,ビオレｕ泡ハンドソープ　フルーツ　７７０ｍｌ,７７０ｍＬ,70,11/15まで,-,-,-,-,511,11/15まで
4901301416087 ,ビオレｕ泡ハンドソープ　シトラス　７７０ｍｌ,７７０ｍＬ,70,11/15まで,-,-,-,-,511,11/15まで
4901301430830 ,ビオレｕ　泡ハンドソープ　増８００ｍｌ,８００ｍｌ,70,11/15まで,-,-,-,-,511,11/15まで
4901301430847 ,ビオレｕ　泡ハンドソープ　フルーツ　増８００ｍｌ,８００ｍｌ,70,11/15まで,-,-,-,-,511,11/15まで
4901301430854 ,ビオレｕ　泡ハンドソープ　シトラス　増８００ｍｌ,８００ｍｌ,70,11/15まで,-,-,-,-,511,11/15まで
4901301435026 ,ビオレｕ　泡ハンドソープ　無香料つめかえ７７０ｍＬ,７７０ｍＬ,70,11/15まで,-,-,-,-,511,11/15まで
4901301438423 ,ビオレｕ泡ハンドソープ　詰替大容量　ピクミン,７７０ｍＬ,70,11/15まで,-,-,-,-,511,11/15まで
4901301443724 ,ビオレｕ　泡ハンド　つめかえ用　増　８００ｍｌ,８００ｍＬ,70,11/15まで,-,-,-,-,511,11/15まで
4901301443731 ,ビオレｕ　泡ハンド　つめかえ用　フル増　８００ｍＬ,８００ｍＬ,70,11/15まで,-,-,-,-,511,11/15まで
4901301443762 ,ビオレｕ　泡ハンド　つめかえ用　無香増　８００ｍｌ,８００ｍＬ,70,11/15まで,-,-,-,-,511,11/15まで
4901301454430 ,ビオレｕ　泡ハンドソープ　金木犀の香り　７７０ｍｌ,７７０ｍＬ,70,11/15まで,-,-,-,-,511,11/15まで
4901301454591 ,ビオレｕ泡ハンドソープ　詰替大容量　カービィ,７７０ｍＬ,70,11/15まで,-,-,-,-,511,11/15まで
4901301461315 ,ビオレｕ泡ハンドソープ　詰替大容量　増量企画品干支,８００ｍＬ,70,11/15まで,-,-,-,-,511,11/15まで
4901301461322 ,ビオレｕ泡ハンドソープ　金木犀　増量企画品　干支,８００ｍＬ,70,11/15まで,-,-,-,-,511,11/15まで
4901301461339 ,ビオレｕ泡ハンドソープ　フルーツ　増量企画品　干支,８００ｍＬ,70,11/15まで,-,-,-,-,511,11/15まで
4901301467577 ,ビオレｕ　泡ハンドＳつめかえ用　増量品　８００ｍＬ,８００ｍＬ,70,11/15まで,-,-,-,-,511,11/15まで
4901301467584 ,ビオレｕ泡ハンドＳフルーツつめかえ用増量８００ｍＬ,８００ｍＬ,70,11/15まで,-,-,-,-,511,11/15まで
4901301467591 ,ビオレｕ泡ハンドＳ金木犀つめかえ用増量８００ｍＬ,８００ｍＬ,70,11/15まで,-,-,-,-,511,11/15まで
4901301451477 ,アタックＺＥＲＯ　パーフェクトスティック　１６本入,１６本,70,11/15まで,-,-,-,-,561,11/15まで
4901301451507 ,アタックＺＥＲＯパーフェクトスティック部屋干１６本,１６本,70,11/15まで,-,-,-,-,561,11/15まで
4901301452931 ,ワイドハイター　ＰＲＯ　粉末　つめかえ用,４２０ｇ,70,11/15まで,-,-,-,-,561,11/15まで
4902111765709 ,ルミニーク　ダメージリペアＳＰ替　７００ｇ,７００ｇ,70,11/15まで,-,-,-,-,661,3/31まで
4902111765716 ,ルミニーク　ダメージリペアＴＭ替　７００ｇ,７００ｇ,70,11/15まで,-,-,-,-,661,3/31まで
4901301465467 ,キュキュット泡パックオレンジつめかえ用１２００ｍｌ,１２００ｍｌ,70,11/15まで,-,-,-,-,861,11/15まで
4901301465474 ,キュキュット泡パック微香性つめかえ用　１２００ｍｌ,１２００ｍｌ,70,11/15まで,-,-,-,-,861,11/15まで
4901301454287 ,キュキュット泡スプレー無香性つめかえ用１０５０ｍｌ,１０５０ｍｌ,70,11/15まで,-,-,-,-,891,11/15まで
4901301454294 ,キュキュット除菌泡スプレー微香つめかえ１０５０ｍｌ,１０５０ｍｌ,70,11/15まで,-,-,-,-,891,11/15まで
4901301454300 ,キュキュット除菌泡スプレー緑茶つめかえ１０５０ｍｌ,１０５０ｍｌ,70,11/15まで,-,-,-,-,891,11/15まで
4901301454959 ,キュキュット泡スプレーオレンジつめかえ１０５０ｍｌ,１０５０ｍｌ,70,11/15まで,-,-,-,-,891,11/15まで
4901301469021 ,マジックリンお風呂にピタッ　フローラル　つけかえ用,２０ｇ,70,11/15まで,-,-,-,-,1041,11/15まで
4901301469045 ,マジックリンお風呂にピタッシトラスサボンつけかえ,２０ｇ,70,11/15まで,-,-,-,-,1041,11/15まで
4520699001561 ,マナーウェアファッション　男の子パッドＳ,４２枚,70,11/15まで,-,-,-,-,-,-
4520699022740 ,マナーウェアファッション　女の子パッドＭ,４０枚,70,11/15まで,-,-,-,-,-,-
4520699023938 ,マナーウェアファッション　男の子アウターブルーＳＳ,セット,70,11/15まで,-,-,-,-,-,-
4520699035504 ,マナーウェアファッション　女の子アウターピンクＭ,セット,70,11/15まで,-,-,-,-,-,-
4520699054307 ,マナーウェアファッション　男の子アウターブルーＭ,セット,70,11/15まで,-,-,-,-,-,-
4520699200360 ,マナーウェアファッション女の子アウターベージュＳＳ,セット,70,11/15まで,-,-,-,-,-,-
4520699253625 ,マナーウェアファッション　女の子アウターピンクＳＳ,セット,70,11/15まで,-,-,-,-,-,-
4520699359167 ,マナーウェアファッション　女の子アウターベージュＭ,セット,70,11/15まで,-,-,-,-,-,-
4520699390764 ,マナーウェアファッション男の子アウターベージュＳＳ,セット,70,11/15まで,-,-,-,-,-,-
4520699423837 ,マナーウェアファッション　男の子パッドＭ,４０枚,70,11/15まで,-,-,-,-,-,-
4520699465066 ,マナーウェアファッション　男の子アウターベージュＭ,セット,70,11/15まで,-,-,-,-,-,-
4520699522738 ,マナーウェアファッション　女の子アウターベージュＳ,セット,70,11/15まで,-,-,-,-,-,-
4520699533345 ,マナーウェアファッション　男の子アウターブルーＳ,セット,70,11/15まで,-,-,-,-,-,-
4520699769553 ,マナーウェアファッション　女の子パッドＳ,４２枚,70,11/15まで,-,-,-,-,-,-
4520699809617 ,マナーウェアファッション　女の子アウターピンクＳ,セット,70,11/15まで,-,-,-,-,-,-
4520699848937 ,マナーウェアファッション　男の子アウターベージュＳ,セット,70,11/15まで,-,-,-,-,-,-
4520699889169 ,マナーウェアファッション　女の子パッドＳＳ,４４枚,70,11/15まで,-,-,-,-,-,-
4520699995068 ,マナーウェアファッション　男の子パッドＳＳ,４４枚,70,11/15まで,-,-,-,-,-,-
4901070353873 ,ムシューダ１年引き出し・衣装ケース用２４個無香２Ｐ,２４個×２,70,11/15まで,-,-,-,-,-,-
4901070353903 ,ムシューダ１年間有効クローゼット用３個入無香２Ｐ,３個×２,70,11/15まで,-,-,-,-,-,-
4901133621284 ,焼かつおディナースープ　かつお節本格だしバラエティ,５０ｇ×６,70,11/15まで,-,-,-,-,-,-
4901133621291 ,焼かつおディナースープ　ほたて・サーモンバラエティ,５０ｇ×６,70,11/15まで,-,-,-,-,-,-
4901301408242 ,ビオレ　ザフェイス　泡洗顔　ひんやりミント本体,２００ｍｌ,70,11/15まで,-,-,-,-,-,-
4901301408372 ,ビオレ　ザフェイス泡洗顔料　ディープモイスト本体,２００ｍｌ,70,11/15まで,-,-,-,-,-,-
4901301408389 ,ビオレ　ザフェイス　泡洗顔料　モイスト　本体,２００ｍｌ,70,11/15まで,-,-,-,-,-,-
4901301408396 ,ビオレ　ザフェイス　泡洗顔料　アクネケア　本体,２００ｍｌ,70,11/15まで,-,-,-,-,-,-
4901301408402 ,ビオレ　ザフェイス　泡洗顔料　オイルコントロール,２００ｍｌ,70,11/15まで,-,-,-,-,-,-
4901301412485 ,ビオレ　ザフェイス泡洗顔料　金木犀の香り　本体,２００ｍｌ,70,11/15まで,-,-,-,-,-,-
4901301414380 ,ビオレ　ザフェイス　泡洗顔料　スムースクリア　本体,２００ｍｌ,70,11/15まで,-,-,-,-,-,-
4901301414540 ,ビオレ　ザフェイス　泡洗顔　さわやかミント　本体,２００ｍＬ,70,11/15まで,-,-,-,-,-,-
4901301414557 ,ビオレ　ザフェイス　泡洗顔ＳＣ　金木犀の香り　本体,２００ｍＬ,70,11/15まで,-,-,-,-,-,-
4901301424570 ,ビオレ　ザフェイス泡洗顔ＤＭ　金木犀の香り　本体,２００ｍＬ,70,11/15まで,-,-,-,-,-,-
4901301434166 ,ビオレ　ザフェイス泡洗顔ＳＣ　プラス　本体,２００ｍＬ,70,11/15まで,-,-,-,-,-,-
4901301439871 ,ビオレ　ザフェイス泡洗顔ＤＭ　金木犀の香り本体,２００ｍＬ,70,11/15まで,-,-,-,-,-,-
4901301452191 ,ビオレ　ザフェイス　モイスト本体　ディズニー企画品,２００ｍＬ,70,11/15まで,-,-,-,-,-,-
4901301453075 ,ビオレザフェイス泡洗顔オイルコントロールプラス本体,２００ｍＬ,70,11/15まで,-,-,-,-,-,-
4901301471932 ,めぐりズム　医療機器　肌に直接貼るシート　１６枚入,１６枚,70,11/15まで,-,-,-,-,-,-
4901730240024 ,キズパワーパッド　水仕事用,２０枚,70,11/15まで,-,-,-,-,-,-
4901730260367 ,バンドエイド　顔用パッチ　３６枚,３６枚,70,11/15まで,-,-,-,-,-,-
4902111783413 ,ラックスルミニークハピネスブルーム　シャンプー詰替,７００ｇ,70,11/15まで,-,-,-,-,-,-
4902111783420 ,ラックスルミニークハピネスブルーム　ＴＲ詰替,７００ｇ,70,11/15まで,-,-,-,-,-,-
4902470464190 ,ピアニィＶＩＯ　そる用,１個入,70,11/15まで,-,-,-,-,-,-
4902899454024 ,貼るオンパックスくつ下用白１５Ｐ,１５個,70,11/15まで,-,-,-,-,-,-
4902899454123 ,貼るオンパックスくつ下用黒１５Ｐ,１５個,70,11/15まで,-,-,-,-,-,-
4902899455021 ,オンパックス中敷つま先靴用１５Ｐ,１５個,70,11/15まで,-,-,-,-,-,-
4903111058853 ,ウェ－ブ共通取り替え８枚ホワイトムスクの香り,８枚,70,11/15まで,-,-,-,-,-,-
4903301244554 ,ライオン　スマイルホワイティエ,１５ｍｌ,70,11/15まで,-,-,-,-,-,-
4903301276333 ,ライオン　スマイルホワイティエコンタクト,１５ｍｌ,70,11/15まで,-,-,-,-,-,-
4903320166141 ,激落ちくん　トレループ　フローリング用　ケース付,高密度ブラシ１セット,70,11/15まで,-,-,-,-,-,-
4973512259791 ,ハンドラボハンドジェル本体,３００ｍｌ,70,11/15まで,-,-,-,-,-,-
4973512259845 ,ハンドラボ手指消毒ＶＨ本体,３００ｍｌ,70,11/15まで,-,-,-,-,-,-
4973512263903 ,ハンドラボ　アルコール消毒スプレー,４００ｍｌ,70,11/15まで,-,-,-,-,-,-
4987033602080 ,太田胃散　太田漢方胃腸薬Ⅱ,１４包,70,11/15まで,-,-,-,-,-,-
4987033602103 ,太田胃散　太田漢方胃腸薬Ⅱ,５４錠,70,11/15まで,-,-,-,-,-,-
4987046100535 ,カミノモトＡ　無香料,＿,70,11/15まで,-,-,-,-,-,-
4987067292301 ,興和　新コルゲンうがいぐすりマイルド　ワンプッシュ,２００ｍｌ,70,11/15まで,-,-,-,-,-,-
4987067293308 ,興和　新コルゲンうがいワンプッシュ,２００ｍｌ,70,11/15まで,-,-,-,-,-,-
4987977001796 ,カムテクト　歯ぐき＋美白ケア増量,１１０ｇ,70,11/15まで,-,-,-,-,-,-
4987977001819 ,カムテクト　歯ぐき＋口臭ケア増量,１１０ｇ,70,11/15まで,-,-,-,-,-,-
4520699027493 ,マナーウェア　長時間快適オムツ男女共用中型犬,１６枚,70,11/15まで,-,-,-,-,-,-
4520699030981 ,マナーウェア　長時間快適オムツ男の子用Ｌ,３４枚,70,11/15まで,-,-,-,-,-,-
4520699266182 ,マナーウェア　長時間快適オムツ男の子用Ｓ,４０枚,70,11/15まで,-,-,-,-,-,-
4520699292990 ,マナーウェア　長時間快適オムツ男の子用ＳＳ,４２枚,70,11/15まで,-,-,-,-,-,-
4520699466063 ,マナーウェア　長時間快適オムツ男の子用ＳＳＳ,４６枚,70,11/15まで,-,-,-,-,-,-
4520699631645 ,マナーウェア　男の子用　ＳＳＳ,５２枚,70,11/15まで,-,-,-,-,-,-
4520699631713 ,マナーウェア　男の子用　Ｓ,４６枚,70,11/15まで,-,-,-,-,-,-
4520699631898 ,マナーウェア　男の子用　Ｌ,４０枚,70,11/15まで,-,-,-,-,-,-
4520699642740 ,マナーウェア　男の子用　ＬＬ,３２枚,70,11/15まで,-,-,-,-,-,-
4520699648490 ,マナーウェア　高齢犬用紙オムツ,ＳＳＳ３６枚,70,11/15まで,-,-,-,-,-,-
4520699648780 ,マナーウェア　高齢犬用紙オムツ,ＳＳ３０枚,70,11/15まで,-,-,-,-,-,-
4520699649152 ,マナーウェア　高齢犬用紙オムツ,Ｓ３０枚,70,11/15まで,-,-,-,-,-,-
4520699649671 ,マナーウェア　高齢犬用紙オムツ,Ｍ２８枚,70,11/15まで,-,-,-,-,-,-
4520699650042 ,マナーウェア　高齢犬用紙オムツ,Ｌ２６枚,70,11/15まで,-,-,-,-,-,-
4520699654996 ,マナーウェアねこ用　Ｌサイズ,１２枚,70,11/15まで,-,-,-,-,-,-
4520699661222 ,マナーウェア男の子用　ＳＳＳＳ青,５２枚,70,11/15まで,-,-,-,-,-,-
4520699662267 ,マナーウェア女の子用　ＳＳＳＳ花,４２枚,70,11/15まで,-,-,-,-,-,-
4520699669501 ,マナーウェア　男の子用　ＳＳＳシンプルデザイン,５２枚,70,11/15まで,-,-,-,-,-,-
4520699670125 ,マナーウェア　男の子用　ＳＳシンプルデザイン,４８枚,70,11/15まで,-,-,-,-,-,-
4520699670149 ,マナーウェア　ねこ用　ＳＳ,１６枚,70,11/15まで,-,-,-,-,-,-
4520699670668 ,マナーウェア　男の子用　Ｓシンプルデザイン,４６枚,70,11/15まで,-,-,-,-,-,-
4520699670941 ,マナーウェア　男の子用　Ｍシンプルデザイン,４２枚,70,11/15まで,-,-,-,-,-,-
4520699671184 ,マナーウェア　ねこ用　Ｓ,１６枚,70,11/15まで,-,-,-,-,-,-
4520699671924 ,マナーウェア　男の子用　Ｌシンプルデザイン,４０枚,70,11/15まで,-,-,-,-,-,-
4520699672211 ,マナーウェア　女の子用　ＳＳＳシンプルデザイン,４２枚,70,11/15まで,-,-,-,-,-,-
4520699672396 ,マナーウェア　ねこ用　Ｍ,１６枚,70,11/15まで,-,-,-,-,-,-
4520699672754 ,マナーウェア　女の子用　ＳＳシンプルデザイン,３８枚,70,11/15まで,-,-,-,-,-,-
4520699673867 ,マナーウェア　女の子用　Ｓシンプルデザイン,３６枚,70,11/15まで,-,-,-,-,-,-
4520699674284 ,マナーウェア　女の子用　Ｍシンプルデザイン,３４枚,70,11/15まで,-,-,-,-,-,-
4520699674697 ,マナーウェア　女の子用　Ｌシンプルデザイン,３２枚,70,11/15まで,-,-,-,-,-,-
4520699675359 ,マナーウェア　男の子用　ＳＳ,４８枚,70,11/15まで,-,-,-,-,-,-
4520699676226 ,マナーウェア　男の子用　Ｍ,４２枚,70,11/15まで,-,-,-,-,-,-
4520699676462 ,オス用おしっこオムツＳＳＳ,４８枚,70,11/15まで,-,-,-,-,-,-
4520699676851 ,マナーウェア　高齢男の子用おしっこオムツ　ＳＳ,４４枚,70,11/15まで,-,-,-,-,-,-
4520699677278 ,マナーウェア　高齢男の子用おしっこオムツ　Ｓ,４２枚,70,11/15まで,-,-,-,-,-,-
4520699677384 ,マナーウェア　女の子用　ＳＳＳ,４２枚,70,11/15まで,-,-,-,-,-,-
4520699677735 ,マナーウェア　高齢男の子用おしっこオムツ　Ｍ,３８枚,70,11/15まで,-,-,-,-,-,-
4520699678152 ,オス用おしっこオムツＬ,３６枚,70,11/15まで,-,-,-,-,-,-
4520699680575 ,マナーウェア　女の子用　Ｌ,３２枚,70,11/15まで,-,-,-,-,-,-
4520699685990 ,マナーウェア　女の子用　ＳＳ,３８枚,70,11/15まで,-,-,-,-,-,-
4520699686003 ,マナーウェア　女の子用　Ｓ,３６枚,70,11/15まで,-,-,-,-,-,-
4520699686492 ,マナーウェア　女の子用　Ｍ,３４枚,70,11/15まで,-,-,-,-,-,-
4520699693087 ,マナーウェア　長時間快適オムツ女の子用ＳＳ,３４枚,70,11/15まで,-,-,-,-,-,-
4520699693742 ,マナーウェア　長時間快適オムツ女の子用Ｓ,３２枚,70,11/15まで,-,-,-,-,-,-
4520699695067 ,マナーウェア　長時間快適オムツ女の子用Ｍ,３０枚,70,11/15まで,-,-,-,-,-,-
4520699695531 ,三ツ星グルメパウチ　国産まぐろフレーク　かつお入,３５ｇ×７Ｐ,70,11/15まで,-,-,-,-,-,-
4520699695821 ,三ツ星グルメパウチ　国産まぐろフレーク１５歳まぐろ,３５ｇ×７Ｐ,70,11/15まで,-,-,-,-,-,-
4520699696958 ,マナーウェア　長時間快適オムツ女の子用Ｌ,２８枚,70,11/15まで,-,-,-,-,-,-
4520699698457 ,三ツ星グルメパウチ　国産フレークまぐろ,３５ｇ×７袋,70,11/15まで,-,-,-,-,-,-
4520699698976 ,三ツ星グルメパウチ　国産フレークまぐろささみ,３５ｇ×７袋,70,11/15まで,-,-,-,-,-,-
4520699699782 ,マナーウェア　長時間快適オムツ女の子用ＳＳＳ,３８枚,70,11/15まで,-,-,-,-,-,-
4520699706626 ,マナーウェア　長時間快適オムツ男の子用Ｍ,３６枚,70,11/15まで,-,-,-,-,-,-
4580543940033 ,バルサンＳＰジェット　１２－１６畳用,１２－１６畳用,70,11/15まで,-,-,-,-,-,-
4580543940071 ,バルサンプロＥＸ　６－８畳用,６－８畳用,70,11/15まで,-,-,-,-,-,-
4580543940194 ,バルサンプロＥＸ　ノンスモーク霧タイプ,６－１０畳用,70,11/15まで,-,-,-,-,-,-
4901080730619 ,カムテクトコンプリートケアＥＸメディカルフレーバー,１０５ｇ,70,11/15まで,-,-,-,-,-,-
4901080769213 ,カムテクト　歯ぐきケア,１１５ｇ,70,11/15まで,-,-,-,-,-,-
4901080769312 ,カムテクト　ホワイトニング,１０５ｇ,70,11/15まで,-,-,-,-,-,-
4901080769411 ,カムテクト　口臭予防,１０５ｇ,70,11/15まで,-,-,-,-,-,-
4901080772619 ,カムテクト　コンプリートケアＥＸ,１０５ｇ,70,11/15まで,-,-,-,-,-,-
4901133596803 ,焼かつおディナー　かつお節・しらすバラエティ,５０ｇ×６,70,11/15まで,-,-,-,-,-,-
4901133596810 ,焼かつおディナー　ほたて・本格だしバラエティ,５０ｇ×６,70,11/15まで,-,-,-,-,-,-
4901133596827 ,焼かつおディナー　かつお節・サーモンバラエティ,５０ｇ×６,70,11/15まで,-,-,-,-,-,-
4901133596834 ,焼かつおディナー　子ねこ用　かつお節・ほたて貝柱,５０ｇ×６,70,11/15まで,-,-,-,-,-,-
4901133596841 ,焼ささみディナー　焼ささみバラエティ,５０ｇ×６,70,11/15まで,-,-,-,-,-,-
4901301321824 ,エマールリフレッシュグリーンの香り本体,５００ＭＬ,70,11/15まで,-,-,-,-,-,-
4901301321831 ,エマールアロマティックブーケの香り本体,５００ＭＬ,70,11/15まで,-,-,-,-,-,-
4901301335401 ,ニベアＣビューティ洗顔料なめらかキメ美肌　１３０,１３０ｇ,70,11/15まで,-,-,-,-,-,-
4901301335456 ,ニベアＣビューティ洗顔料とてもしっとり美肌　１３０,１３０ｇ,70,11/15まで,-,-,-,-,-,-
4901301348616 ,ニベアＣビューティ洗顔料くすみクリア美肌　１３０,１３０ｇ,70,11/15まで,-,-,-,-,-,-
4901301348623 ,ニベアクリームケア洗顔料　リフレッシュ,１３０ｇ,70,11/15まで,-,-,-,-,-,-
4901301349071 ,エマールリフレッシュグリーンの香り本体,５００ｍｌ,70,11/15まで,-,-,-,-,-,-
4901301349101 ,エマールアロマティックブーケの香り本体,５００ｍｌ,70,11/15まで,-,-,-,-,-,-
4901301349415 ,ビオレｕエンジェルローズの香りつめかえ用スパウト,８２０ｍＬ,70,11/15まで,-,-,-,-,-,-
4901301349958 ,ビオレｕつめかえ用　スパウトパウチ,８２０ｍＬ,70,11/15まで,-,-,-,-,-,-
4901301357915 ,ニベアクリームケア洗顔料　リフレッシュ＋５０トレー,１３０ｇ,70,11/15まで,-,-,-,-,-,-
4901301357939 ,ニベアクリームケア洗顔料　ブライト＋５０トレー,１３０ｇ,70,11/15まで,-,-,-,-,-,-
4901301357946 ,ニベアクリームケア洗顔料しっとり＋５０トレー,１３０ｇ,70,11/15まで,-,-,-,-,-,-
4901301357960 ,ニベア洗顔料とてもしっとり＋５０トレー,１３０ｇ,70,11/15まで,-,-,-,-,-,-
4901301364364 ,ニベアクリームケア洗顔料　リフレッシュ＋ネット,１３０ｇ,70,11/15まで,-,-,-,-,-,-
4901301364371 ,ニベアクリームケア洗顔料　ブライト＋ネット,１３０ｇ,70,11/15まで,-,-,-,-,-,-
4901301364388 ,ニベア洗顔料とてもしっとり＋ネット,１３０ｇ,70,11/15まで,-,-,-,-,-,-
4901301364395 ,ニベアクリームケア洗顔料しっとり＋ネット,１３０ｇ,70,11/15まで,-,-,-,-,-,-
4901301365903 ,ニベアクリームケア洗顔料しっとり＋ＢＷピロー,１３０ｇ,70,11/15まで,-,-,-,-,-,-
4901301365910 ,ニベアＣＣ洗顔料ブライト＋ＢＷピロー,１３０ｇ,70,11/15まで,-,-,-,-,-,-
4901301365927 ,ニベアＣＣ洗顔料とてもしっとり＋ＢＷピロー,１３０ｇ,70,11/15まで,-,-,-,-,-,-
4901301365965 ,ニベアクリームケア洗顔料　リッチバウンス（ハリ感）,１３０ｇ,70,11/15まで,-,-,-,-,-,-
4901301377449 ,フレアフレグランスフローラル＆スウィートスパウト,１０００ｍｌ,70,11/15まで,-,-,-,-,-,-
4901301377456 ,フレアフレグランスジェントル＆ブーケスパウト,１０００ｍｌ,70,11/15まで,-,-,-,-,-,-
4901301377463 ,フレアフレグランスフラワー＆ハーモニースパウト,１０００ｍｌ,70,11/15まで,-,-,-,-,-,-
4901301377494 ,フレアフレグランスホワイト＆ブーケスパウト,１０００ｍｌ,70,11/15まで,-,-,-,-,-,-
4901301380234 ,ビオレｕうるおいしっとりつめかえ用　スパウトパウチ,８２０ｍＬ,70,11/15まで,-,-,-,-,-,-
4901301381859 ,アタック抗菌ＥＸつめかえ用１８００ｇ,１．８０ｋｇ,70,11/15まで,-,-,-,-,-,-
4901301384980 ,ビオレｕさっぱりさらさらつめかえ用　スパウトパウチ,８２０ｍＬ,70,11/15まで,-,-,-,-,-,-
4901301387387 ,フレアフレグランスホワイトブーケスパウト,１１００ＭＬ,70,11/15まで,-,-,-,-,-,-
4901301398345 ,フレアフレグランスフローラルスイートスパウト,１１００ＭＬ,70,11/15まで,-,-,-,-,-,-
4901301398413 ,フレアフレグランスフラワーハーモニースパウト,１１００ＭＬ,70,11/15まで,-,-,-,-,-,-
4901301398734 ,フレアフレグランスリッチフローラルスパウト,１０００ｍｌ,70,11/15まで,-,-,-,-,-,-
4901301407405 ,ハミングフレアＦＦ＆Ｈスパウトパウチ９５０ｍｌ,９５０ＭＬ,70,11/15まで,-,-,-,-,-,-
4901301407443 ,ハミングフレアＦＦ＆Ｓスパウトパウチ９５０ｍｌ,９５０ＭＬ,70,11/15まで,-,-,-,-,-,-
4901301407481 ,ハミングフレアＦＷ＆Ｂスパウトパウチ９５０ｍｌ,９５０ＭＬ,70,11/15まで,-,-,-,-,-,-
4901301407511 ,フレアフレグランスリッチフローラルスパウト,９５０ＭＬ,70,11/15まで,-,-,-,-,-,-
4901301407627 ,ハミングフレアＦＣ＆Ｂスパウトパウチ９５０ｍｌ,９５０ＭＬ,70,11/15まで,-,-,-,-,-,-
4901301408549 ,アタック抗菌ＥＸ部屋干し用つめかえ用１８００ｇ,１．８０ｋｇ,70,11/15まで,-,-,-,-,-,-
4901301414830 ,ハミングフレアＦＦ＆Ｓスパウト１０５０ｍｌ,１０５０ＭＬ,70,11/15まで,-,-,-,-,-,-
4901301414847 ,ハミングフレアＦＦ＆Ｈスパウト１０５０ｍｌ,１０５０ＭＬ,70,11/15まで,-,-,-,-,-,-
4901301414946 ,ハミングフレアＦＣ＆Ｂスパウト１０５０ｍｌ,１０５０ＭＬ,70,11/15まで,-,-,-,-,-,-
4901301415653 ,アタック抗菌ＥＸ　部屋干し用　つめかえ用　１８００,１．８０ｋｇ,70,11/15まで,-,-,-,-,-,-
4901301415769 ,アタック抗菌ＥＸ　つめかえ用　１８００ｇ,１．８０ｋｇ,70,11/15まで,-,-,-,-,-,-
4901301418111 ,アタック除菌アドバンスつめかえ用１５８０ｇ,１５８０ｇ,70,11/15まで,-,-,-,-,-,-
4901301418807 ,ハミング消臭実感Ｒグリーン１．５２Ｌスパウト,１５２０ｍｌ,70,11/15まで,-,-,-,-,-,-
4901301418838 ,ハミング消臭実感ローズ＆Ｆ１．５２Ｌスパウト,１５２０ｍｌ,70,11/15まで,-,-,-,-,-,-
4901301418869 ,ハミング消臭実感Ｗソープ１．５２Ｌスパウト,１５２０ｍｌ,70,11/15まで,-,-,-,-,-,-
4901301418890 ,ハミング消臭実感Ａフルーツ１．５２Ｌスパウト,１５２０ｍｌ,70,11/15まで,-,-,-,-,-,-
4901301420497 ,ハミングフレアフレグランスフローラルスウィートスパ,９５０ＭＬ,70,11/15まで,-,-,-,-,-,-
4901301420503 ,ハミングフレアフレグランスフラワーハーモニースパ,９５０ＭＬ,70,11/15まで,-,-,-,-,-,-
4901301420510 ,ハミングフレアフレグランスチャーミングブーケスパ,９５０ＭＬ,70,11/15まで,-,-,-,-,-,-
4901301420534 ,ハミングフレアフレグランスサボンデサボンスパウト,９５０ＭＬ,70,11/15まで,-,-,-,-,-,-
4901301420572 ,ハミングフレアフレグランスリッチフローラルスパウト,９５０ＭＬ,70,11/15まで,-,-,-,-,-,-
4901301420817 ,ハミング消臭実感Ｗパワーシトラス１．５２Ｌスパウト,１５２０ｍｌ,70,11/15まで,-,-,-,-,-,-
4901301420862 ,ハミング消臭実感ＷＰハーバルＤ１．５２Ｌスパウト,１５２０ｍｌ,70,11/15まで,-,-,-,-,-,-
4901301420916 ,エマールリフレッシュグリーンの香り本体,４６０ｍｌ,70,11/15まで,-,-,-,-,-,-
4901301422484 ,エマールアロマティックブーケの香り本体,４６０ｍｌ,70,11/15まで,-,-,-,-,-,-
4901301430939 ,ハミング消臭実感ＷパワーＣシトラス詰替１．５１Ｌ,１５１０ｍｌ,70,11/15まで,-,-,-,-,-,-
4901301430946 ,ハミング消臭実感ＷパワーＤサボン詰替１．５１Ｌ,１５１０ｍｌ,70,11/15まで,-,-,-,-,-,-
4901301431318 ,ハミング消臭実感リフレッシュグリーン詰替１．５１Ｌ,１５１０ｍｌ,70,11/15まで,-,-,-,-,-,-
4901301431325 ,ハミング消臭実感ローズ＆フローラル詰替１．５１Ｌ,１５１０ｍｌ,70,11/15まで,-,-,-,-,-,-
4901301431332 ,ハミング消臭実感ホワイトソープ詰替１．５１Ｌ,１５１０ｍｌ,70,11/15まで,-,-,-,-,-,-
4901301433589 ,ハミング消臭実感オレンジ＆フラワー詰替１．５１Ｌ,１５１０ｍｌ,70,11/15まで,-,-,-,-,-,-
4901301434296 ,アタック抗菌ＥＸ　つめかえ用１５９０Ｇ,１５９０ｇ,70,11/15まで,-,-,-,-,-,-
4901301434388 ,アタック抗菌ＥＸ　部屋干し用　つめかえ１５２０ｇ,１５２０ｇ,70,11/15まで,-,-,-,-,-,-
4901301435132 ,アタック除菌アドバンス　つめかえ用　１５２０ｇ,１５２０ｇ,70,11/15まで,-,-,-,-,-,-
4901301437174 ,ハミングフレアリラックスムスク＆ミューゲスパウト,９１０ｍｌ,70,11/15まで,-,-,-,-,-,-
4901301437204 ,ハミングフレアリラックスラベンダー＆ジャスミンスパ,９１０ｍｌ,70,11/15まで,-,-,-,-,-,-
4901301438492 ,ハミングフレア　リッチフローラル　スパウト,９４０ＭＬ,70,11/15まで,-,-,-,-,-,-
4901301438843 ,ハミングフレア　フラワーハーモニー　スパウト,９４０ＭＬ,70,11/15まで,-,-,-,-,-,-
4901301439147 ,ハミングフレア　フローラルスウィート　スパウト,９４０ＭＬ,70,11/15まで,-,-,-,-,-,-
4901301439161 ,ハミングフレア　サボンデサボン　スパウト,９４０ＭＬ,70,11/15まで,-,-,-,-,-,-
4901301443236 ,ハミングフレアフレグランスＦ＆Ｓ１０４５ｍｌ増量品,１０４５ｍｌ,70,11/15まで,-,-,-,-,-,-
4901301443243 ,ハミングフレアフレグランスＦ＆Ｈ１０４５ｍｌ増量品,１０４５ｍｌ,70,11/15まで,-,-,-,-,-,-
4901301443250 ,ハミングフレアフレグランスサボン１０４５ｍｌ増量品,１０４５ｍｌ,70,11/15まで,-,-,-,-,-,-
4901301445391 ,ハミングフレア　バニラ＆シダーウッド　スパウト,９４０ＭＬ,70,11/15まで,-,-,-,-,-,-
4901301445414 ,ハミングフレアミモザ＆ホワイトジャスミン９４０ｍｌ,９４０ＭＬ,70,11/15まで,-,-,-,-,-,-
4901301450296 ,ハミング消臭実感リフレッシュグリーン詰替え１．５Ｌ,１５００ｍｌ,70,11/15まで,-,-,-,-,-,-
4901301450302 ,ハミング消臭実感ローズ＆フローラル詰替え１．５Ｌ,１５００ｍｌ,70,11/15まで,-,-,-,-,-,-
4901301450319 ,ハミング消臭実感ホワイトソープつめかえ用　１．５Ｌ,１５００ｍｌ,70,11/15まで,-,-,-,-,-,-
4901301450326 ,ハミング消臭実感オレンジ＆フラワー詰替え用１．５Ｌ,１５００ｍｌ,70,11/15まで,-,-,-,-,-,-
4901301450425 ,ハミング消臭実感汗・脂臭タイプシトラス替１．４７Ｌ,１４７０ｍｌ,70,11/15まで,-,-,-,-,-,-
4901301453518 ,ハミングフレアフローラル＆スイートスパウト増量品,１０３５ｍｌ,70,11/15まで,-,-,-,-,-,-
4901301453549 ,ハミングフレアサボンデサボン　スパウト増量品,１０３５ｍｌ,70,11/15まで,-,-,-,-,-,-
4901301453556 ,ハミングフレアフラワー＆ハーモニースパウト増量品,１０３５ｍｌ,70,11/15まで,-,-,-,-,-,-
4901301453563 ,エマールＲグリーンの香り　本体,４６０ｇ,70,11/15まで,-,-,-,-,-,-
4901301453594 ,エマール　アロマティックブーケの香り　本体,４６０ｇ,70,11/15まで,-,-,-,-,-,-
4901301454805 ,ハミングフレアＲラベンダー＆Ｊスパウト増量品,１００５ｍｌ,70,11/15まで,-,-,-,-,-,-
4901301458568 ,ビオレｕうるおいしっとり　つめかえ用スパウトパウチ,７８０ｍＬ,70,11/15まで,-,-,-,-,-,-
4901301458599 ,ビオレｕキラキラローズの香り　つめかえ用スパウト,７８０ｍＬ,70,11/15まで,-,-,-,-,-,-
4901301458643 ,ビオレｕさっぱりさらさら　つめかえ用スパウトパウチ,７８０ｍＬ,70,11/15まで,-,-,-,-,-,-
4901301458674 ,ビオレｕ　プレーン　つめかえ用スパウトパウチ,７８０ｍＬ,70,11/15まで,-,-,-,-,-,-
4901301459299 ,ハミングフレアＲ　バニラ＆シダーウッド　９１０ｍｌ,９１０ｍｌ,70,11/15まで,-,-,-,-,-,-
4901301463371 ,ハミング消臭実感　Ｒグリーン　詰替９３０ｇ,９３０ｇ,70,11/15まで,-,-,-,-,-,-
4901301463388 ,ハミング消臭実感汗・脂臭タイプシトラス詰替９１０ｇ,９１０ｇ,70,11/15まで,-,-,-,-,-,-
4901301463395 ,ハミング消臭実感部屋干しハーバルサボン詰替９１０ｇ,９１０ｇ,70,11/15まで,-,-,-,-,-,-
4901301463791 ,ハミング消臭実感汗・脂臭タイプシトラス替１４４０ｇ,１４４０ｇ,70,11/15まで,-,-,-,-,-,-
4901301463807 ,ハミング消臭実感リラックス＆フローラル替１４７０ｇ,１４７０ｇ,70,11/15まで,-,-,-,-,-,-
4901301463814 ,ハミング消臭実感　ホワイトソープ　詰替１４７０ｇ,１４７０ｇ,70,11/15まで,-,-,-,-,-,-
4901301463821 ,ハミング消臭実感　ローズ＆フローラル詰替１４７０ｇ,１４７０ｇ,70,11/15まで,-,-,-,-,-,-
4901301463838 ,ハミング消臭実感　Ｒグリーン　詰替１４７０ｇ,１４７０ｇ,70,11/15まで,-,-,-,-,-,-
4901301463845 ,ハミング消臭実感リラックス＆フローラル詰替９３０ｇ,９３０ｇ,70,11/15まで,-,-,-,-,-,-
4901301463852 ,ハミング消臭実感　ホワイトソープ　詰替９３０ｇ,９３０ｇ,70,11/15まで,-,-,-,-,-,-
4901301463869 ,ハミング消臭実感　ローズ＆フローラル　詰替９３０ｇ,９３０ｇ,70,11/15まで,-,-,-,-,-,-
4901301464187 ,ハミング消臭実感部屋干しハーバルサボン替１４４０ｇ,１４４０ｇ,70,11/15まで,-,-,-,-,-,-
4901609002012 ,スクラビングバブルトイレスタンプクリーナーソープ,３８ｇ,70,11/15まで,-,-,-,-,-,-
4901609002715 ,スクラビングバブルトイレスタンプクリーナフローラル,３８ｇ,70,11/15まで,-,-,-,-,-,-
4901609006300 ,ＳＢトイレスタンプ漂白成分プラスＷシトラス,３８ｇ,70,11/15まで,-,-,-,-,-,-
4901609006324 ,ＳＢトイレスタンプ漂白成分プラスＷウッド,３８ｇ,70,11/15まで,-,-,-,-,-,-
4901609011410 ,ＳＢトイレスタンプ消臭成分ｉｎクリアジャスミン本体,３８ｇ,70,11/15まで,-,-,-,-,-,-
4901609011700 ,ＳＢトイレスタンプ消臭成分本体リフレッシュミント,３８ｇ,70,11/15まで,-,-,-,-,-,-
4901609014084 ,ＳＢトイレスタンプ３Ｄ抗菌本体エレガンスフラワー,３８ｇ,70,11/15まで,-,-,-,-,-,-
4901609014114 ,ＳＢトイレスタンプ３Ｄ抗菌本体シャインミント,３８ｇ,70,11/15まで,-,-,-,-,-,-
4901609016026 ,ＳＢトイレスタンプ　フレッシュソープ本体,３８ｇ,70,11/15まで,-,-,-,-,-,-
4901609016057 ,ＳＢトイレスタンプ消臭成分ｉｎ　クリアＪ本体,３８ｇ,70,11/15まで,-,-,-,-,-,-
4901609016088 ,ＳＢトイレスタンプ漂白　ホワイティーシトラス本体,３８ｇ,70,11/15まで,-,-,-,-,-,-
4901609016118 ,ＳＢトイレスタンプＦ黒ズミケアＯＳ本体,３８ｇ,70,11/15まで,-,-,-,-,-,-
4901609016149 ,ＳＢトイレスタンプ最強抗菌シャインミント本体,３８ｇ,70,11/15まで,-,-,-,-,-,-
4901609016170 ,ＳＢトイレスタンプ最強抗菌エレガンスフラワー本体,３８ｇ,70,11/15まで,-,-,-,-,-,-
4901609016248 ,ＳＢトイレスタンプ悪臭ブロックブーケ本体,３８ｇ,70,11/15まで,-,-,-,-,-,-
4901609016262 ,ＳＢトイレスタンプＦ黒ズミケアＲＣ本体,３８ｇ,70,11/15まで,-,-,-,-,-,-
4901616011786 ,ガムウェルプラスデンタルリンススッキリ爽やかタイプ,９００ｍｌ,70,11/15まで,-,-,-,-,-,-
4901616011793 ,ガムウェルプラスデンタルリンス低刺激ノンアルコール,９００ｍｌ,70,11/15まで,-,-,-,-,-,-
4901616012592 ,ガムプラス　デンタルリンスノンアルコール,９００ｍｌ,70,11/15まで,-,-,-,-,-,-
4901616012615 ,ガムプラス　デンタルリンススッキリ爽やかタイプ,９００ｍｌ,70,11/15まで,-,-,-,-,-,-
4901616965393 ,ガムウェルプラスリンススッキリ爽やかミニハミガキ付,９００ｍｌ＋２５ｇ,70,11/15まで,-,-,-,-,-,-
4901616965409 ,ガムウェルプラスリンスノンアルコールミニハミガキ付,９００ｍｌ＋２５ｇ,70,11/15まで,-,-,-,-,-,-
4901616967267 ,ガムプラス　Ｄリンス爽やかタイプミニハミガキ付,９００ｍｌ＋２０ｇ,70,11/15まで,-,-,-,-,-,-
4901616967274 ,ガムプラス　ＤリンスＮアルコールミニハミガキ付,９００ｍｌ＋２０ｇ,70,11/15まで,-,-,-,-,-,-
4901616968028 ,ガムプラス　デンタルリンス爽やかタイプはぴだんぶい,９００ｍｌ＋２０ｇ,70,11/15まで,-,-,-,-,-,-
4901616968035 ,ガムプラス　デンタルリンスＮアルコールはぴだんぶい,９００ｍｌ＋２０ｇ,70,11/15まで,-,-,-,-,-,-
4901616968073 ,ガムプラス　デンタルリンス爽やかタイプ２５０ｍｌ付,９００ｍｌ＋２５０ｍｌ,70,11/15まで,-,-,-,-,-,-
4901616968080 ,ガムプラス　デンタルリンスＮアルコール２５０ｍｌ付,９００ｍｌ＋２５０ｍｌ,70,11/15まで,-,-,-,-,-,-
4901616968714 ,ガムプラスリンス爽やか　ミニハミガキ付＋ペコちゃん,９００ｍｌ＋２０ｇ,70,11/15まで,-,-,-,-,-,-
4901616968721 ,ガムプラスリンスＮＡ　ミニハミガキ付＋ペコちゃん,９００ｍｌ＋２０ｇ,70,11/15まで,-,-,-,-,-,-
4901616969919 ,ガムプラスリンス爽やかタイプシナモロールコラボ,９００ｍｌ＋２０ｇ,70,11/15まで,-,-,-,-,-,-
4901616969926 ,ガムプラスリンスノンアルコールシナモロールコラボ,９００ｍｌ＋２０ｇ,70,11/15まで,-,-,-,-,-,-
4901616970458 ,ガムプラスリンス爽やかタイププレミアムハミガキ付,９００ｍｌ＋１８ｇ,70,11/15まで,-,-,-,-,-,-
4901616970465 ,ガムプラスリンスノンアルコールプレミアムハミガキ付,９００ｍｌ＋１８ｇ,70,11/15まで,-,-,-,-,-,-
4901730077002 ,バンドエイド＿キズパワーパッド＿大きめサイズ,１２枚,70,11/15まで,-,-,-,-,-,-
4901730220248 ,ＭＫ　キズパワーパッドふつうサイズ２０枚＋４枚,＿,70,11/15まで,-,-,-,-,-,-
4901730250351 ,ＭＫ　キズパワーパッド靴擦れ用１２枚,１２枚,70,11/15まで,-,-,-,-,-,-
4901750378295 ,ＳＣＴＦ　ペーパーフキン　サッとサッと　３個パック,２００枚×３個パック,70,11/15まで,-,-,-,-,-,-
4901750378387 ,ＳＣＴペーパーフキン　サッとサッと　３Ｐ　ポケモン,２００枚×３Ｐ,70,11/15まで,-,-,-,-,-,-
4901750378424 ,ＳＣＴペーパーフキン　サッとサッと　３Ｐ　ポケモン,２００枚×３Ｐ,70,11/15まで,-,-,-,-,-,-
4902011105674 ,キミおもい　リラックスウェアＳＳ,３８枚,70,11/15まで,-,-,-,-,-,-
4902011105681 ,キミおもい　リラックスウェアＳ,３６枚,70,11/15まで,-,-,-,-,-,-
4902011105735 ,キミおもい　アクティブウェアＳＳＳ－Ｓ,３０枚,70,11/15まで,-,-,-,-,-,-
4902011105773 ,キミおもい　アクティブウェアＭ－Ｌ,２６枚,70,11/15まで,-,-,-,-,-,-
4902011120530 ,キミおもい　アクティブウェアＬゆったり,２０枚,70,11/15まで,-,-,-,-,-,-
4902777010113 ,チョコレート効果カカオ７２％大袋,２２５ｇ,70,11/15まで,-,-,-,-,-,-
4902777026480 ,チョコレート効果カカオ８６％大袋,２１０ｇ,70,11/15まで,-,-,-,-,-,-
4902777102115 ,チョコレート効果カカオ９５％大袋,１８０ｇ,70,11/15まで,-,-,-,-,-,-
4903111303168 ,ソフィ超熟睡おやすみプレミアム　極厚３６０　１２枚,１２枚,70,11/15まで,-,-,-,-,-,-
4903111304387 ,ソフィ超熟睡おやすみプレミアム　極厚４００　１０枚,１０枚,70,11/15まで,-,-,-,-,-,-
4903111305018 ,ソフィ超熟睡おやすみプレミアム　極厚４２０　１０枚,１０枚,70,11/15まで,-,-,-,-,-,-
4903111406647 ,ウェ－ブハンディ取替シ－ト青８枚　２１春,８枚,70,11/15まで,-,-,-,-,-,-
4903111407750 ,ウェーブハンディ取替青８＋２枚ドラえもん２１,８枚＋２枚,70,11/15まで,-,-,-,-,-,-
4903111407804 ,ウェーブハンディ取替白８＋２枚ドラえもん２１,８枚＋２枚,70,11/15まで,-,-,-,-,-,-
4903111443192 ,ウェ－ブ共通取り替えシート,８枚,70,11/15まで,-,-,-,-,-,-
4903111443376 ,ウェ－ブ共通取り替えシート　ピンク,８枚,70,11/15まで,-,-,-,-,-,-
4903111452996 ,ウェ－ブ共通取り替え８枚白,８枚,70,11/15まで,-,-,-,-,-,-
4903111923328 ,ウェ－ブ共通取替えシート　グリ－ンの香り,８枚,70,11/15まで,-,-,-,-,-,-
4903301291954 ,ｈａｄａｋａｒａ泡ボディフローラルブーケ詰替大型,７５０ｍｌ,70,11/15まで,-,-,-,-,-,-
4903301312048 ,ｈａｄａｋａｒａ泡ボディソープクリーミーソープの香,７５０ｍｌ,70,11/15まで,-,-,-,-,-,-
4933370323515 ,ＭＫ　ＡＯセプトクリアケア,３６０ｍｌ,70,11/15まで,-,-,-,-,-,-
4933370700637 ,ＭＫ　ＡＯセプトクリアケアＮ,３６０ｍｌ,70,11/15まで,-,-,-,-,-,-
4987067801008 ,興和　フィニッシュコーワ,１８ｍｌ,70,11/15まで,-,-,-,-,-,-
4987110001737 ,大幸薬品　正露丸　１００粒（Ｎ）,１００粒,70,11/15まで,-,-,-,-,-,-
4987117396201 ,大鵬薬品　ソルマック５（サキノミ）,５０ｍＬ×２,70,11/15まで,-,-,-,-,-,-
4987176146526 ,アリエールジェル超ジャンボ,１２２０ｇ,70,11/15まで,-,-,-,-,-,-
4987176165459 ,アリエールバイオサイエンスジェル部屋干し超ジャンボ,１１６０ｇ,70,11/15まで,-,-,-,-,-,-
4987176182692 ,アリエールジェル除菌プラスジャンボ,１１６０ｇ,70,11/15まで,-,-,-,-,-,-
4987176207432 ,アリエールジェルウィルス除去詰替超ジャンボ,１１６０ｇ,70,11/15まで,-,-,-,-,-,-
4987176354389 ,ｅファブリーズ　ピーチ＆ムスクの香り本体,２６ｍｌ,70,11/15まで,-,-,-,-,-,-
4987176354396 ,ｅファブリーズ　ホワイトリリ－の香り本体,２６ｍｌ,70,11/15まで,-,-,-,-,-,-
4987176354426 ,ｅファブリーズ　すずらん＆グリーンブーケの香り本体,２６ｍｌ,70,11/15まで,-,-,-,-,-,-
4987205041327 ,ビゲンスピーディカラー乳液２,４０Ｇ＋６０ｍＬ,70,11/15まで,-,-,-,-,-,-
4987205041334 ,ビゲンスピーディカラー乳液３,４０Ｇ＋６０ｍＬ,70,11/15まで,-,-,-,-,-,-
4987205041341 ,ビゲンスピーディカラー乳液４ＮＡ,４０Ｇ＋６０ｍＬ,70,11/15まで,-,-,-,-,-,-
4987205041358 ,ビゲンスピーディカラー乳液４,４０Ｇ＋６０ｍＬ,70,11/15まで,-,-,-,-,-,-
4987205041365 ,ビゲンスピーディカラー乳液５,４０Ｇ＋６０ｍＬ,70,11/15まで,-,-,-,-,-,-
4987205041372 ,ビゲンスピーディカラー乳液６,４０Ｇ＋６０ｍＬ,70,11/15まで,-,-,-,-,-,-
4987205041389 ,ビゲンスピーディカラー乳液７,４０Ｇ＋６０ｍＬ,70,11/15まで,-,-,-,-,-,-
4987241135165 ,デ・オウ薬用クレンジングウォッシュポンプタイプ,５２０ｍｌ,70,11/15まで,-,-,-,-,-,-
4987241146031 ,デ・オウ薬用クレンジングウオッシュノンメントール,５２０ｍｌ,70,11/15まで,-,-,-,-,-,-
4987241148400 ,ロート　メディクイックＨゴールドスポンジヘッド,５０ｍｌ,70,11/15まで,-,-,-,-,-,-
4987246651356 ,カムテクトコンプリートケアＥＸ口臭ケアプラス,１０５ｇ,70,11/15まで,-,-,-,-,-,-
4987300037010 ,エスエス製薬　ガストール細粒,２０包,70,11/15まで,-,-,-,-,-,-
4987300037515 ,エスエス製薬　ガストールジヨウ,６０錠,70,11/15まで,-,-,-,-,-,-
4987307020664 ,ｍｋ　新チルニン小児用シロップ,３０ｍＬ,70,11/15まで,-,-,-,-,-,-
4987977001031 ,カムテクト　歯ぐきケア,１１５ｇ,70,11/15まで,-,-,-,-,-,-
4987977001048 ,カムテクト　コンプリートケアＥＸ,１０５ｇ,70,11/15まで,-,-,-,-,-,-
4987977001055 ,カムテクトコンプリートケアＥＸ口臭ケアプラス,１０５ｇ,70,11/15まで,-,-,-,-,-,-
4987977001307 ,カムテクト　歯ぐきケア増量品,１２０ｇ,70,11/15まで,-,-,-,-,-,-
4987977001314 ,カムテクト　コンプリートケアＥＸ増量品,１１０ｇ,70,11/15まで,-,-,-,-,-,-
4987977001321 ,カムテクトコンプリートケアＥＸ口臭ケアプラス増量品,１１０ｇ,70,11/15まで,-,-,-,-,-,-
4987977001789 ,カムテクト　歯ぐき＋美白ケア,１０５ｇ,70,11/15まで,-,-,-,-,-,-
4987977001802 ,カムテクト　歯ぐき＋口臭ケア,１０５ｇ,70,11/15まで,-,-,-,-,-,-
4979654028387 ,山本漢方　抹茶ＳＯＹプロテイン,３００ｇ,70,10/15まで,-,-,-,-,-,-
4903301384502 ,アクロンふんわりなめらかケア本体,４３０ｍｌ,80,11/15まで,-,-,-,-,270,11/15まで
4903301384649 ,アクロン汗・皮脂スッキリケア本体,４３０ｍｌ,80,11/15まで,-,-,-,-,270,11/15まで
4901301464910 ,リセッシュストロングＪ　無残香　つめかえ５７０ｍｌ,５７０ｍｌ,80,11/15まで,-,-,-,-,570,11/15まで
4901301464941 ,リセッシュデオドラントシトラス　つめかえ６００ｍｌ,６００ｍｌ,80,11/15まで,-,-,-,-,570,11/15まで
4901301464972 ,リセッシュデオドラント無残香　つめかえ用６００ｍｌ,６００ｍｌ,80,11/15まで,-,-,-,-,570,11/15まで
4901301465061 ,リセッシュプロテクトガード　つめかえ用　６００ｍｌ,６００ｍｌ,80,11/15まで,-,-,-,-,570,11/15まで
4901301465092 ,リセッシュ香りが残らない　つめかえ用　６３０ｍｌ,６３０ｍｌ,80,11/15まで,-,-,-,-,570,11/15まで
4901301473080 ,リセッシュストロングジェット　香りが残らない　本体,３５０ｍｌ,80,11/15まで,-,-,-,-,570,11/15まで
4901609016606 ,カビキラーラクラク連射ジェット,４００ｇ,80,11/15まで,-,-,-,-,570,11/15まで
4987176286321 ,ファブリーズＷ除菌　緑茶　特大,６４０ｍＬ,80,11/15まで,-,-,-,-,570,11/15まで
4987176286376 ,ファブリーズＷ除菌　無香料　アルコール　特大,６４０ｍＬ,80,11/15まで,-,-,-,-,570,11/15まで
4987176286406 ,ファブリーズＷ除菌　特大,６４０ｍＬ,80,11/15まで,-,-,-,-,570,11/15まで
4901301452924 ,ワイドハイター　ＰＲＯ　粉末　本体,５００ｇ,80,11/15まで,-,-,-,-,670,11/15まで
4901301452559 ,食洗機用キュキュットクリア除菌粉末つめかえ８００ｇ,８００ｇ,80,11/15まで,-,-,-,-,710,11/15まで
4901301452580 ,食洗機用キュキュット粉末オレンジつめかえ８００ｇ,８００ｇ,80,11/15まで,-,-,-,-,710,11/15まで
4987176100481 ,パンテーン　エアリーふんわり　ＴＲ大サイズＮ,３００ｇ,80,11/15まで,-,-,-,-,793,3/31まで
4901301453365 ,ハミングフレア　ＦＳ　スパウトパウチ　１４００ｇ,１４００ｇ,80,11/15まで,-,-,-,-,820,11/15まで
4901301453396 ,ハミングフレア　ＦＨ　スパウトパウチ　１４００ｇ,１４００ｇ,80,11/15まで,-,-,-,-,820,11/15まで
4901301453532 ,ハミングフレア　サボン　スパウトパウチ　１４００ｇ,１４００ｇ,80,11/15まで,-,-,-,-,820,11/15まで
4901301454485 ,ハミングフレア　ＵＦ　スパウトパウチ　１４００ｇ,１４００ｇ,80,11/15まで,-,-,-,-,820,11/15まで
4901301454560 ,ハミングフレア　Ｒ　ＭＡ　スパウト　１３６０ｇ,１３６０ｇ,80,11/15まで,-,-,-,-,820,11/15まで
4901301454614 ,ハミングフレア　Ｒ　ＬＡ　スパウト　１３６０ｇ,１３６０ｇ,80,11/15まで,-,-,-,-,820,11/15まで
4901301467102 ,ハミングフレア　Ｅ＆Ｐ　スパウトパウチ　１４００ｇ,１４００ｇ,80,11/15まで,-,-,-,-,820,11/15まで
4901301440884 ,マジックリンＥＸＰＯＷＥＲこびりつき用パウダー,３２０ｇ,80,11/15まで,-,-,-,-,920,11/15まで
4901301440891 ,強力カビハイターＥＸＰＯＷＥＲカビ用密着ジェル,２００ｇ,80,11/15まで,-,-,-,-,920,11/15まで
4901301441188 ,マジックリンＥＸＰＯＷＥＲ水アカ用スプレー,４００ｍｌ,80,11/15まで,-,-,-,-,920,11/15まで
4901301460943 ,マジックリンＥＸパワーコゲ・油汚れ用泡スプレー本体,４００ｍｌ,80,11/15まで,-,-,-,-,920,11/15まで
4901301461872 ,マジックリンＥＸパワー　水アカ用スプレー６６０ｍｌ,６６０ｍｌ,80,11/15まで,-,-,-,-,920,11/15まで
4987176100467 ,パンテーン　ダメージケアトリートメント大サイズＮ,３００ｇ,80,11/15まで,-,-,-,-,970,11/15まで
4987176100474 ,パンテーン　モイストスムース　ＴＲ大サイズＮ,３００ｇ,80,11/15まで,-,-,-,-,970,11/15まで
4987176413345 ,パンテーン　ゴールドダメージリペア　ＴＲ大,２７０ｇ,80,11/15まで,-,-,-,-,970,11/15まで
4987176413352 ,パンテーン　ゴールドボリュームリペア　ＴＲ大,２７０ｇ,80,11/15まで,-,-,-,-,970,11/15まで
4520699051528 ,三ツ星グルメパウチ　フレークまぐろ＆たい,３５ｇ×８Ｐ,80,11/15まで,-,-,-,-,-,-
4520699840764 ,三ツ星グルメパウチ　ジュレしらす＆サーモン,３５ｇ×８Ｐ,80,11/15まで,-,-,-,-,-,-
4901070353859 ,ムシューダ　１年防虫ＷＩＣ用３個入フローラル　２Ｐ,３個×２Ｐ,80,11/15まで,-,-,-,-,-,-
4901070353866 ,ムシューダ　１年防虫ＷＩＣ用３個入ソープ　２Ｐ,３個×２Ｐ,80,11/15まで,-,-,-,-,-,-
4901301025272 ,ビオレメイク落とししっかりクリアジェルチューブ,１７０ｇ,80,11/15まで,-,-,-,-,-,-
4901301253835 ,ケープ　フリー　アレンジ　特大,１４０Ｇ,80,11/15まで,-,-,-,-,-,-
4901301253859 ,ケープ　フリー　アレンジ　無香料　特大,１４０Ｇ,80,11/15まで,-,-,-,-,-,-
4901301291660 ,手ぐしが通せるケープまとまりスタイル用無香料１４０,１４０ｇ,80,11/15まで,-,-,-,-,-,-
4901301291684 ,手ぐしが通せるケープまとまりスタイル用微香性１４０,１４０ｇ,80,11/15まで,-,-,-,-,-,-
4901301291707 ,手ぐしが通せるケープふんわりスタイル用無香料１４０,１４０ｇ,80,11/15まで,-,-,-,-,-,-
4901301327987 ,ケープ　キープウォーター　ナチュラル,１００ｍｌ,80,11/15まで,-,-,-,-,-,-
4901301327994 ,ケープ　キープウォーター　ハード,１００ｍｌ,80,11/15まで,-,-,-,-,-,-
4901301355904 ,ケープ　ワン　しっかりキープ　無香料　８０ｇ,８０ｇ,80,11/15まで,-,-,-,-,-,-
4901301366320 ,ビオレ　マシュマロ　モイスチャー　替　大容量,３３０ｍＬ,80,11/15まで,-,-,-,-,-,-
4901301366337 ,ビオレ　マシュマロ　リッチモイスチャー　替　大容量,３３０ｍＬ,80,11/15まで,-,-,-,-,-,-
4901301370839 ,ニベア　ディープモイスチャーナイトプロテクト無香料,７ｇ,80,11/15まで,-,-,-,-,-,-
4901301370846 ,ニベア　ディープモイスチャーナイトプロテクトはちみ,７ｇ,80,11/15まで,-,-,-,-,-,-
4901301385178 ,ビオレ　マシュマロ　薬用アクネ　替　大容量,３３０ｍＬ,80,11/15まで,-,-,-,-,-,-
4901301400161 ,ビオレメイクも落とせる洗顔料うるうる密着泡つめかえ,３３０ｍＬ,80,11/15まで,-,-,-,-,-,-
4901301444219 ,リーゼ　泡カラー　エアリーグレージュ,１１５ｍＬ,80,11/15まで,-,-,-,-,-,-
4901301444240 ,リーゼ　泡カラー　オリーブアッシュ,１１５ｍＬ,80,11/15まで,-,-,-,-,-,-
4901301444332 ,リーゼ　泡カラー　髪色もどし　ナチュラルブラウン,１１５ｍＬ,80,11/15まで,-,-,-,-,-,-
4901301462350 ,ニベア　ディープモイスチャーナイトＰ　カモミール,７ｇ,80,11/15まで,-,-,-,-,-,-
4901301466099 ,ニュービーズ　ジャスミン＆ムスクつめかえ１５６０ｇ,１５６０ｇ,80,11/15まで,-,-,-,-,-,-
4901301466129 ,ニュービーズ　ローズ＆マグノリアつめかえ１５６０ｇ,１５６０ｇ,80,11/15まで,-,-,-,-,-,-
4901301470331 ,リーゼ　泡カラー　ボルドーブラウン,１１２ｍＬ,80,11/15まで,-,-,-,-,-,-
4901301470348 ,リーゼ　泡カラー　ロゼピンク,１１２ｍＬ,80,11/15まで,-,-,-,-,-,-
4901301470355 ,リーゼ　泡カラー　シアーカーキ,１１２ｍＬ,80,11/15まで,-,-,-,-,-,-
4901508975912 ,オルグランス　シルキーヘアミスト,１００ｍｌ,80,11/15まで,-,-,-,-,-,-
4902102158077 ,アクエリアスケース,１２５０ｍｌケース,80,11/15まで,-,-,-,-,-,-
4902201438216 ,ネスカフェ　ゴールドブレンド　エコ＆システムパック,９５ｇ,80,11/15まで,-,-,-,-,-,-
4902201438278 ,ネスカフェ　ゴールドブレンド　コク深め　エコ＆シス,９５ｇ,80,11/15まで,-,-,-,-,-,-
4903018206258 ,ＣＯＨＡＲＵロックオイルスプレーヒートケア＆グロス,１２０ｇ,80,11/15まで,-,-,-,-,-,-
4903111214372 ,ウェ－ブ共通取り替え１２枚ホワイトムスクの香り,１２枚,80,11/15まで,-,-,-,-,-,-
4903301274650 ,アクロンフローラルブーケの香り本体,４５０ｍｌ,80,11/15まで,-,-,-,-,-,-
4903301274841 ,アクロンナチュラルソープの香り本体,４５０ｍｌ,80,11/15まで,-,-,-,-,-,-
4971710392494 ,ナチュサボンＳ　ボディウォッシュ　リッチモイスト,５００ｍｌ,80,11/15まで,-,-,-,-,-,-
4971710395006 ,ナチュサボンＳ　ボディＷ　Ｒモイスト　ゆず＆ハニー,５００ｍｌ,80,11/15まで,-,-,-,-,-,-
4971710525212 ,ナチュサボンＢＷ　ミント＆ヴァーベナの香り,５００ｍｌ,80,11/15まで,-,-,-,-,-,-
4971710564624 ,ナチュサボン　Ｓクール　レモンソルベ＆ミント,４８０ｍＬ,80,11/15まで,-,-,-,-,-,-
4971710564631 ,ナチュサボン　クール　レモンソルベ＆ミント,４８０ｍＬ,80,11/15まで,-,-,-,-,-,-
4971710571219 ,ナチュサボンＳ　ボディＷ　Ｒモイスト　金木犀,５００ｍｌ,80,11/15まで,-,-,-,-,-,-
4971710574289 ,ナチュサボンＲＭ　スウィートドリームス,４８０ｍＬ,80,11/15まで,-,-,-,-,-,-
4971710593808 ,ナチュサボンＢＷ　リッチモイスト　夜桜の香り,４８０ｍＬ,80,11/15まで,-,-,-,-,-,-
4973512259777 ,ハンドラボ手指消毒スプレー５００ｍｌ,５００ｍｌ,80,11/15まで,-,-,-,-,-,-
4987067329700 ,興和　バンテリンコーワパットＥＸホット大判,７枚,80,11/15まで,-,-,-,-,-,-
4987072011263 ,小林製薬　のどぬーるスプレー,２５ｍｌ,80,11/15まで,-,-,-,-,-,-
4987072038048 ,小林製薬　キュアレア　８ｇ,８ｇ,80,11/15まで,-,-,-,-,-,-
4987072059937 ,ゼローラ,９０ｇ,80,11/15まで,-,-,-,-,-,-
4987072061022 ,ゼローラ　マイルドミント,９０ｇ,80,11/15まで,-,-,-,-,-,-
4987072084434 ,ゼローラモーニングウォッシュ,４５０ｍｌ,80,11/15まで,-,-,-,-,-,-
4987072090428 ,ゼローラストロングミント,９０ｇ,80,11/15まで,-,-,-,-,-,-
4987072090435 ,小林製薬　キュアレア　ドライ,８ｇ,80,11/15まで,-,-,-,-,-,-
4987206622747 ,浅田飴　シュガーカットゼロ（Ｎ）,５００ｇ,80,11/15まで,-,-,-,-,-,-
4987286315492 ,健栄製薬　酸化マグネシウムＥ便秘薬,９０錠,80,11/15まで,-,-,-,-,-,-
4901301420947 ,ニュービーズリュクスクラフト本体,７４０ｇ,80,10/15まで,-,-,-,-,-,-
4901301421319 ,ニュービーズピュアクラフト本体,７４０ｇ,80,10/15まで,-,-,-,-,-,-
4901301448019 ,ニュービーズローズ＆マグノリアの香り　本体６９０ｇ,６９０ｇ,80,10/15まで,-,-,-,-,-,-
4901301448026 ,ニュービーズジャスミン＆ムスクの香り　本体６９０ｇ,６９０ｇ,80,10/15まで,-,-,-,-,-,-
4901301460974 ,ニュービーズ　バニラ＆シダーウッド　本体,６９０ｇ,80,10/15まで,-,-,-,-,-,-
4901301471451 ,ニュービーズ　ローズ＆マグノリアの香り　本体,７５０ｇ,80,10/15まで,-,-,-,-,-,-
4901301471468 ,ニュービーズ　ジャスミン＆ムスクの香り　本体,７５０ｇ,80,10/15まで,-,-,-,-,-,-
4511413408001 ,ＤＨＣ　メリロートＰｌｕｓ　６０日分,１２０粒,80,11/15まで,-,-,-,-,-,-
4520699046678 ,三ツ星パウチジュレまぐろかつおしらすかにかまささみ,３５ｇ×８,80,11/15まで,-,-,-,-,-,-
4520699065518 ,三ツ星グルメパウチフレークまぐろ入りかつおささみ,３５ｇ×８,80,11/15まで,-,-,-,-,-,-
4520699603833 ,銀スプ三ツ星ジュレしらす＆かつお,３５ｇ８ｐ,80,11/15まで,-,-,-,-,-,-
4520699604182 ,銀のスプーン三ツ星グルメパウチまぐろ＆しらす,３５ｇ８ｐ,80,11/15まで,-,-,-,-,-,-
4520699662700 ,三ツ星グルメパウチまぐろ,３５ｇ８Ｐ,80,11/15まで,-,-,-,-,-,-
4520699662830 ,三ツ星グルメパウチささみ,３５ｇ８Ｐ,80,11/15まで,-,-,-,-,-,-
4520699663042 ,三ツ星ジュレささみ添え,３５ｇ８Ｐ,80,11/15まで,-,-,-,-,-,-
4520699663219 ,三ツ星ジュレしらす・かにかま添え,３５ｇ８Ｐ,80,11/15まで,-,-,-,-,-,-
4520699670415 ,三ツ星グルメパウチフレーク　無添加ささみまぐろ,３５ｇ８Ｐ,80,11/15まで,-,-,-,-,-,-
4520699670576 ,三ツ星グルメパウチフレーク　無添加まぐろしらす,３５ｇ８Ｐ,80,11/15まで,-,-,-,-,-,-
4520699680889 ,三ツ星グルメパウチとろみまぐろしらす＆まぐろささみ,３５ｇ８Ｐ,80,11/15まで,-,-,-,-,-,-
4520699680926 ,三ツ星グルメパウチとろみまぐろしらす＆まぐろかつお,３５ｇ８Ｐ,80,11/15まで,-,-,-,-,-,-
4520699695999 ,三ツ星グルメパウチフレーク　無添加まぐろ,３５ｇ８Ｐ,80,11/15まで,-,-,-,-,-,-
4520699696187 ,三ツ星グルメパウチフレーク　無添加ささみ,３５ｇ８Ｐ,80,11/15まで,-,-,-,-,-,-
4520699699881 ,三ツ星ジュレ１５歳しらす・かにかま添え,３５ｇ８ｐ,80,11/15まで,-,-,-,-,-,-
4520699699911 ,三ツ星グルメパウチフレーク１５歳まぐろ,３５ｇ８ｐ,80,11/15まで,-,-,-,-,-,-
4550667017324 ,スゴスト　丈夫ショート２２２５シアー,２２２５シアー,80,11/15まで,-,-,-,-,-,-
4550667017331 ,スゴスト　丈夫ショート２２２５ベビー,２２２５ベビー,80,11/15まで,-,-,-,-,-,-
4550667017348 ,スゴスト　丈夫ショート２２２５ブラック,２２２５ブラック,80,11/15まで,-,-,-,-,-,-
4550667051984 ,スゴスト着圧ひざ下丈２２２５シアーベージュ,２２２５シアーＢ,80,11/15まで,-,-,-,-,-,-
4550667052004 ,スゴスト着圧ひざ下丈２２２５ＢＬＫ,２２２５ブラック,80,11/15まで,-,-,-,-,-,-
4580312896301 ,ｍｋ　口元立体カラーマスク　ホワイトＭ３０枚,３０枚入,80,11/15まで,-,-,-,-,-,-
4580312896318 ,ｍｋ　口元立体カラーマスクアソート　ピンクＭ３０枚,３０枚入,80,11/15まで,-,-,-,-,-,-
4580312896325 ,ｍｋ　口元立体カラーマスクアソートベージュＭ３０枚,３０枚入,80,11/15まで,-,-,-,-,-,-
4901080024619 ,ダニがホイホイ　ダニ捕りシート,３枚,80,11/15まで,-,-,-,-,-,-
4901080208002 ,ブラックキャップ２個パック,１２個×２,80,11/15まで,-,-,-,-,-,-
4901234362451 ,マトメージュまとめ髪ウォーター,１００ｍｌ,80,11/15まで,-,-,-,-,-,-
4901301236876 ,めぐりズム蒸気の温熱シート８枚,８枚,80,11/15まで,-,-,-,-,-,-
4901301245496 ,めぐりズム蒸気の温熱シート下着の内側面に貼る　５枚,５マイ,80,11/15まで,-,-,-,-,-,-
4901301336163 ,食洗機用キュキュットウルトラクリーン　替ボトル,８４０Ｇ,80,11/15まで,-,-,-,-,-,-
4901301344366 ,めぐりズム蒸気の温熱シート直接貼るシートメントール,８枚,80,11/15まで,-,-,-,-,-,-
4901301347688 ,食洗機用キュキュットウルトラＣさわやかハーブ替Ｂ,８４０Ｇ,80,11/15まで,-,-,-,-,-,-
4901301388476 ,リセッシュ除菌ＥＸ香り残らないスパウト,７００ｍｌ,80,11/15まで,-,-,-,-,-,-
4901301388544 ,リセッシュ除菌ＥＸＤＥＯパワー香り残らないスパウト,６８０ｍｌ,80,11/15まで,-,-,-,-,-,-
4901301395979 ,リセッシュ除菌ＥＸプロテクトガードスパウトパウチ,６６０ｍｌ,80,11/15まで,-,-,-,-,-,-
4901301406491 ,食洗機用キュキュットウルトラクリーン無香性替,７７０Ｇ,80,11/15まで,-,-,-,-,-,-
4901301406507 ,食洗機用キュキュットウルトラＣシトラスの香り替,７７０Ｇ,80,11/15まで,-,-,-,-,-,-
4901301412218 ,リセッシュ除菌ＥＸガーデンローズの香りスパウトパウ,７００ＭＬ,80,11/15まで,-,-,-,-,-,-
4901301421265 ,リセッシュ除菌ＥＸワイドジェット　無香料　本体,４１０ｍｌ,80,11/15まで,-,-,-,-,-,-
4901301421272 ,リセッシュ除菌ＥＸワイドジェット　無香料　詰替,６６０ｍｌ,80,11/15まで,-,-,-,-,-,-
4901301423948 ,リセッシュ除菌ＥＸワイドジェット風の香り本体,４１０ｍｌ,80,11/15まで,-,-,-,-,-,-
4901301423955 ,リセッシュ除菌ＥＸワイドジェット風の香り詰替用,６６０ｍｌ,80,11/15まで,-,-,-,-,-,-
4901301432636 ,アタック抗菌ＥＸラク干しプラスつめかえ用１４６０ｇ,１４６０ｇ,80,11/15まで,-,-,-,-,-,-
4901301433152 ,リセッシュ除菌ＥＸＷＪストロング香り残らない本体,３９０ｍｌ,80,11/15まで,-,-,-,-,-,-
4901301433169 ,リセッシュ除菌ＥＸＷＪストロング香り残らない詰替,６３０ｍｌ,80,11/15まで,-,-,-,-,-,-
4901301436481 ,めぐりズム蒸気の温熱シート　香り付き７枚,７枚,80,11/15まで,-,-,-,-,-,-
4901301436528 ,エッセンシャル　しっとりまとまる　シャンプー　詰替,３００ｍＬ,80,11/15まで,-,-,-,-,-,-
4901301436535 ,エッセンシャル　しっとりまとまる　コンデ　詰替,３００ｍＬ,80,11/15まで,-,-,-,-,-,-
4901301436603 ,エッセンシャル　ふんわりうるツヤ　シャンプー　詰替,３００ｍＬ,80,11/15まで,-,-,-,-,-,-
4901301436610 ,エッセンシャル　ふんわりうるツヤ　コンデ　詰替,３００ｍＬ,80,11/15まで,-,-,-,-,-,-
4901301444165 ,リーゼ　泡カラー　マシュマロブラウン,１１５ｍＬ,80,11/15まで,-,-,-,-,-,-
4901301444172 ,リーゼ　泡カラー　ミルクティブラウン,１１５ｍＬ,80,11/15まで,-,-,-,-,-,-
4901301444189 ,リーゼ　泡カラー　ロイヤルブラウン,１１５ｍＬ,80,11/15まで,-,-,-,-,-,-
4901301444196 ,リーゼ　泡カラー　ダークショコラ,１１５ｍＬ,80,11/15まで,-,-,-,-,-,-
4901301444202 ,リーゼ　泡カラー　ラベンダーグレージュ,１１５ｍＬ,80,11/15まで,-,-,-,-,-,-
4901301444226 ,リーゼ　泡カラー　ミルクティグレージュ,１１５ｍＬ,80,11/15まで,-,-,-,-,-,-
4901301444233 ,リーゼ　泡カラー　ブルーグレー,１１５ｍＬ,80,11/15まで,-,-,-,-,-,-
4901301444257 ,リーゼ　泡カラー　クールピンク,１１５ｍＬ,80,11/15まで,-,-,-,-,-,-
4901301444264 ,リーゼ　泡カラー　ディープバイオレット,１１５ｍＬ,80,11/15まで,-,-,-,-,-,-
4901301444271 ,リーゼ　泡カラー　アイスブルージュ,１１５ｍＬ,80,11/15まで,-,-,-,-,-,-
4901301444288 ,リーゼ　泡カラー　スモーキーアッシュグレー,１１５ｍＬ,80,11/15まで,-,-,-,-,-,-
4901301444295 ,リーゼ　泡カラー　シュガーピンク,１１５ｍＬ,80,11/15まで,-,-,-,-,-,-
4901301444301 ,リーゼ　泡カラー　シトロンアッシュ,１１５ｍＬ,80,11/15まで,-,-,-,-,-,-
4901301444318 ,リーゼ　泡カラー　チョコレートブラウン,１１５ｍＬ,80,11/15まで,-,-,-,-,-,-
4901301444325 ,リーゼ　泡カラー　髪色もどし　ナチュラルブラック,１１５ｍＬ,80,11/15まで,-,-,-,-,-,-
4901301445773 ,リセッシュ除菌ＥＸＷジェットラベンダー＆ジャスミン,４１０ｍｌ,80,11/15まで,-,-,-,-,-,-
4901301448118 ,ニュービーズローズ＆マグノリアの香り詰替１５６０ｇ,１５６０ｇ,80,11/15まで,-,-,-,-,-,-
4901301448231 ,ニュービーズジャスミン＆ムスクの香り詰替１５６０ｇ,１５６０ｇ,80,11/15まで,-,-,-,-,-,-
4901301451163 ,アタック抗菌ＥＸ　つめかえ用　１５９０ｇ,１５９０ｇ,80,11/15まで,-,-,-,-,-,-
4901301451217 ,アタック抗菌ＥＸ　部屋干し用　つめかえ用１５２０ｇ,１５２０ｇ,80,11/15まで,-,-,-,-,-,-
4901301453341 ,ハミングフレアフローラルスウィートスパウト９００ｇ,９００ｇ,80,11/15まで,-,-,-,-,-,-
4901301453372 ,ハミングフレア　フラワーハーモニースパウト９００ｇ,９００ｇ,80,11/15まで,-,-,-,-,-,-
4901301453402 ,ハミングフレア　サボンデサボンスパウト　９００ｇ,９００ｇ,80,11/15まで,-,-,-,-,-,-
4901301454478 ,ハミングフレア　アーバンフローラルスパウト９００ｇ,９００ｇ,80,11/15まで,-,-,-,-,-,-
4901301454553 ,ハミングフレアリラックス　ムスクアロマ　スパウト,８８０ｇ,80,11/15まで,-,-,-,-,-,-
4901301454836 ,ハミングフレアリラックスラベンダーアロマ　スパウト,８８０ｇ,80,11/15まで,-,-,-,-,-,-
4901301455079 ,アタック抗菌ＥＸラク干しプラス　つめかえ１４６０ｇ,１４６０ｇ,80,11/15まで,-,-,-,-,-,-
4901301456939 ,アタック除菌アドバンス　つめかえ用１５２０ｇ,１５２０ｇ,80,11/15まで,-,-,-,-,-,-
4901301467119 ,ハミングフレア　Ｅ＆Ｐ　スパウト　９００ｇ,９００ｇ,80,11/15まで,-,-,-,-,-,-
4901301467461 ,アタック抗菌ＥＸ　部屋干し用　つめかえ１５００ｇ,１５００ｇ,80,11/15まで,-,-,-,-,-,-
4901301468246 ,アタック抗菌ＥＸ　つめかえ用１５００Ｇ,１５００ｇ,80,11/15まで,-,-,-,-,-,-
4901417162106 ,ナイーブ　泡で出てくるボディソープマイメロ　ポンプ,６００ｍｌ,80,11/15まで,-,-,-,-,-,-
4901417162144 ,ナイーブ　泡ボディソープ（ひんやり桃ソーダ）ポンプ,６００ｍｌ,80,11/15まで,-,-,-,-,-,-
4901730077583 ,ベビー全身シャンプー泡タイプ＿詰替,３５０ｍｌ,80,11/15まで,-,-,-,-,-,-
4901730080804 ,ＪＢ＿すやすやタイムウォッシュ泡タイプ,４００ｍｌ,80,11/15まで,-,-,-,-,-,-
4901730080811 ,ＪＢ＿すやすやタイムウォッシュ泡タイプ詰替用,３５０ｍｌ,80,11/15まで,-,-,-,-,-,-
4901730250238 ,ＪＢ＿高保湿全身シャンプー泡タイプ本体,４００ｍｌ,80,11/15まで,-,-,-,-,-,-
4902111775104 ,ダヴモイスチャー泡洗顔料詰替大容量,３２０ｍｌ,80,11/15まで,-,-,-,-,-,-
4902111777825 ,ダヴニキビケア　クリーミー泡洗顔料詰替大容量,３２０ｍｌ,80,11/15まで,-,-,-,-,-,-
4902111782461 ,ダヴトリプルＶＣ　クリーミー泡洗顔料詰替大容量,３２０ｍｌ,80,11/15まで,-,-,-,-,-,-
4903111443208 ,ウェ－ブ共通取り替え１２枚白,１２枚,80,11/15まで,-,-,-,-,-,-
4903588107320 ,素材そのままさつまいも　スティック,３００ｇ,80,11/15まで,-,-,-,-,-,-
4903588129308 ,素材そのままさつまいも　スティック　７歳やわらか,２８０ｇ,80,11/15まで,-,-,-,-,-,-
4903588144622 ,素材そのまま　さつまいも　スティック,２８０ｇ,80,11/15まで,-,-,-,-,-,-
4903588144653 ,素材そのまま　さつまいも　スティック　７歳やわらか,２６０ｇ,80,11/15まで,-,-,-,-,-,-
4903588146183 ,素材そのまま　さつまいも　極こつぶタイプ,４０ｇ×６袋,80,11/15まで,-,-,-,-,-,-
4961243481000 ,シード　フォレストリーフうるおいＷ,３６０ｍｌ×２,80,11/15まで,-,-,-,-,-,-
4971710523645 ,ジュレームｉＰ　タラソリペア　美容液ヘアマスク,２３０ｇ,80,11/15まで,-,-,-,-,-,-
4971710558609 ,ジュレームＲＬ　ミッドナイトリペア　ヘアマスク,２３０ｇ,80,11/15まで,-,-,-,-,-,-
4987040055411 ,カイゲン　改源錠,６０錠,80,11/15まで,-,-,-,-,-,-
4987087041828 ,シオノギＨＣ　イソジンうがい薬,１２０ｍｌ,80,11/15まで,-,-,-,-,-,-
4987087041873 ,シオノギＨＣ　イソジンうがい薬Ｐ,１２０ｍｌ,80,11/15まで,-,-,-,-,-,-
4987115250208 ,シンカトリ　３００日本体セット,１セット,80,11/15まで,-,-,-,-,-,-
4987176140197 ,ボールドジェルボール４Ｄプレミアムブロッサム超ＵＪ,５５個,80,11/15まで,-,-,-,-,-,-
4987176219060 ,アリエールバイオサイエンスジェル部屋干し超ジャンボ,１１５０ｇ,80,11/15まで,-,-,-,-,-,-
4987176219206 ,アリエールジェル超ジャンボ,１２１０ｇ,80,11/15まで,-,-,-,-,-,-
4987176219282 ,アリエールジェル除菌プラスジャンボ,１１５０ｇ,80,11/15まで,-,-,-,-,-,-
4987176261045 ,アリエールジェル部屋干し超ジャンボ増量,１２７０ｇ,80,11/15まで,-,-,-,-,-,-
4987176263339 ,ファブリーズ玄関用消臭剤＋抗菌Ｗティー＆Ｃ４Ｐ,７ｍｌ×４,80,11/15まで,-,-,-,-,-,-
4987176263377 ,ファブリーズ玄関用消臭剤リネン＆ジャスミン４Ｐ,７ｍｌ×４,80,11/15まで,-,-,-,-,-,-
4987176263384 ,ファブリーズ玄関用消臭剤＋抗菌リネン＆ソープ４Ｐ,７ｍｌ×４,80,11/15まで,-,-,-,-,-,-
4987176263452 ,ファブリーズ玄関用消臭剤Ｓピオニー＆ミュゲ４Ｐ,７ｍｌ×４,80,11/15まで,-,-,-,-,-,-
4987176263506 ,ファブリーズ玄関用消臭剤Ｗティー＆リリー４Ｐ,７ｍｌ×４,80,11/15まで,-,-,-,-,-,-
4987316032184 ,佐藤製薬　ユンケル黄帝液プレミアム（Ｎ）,３０ｍｌ,80,11/15まで,-,-,-,-,-,-
4987426002664 ,池田模範堂　ムヒＨＤ（Ｎ）,３０ｍｌ,80,11/15まで,-,-,-,-,-,-
4987426002671 ,池田模範堂　ムヒＨＤｍ,３０ｍｌ,80,11/15まで,-,-,-,-,-,-
4987910002781 ,アリナミン製薬　大地の漢方便秘薬,６５Ｔ,80,11/15まで,-,-,-,-,-,-
4989409103061 ,ｍｋ　ＷＡＳＨＢＬＡＣＫ　エリそで洗剤,７０ｇ,80,11/15まで,-,-,-,-,-,-
4901301361066 ,アタックＺＥＲＯドラム詰替大スパウト,１２８０Ｇ,80,10/15まで,-,-,-,-,-,-
4901301361288 ,アタックＺＥＲＯ詰大スパウト,１３５０Ｇ,80,10/15まで,-,-,-,-,-,-
4901301396655 ,アタックＺＥＲＯ詰替大スパウト,１３５０Ｇ,80,10/15まで,-,-,-,-,-,-
4901301396716 ,アタックＺＥＲＯドラム式専用詰替大スパウト,１３５０Ｇ,80,10/15まで,-,-,-,-,-,-
4901301405937 ,アタックＺＥＲＯつめかえ用１２００ｇ,１２００ｇ,80,10/15まで,-,-,-,-,-,-
4901301406026 ,アタックＺＥＲＯドラム式専用つめかえ用１２００ｇ,１２００ｇ,80,10/15まで,-,-,-,-,-,-
4901301406163 ,アタックＺＥＲＯ部屋干しつめかえ　１２００ｇ,１２００ｇ,80,10/15まで,-,-,-,-,-,-
4901301412034 ,アタックＺＥＲＯワンハンド＋つめかえ用１２００ｇ,３８０ｇ＋１２００ｇ,80,10/15まで,-,-,-,-,-,-
4901301412041 ,アタックＺＥＲＯドラム式専用　ワンハンド＋つめかえ,３８０ｇ＋１２００ｇ,80,10/15まで,-,-,-,-,-,-
4901301412058 ,アタックＺＥＲＯ部屋干しワンハンド＋つめかえ用,３８０ｇ＋１２００ｇ,80,10/15まで,-,-,-,-,-,-
4901301417312 ,アタックＺＥＲＯ　部屋干し　つめかえ用　１１４０ｇ,１１４０ｇ,80,10/15まで,-,-,-,-,-,-
4901301417381 ,アタックＺＥＲＯ　つめかえ用　１１４０ｇ,１１４０ｇ,80,10/15まで,-,-,-,-,-,-
4901301417466 ,アタックＺＥＲＯ　ドラム式専用　つめかえ用　１１４,１１４０ｇ,80,10/15まで,-,-,-,-,-,-
4901301428769 ,アタックＺＥＲＯ　ワンハンド＋つめかえ用１１４０ｇ,１５２０Ｇ,80,10/15まで,-,-,-,-,-,-
4901301428776 ,アタックＺＥＲＯ部屋干しワンハンド＋詰替,１５２０Ｇ,80,10/15まで,-,-,-,-,-,-
4901301428936 ,アタックＺＥＲＯドラム式専用ワンハンド＋詰替,１５２０Ｇ,80,10/15まで,-,-,-,-,-,-
4901301435576 ,アタックＺＥＲＯつめかえ用　１１４０ｇ,１１４０ｇ,80,10/15まで,-,-,-,-,-,-
4901301435637 ,アタックＺＥＲＯドラム式専用つめかえ用　１１４０ｇ,１１４０ｇ,80,10/15まで,-,-,-,-,-,-
4901301435682 ,アタックＺＥＲＯ部屋干し　つめかえ用　１０７０ｇ,１０７０ｇ,80,10/15まで,-,-,-,-,-,-
4901301447005 ,アタックＺＥＲＯ　つめかえ用１１４０ｇ＋ＰＳ７本入,１２３１ｇ,80,10/15まで,-,-,-,-,-,-
4901301447029 ,ＺＥＲＯ部屋干し替１０７０ｇ＋ＰＳ部屋干し７本入,１１６１ｇ,80,10/15まで,-,-,-,-,-,-
4901301449580 ,アタックＺＥＲＯ替え大サイズ　増量品,１１９０ｇ,80,10/15まで,-,-,-,-,-,-
4901301449597 ,アタックＺＥＲＯ部屋干し替え大サイズ　増量品,１１２０ｇ,80,10/15まで,-,-,-,-,-,-
4901301449696 ,アタックＺＥＲＯドラム式専用替え大サイズ　増量品,１１９０ｇ,80,10/15まで,-,-,-,-,-,-
4901301454355 ,アタックＺＥＲＯ　ワンハンド＋つめかえ用１１４０ｇ,１５４０Ｇ,80,10/15まで,-,-,-,-,-,-
4901301454362 ,アタックＺＥＲＯドラム式ワンハンド＋替え１１４０ｇ,１５４０Ｇ,80,10/15まで,-,-,-,-,-,-
4901301454379 ,アタックＺＥＲＯ部屋干しワンハンド＋替え１０７０ｇ,１４５０Ｇ,80,10/15まで,-,-,-,-,-,-
4901301455185 ,アタックＺＥＲＯ替え大サイズ　増量品,１１９０ｇ,80,10/15まで,-,-,-,-,-,-
4901301455192 ,アタックＺＥＲＯ部屋干し替え大サイズ　増量品,１１２０ｇ,80,10/15まで,-,-,-,-,-,-
4901301455239 ,アタックＺＥＲＯ　ＯＨ＋替１１４０ｇデザイン品,１５４０ｇ,80,10/15まで,-,-,-,-,-,-
4901301455246 ,アタックＺＥＲＯドラムＯＨ＋替１１４０ｇデザイン品,１５４０ｇ,80,10/15まで,-,-,-,-,-,-
4901301455253 ,アタックＺＥＲＯ部屋干ＯＨ＋替１０７０ｇデザイン品,１４５０ｇ,80,10/15まで,-,-,-,-,-,-
4901301455406 ,アタックＺＥＲＯドラム式専用替え大サイズ　増量品,１１９０ｇ,80,10/15まで,-,-,-,-,-,-
4901301466297 ,アタックＺＥＲＯ　ドラム式専用つめかえ　１０７０ｇ,１０７０ｇ,80,10/15まで,-,-,-,-,-,-
4901301466310 ,アタックＺＥＲＯ　つめかえ　１０７０ｇ,１０７０ｇ,80,10/15まで,-,-,-,-,-,-
4901301466433 ,アタックＺＥＲＯ　部屋干し　つめかえ　１０７０ｇ,１０７０ｇ,80,10/15まで,-,-,-,-,-,-
4901301469120 ,アタックＺＥＲＯ　ワンハンド＋つめかえ用１０７０ｇ,１４５０ｇ,80,10/15まで,-,-,-,-,-,-
4901301469137 ,アタックＺＥＲＯドラム式ワンハンド＋かえ１０７０ｇ,１４５０ｇ,80,10/15まで,-,-,-,-,-,-
4901301469144 ,アタックＺＥＲＯ部屋干しワンハンド＋かえ１０７０ｇ,１４５０ｇ,80,10/15まで,-,-,-,-,-,-
4902430344821 ,ウィスパ－うすさら　特に多い時も安心　２２０ｃｃ,１８枚,80,10/15まで,-,-,-,-,-,-
4902430874328 ,ウィスパ－うすさら安心　少量用　２０ｃｃ,３２枚,80,10/15まで,-,-,-,-,-,-
4902430874342 ,ウィスパ－うすさら　安心の中量用　８０ｃｃ,３０枚,80,10/15まで,-,-,-,-,-,-
4902430874359 ,ウィスパ－うすさら　多い時も安心１２０ｃｃ,２４枚,80,10/15まで,-,-,-,-,-,-
4902430879941 ,ウィスパ－うすさら　快適の中量用　４５ｃｃ,２２枚,80,10/15まで,-,-,-,-,-,-
4902430881562 ,ウィスパ－うすさら　多い時も安心１２０ｃｃ,１６枚,80,10/15まで,-,-,-,-,-,-
4902430881579 ,ウィスパ－うすさら　　特に多い時も安心　２２０ｃｃ,１２枚,80,10/15まで,-,-,-,-,-,-
4902430881616 ,ウィスパ－うすさら　長時間・夜でも安心　１７０ｃｃ,１４枚,80,10/15まで,-,-,-,-,-,-
4902430882453 ,ウィスパ－うすさら　安心の中量用　８０ｃｃ,２０枚,80,10/15まで,-,-,-,-,-,-
4902430917049 ,ウィスパ－うすさら　長時間・夜用１７０ｃｃ,２２枚,80,10/15まで,-,-,-,-,-,-
4903301366393 ,ルック＋バスタブクレンジング銀イオン替特大２Ｐ＋替,２７５０ｍｌ,80,10/15まで,-,-,-,-,-,-
4903301366409 ,ルック＋バスタブクレンジング銀イオンＮ替特大２Ｐ替,２７５０ｍｌ,80,10/15まで,-,-,-,-,-,-
4971710632880 ,サンカット　無重力感ＵＶ　エッセンス,５０ｇ,80,10/15まで,-,-,-,-,-,-
4971710632897 ,サンカット　プロテクトＵＶ　スティック,２０ｇ,80,10/15まで,-,-,-,-,-,-
4987176072054 ,ウィスパーうすさら安心　３００ｃｃ　１８枚,１８枚,80,10/15まで,-,-,-,-,-,-
4987176104632 ,ウィスパーうすさら安心　安心の中量用８０ｃｃ,４２枚,80,10/15まで,-,-,-,-,-,-
4987176104649 ,ウィスパーうすさら安心　１２０ｃｃ　３４枚,３４枚,80,10/15まで,-,-,-,-,-,-
4987176104663 ,ウィスパーうすさら安心　長時間夜でも安心１７０ｃｃ,３０枚,80,10/15まで,-,-,-,-,-,-
4987176161154 ,ウィスパー安心の超吸収１５０ｃｃ,３０枚,80,10/15まで,-,-,-,-,-,-
4987176161185 ,ウィスパー安心の超吸収３００ｃｃ,２２枚,80,10/15まで,-,-,-,-,-,-
4987176164261 ,ウィスパー安心の超吸収３００ｃｃ３０枚,３０枚,80,10/15まで,-,-,-,-,-,-
4987176195869 ,ウィスパーうすさら安心　１２０ｃｃ　１６枚　無香料,１６枚,80,10/15まで,-,-,-,-,-,-
4987176195883 ,ウィスパーうすさら安心　８０ｃｃ　２０枚　無香料,２０枚,80,10/15まで,-,-,-,-,-,-
4987205051357 ,ビゲン香りのヘアカラークリーム　１,かなり明るいライトＢＲ,90,11/15まで,-,-,-,-,630,11/15まで
4987205051364 ,ビゲン香りのヘアカラークリーム　２,より明るいライトブラウン,90,11/15まで,-,-,-,-,630,11/15まで
4987205051371 ,ビゲン香りのヘアカラークリーム　３,明るいライトブラウン,90,11/15まで,-,-,-,-,630,11/15まで
4987205051388 ,ビゲン香りのヘアカラークリーム　４,ライトブラウン,90,11/15まで,-,-,-,-,630,11/15まで
4987205051395 ,ビゲン香りのヘアカラークリーム　５,ブラウン,90,11/15まで,-,-,-,-,630,11/15まで
4987205051401 ,ビゲン香りのヘアカラークリーム　６,ダークブラウン,90,11/15まで,-,-,-,-,630,11/15まで
4987205051418 ,ビゲン香りのヘアカラークリーム　３Ｄ,落ち着いた明るいＬＢＲ,90,11/15まで,-,-,-,-,630,11/15まで
4987205051425 ,ビゲン香りのヘアカラークリーム　４Ｄ,落ち着いたライトブラウン,90,11/15まで,-,-,-,-,630,11/15まで
4987205051432 ,ビゲン香りのヘアカラークリーム　５Ｄ,落ち着いたブラウン,90,11/15まで,-,-,-,-,630,11/15まで
4987205051449 ,ビゲン香りのヘアカラークリーム　４ＮＡ,ナチュラリーブラウン,90,11/15まで,-,-,-,-,630,11/15まで
4987205051456 ,ビゲン香りのヘアカラークリーム　５ＮＡ,深いナチュラリーブラウン,90,11/15まで,-,-,-,-,630,11/15まで
4987205051463 ,ビゲン香りのヘアカラークリーム　４ＣＡ,カフェブラウン,90,11/15まで,-,-,-,-,630,11/15まで
4987205051470 ,ビゲン香りのヘアカラークリーム　５ＣＡ,深いカフェブラウン,90,11/15まで,-,-,-,-,630,11/15まで
4987205051494 ,ビゲン香りのヘアカラー　クリーム　４Ａ,アッシュブラウン,90,11/15まで,-,-,-,-,630,11/15まで
4987205051500 ,ビゲン香りのヘアカラー　クリーム　５Ａ,深いアッシュブラウン,90,11/15まで,-,-,-,-,630,11/15まで
4987205051517 ,ビゲン香りのヘアカラークリーム　３ＮＡ,明るいナチュラリーＢＲ,90,11/15まで,-,-,-,-,630,11/15まで
4901417702562 ,マー＆ミー　リンスインシャンプー　詰替１．８回分,６６０ｍＬ,90,11/15まで,-,-,-,-,880,11/15まで
4901301466075 ,ニュービーズ　ジャスミン＆ムスクつめかえ２０８０ｇ,２０８０ｇ,90,11/15まで,-,-,-,-,1059,11/15まで
4901301466112 ,ニュービーズ　ローズ＆マグノリアつめかえ２０８０ｇ,２０８０ｇ,90,11/15まで,-,-,-,-,1059,11/15まで
4902899481044 ,ｍｋ　貼らないカイロレギュラーＡ３０個,３０個,90,11/15まで,-,-,-,-,-,-
4902899481242 ,ｍｋ　衣類に貼るカイロレギュラーＡ３０個,３０個,90,11/15まで,-,-,-,-,-,-
4902899481341 ,ｍｋ　衣類に貼るカイロミニＡ３０個,３０個,90,11/15まで,-,-,-,-,-,-
4902899481440 ,ｍｋ　靴下に貼るカイロＡ１５足入,１５足,90,11/15まで,-,-,-,-,-,-
4902899481921 ,ｍｋ　靴下に貼るカイロ黒Ａ１５足入,１５足,90,11/15まで,-,-,-,-,-,-
4971710632750 ,ＳＳビオリス　ＦシロップＳＰディープモイスト,４７０ｍｌ,90,11/15まで,-,-,-,-,-,-
4971710632767 ,ＳＳビオリス　ＦシロップＣＤディープモイスト,４７０ｍｌ,90,11/15まで,-,-,-,-,-,-
4971710632804 ,ＳＳビオリス　ＦシロップＳＰシルキースムース,４７０ｍｌ,90,11/15まで,-,-,-,-,-,-
4971710632811 ,ＳＳビオリス　ＦシロップＣＤシルキースムース,４７０ｍｌ,90,11/15まで,-,-,-,-,-,-
4971710632859 ,ビオリス　Ｆシロップリペア　ヘアマスク,２００ｇ,90,11/15まで,-,-,-,-,-,-
4987045054594 ,クラシエ薬品　麻黄湯エキス顆粒ｉ,１０包,90,11/15まで,-,-,-,-,-,-
4987045068133 ,クラシエ薬品　葛根湯エキス錠,１２０錠,90,11/15まで,-,-,-,-,-,-
4987045068188 ,クラシエ薬品　麦門冬湯エキス錠,７２錠,90,11/15まで,-,-,-,-,-,-
4987176393784 ,ファブリーズトイレ用＋自然　ホワイトティー本体＋替,６．３ｍｌ×２,90,11/15まで,-,-,-,-,-,-
4987241169757 ,ロート　メンソレータムメディクイックＥ,３０ｍｌ,90,11/15まで,-,-,-,-,-,-
4987316014739 ,佐藤製薬　ストナジェルサイナスＥＸ,３０カプセル,90,11/15まで,-,-,-,-,-,-
4987316014760 ,佐藤製薬　ストナプラスジェルＥＸ,２４カプセル,90,11/15まで,-,-,-,-,-,-
4987316014791 ,佐藤製薬　ストナアイビージェルＥＸ,２４カプセル,90,11/15まで,-,-,-,-,-,-
4520699026465 ,グラン・デリ　ソフト　低脂肪超小粒,１．６ｋｇ,90,10/15まで,-,-,-,-,-,-
4520699122150 ,グラン・デリ　カリカリ　超小粒,１．５㎏,90,10/15まで,-,-,-,-,-,-
4520699621646 ,グラン・デリ　カリカリ　成犬ビーフセレクト,１．６ｋｇ,90,10/15まで,-,-,-,-,-,-
4520699623077 ,グラン・デリ　カリカリ　成犬味わいチーズ入,１．６ｋｇ,90,10/15まで,-,-,-,-,-,-
4520699623886 ,グラン・デリ　カリカリ　成犬野菜セレクト,１．６ｋｇ,90,10/15まで,-,-,-,-,-,-
4520699624630 ,グラン・デリ　ふっくら仕立て　超小粒,１．７ｋｇ,90,10/15まで,-,-,-,-,-,-
4520699624777 ,グラン・デリ　カリカリ　１０歳栄養セレクト,１．５５ｋｇ,90,10/15まで,-,-,-,-,-,-
4520699625149 ,グラン・デリ　カリカリ　１３歳以上栄養バランス,１．５５ｋｇ,90,10/15まで,-,-,-,-,-,-
4520699625361 ,グラン・デリ　ふっくら仕立て　超小粒１３歳,１．６ｋｇ,90,10/15まで,-,-,-,-,-,-
4520699625729 ,グラン・デリ　カリカリ　成犬低脂肪ビーフセレクト,１．６ｋｇ,90,10/15まで,-,-,-,-,-,-
4520699626030 ,グラン・デリ　カリカリ　成犬低脂肪野菜セレクト,１．６ｋｇ,90,10/15まで,-,-,-,-,-,-
4520699627099 ,グラン・デリ　カリカリ　７歳低脂肪栄養セレクト,１．６ｋｇ,90,10/15まで,-,-,-,-,-,-
4520699654842 ,グラン・デリ　ふっくら仕立て　鶏ささみ,１．７ｋｇ,90,10/15まで,-,-,-,-,-,-
4520699655221 ,グラン・デリ　ふっくら仕立て　白身魚チキン,１．７ｋｇ,90,10/15まで,-,-,-,-,-,-
4520699655849 ,グラン・デリ　ふっくら　さつまいも・角切りビーフ粒,１．７ｋｇ,90,10/15まで,-,-,-,-,-,-
4520699656198 ,グラン・デリ　ふっくら仕立て　１０歳鶏ささみ,１．６ｋｇ,90,10/15まで,-,-,-,-,-,-
4520699657058 ,グラン・デリ　ふっくら仕立て　１３歳鶏ささみ,１．６ｋｇ,90,10/15まで,-,-,-,-,-,-
4520699657409 ,グラン・デリ　ふっくら仕立て　低脂肪鶏ささみ,１．７ｋｇ,90,10/15まで,-,-,-,-,-,-
4580543940095 ,バルサンプロＥＸ,１２－１６畳用,90,11/15まで,-,-,-,-,-,-
4901080065421 ,アースレッドＷ　ノンスモーク霧タイプ　６～８畳用,１００МＬ×３,90,11/15まで,-,-,-,-,-,-
4901080068323 ,アースレッドＷ　１２～１６畳用　３個パック,２０ｇｘ３,90,11/15まで,-,-,-,-,-,-
4901080094124 ,アースレッドプロα　６～８畳用　３個パック,１０ｇ×３,90,11/15まで,-,-,-,-,-,-
4901080094223 ,アースレッドプロα　１２～１６畳用　３個パック,２０ｇ×３,90,11/15まで,-,-,-,-,-,-
4901080094322 ,ダニアースレッド　６～８畳用　３個パック,１０ｇ×３,90,11/15まで,-,-,-,-,-,-
4901080094421 ,ダニアースレッド　１２～１６畳用　３個パック,２０ｇ×３,90,11/15まで,-,-,-,-,-,-
4901080305725 ,アースレッドＷ　６～８畳用　３個パック,１０ｇ×３,90,11/15まで,-,-,-,-,-,-
4901301420268 ,アタックＺＥＲＯパーフェクトスティック５１本入り,５１本,90,11/15まで,-,-,-,-,-,-
4901301420275 ,アタックＺＥＲＯパーフェクトスティック部屋干５１本,５１本,90,11/15まで,-,-,-,-,-,-
4901301451200 ,アタック抗菌ＥＸ　部屋干し用　つめかえ用２０３０ｇ,２０３０ｇ,90,11/15まで,-,-,-,-,-,-
4901301451224 ,アタック抗菌ＥＸ　つめかえ用　２１２０ｇ,２１２０ｇ,90,11/15まで,-,-,-,-,-,-
4901301456946 ,アタック除菌アドバンス　つめかえ用２０３０ｇ,２０３０ｇ,90,11/15まで,-,-,-,-,-,-
4901301457738 ,アタック抗菌ＥＸラク干しプラス　つめかえ１９２０ｇ,１９２０ｇ,90,11/15まで,-,-,-,-,-,-
4901301467423 ,アタック抗菌ＥＸ　つめかえ用２０００Ｇ,２０００ｇ,90,11/15まで,-,-,-,-,-,-
4901301467454 ,アタック抗菌ＥＸ　部屋干し用　つめかえ２０００ｇ,２０００ｇ,90,11/15まで,-,-,-,-,-,-
4901301470584 ,リーゼ　ティントカラージェル　ミルキーベージュ,２１９ｍＬ,90,11/15まで,-,-,-,-,-,-
4901301470591 ,リーゼ　ティントカラージェル　ラテグレージュ,２１９ｍＬ,90,11/15まで,-,-,-,-,-,-
4901301470607 ,リーゼ　ティントカラージェル　モカグレージュ,２１９ｍＬ,90,11/15まで,-,-,-,-,-,-
4901301470614 ,リーゼ　ティントカラージェル　アプリコットオレンジ,２１９ｍＬ,90,11/15まで,-,-,-,-,-,-
4901301470621 ,リーゼ　ティントカラージェル　チェリーレッド,２１９ｍＬ,90,11/15まで,-,-,-,-,-,-
4901301470638 ,リーゼ　ティントカラージェル　コーラルピンク,２１９ｍＬ,90,11/15まで,-,-,-,-,-,-
4901301470645 ,リーゼ　ティントカラージェル　ピンクラベンダー,２１９ｍＬ,90,11/15まで,-,-,-,-,-,-
4901301470652 ,リーゼ　ティントカラージェル　カシスピンク,２１９ｍＬ,90,11/15まで,-,-,-,-,-,-
4901301470669 ,リーゼ　ティントカラージェル　クールブルージュ,２１９ｍＬ,90,11/15まで,-,-,-,-,-,-
4901301470676 ,リーゼ　ティントカラージェル　シアーグレー,２１９ｍＬ,90,11/15まで,-,-,-,-,-,-
4901301470683 ,リーゼ　ティントカラージェル　オリーブカーキ,２１９ｍＬ,90,11/15まで,-,-,-,-,-,-
4901750140120 ,スコッティフラワーパック３倍長持ち　Ｓ　１２Ｒ,１５０ｍ１２Ｒ,90,11/15まで,-,-,-,-,-,-
4901750227401 ,スコッティフラワーパック３倍長持ち　Ｗ　１２Ｒ,７５ｍ１２Ｒ,90,11/15まで,-,-,-,-,-,-
4903111036301 ,ＭＫ　超快適マスクプリーツタイプふつう２０枚,２０枚,90,11/15まで,-,-,-,-,-,-
4903111392179 ,ＭＫ　超快適マスクプリーツタイプ小さめ２０枚,２０枚,90,11/15まで,-,-,-,-,-,-
4903111576760 ,超快適マスクプリーツタイプ小さめ２０枚,２０枚,90,11/15まで,-,-,-,-,-,-
4903111577347 ,超快適マスクプリーツタイプやや大きめ２０枚,２０枚,90,11/15まで,-,-,-,-,-,-
4903111589463 ,超快適マスクプリーツタイプふつう２０枚,２０枚,90,11/15まで,-,-,-,-,-,-
4903111641055 ,ＭＫ　超快適マスクプリーツタイプやや大きめ２０枚,２０枚,90,11/15まで,-,-,-,-,-,-
4987176195234 ,ファブリーズＷ消臭トイレ用消臭剤＋抗菌ブーケ２Ｐ,６．３ｍｌ×２,90,11/15まで,-,-,-,-,-,-
4987176195258 ,ファブリーズＷ消臭トイレ用消臭剤＋抗菌シトラス２Ｐ,６．３ｍｌ×２,90,11/15まで,-,-,-,-,-,-
4987176195265 ,ファブリーズＷ消臭トイレ用消臭剤＋抗菌ラベンダー２,６．３ｍｌ×２,90,11/15まで,-,-,-,-,-,-
4987176195272 ,ファブリーズＷ消臭トイレ用消臭剤＋抗菌マウンテン２,６．３ｍｌ×２,90,11/15まで,-,-,-,-,-,-
4987176195289 ,ファブリーズＷ消臭トイレ用消臭剤＋抗菌シャボン２Ｐ,６．３ｍｌ×２,90,11/15まで,-,-,-,-,-,-
4987176232359 ,ファブリーズＷ消臭トイレ用最高レベルシトラス２Ｐ,６．３ｍｌ×２,90,11/15まで,-,-,-,-,-,-
4987176232366 ,ファブリーズＷ消臭トイレ用最高レベルシャボン２Ｐ,６．３ｍｌ×２,90,11/15まで,-,-,-,-,-,-
4987176343314 ,ファブリーズトイレ用＋抗菌シャボン本体＋詰替１Ｐ,６．３ｍｌ×２,90,11/15まで,-,-,-,-,-,-
4987176343352 ,ファブリーズトイレ最高レベルシトラス本体＋詰替１Ｐ,６．３ｍｌ×２,90,11/15まで,-,-,-,-,-,-
4987176343369 ,ファブリーズトイレ用＋抗菌ブーケ本体＋詰替１Ｐ,６．３ｍｌ×２,90,11/15まで,-,-,-,-,-,-
4987176343383 ,ファブリーズトイレ用＋抗菌ラベンダー本体＋詰替１Ｐ,６．３ｍｌ×２,90,11/15まで,-,-,-,-,-,-
4987176343390 ,ファブリーズトイレ用＋抗菌マウンテン本体＋詰替１Ｐ,６．３ｍｌ×２,90,11/15まで,-,-,-,-,-,-
4987176343406 ,ファブリーズトイレ用＋抗菌シトラスＧ本体＋詰替１Ｐ,６．３ｍｌ×２,90,11/15まで,-,-,-,-,-,-
4987176351180 ,ＦＢトイレ用消臭剤クリーンラベンダー本体＋詰替１Ｐ,６．３ｍｌ×２,90,11/15まで,-,-,-,-,-,-
4987176351197 ,ＦＢトイレ用消臭剤ブルー・シャボン本体＋詰替１Ｐ,６．３ｍｌ×２,90,11/15まで,-,-,-,-,-,-
4987176351203 ,ＦＢトイレ用消臭剤Ｆグリーン本体＋詰替１Ｐ,６．３ｍｌ×２,90,11/15まで,-,-,-,-,-,-
4987176351210 ,ＦＢトイレ用消臭剤Ｃスプラッシュ本体＋詰替１Ｐ,６．３ｍｌ×２,90,11/15まで,-,-,-,-,-,-
4987176351227 ,ＦＢトイレ用消臭剤クラシックブーケ本体＋詰替１Ｐ,６．３ｍｌ×２,90,11/15まで,-,-,-,-,-,-
4987176354679 ,ファブリーズトイレ用消臭剤　サクラ　本体＋詰替１Ｐ,６．３ｍｌ×２,90,11/15まで,-,-,-,-,-,-
4987176361516 ,ファブリーズトイレ用＋自然ホワイトムスク本体＋替,６．３ｍｌ×２,90,11/15まで,-,-,-,-,-,-
4987176361981 ,ファブリーズトイレ用＋自然フォレスト＆ＳＷ本体＋替,６．３ｍｌ×２,90,11/15まで,-,-,-,-,-,-
4987176376985 ,ＦＢトイレ用消臭剤ホワイトムスク本体＋詰替え１Ｐ,６．３ｍｌＸ２,90,11/15まで,-,-,-,-,-,-
4987246602280 ,ヘイリオン　ボルタレンＡＣαテープ,７枚,90,11/15まで,-,-,-,-,-,-
4987443351707 ,ヘイリオン　ボルタレンＥＸ　テープ,７枚,90,11/15まで,-,-,-,-,-,-
4987973220467 ,三次元ダイヤモンドマスク　Ｆサイズ　ホワイト２０枚,２０枚,90,11/15まで,-,-,-,-,-,-
4987973220474 ,三次元ダイヤモンドマスク　Ｆサイズ　ブラック２０枚,２０枚,90,11/15まで,-,-,-,-,-,-
4987973220481 ,三次元ダイヤモンドマスク　Ｆサイズ　グレー２０枚,２０枚,90,11/15まで,-,-,-,-,-,-
4987973220498 ,三次元ダイヤモンドマスク　ＦサイズＰベージュ２０枚,２０枚,90,11/15まで,-,-,-,-,-,-
4987973220825 ,三次元Ｄマスクプラチナシリーズシナモン２０枚,２０枚,90,11/15まで,-,-,-,-,-,-
4987973220849 ,三次元Ｄマスクプラチナシリーズオーキッド２０枚,２０枚,90,11/15まで,-,-,-,-,-,-
4987973220856 ,三次元ＤマスクプラチナシリーズＳゴールド２０枚,２０枚,90,11/15まで,-,-,-,-,-,-
4901301435880 ,キュキュット泡パックオレンジの香り本体,４３０ｍｌ,100,11/15まで,-,-,-,-,389,11/15まで
4901301435903 ,キュキュット泡パック微香性本体,４３０ｍｌ,100,11/15まで,-,-,-,-,389,11/15まで
4901301461667 ,キュキュット泡パック　ミモザ本体４３０ｍｌ,４３０ｍｌ,100,11/15まで,-,-,-,-,389,11/15まで
4903301378655 ,ＮＡＮＯＸ深層浸透洗浄　本体,８４０ｇ,100,10/15まで,-,-,-,-,389,11/15まで
4903301380795 ,クリスタ　クリアＥＸジェル　本体,４８０ｇ,100,11/15まで,-,-,-,-,439,11/15まで
4903301380825 ,クリスタ　消臭ＥＸジェル　本体,４８０ｇ,100,11/15まで,-,-,-,-,439,11/15まで
4987176219107 ,アリエールバイオサイエンスジェル部屋干し特大,８１５ｇ,100,11/15まで,-,-,-,-,439,11/15まで
4987176219183 ,アリエールジェル特大,８６０ｇ,100,11/15まで,-,-,-,-,439,11/15まで
4987176219299 ,アリエールジェル除菌プラス特大,８１５ｇ,100,11/15まで,-,-,-,-,439,11/15まで
4987176260932 ,アリエールジェル超特大増量,９５０ｇ,100,11/15まで,-,-,-,-,439,11/15まで
4987176260970 ,アリエールジェル部屋干し特大増量,９００ｇ,100,11/15まで,-,-,-,-,439,11/15まで
4987176261021 ,アリエールジェル除菌プラス特大増量,９００ｇ,100,11/15まで,-,-,-,-,439,11/15まで
4901609016484 ,カビキラー　アルコール除菌キッチン用替え特大,６３０ｍｌ,100,11/15まで,-,-,-,-,489,11/15まで
4901301440709 ,クイックル　ホームリセット　ジェット　本体,４００ｍｌ,100,11/15まで,-,-,-,-,529,11/15まで
4901301447692 ,ハミングフレアアロマビーズフローラルＳ＆ローズ本体,２６０ｇ,100,11/15まで,-,-,-,-,589,11/15まで
4901301447708 ,ハミングフレアアロマビーズフラワーＨ＆Ｒムスク本体,２６０ｇ,100,11/15まで,-,-,-,-,589,11/15まで
4903301326434 ,ｈａｄａｋａｒａ泡ボディソープ薬用デオドラント本体,５５０ｍｌ,100,11/15まで,-,-,-,-,639,11/15まで
4903301339670 ,ｈａｄａｋａｒａ泡ボディソープピュアマイルド本体,５５０ｍｌ,100,11/15まで,-,-,-,-,639,11/15まで
4903301378426 ,ｈａｄａｋａｒａモイストＢＳ泡フローラル本体,５４０ｍｌ,100,11/15まで,-,-,-,-,639,11/15まで
4903301378495 ,ｈａｄａｋａｒａモイストＢＳ泡ソープ本体,５４０ｍｌ,100,11/15まで,-,-,-,-,639,11/15まで
4903301381471 ,ｈａｄａｋａｒａ泡ボディケアソープ　ひんやり本体,５３０ｍｌ,100,11/15まで,-,-,-,-,639,11/15まで
4987205014185 ,ビゲン　リピカラー　２Ｎ,４０ｇ＋４０ｇ,100,11/15まで,-,-,-,-,689,11/15まで
4987205014192 ,ビゲン　リピカラー　３Ｎ,４０ｇ＋４０ｇ,100,11/15まで,-,-,-,-,689,11/15まで
4987205014208 ,ビゲン　リピカラー　４Ｎ,４０ｇ＋４０ｇ,100,11/15まで,-,-,-,-,689,11/15まで
4987205014215 ,ビゲン　リピカラー　５Ｎ,４０ｇ＋４０ｇ,100,11/15まで,-,-,-,-,689,11/15まで
4987205014222 ,ビゲン　リピカラー　６Ｎ,４０ｇ＋４０ｇ,100,11/15まで,-,-,-,-,689,11/15まで
4987205014239 ,ビゲン　リピカラー　４Ａ,４０ｇ＋４０ｇ,100,11/15まで,-,-,-,-,689,11/15まで
4987205014246 ,ビゲン　リピカラー　５ＮＡ,４０ｇ＋４０ｇ,100,11/15まで,-,-,-,-,689,11/15まで
4901080248411 ,モンダミン　プレミアムケア　ゴールドミント,６００ｍｌ,100,11/15まで,-,-,-,-,689,11/15まで
4901080250513 ,モンダミン　プレミアムケア　ホワイトミント,６００ｍｌ,100,11/15まで,-,-,-,-,689,11/15まで
4901301452603 ,食洗機用キュキュットウルトラクリーンシトラス　替,７００ｇ,100,11/15まで,-,-,-,-,709,11/15まで
4901301452634 ,食洗機用キュキュットウルトラクリーン無香性　替,７００ｇ,100,11/15まで,-,-,-,-,709,11/15まで
4987176396563 ,アリエールジェル部屋干し＆スポーツウルトラＪ,１４００ｇ,100,11/15まで,-,-,-,-,788,11/15まで
4987176396778 ,アリエールジェル除菌ウルトラＪ,１４００ｇ,100,11/15まで,-,-,-,-,788,11/15まで
4987176396877 ,アリエールジェルウルトラジャンボ,１４００ｇ,100,11/15まで,-,-,-,-,788,11/15まで
4903301378228 ,ｈａｄａｋａｒａ美肌プレミアムＢＳ泡本体,５００ｍｌ,100,11/15まで,-,-,-,-,789,11/15まで
4903301378242 ,ｈａｄａｋａｒａ美肌プレミアムＢＳ液体本体,５００ｍｌ,100,11/15まで,-,-,-,-,789,11/15まで
4903301385561 ,ｈａｄａｋａｒａ美肌プレミアムＢＳオイルｉｎ泡本体,５００ｍｌ,100,11/15まで,-,-,-,-,789,11/15まで
4987176255556 ,レノア超消臭１ｗｅｅｋスポーツシトラスブルー超特大,１５１０ｍｌ,100,11/15まで,-,-,-,-,969,11/15まで
4987176255570 ,レノア超消臭１ｗｅｅｋ部屋干しおひさま超特大,１５１０ｍｌ,100,11/15まで,-,-,-,-,969,11/15まで
4987176312648 ,レノア超消臭１ｗｅｅｋスポーツシトラス詰替超特大,１３８０ｍＬ,100,11/15まで,-,-,-,-,969,11/15まで
4987176312761 ,レノア超消臭１ｗｅｅｋフレッシュグリーン詰替超特大,１３８０ｍＬ,100,11/15まで,-,-,-,-,969,11/15まで
4987176312808 ,レノア超消臭１ｗｅｅｋ部屋干し詰替超特大,１３８０ｍＬ,100,11/15まで,-,-,-,-,969,11/15まで
4987176353658 ,レノア超消臭１ｗｅｅｋ部屋干しおひさま詰替超特大,１３３５ｍＬ,100,11/15まで,-,-,-,-,969,11/15まで
4987176353726 ,レノア超消臭１ｗｅｅｋスポーツシトラス詰替超特大,１３３５ｍＬ,100,11/15まで,-,-,-,-,969,11/15まで
4987176353764 ,レノア超消臭１ｗｅｅｋフローラルブーケ詰替超特大,１３３５ｍＬ,100,11/15まで,-,-,-,-,969,11/15まで
4987176353955 ,レノア超消臭１ｗｅｅｋフレッシュグリーン詰替超特大,１３３５ｍＬ,100,11/15まで,-,-,-,-,969,11/15まで
4987176255495 ,レノア超消臭１ｗｅｅｋフレッシュグリーン超特大,１５１０ｍｌ,100,11/15まで,-,-,-,-,969,11/15まで
4901301452702 ,ビオレザボディぬれた肌に使うボディ乳液　無香料,２８５ｍＬ,100,11/15まで,-,-,-,-,989,11/15まで
4901301452719 ,ビオレザボディぬれた肌に使うボディ乳液　金木犀,２８５ｍＬ,100,11/15まで,-,-,-,-,989,11/15まで
4901301453297 ,ビオレザボディぬれた肌に使うボディ乳液　Ｗティー,２８５ｍＬ,100,11/15まで,-,-,-,-,989,11/15まで
4582304861458 ,ｍｋＬＡＢ　プラセンタ　原液浸透美容液,３０ｍｌ,100,11/15まで,-,-,-,-,1069,11/15まで
4582304861472 ,ｍｋＬＡＢ　ＣＩＣＡ　原液浸透美容液,３０ｍｌ,100,11/15まで,-,-,-,-,1069,11/15まで
4901301451484 ,アタックＺＥＲＯ　パーフェクトスティック　３４本入,３４本,100,11/15まで,-,-,-,-,1069,11/15まで
4901301451514 ,アタックＺＥＲＯパーフェクトスティック部屋干３４本,３４本,100,11/15まで,-,-,-,-,1069,11/15まで
4582304861465 ,ｍｋＬＡＢ　速攻型ビタミンＣ誘導体　原液浸透美容液,３０ｍｌ,100,11/15まで,-,-,-,-,1069,11/15まで
4987205011856 ,ビゲン　泡クリームカラー　シフォンブラウン,９０ｇ＋５ｍｌ,100,11/15まで,-,-,-,-,1071,11/15まで
4987205011863 ,ビゲン　泡クリームカラー　フォギーブラウン,９０ｇ＋５ｍｌ,100,11/15まで,-,-,-,-,1071,11/15まで
4987205011870 ,ビゲン　泡クリームカラー　ナチュラルブラウン,９０ｇ＋５ｍｌ,100,11/15まで,-,-,-,-,1071,11/15まで
4987205011887 ,ビゲン　泡クリームカラー　ダークブラウン,９０ｇ＋５ｍｌ,100,11/15まで,-,-,-,-,1071,11/15まで
4987205011894 ,ビゲン　泡クリームカラー　モーヴブラウン,９０ｇ＋５ｍｌ,100,11/15まで,-,-,-,-,1071,11/15まで
4987205011900 ,ビゲン　泡クリームカラー　リーフブラウン,９０ｇ＋５ｍｌ,100,11/15まで,-,-,-,-,1071,11/15まで
4987205011917 ,ビゲン　泡クリームカラー　ヴェールアッシュ,９０ｇ＋５ｍｌ,100,11/15まで,-,-,-,-,1071,11/15まで
4987205013263 ,ビゲン　泡クリームカラー　２Ｎ　ブライトブラウン,９０ｇ＋５ｍｌ,100,11/15まで,-,-,-,-,1071,11/15まで
4987205013270 ,ビゲン　泡クリームカラー　３Ｂ　キャメルブラウン,９０ｇ＋５ｍｌ,100,11/15まで,-,-,-,-,1071,11/15まで
4987205013300 ,ビゲン　泡クリームカラー　５Ａ　ダークアッシュ,９０ｇ＋５ｍｌ,100,11/15まで,-,-,-,-,1071,11/15まで
4987205014109 ,ビゲン　泡クリームカラー　２Ｍ,９０ｇ＋５ｍｌ,100,11/15まで,-,-,-,-,1071,11/15まで
4987205014116 ,ビゲン　泡クリームカラー　３Ａ,９０ｇ＋５ｍｌ,100,11/15まで,-,-,-,-,1071,11/15まで
4987205014123 ,ビゲン　泡クリームカラー　４Ｇ,９０ｇ＋５ｍｌ,100,11/15まで,-,-,-,-,1071,11/15まで
4901301466587 ,クイックル　ちょいがけモップ,１組,100,11/15まで,-,-,-,-,1471,11/15まで
4987176228741 ,レノアアロマジュエルホワイトティー詰替特大,１０４０ｍＬ,100,11/15まで,-,-,-,-,1671,11/15まで
4987176243881 ,レノア消臭抗菌ビーズスポーツクールリフレッシュ特大,１０４０ｍＬ,100,11/15まで,-,-,-,-,1671,11/15まで
4987176243997 ,レノア消臭抗菌ビーズ部屋干し花とおひさま特大,１０４０ｍＬ,100,11/15まで,-,-,-,-,1671,11/15まで
4987176247476 ,レノア消臭抗菌ビーズ洗濯槽の防カビクリーン特大,１０４０ｍＬ,100,11/15まで,-,-,-,-,1671,11/15まで
4987176278388 ,レノアアロマジュエルホワイトムスク詰替特大,１０４０ｍＬ,100,11/15まで,-,-,-,-,1671,11/15まで
4987176301277 ,レノア消臭抗菌ビーズメンムスクの香り特大,１０４０ｍＬ,100,11/15まで,-,-,-,-,1671,11/15まで
4987176323040 ,レノア消臭抗菌ビーズフレッシュグリーンの香り特大,１０４０ｍＬ,100,11/15まで,-,-,-,-,1671,11/15まで
4987176356253 ,レノアアロマジュエルホワイトフローラル詰替特大,１０４０ｍＬ,100,11/15まで,-,-,-,-,1671,11/15まで
4987176364203 ,レノアアロマジュエルフローラル＆ブロッサム詰替特大,１０４０ｍＬ,100,11/15まで,-,-,-,-,1671,11/15まで
4987176364258 ,レノアアロマジュエルローズ＆フローラル詰替特大,１０４０ｍＬ,100,11/15まで,-,-,-,-,1671,11/15まで
4987176364401 ,レノアアロマジュエルブルーミングブロッサム詰替特大,１０４０ｍＬ,100,11/15まで,-,-,-,-,1671,11/15まで
4987176364609 ,レノアアロマジュエルグリーンティー詰替特大,１０４０ｍＬ,100,11/15まで,-,-,-,-,1671,11/15まで
4987176371591 ,レノア消臭抗菌ビーズピュアブーケ＆ソープ詰替特大,１０４０ｍＬ,100,11/15まで,-,-,-,-,1671,11/15まで
4987176404206 ,レノアアロマジュエルジャスミンローズ詰替特大,１０４０ｍＬ,100,11/15まで,-,-,-,-,1671,11/15まで
4987176284600 ,アリエールジェルボールプロパワーＭＪ,４９個,100,11/15まで,-,-,-,-,1969,11/15まで
4987176284747 ,アリエールジェルボールプロ部屋干しメガジャンボ,５７個,100,11/15まで,-,-,-,-,1969,11/15まで
4987176284839 ,アリエールジェルボールプロメガジャンボ,５７個,100,11/15まで,-,-,-,-,1969,11/15まで
4987176292292 ,ボールドジェルボール４ＤラベンダーＭＪ,５５個,100,11/15まで,-,-,-,-,1969,11/15まで
4987176292636 ,ボールドジェルボール４ＤプレミアムブロッサムＭＪ,５７個,100,11/15まで,-,-,-,-,1969,11/15まで
4987176292735 ,ボールドジェルボール４ＤフレッシュＦサボンＭＪ,５７個,100,11/15まで,-,-,-,-,1969,11/15まで
4987176336361 ,ボールドジェルボール４Ｄホワイトティー＆ムスクＭＪ,５５個,100,11/15まで,-,-,-,-,1969,11/15まで
4987176228697 ,レノアアロマジュエルホワイトティー超特大,１４１０ｍＬ,100,11/15まで,-,-,-,-,2069,11/15まで
4987176243928 ,レノア消臭抗菌ビーズスポーツクールリフレッシ超特大,１４１０ｍｌ,100,11/15まで,-,-,-,-,2069,11/15まで
4987176243942 ,レノア消臭抗菌ビーズ部屋干し花とおひさま超特大,１４１０ｍｌ,100,11/15まで,-,-,-,-,2069,11/15まで
4987176278425 ,レノアアロマジュエルホワイトムスク詰替超特大,１４１０ｍＬ,100,11/15まで,-,-,-,-,2069,11/15まで
4987176364166 ,レノアアロマジュエルブルーミングブロッサム超特大,１４１０ｍＬ,100,11/15まで,-,-,-,-,2069,11/15まで
4987176364180 ,レノアアロマジュエルフローラル＆ブロッサム超特大,１４１０ｍＬ,100,11/15まで,-,-,-,-,2069,11/15まで
4987176364289 ,レノアアロマジュエルローズ＆フローラル超特大,１４１０ｍｌ,100,11/15まで,-,-,-,-,2069,11/15まで
4987176301208 ,レノア消臭抗菌ビーズメンムスクの香り超特大,１４１０ｍｌ,100,11/15まで,-,-,-,-,2069,11/15まで
4987176402585 ,ボールドジェルボール４Ｄグリーンティー＆ネロリＭＪ,６０個,100,11/15まで,-,-,-,-,2069,11/15まで
4987176402677 ,ボールドジェルボール４ＤフレッシュサボンＭＪ,６０個,100,11/15まで,-,-,-,-,2069,11/15まで
4987176402745 ,ボールドジェルボール４Ｄローズ＆ブーケＭＪ,６０個,100,11/15まで,-,-,-,-,2069,11/15まで
4987176402813 ,ボールドジェルボール４Ｄホワイトティー＆フロＭＪ,６０個,100,11/15まで,-,-,-,-,2069,11/15まで
4987176340238 ,レノア消臭抗菌ビーズフレッシュグリーンの香り超特大,１４１０ｍｌ,100,11/15まで,-,-,-,-,2069,11/15まで
4987176364760 ,レノアアロマジュエルグリーンティー超特大,１４１０ｍＬ,100,11/15まで,-,-,-,-,2069,11/15まで
4901301410085 ,クイックルマグネットワイパー,１クミ,100,11/15まで,-,-,-,-,2379,11/15まで
4511413403310 ,ＤＨＣ６０日シリーズ１１　ヒアルロンサン,１２０粒,100,11/15まで,-,-,-,-,-,-
4511413407943 ,ＤＨＣ　エラスチン弾んでリフト２０日分,４０粒,100,11/15まで,-,-,-,-,-,-
45193255 ,ユースキンｈａｎａハンドクリーム　ユズ,５０ｇ,100,11/15まで,-,-,-,-,-,-
45193279 ,ユースキンｈａｎａハンドクリーム　サクラ,５０ｇ,100,11/15まで,-,-,-,-,-,-
4560319053440 ,素肌すこやか宣言上質厚手おしりふき５０枚×３,５０枚３Ｐ,100,11/15まで,-,-,-,-,-,-
4573177599364 ,こころ想い流せるおしりふき８０枚×３Ｐ,８０枚×３Ｐ,100,11/15まで,-,-,-,-,-,-
4573177599388 ,こころ想い流せるおしりふき大判４０枚×２Ｐ,４０枚×２Ｐ,100,11/15まで,-,-,-,-,-,-
4595987346099 ,ダニ捕りラボ　３枚入り,３枚入り,100,11/15まで,-,-,-,-,-,-
4891228315573 ,薬用シェーブガードシェービングフォーム２００ｇＷパ,２００ｇ×２,100,11/15まで,-,-,-,-,-,-
4891228320867 ,薬用シェーブガード２００ｇＷパック増量品,２２０ｇ×２,100,11/15まで,-,-,-,-,-,-
4901070303335 ,ムシューダＢＯＴＡＮＩＣＡＬ　引出用ラベンダー,２４　個,100,11/15まで,-,-,-,-,-,-
4901070303342 ,ムシューダＢＯＴＡＮＩＣＡＬ　引出用ペパーミント,２４　個,100,11/15まで,-,-,-,-,-,-
4901070303359 ,ムシューダＢＯＴＡＮＩＣＡＬクローゼット用ラベンダ,３個,100,11/15まで,-,-,-,-,-,-
4901070303366 ,ムシューダＢＯＴＡＮＩＣＡＬクローゼット用Ｐミント,３個,100,11/15まで,-,-,-,-,-,-
4901070303427 ,かおりムシューダプレミアムアロマ引き出しアーバンＲ,２４個,100,11/15まで,-,-,-,-,-,-
4901070303434 ,かおりムシューダプレミアムＡクローゼットアーバンＲ,３個,100,11/15まで,-,-,-,-,-,-
4901070303557 ,かおりムシューダＰＡ引き出しグレイスボーテ,２４個,100,11/15まで,-,-,-,-,-,-
4901070303564 ,かおりムシューダＰＡクローゼットグレイスボーテ,３個,100,11/15まで,-,-,-,-,-,-
4901070303885 ,ムシューダＮＯＴＥ１年クローゼット用３個入Ｗリリー,３個,100,11/15まで,-,-,-,-,-,-
4901070303892 ,ムシューダＮＯＴＥ１年クローゼット用３個入サボン,３個,100,11/15まで,-,-,-,-,-,-
4901070303915 ,ムシューダプレミアムアロマ引き出し用２４個　金木犀,２４個,100,11/15まで,-,-,-,-,-,-
4901070303922 ,ムシューダプレミアムアロマクローゼット用３個金木犀,３個,100,11/15まで,-,-,-,-,-,-
4901070303939 ,ムシューダＮＯＴＥ引き出し用２４個　ホワイトリリー,２４個,100,11/15まで,-,-,-,-,-,-
4901070303946 ,ムシューダＮＯＴＥ引き出し用２４個　サボン,２４個,100,11/15まで,-,-,-,-,-,-
4901070303953 ,ムシューダＮＯＴＥ　引き出し用ペパーミント,２４個,100,11/15まで,-,-,-,-,-,-
4901070303960 ,ムシューダＮＯＴＥ　クローゼット用ペパーミント,３個,100,11/15まで,-,-,-,-,-,-
4901070304028 ,ムシューダＮＯＴＥ引き出し用２４個　フリージア,２４個,100,11/15まで,-,-,-,-,-,-
4901070304035 ,ムシューダＮＯＴＥ１年クローゼット用３個　フリージ,３個,100,11/15まで,-,-,-,-,-,-
4901070304073 ,消臭力　ＮＯＴＥ　衣類用スプレー　ホワイトリリー,２４０ｍｌ,100,11/15まで,-,-,-,-,-,-
4901070304080 ,消臭力　ＮＯＴＥ　衣類用スプレー　サボン,２４０ｍｌ,100,11/15まで,-,-,-,-,-,-
4901070575374 ,ニャンとも脱臭・抗菌シート　リーフの香り,１２枚,100,11/15まで,-,-,-,-,-,-
4901080092717 ,ウルモア高保湿入浴液　クリーミーフローラル,６００ｍｌ,100,11/15まで,-,-,-,-,-,-
4901080092816 ,ウルモア高保湿入浴液　クリーミーローズ,６００ｍｌ,100,11/15まで,-,-,-,-,-,-
4901080099419 ,ウルモア高保湿入浴液　ボタニカル　ナチュラルハーブ,６００ｍｌ,100,11/15まで,-,-,-,-,-,-
4901080555212 ,温素　琥珀の湯,６００ｇ,100,11/15まで,-,-,-,-,-,-
4901080555311 ,温素　白華の湯,６００ｇ,100,11/15まで,-,-,-,-,-,-
4901080587817 ,温素　澄明の湯,６００ｇ,100,11/15まで,-,-,-,-,-,-
4901234305663 ,プロカリテ　ヘアジュレ　ミニ,４８ｍｌ,100,11/15まで,-,-,-,-,-,-
4901234305816 ,プロカリテ　ヘアエマルジョン,１１０ｍｌ,100,11/15まで,-,-,-,-,-,-
4901234305823 ,プロカリテ　ヘアメンテナンスエマルジョン,１１０ｍｌ,100,11/15まで,-,-,-,-,-,-
4901234305854 ,プロカリテ　カラーヘアメンテナンスエマルジョン,１１０ｍｌ,100,11/15まで,-,-,-,-,-,-
4901234305915 ,プロカリテ　ストレートアイロンミスト,１００ｍｌ,100,11/15まで,-,-,-,-,-,-
4901234369412 ,ゆず油　無添加オイルミスト本体,１８０ｍｌ,100,11/15まで,-,-,-,-,-,-
4901234369719 ,ゆず油　ヘアミルク,１２０ｍｌ,100,11/15まで,-,-,-,-,-,-
4901234369818 ,ゆず油　ヘアオイルスプレー,１２０ｇ,100,11/15まで,-,-,-,-,-,-
4901301336590 ,リーゼ　しっとりジューシーシャワー　つめかえ用,３４０ｍＬ,100,11/15まで,-,-,-,-,-,-
4901301382337 ,クイックルミニワイパー,３００ｇ,100,11/15まで,-,-,-,-,-,-
4901301388681 ,ビオレｕザボディぬれた肌に使うボディ乳液無香料,３００ｍｌ,100,11/15まで,-,-,-,-,-,-
4901301388704 ,ビオレｕザボディぬれた肌に使うＢ乳液エアリーブーケ,３００ｍｌ,100,11/15まで,-,-,-,-,-,-
4901301401595 ,ビオレｕザボディ　ボディ乳液　金木犀の香り,３００ｍｌ,100,11/15まで,-,-,-,-,-,-
4901301413482 ,ビオレｕザボディボディ乳液　金木犀の香り,３００ｍｌ,100,11/15まで,-,-,-,-,-,-
4901301429049 ,ビオレｕザボディ乳液　ミュゲ＆ラベンダーの香り,３００ｍｌ,100,11/15まで,-,-,-,-,-,-
4901301429094 ,ビオレｕザボディ　乳液　金木犀,３００ｍＬ,100,11/15まで,-,-,-,-,-,-
4901301438614 ,ビオレｕザボディ乳液　アールグレイの香り,３００ｍＬ,100,11/15まで,-,-,-,-,-,-
4901301439543 ,ビオレｕザボディ乳液　スターライトＬＶの香り,３００ｍＬ,100,11/15まで,-,-,-,-,-,-
4901301734037 ,リーゼ　ウォーターサプライミントシヤワー詰替,３４０ｍＬ,100,11/15まで,-,-,-,-,-,-
4901417654052 ,ＭＫプロスタイル　前髪メイクバブル,９５ｇ,100,11/15まで,-,-,-,-,-,-
4901508974946 ,黒ばら本舗　黒染ボリュームアップスプレー,１８０ｇ,100,11/15まで,-,-,-,-,-,-
4901508975295 ,オルグランスシルキーマルチオイル,１００ｍｌ,100,11/15まで,-,-,-,-,-,-
4901508975417 ,オルグランスシルキーヘアミルク,１００ｍＬ,100,11/15まで,-,-,-,-,-,-
4901609015371 ,センサー＆スプレー　ロマンティックＦ替え２Ｐ,１８ｍｌＸ２,100,11/15まで,-,-,-,-,-,-
4901609015395 ,センサー＆スプレー　リフレッシュスプリング替え２Ｐ,１８ｍｌＸ２,100,11/15まで,-,-,-,-,-,-
4901609015401 ,センサー＆スプレー　アロマソープ替え２Ｐ,１８ｍｌＸ２,100,11/15まで,-,-,-,-,-,-
4901609015418 ,センサー＆スプレー　シトラスフレッシュ替え２Ｐ,１８ｍｌＸ２,100,11/15まで,-,-,-,-,-,-
4901609015739 ,消臭センサー＆スプレーラベンダー＆アロエ替え２Ｐ,１８ｍｌＸ２,100,11/15まで,-,-,-,-,-,-
4901609015746 ,消臭センサー＆スプレークールフローラル替え２Ｐ,１８ｍｌＸ２,100,11/15まで,-,-,-,-,-,-
4901609016927 ,グレードセンサー＆Ｓバンブーハーモニー替え２Ｐ,１８ｍｌＸ２,100,11/15まで,-,-,-,-,-,-
4901609017771 ,スクラビングバブル黒ズミ撃退パウダー,５０ｇ×２包,100,11/15まで,-,-,-,-,-,-
4901616013445 ,ガム・プレミアム　トータルケアＥＸ　クリーンミント,９０ｇ,100,11/15まで,-,-,-,-,-,-
4901616013452 ,ガム・プレミアム　トータルケアＥＸ　マイルドミント,９０ｇ,100,11/15まで,-,-,-,-,-,-
4902011103236 ,アテント消臭効果付きテープ式Ｍ１８枚,１８枚,100,11/15まで,-,-,-,-,-,-
4902011103243 ,アテント消臭効果付きテープ式Ｌ１５枚,１５枚,100,11/15まで,-,-,-,-,-,-
4902011115925 ,アテント夜１枚安心パッドのためのうす型テープＳ～Ｌ,２２枚,100,11/15まで,-,-,-,-,-,-
4902011124057 ,エリエールフタつきウエット　アルコール３Ｐ,８０枚３Ｐ,100,11/15まで,-,-,-,-,-,-
4902011124064 ,エリエールフタつきウエット　ノンアルコール３Ｐ,８０枚３Ｐ,100,11/15まで,-,-,-,-,-,-
4902011124088 ,エリエールフタつきウエット　純水３Ｐ,８０枚３Ｐ,100,11/15まで,-,-,-,-,-,-
4902201204996 ,ピュリナワンキャット　腎臓サポート　１１歳以上,２．２ｋｇ,100,11/15まで,-,-,-,-,-,-
4902201210973 ,ピュリナワンキャット　グレインフリー　チキン,１．６ｋｇ,100,11/15まで,-,-,-,-,-,-
4902201210980 ,ピュリナワンキャット　グレインフリー　白身魚,１．６ｋｇ,100,11/15まで,-,-,-,-,-,-
4902201211307 ,ピュリナワンキャット　７歳以上　健康マルチケア,２．０ｋｇ,100,11/15まで,-,-,-,-,-,-
4902201211314 ,ピュリナワン　健康マルチ　１１歳,２ｋｇ,100,11/15まで,-,-,-,-,-,-
4902201211321 ,ピュリナワンキャット　１５歳以上　健康マルチケア,２．０ｋｇ,100,11/15まで,-,-,-,-,-,-
4902201213097 ,ピュリナワンキャット　避妊去勢体重サーモン,２．０ｋｇ,100,11/15まで,-,-,-,-,-,-
4902201213134 ,ピュリナワンキャット　インドアチキン,２．０ｋｇ,100,11/15まで,-,-,-,-,-,-
4902201213158 ,ピュリナワンキャット　インドアサーモン＆ツナ,２．０ｋｇ,100,11/15まで,-,-,-,-,-,-
4902201214360 ,ピュリナワンキャット　美味を求める成猫用　チキン,２ｋｇ,100,11/15まで,-,-,-,-,-,-
4902201214384 ,ピュリナワンキャット　美味を求める成猫サーモンツナ,２ｋｇ,100,11/15まで,-,-,-,-,-,-
4902201214407 ,ピュリナワンキャット　避妊・去勢猫体重ケア　チキン,２ｋｇ,100,11/15まで,-,-,-,-,-,-
4902201214421 ,ピュリナワンキャット　メタボリック全年齢　チキン,２ｋｇ,100,11/15まで,-,-,-,-,-,-
4902201214438 ,ピュリナワンキャット　下部尿路　１歳以上チキン,２ｋｇ,100,11/15まで,-,-,-,-,-,-
4902201214445 ,ピュリナワンキャット　下部尿路１歳以上サーモンツナ,２ｋｇ,100,11/15まで,-,-,-,-,-,-
4902201214469 ,ピュリナワンキャット　子ねこ・母猫用　チキン,２ｋｇ,100,11/15まで,-,-,-,-,-,-
4902201218795 ,ピュリナワンキャット　高たんぱくサーモン,１．６ｋｇ,100,11/15まで,-,-,-,-,-,-
4902201218801 ,ピュリナワンキャット　高たんぱくチキン,１．６ｋｇ,100,11/15まで,-,-,-,-,-,-
4902407121837 ,Ｎａｔｕｒａｌミセスロイド引き出し用１２個入,１２個,100,11/15まで,-,-,-,-,-,-
4902407121844 ,ＮａｔｕｒａｌミセスロイドＣＬ・洋服ダンス用３個入,３個,100,11/15まで,-,-,-,-,-,-
4902470464039 ,ピアニィＶＩＯ　デリケートゾーン用,１本入,100,11/15まで,-,-,-,-,-,-
4902508278164 ,ママ元気るん　６０粒,６０粒,100,11/15まで,-,-,-,-,-,-
4902522666732 ,キネシオロジーテープ快適通気,７５ｍｍ,100,11/15まで,-,-,-,-,-,-
4902522668057 ,ピップエレキバン１３０,４８粒,100,11/15まで,-,-,-,-,-,-
4902522672641 ,ピップエレキバンＭＡＸ２００,２４粒,100,11/15まで,-,-,-,-,-,-
4902522674119 ,ＳＷ　Ｂｅａｕ‐Ａｃｔｙ美脚＆美尻レギンス　ＳＭ,ＳＭ,100,11/15まで,-,-,-,-,-,-
4902522674126 ,ＳＷ　Ｂｅａｕ‐Ａｃｔｙ美脚＆美尻レギンス　ＭＬ,ＭＬ,100,11/15まで,-,-,-,-,-,-
4902522674744 ,ＳＷ　Ｂｅａｕ‐Ａｃｔｙ燃焼シェイプレギンス　ＳＭ,ＳＭ,100,11/15まで,-,-,-,-,-,-
4902522674751 ,ＳＷ　Ｂｅａｕ‐Ａｃｔｙ燃焼シェイプレギンス　ＭＬ,ＭＬ,100,11/15まで,-,-,-,-,-,-
4902522675604 ,ピップエレキバン足裏バンド,２個入,100,11/15まで,-,-,-,-,-,-
4902522676328 ,ＳＷスキニールームウェア　ＢＫ,Ｍ,100,11/15まで,-,-,-,-,-,-
4902522676335 ,ＳＷスキニールームウェア　ＢＫ,Ｌ,100,11/15まで,-,-,-,-,-,-
4902522676687 ,スリムウォーク　美脚ロング,ＳＭ,100,11/15まで,-,-,-,-,-,-
4902522676694 ,スリムウォーク　美脚ロング,ＭＬ,100,11/15まで,-,-,-,-,-,-
4902522676724 ,スリムウォーク　美脚ソックス,ＳＭ,100,11/15まで,-,-,-,-,-,-
4902522676731 ,スリムウォーク　美脚ソックス,ＭＬ,100,11/15まで,-,-,-,-,-,-
4902522681834 ,プロフィッツメディカルスポーツゲイター,Ｍ,100,11/15まで,-,-,-,-,-,-
4902522681841 ,プロフィッツメディカルスポーツゲイター,Ｌ,100,11/15まで,-,-,-,-,-,-
4902522913300 ,キネシオロジーテープ快適通気,５０ｍｍｘ２Ｐ,100,11/15まで,-,-,-,-,-,-
4903018133639 ,レディーストップシェード　スプレーウィッグ　褐色Ｎ,１００ｇ,100,11/15まで,-,-,-,-,-,-
4903018184082 ,セラプリエ　薬用育毛　頭皮しっとりローション,１５０ｍｌ,100,11/15まで,-,-,-,-,-,-
4903111159888 ,ＬＦズレずに消臭紙パンツ専用尿とりパッド４回３６枚,３６枚,100,11/15まで,-,-,-,-,-,-
4903111427666 ,ＬＦズレずに消臭紙パンツ専用尿とりパッド２回６４枚,６４枚,100,11/15まで,-,-,-,-,-,-
4903111545452 ,ライフリー尿とりパッドなしでも長時間安心パンツＳ,１６枚,100,11/15まで,-,-,-,-,-,-
4903111545643 ,ＬＦ　尿とりパッドなしでも長時間安心パンツ　ＬＬ,１０枚,100,11/15まで,-,-,-,-,-,-
4903301378457 ,ｈａｄａｋａｒａモイストＢＳ液体フローラル本体,４８０ｍｌ,100,11/15まで,-,-,-,-,-,-
4906156038521 ,ヴィートピュア敏感肌用除毛クリーム,１５０ｇ,100,11/15まで,-,-,-,-,-,-
4906156038538 ,ヴィートマシュマロホワイト除毛クリーム,１５０ｇ,100,11/15まで,-,-,-,-,-,-
4906156038545 ,ヴィートマシュマロホワイトプレミアム除毛クリーム,１５０ｇ,100,11/15まで,-,-,-,-,-,-
4906156038552 ,ヴィートメン　マイルド敏感肌用除毛クリーム,１５０ｇ,100,11/15まで,-,-,-,-,-,-
4906156038569 ,ヴィートメン　スムースブラック除毛クリーム,１５０ｇ,100,11/15まで,-,-,-,-,-,-
4906156038576 ,ヴィートメン　スムースプロ除毛クリーム,１５０ｇ,100,11/15まで,-,-,-,-,-,-
4906156500776 ,フィニッシュ　パワーキューブ　Ｌ,１００個,100,11/15まで,-,-,-,-,-,-
4906156501391 ,フィニッシュ　ウルトラタブレット　Ｌ,５０個,100,11/15まで,-,-,-,-,-,-
4906156501469 ,フィニッシュ　食洗機庫内強力洗浄タブレット,３個,100,11/15まで,-,-,-,-,-,-
4906156802290 ,泡ミューズフルーティフレッシュ特大詰替,７００ｍｌ,100,11/15まで,-,-,-,-,-,-
4906156802306 ,泡ミューズオリジナル特大詰替,７００ｍｌ,100,11/15まで,-,-,-,-,-,-
4906156803389 ,泡ミューズボタニカル特大詰替,７００ｍｌ,100,11/15まで,-,-,-,-,-,-
4906156803716 ,泡ミューズボタニカルホワイトメガサイズ詰替,７００ｍｌ,100,11/15まで,-,-,-,-,-,-
49108064 ,ユースキンｈａｎａハンドクリームラベンダー,５０ｇ,100,11/15まで,-,-,-,-,-,-
49108088 ,ユースキンｈａｎａハンドクリーム無香料,５０ｇ,100,11/15まで,-,-,-,-,-,-
4933094070399 ,メタボリック　フローナ　エクオール,３０カプセル,100,11/15まで,-,-,-,-,-,-
4946842638543 ,アサヒ　ネナイト　６０日分,２４０粒,100,11/15まで,-,-,-,-,-,-
4950055602420 ,オフテクス　バイオクレンワンウルトラモイスト,５００ｍｌ,100,11/15まで,-,-,-,-,-,-
4950055602956 ,オフテクス　バイオクレンワンスーパークリア,５００ｍｌ,100,11/15まで,-,-,-,-,-,-
4961889090192 ,ＭＫ　オプティフリープラスプレミアムパック,３６０＋２４０ｍｌ,100,11/15まで,-,-,-,-,-,-
4970458112326 ,マルマン　高濃度ルテイン５０Ｐｌｕｓ,６０粒,100,11/15まで,-,-,-,-,-,-
4970458723768 ,マルマン　ルテイン１２０ゼアキサンチン,１２０粒,100,11/15まで,-,-,-,-,-,-
4973512270437 ,サラヤ　ラカントアルロースブレンド,１００Ｇ,100,11/15まで,-,-,-,-,-,-
4973512282072 ,サラヤ　らかん果１／３シュガー,５００ｇ,100,11/15まで,-,-,-,-,-,-
4987033811116 ,太田胃散　太田胃散Ａ錠剤,３００錠,100,11/15まで,-,-,-,-,-,-
4987035032427 ,大塚製薬　カロリーメイト　メイプル味　１０個入り,８０ｇ×１０,100,11/15まで,-,-,-,-,-,-
4987035090021 ,大塚製薬　カロリーメイト　ブロック　フルーツ　１０,８０ｇ×１０,100,11/15まで,-,-,-,-,-,-
4987035090120 ,大塚製薬　カロリーメイト　ブロック　チーズ　１０個,８０ｇ×１０,100,11/15まで,-,-,-,-,-,-
4987035092223 ,大塚製薬　カロリーメイト　ブロック　チョコ　１０個,８０ｇ×１０,100,11/15まで,-,-,-,-,-,-
4987035648925 ,大塚製薬　カロリーメイト　バニラ味　１０個入り,４本×１０,100,11/15まで,-,-,-,-,-,-
4987045068423 ,クラシエ薬品　葛根湯エキス顆粒Ａ,１０包,100,11/15まで,-,-,-,-,-,-
4987045068461 ,クラシエ薬品　五虎湯エキス顆粒Ａ,１０包,100,11/15まで,-,-,-,-,-,-
4987046100917 ,敏感肌用　薬用レディース加美乃素ＢＣ,１５０ｍｌ,100,11/15まで,-,-,-,-,-,-
4987067254408 ,興和　コルゲンコーワＩＢ錠ＴＸアルファ,４５錠,100,11/15まで,-,-,-,-,-,-
4987072056486 ,小林製薬　アットノンニキビあとケアジェル　１０ｇ,１０ｇ,100,11/15まで,-,-,-,-,-,-
4987072059654 ,小林製薬　イージーファイバー乳酸菌プレミアム,３０パック,100,11/15まで,-,-,-,-,-,-
4987072099186 ,サラサーティ　コットン１００　布製おりものシート,２０枚,100,11/15まで,-,-,-,-,-,-
4987072101865 ,のどぬ～るぬれマスク極上加湿,２組入,100,11/15まで,-,-,-,-,-,-
4987107611956 ,第一三共　プレコール持続性せき止めカプセル,１０カプセル,100,11/15まで,-,-,-,-,-,-
4987107630841 ,ブレスラボマルチケア　クリスタルクリアミント,９０ｇ,100,11/15まで,-,-,-,-,-,-
4987107630858 ,プレスラボマルチケア　マイルドミント,９０ｇ,100,11/15まで,-,-,-,-,-,-
4987107630889 ,ブレスラボマルチ＋美白ケア　クリスタルミント,９０ｇ,100,11/15まで,-,-,-,-,-,-
4987107630896 ,ブレスラボマルチ＋美白ケア　マイルドミント,９０ｇ,100,11/15まで,-,-,-,-,-,-
4987107630919 ,ブレスラボマルチ＋歯周ケア　クリスタルミント,９０ｇ,100,11/15まで,-,-,-,-,-,-
4987107630926 ,ブレスラボマルチ＋歯周ケア　マイルドミント,９０ｇ,100,11/15まで,-,-,-,-,-,-
4987107630940 ,ブレスラボマウスウォッシュマルチケア　ダブルミント,４５０ｍｌ,100,11/15まで,-,-,-,-,-,-
4987107630957 ,ブレスラボマウスウォッシュマルチケア　シトラスミン,４５０ｍｌ,100,11/15まで,-,-,-,-,-,-
4987107635310 ,ブレスラボマルチケア　クリスタルクリアミント増量,９９ｇ,100,11/15まで,-,-,-,-,-,-
4987107635327 ,ブレスラボマルチ＋美白ケア　クリスタルミント増量,９９ｇ,100,11/15まで,-,-,-,-,-,-
4987107635334 ,ブレスラボマルチ＋歯周ケア　クリスタルミント増量,９９ｇ,100,11/15まで,-,-,-,-,-,-
4987128017065 ,田辺ファーマ　コートｆ　ＡＴ軟膏,１０ｇ,100,11/15まで,-,-,-,-,-,-
4987128178063 ,田辺ファーマ　コートｆ　ＡＴクリーム,１０ｇ,100,11/15まで,-,-,-,-,-,-
4987128261710 ,田辺ファーマ　コートｆ　ＭＤ軟膏,１０ｇ,100,11/15まで,-,-,-,-,-,-
4987176192738 ,レノアハピネス夢ふわタッチホワイトティーの香り本体,４５０ｍＬ,100,11/15まで,-,-,-,-,-,-
4987176192769 ,レノアハピネス夢ふわタッチヴェッルベットＦ本体,４５０ｍＬ,100,11/15まで,-,-,-,-,-,-
4987176192776 ,レノアハピネス夢ふわタッチアンティークローズ本体,４５０ｍＬ,100,11/15まで,-,-,-,-,-,-
4987176192882 ,レノアハピネス夢ふわタッチシトラスヴァーベナ本体,４５０ｍＬ,100,11/15まで,-,-,-,-,-,-
4987176192981 ,レノアハピネス夢ふわタッチザクロフローラル本体,４５０ｍＬ,100,11/15まで,-,-,-,-,-,-
4987176196255 ,レノアハピネス夢ふわタッチホワイトムスクの香り本体,４５０ｍＬ,100,11/15まで,-,-,-,-,-,-
4987176218070 ,レノアハピネス夢ふわタッチシャインマスカット本体,４５０ｍＬ,100,11/15まで,-,-,-,-,-,-
4987176238498 ,パンパースはじめての肌へのいちばんＳＪ新生児小さめ,３６枚,100,11/15まで,-,-,-,-,-,-
4987176269058 ,レノアハピネス夢ふわタッチシャインマスカット本体,４５０ｍＬ,100,11/15まで,-,-,-,-,-,-
4987176269065 ,レノアハピネス夢ふわタッチホワイトムスクの香り本体,４５０ｍＬ,100,11/15まで,-,-,-,-,-,-
4987176269089 ,レノアハピネス夢ふわタッチヴェッルベットＦ本体,４５０ｍＬ,100,11/15まで,-,-,-,-,-,-
4987176269102 ,レノアハピネス夢ふわタッチアンティークローズ本体,４５０ｍＬ,100,11/15まで,-,-,-,-,-,-
4987176269126 ,レノアハピネス夢ふわタッチホワイトティーの香り本体,４５０ｍＬ,100,11/15まで,-,-,-,-,-,-
4987206622754 ,浅田飴　シュガーカットＳ（Ｎ）,４５０ｇ,100,11/15まで,-,-,-,-,-,-
4987244195876 ,レーベンスミルクはいはいスティックＰ　Ｎ,１３ｇ×１０本,100,11/15まで,-,-,-,-,-,-
4987244195906 ,フォローアップミルクぐんぐんスティックＰ　Ｎ,１４ｇ×１０本,100,11/15まで,-,-,-,-,-,-
4510796158053 ,味覚吟米（国内産１０割）,５ｋｇ,100,10/15まで,-,-,-,-,-,-
4987176285393 ,レノアハピネス夢ふわタッチウォームコットン本体,４５０ｍＬ,100,11/15まで,-,-,-,-,-,-
4987176319661 ,レノアハピネス夢ふわタッチアンティークローズ本体,４６０ｍＬ,100,11/15まで,-,-,-,-,-,-
4987176319722 ,レノアハピネス夢ふわタッチウォームコットン本体,４６０ｍＬ,100,11/15まで,-,-,-,-,-,-
4987176319753 ,レノアハピネス夢ふわタッチホワイトムスクの香り本体,４６０ｍＬ,100,11/15まで,-,-,-,-,-,-
4987176319760 ,レノアハピネス夢ふわタッチジャスミンムスク本体,４６０ｍＬ,100,11/15まで,-,-,-,-,-,-
4987176319845 ,レノアハピネス夢ふわタッチホワイトティーの香り本体,４６０ｍＬ,100,11/15まで,-,-,-,-,-,-
4987176319869 ,レノアハピネス夢ふわタッチシャインマスカット本体,４６０ｍＬ,100,11/15まで,-,-,-,-,-,-
4987176350312 ,レノアハピネス夢ふわフローラルブーケ＆リネン本体,４６０ｍＬ,100,11/15まで,-,-,-,-,-,-
4987176387141 ,レノアハピネスミスト　キンモクセイ本体,３７０ｍＬ,100,11/15まで,-,-,-,-,-,-
4987176394637 ,レノアハピネス夢ふわタッチアンティークローズ本体,４５０ｍＬ,100,11/15まで,-,-,-,-,-,-
4987176394750 ,レノアハピネス夢ふわフローラルブーケ＆リネン本体,４５０ｍＬ,100,11/15まで,-,-,-,-,-,-
4987176394910 ,レノアハピネス夢ふわタッチホワイトムスクの香り本体,４５０ｍＬ,100,11/15まで,-,-,-,-,-,-
4987176394934 ,レノアハピネス夢ふわタッチジャスミンムスク本体,４５０ｍＬ,100,11/15まで,-,-,-,-,-,-
4987176394958 ,レノアハピネス夢ふわタッチホワイトティーの香り本体,４５０ｍＬ,100,11/15まで,-,-,-,-,-,-
4987176395214 ,レノアハピネス夢ふわタッチフラワーガーデン本体,４５０ｍＬ,100,11/15まで,-,-,-,-,-,-
4987176413734 ,レノアアロマジュエルガーデンブリーズ特大,９９０ｍＬ,100,11/15まで,-,-,-,-,-,-
4987234363643 ,サイオスオレオクリームヘアカラー　４ＧＲ,５０ｇ＋５０ｇ,100,11/15まで,-,-,-,-,-,-
4987244150790 ,シッカロールデオ,１４０ｇ,100,11/15まで,-,-,-,-,-,-
4987244164025 ,オーラルプラス　口腔ケアスポンジ,６０本,100,11/15まで,-,-,-,-,-,-
4987305116925 ,全薬工業　ジキニンＦｉｒｓｔＮＥＯ　ＣＺ,４５錠,100,11/15まで,-,-,-,-,-,-
4987353040609 ,ユースキンＩ（アイ）　クリーム,１１０ｇ,100,11/15まで,-,-,-,-,-,-
4987353040708 ,ユースキンＩ（アイ）　ローション,１３０ｍｌ,100,11/15まで,-,-,-,-,-,-
4987353120110 ,ユースキン　リリップケアスティック,３．５ｇ,100,11/15まで,-,-,-,-,-,-
4987353235128 ,ユースキンｈａｎａハンドクリーム　キンモクセイ,５０ｇ,100,11/15まで,-,-,-,-,-,-
4987353270310 ,ユースキン　シソラ　ローションポンプ,１７０ｍｌ,100,11/15まで,-,-,-,-,-,-
4987353270419 ,ユースキン　シソラ　ローション付替パウチ,１７０ｍｌ,100,11/15まで,-,-,-,-,-,-
4987353280012 ,ユースキン　メディカルリップスティック,３．５ｇ,100,11/15まで,-,-,-,-,-,-
4987353290028 ,ユースキンｈａｎａハンドクリームミモザ,５０ｇ,100,11/15まで,-,-,-,-,-,-
4987426003296 ,池田模範堂　ムヒのこども鼻炎シロップＳ２,１２０ｍｌ,100,11/15まで,-,-,-,-,-,-
4987426003333 ,池田模範堂　ムヒベタＶ液,１０ｇ,100,11/15まで,-,-,-,-,-,-
4987438015607 ,ＪＰＳ）排膿散エキス錠Ｊ,１２６錠,100,11/15まで,-,-,-,-,-,-
4989793946398 ,ナカノ　スタイリング　タント　ワックス　５,９０Ｇ,100,11/15まで,-,-,-,-,-,-
4989793946411 ,ナカノ　スタイリング　タント　ワックス　７,９０Ｇ,100,11/15まで,-,-,-,-,-,-
4989793946442 ,ナカノ　スタイリング　タント　クレイ　８,９０Ｇ,100,11/15まで,-,-,-,-,-,-
4989793946459 ,ナカノ　スタイリング　タント　グリース　４,９０Ｇ,100,11/15まで,-,-,-,-,-,-
4989793946466 ,ナカノ　スタイリング　タント　ジェル　１０,１２０Ｇ,100,11/15まで,-,-,-,-,-,-
4902508271172 ,薬用口腔ケアジェル　プラス,５０ｇ,100,10/15まで,-,-,-,-,-,-
4902508275781 ,自分で食べるミールキャッチ,１個,100,10/15まで,-,-,-,-,-,-
4902508276573 ,舌の汚れに　口腔保湿ジェルプラス,５０ｇ,100,10/15まで,-,-,-,-,-,-
4902508277136 ,天然コットン１００％超吸水ドライタオル,１００枚,100,10/15まで,-,-,-,-,-,-
4903301292210 ,ソフランアロマリッチサラ本体,５２０ｍｌ,100,10/15まで,-,-,-,-,-,-
4903301311560 ,ソフランアロマリッチジュリエット本体,５２０ｍｌ,100,10/15まで,-,-,-,-,-,-
4903301311607 ,ソフランアロマリッチダイアナ本体,５２０ｍｌ,100,10/15まで,-,-,-,-,-,-
4903301311744 ,ソフランアロマリッチサラ本体,５２０ｍｌ,100,10/15まで,-,-,-,-,-,-
4903301326915 ,ソフランアロマリッチエリー本体,５２０ｍｌ,100,10/15まで,-,-,-,-,-,-
4903301339816 ,ソフランアロマリッチキャサリン本体,５２０ｍｌ,100,10/15まで,-,-,-,-,-,-
4903301353041 ,ソフランアロマリッチジュリエット本体,４８０ｍｌ,100,10/15まで,-,-,-,-,-,-
4903301353058 ,ソフランアロマリッチキャサリン本体,４８０ｍｌ,100,10/15まで,-,-,-,-,-,-
4903301353119 ,ソフランアロマリッチダイアナ本体,４８０ｍｌ,100,10/15まで,-,-,-,-,-,-
4903301353126 ,ソフランアロマリッチサラ本体,４８０ｍｌ,100,10/15まで,-,-,-,-,-,-
4903301353140 ,ソフランアロマリッチエリー本体,４８０ｍｌ,100,10/15まで,-,-,-,-,-,-
4903301366973 ,ソフランアロマリッチクレア本体,４８０ｍｌ,100,10/15まで,-,-,-,-,-,-
4903301374169 ,ソフランアロマリッチレイラ本体,４８０ｍｌ,100,10/15まで,-,-,-,-,-,-
4908943050471 ,山形県産はえぬき,５ｋｇ,100,10/15まで,-,-,-,-,-,-
4973512258893 ,アラウベビー洗濯石鹸詰替,１３００ＭＬ,100,10/15まで,-,-,-,-,-,-
4973512259647 ,アラウベビー洗濯石鹸無香詰替,１３００ＭＬ,100,10/15まで,-,-,-,-,-,-
4979654026758 ,山本漢方製薬　乳酸菌大麦若葉３０Ｈ,４ｇ×３０Ｈ,100,10/15まで,-,-,-,-,-,-
4987244600059 ,レーベンスミルクはいはい２個パック　Ｎ,８１０ｇ×２,100,10/15まで,-,-,-,-,-,-
4987244600066 ,フォローアップミルクぐんぐん２個パック　Ｎ,８３０ｇ×２,100,10/15まで,-,-,-,-,-,-
4987244600073 ,レーベンスミルクはいはい２個パック特別企画品　Ｎ,８１０ｇ×２,100,10/15まで,-,-,-,-,-,-
4987244600080 ,フォローアップミルクぐんぐん２個パック特別企画品,８３０ｇ×２,100,10/15まで,-,-,-,-,-,-
4994424476052 ,千葉県産ふさこがね,５ｋｇ,100,10/15まで,-,-,-,-,-,-
4511413340011 ,バンビーナスリムレッグ超着圧エステ　ニーハイ,２３－２５ｃｍ,100,11/15まで,-,-,-,-,-,-
4511413340028 ,バンビーナスリムレッグ超着圧ハイソックス,２３－２５ｃｍ,100,11/15まで,-,-,-,-,-,-
4511413403143 ,ＤＨＣ２０日シリーズ　フォースコリー,８０粒,100,11/15まで,-,-,-,-,-,-
4511413406007 ,ＤＨＣ　ＤＨＡ　６０日,２４０粒,100,11/15まで,-,-,-,-,-,-
4511413407547 ,ＤＨＣ　ＤＨＡ６０日マルチビタミンセット,セット,100,11/15まで,-,-,-,-,-,-
4547691710482 ,０．０２ＥＸ,１２個,100,11/15まで,-,-,-,-,-,-
4547691731425 ,うすさ均一０．０２ＥＸＬサイズ１２Ｐ,１２Ｐ,100,11/15まで,-,-,-,-,-,-
4547691806482 ,ＧＲＯＯＶＥ　１２Ｐ,１２個,100,11/15まで,-,-,-,-,-,-
4550667015795 ,スゴスト　丈夫ストッキングＬＬＬシアー,ＬＬＬシアー,100,11/15まで,-,-,-,-,-,-
4550667015801 ,スゴスト　丈夫ストッキングＬＬＬベビー,ＬＬＬベビー,100,11/15まで,-,-,-,-,-,-
4550667015818 ,スゴスト　丈夫ストッキングＬＬＬブラック,ＬＬＬブラック,100,11/15まで,-,-,-,-,-,-
4550667015825 ,スゴスト　丈夫ストッキングＭＬシアー,ＭＬシアー,100,11/15まで,-,-,-,-,-,-
4550667015832 ,スゴスト　丈夫ストッキングＭＬベビー,ＭＬベビー,100,11/15まで,-,-,-,-,-,-
4550667015849 ,スゴスト　丈夫ストッキングＭＬブラック,ＭＬブラック,100,11/15まで,-,-,-,-,-,-
4550667025220 ,アツギメディカル着圧ハイソックス１８ｈｐａ,２３－２５クロ,100,11/15まで,-,-,-,-,-,-
4550667054336 ,スゴスト着圧パンストＬＬＬシアーベージュ,ＬＬＬシアーＢ,100,11/15まで,-,-,-,-,-,-
4550667054350 ,スゴスト着圧パンストＬＬＬブラック,ＬＬＬブラック,100,11/15まで,-,-,-,-,-,-
4550667054367 ,スゴスト着圧パンストＭＬシアーベージュ,ＭＬシアーＢ,100,11/15まで,-,-,-,-,-,-
4550667054381 ,スゴスト着圧パンストＭＬブラック,ＭＬブラック,100,11/15まで,-,-,-,-,-,-
4550667055579 ,アツギメディカル着圧カーフカバー２２ｈｐａ,フリー　クロ,100,11/15まで,-,-,-,-,-,-
4562403554055 ,低温製法米のおいしいごはん,１５０ｇ×１０,100,11/15まで,-,-,-,-,-,-
4562403576408 ,低温製法米のおいしいごはん　国産米１００％　増量品,１６５ｇ×１０,100,11/15まで,-,-,-,-,-,-
4580312894116 ,ｍｋ　アルコール除菌　大容量　４２枚×１０個,４２枚×１０個,100,11/15まで,-,-,-,-,-,-
4580312894123 ,ｍｋ　ノンアルコール　大容量　４５枚×１０個,４５枚×１０個,100,11/15まで,-,-,-,-,-,-
4580543940217 ,バルサンプロＥＸ　ノンスモーク霧タイプ,１２－２０畳用,100,11/15まで,-,-,-,-,-,-
4901070575022 ,ニャンとも清潔トイレ　ドームタイプ　ライトベージュ,＿,100,11/15まで,-,-,-,-,-,-
4901070575077 ,ニャンとも清潔トイレ　脱臭・抗菌チップ　大きめの粒,４．４Ｌ,100,11/15まで,-,-,-,-,-,-
4901070575091 ,ニャンとも清潔トイレ　脱臭・抗菌チップ　小さめの粒,４．４Ｌ,100,11/15まで,-,-,-,-,-,-
4901070575114 ,ニャンとも清潔トイレ　脱臭・抗菌チップ　極小の粒,４．４Ｌ,100,11/15まで,-,-,-,-,-,-
4901070575152 ,ニャンとも清潔トイレ　脱臭・抗菌シート,１２枚,100,11/15まで,-,-,-,-,-,-
4901070575176 ,ニャンとも清潔トイレ　脱臭・抗菌シート　複数ねこ用,８枚,100,11/15まで,-,-,-,-,-,-
4901070575190 ,ニャンとも清潔トイレ　脱臭・抗菌マット,６枚,100,11/15まで,-,-,-,-,-,-
4901070575206 ,ニャンとも清潔トイレ　おしっこチェックキット,１セット,100,11/15まで,-,-,-,-,-,-
4901070575299 ,ニャンとも清潔トイレ　おしっこチェックキット,１回分,100,11/15まで,-,-,-,-,-,-
4901070575343 ,ニャンとも脱臭・抗菌チップ　複数ねこ用　大きめの粒,４Ｌ,100,11/15まで,-,-,-,-,-,-
4901080039415 ,マモルーム　ダニ用　１４４０時間用セット,器具＋詰替,100,11/15まで,-,-,-,-,-,-
4901080093516 ,マモルーム　ゴキブリ用　２ヵ月用セット,器具＋詰替,100,11/15まで,-,-,-,-,-,-
4901080248718 ,モンダミン　プレミアムケア　ゴールドミント,１０００ｍｌ×２,100,11/15まで,-,-,-,-,-,-
4901080311719 ,モンダミン　プレミアムケア　ホワイトミント,１０００ｍｌ×２,100,11/15まで,-,-,-,-,-,-
4901080334411 ,アース　ＯＨ！ノーマット　２７０日用セット,１セット,100,11/15まで,-,-,-,-,-,-
4901234363410 ,マトメージュオム　ヘアスティックワックス,１３ｇ,100,11/15まで,-,-,-,-,-,-
4901234363519 ,マトメージュオム　ポイントデザインスティック,１０ｍｌ,100,11/15まで,-,-,-,-,-,-
4901301441652 ,クイックルマグネットワイパー　ブラウンブラック,１クミ,100,11/15まで,-,-,-,-,-,-
4901301441669 ,クイックルマグネットワイパー　ホワイトベージュ,１クミ,100,11/15まで,-,-,-,-,-,-
4901417162670 ,ナイーブ　ボディソープ（サマードラえもん）ポンプ,５３０ｍｌ,100,11/15まで,-,-,-,-,-,-
4901417162694 ,ナイーブ　泡ボディソープ（サマードラえもん）ポンプ,６００ｍｌ,100,11/15まで,-,-,-,-,-,-
4901417621719 ,肌美精　大人のニキビ対策　薬用ホワイトクリア洗顔料,１１０ｇ,100,11/15まで,-,-,-,-,-,-
4901417621726 ,肌美精　大人のニキビ対策　薬用美白化粧水,２００ｍｌ,100,11/15まで,-,-,-,-,-,-
4901417621733 ,肌美精　大人のニキビ対策　薬用美白クリーム,５０ｇ,100,11/15まで,-,-,-,-,-,-
4901609001619 ,カビキラー除菌＠キッチンアルコール除菌本体,４００ｇ,100,11/15まで,-,-,-,-,-,-
4901609011601 ,カビキラーアルコール除菌キッチン用　替え特大,６３０ｍｌ,100,11/15まで,-,-,-,-,-,-
4901609014428 ,カビキラーアルコール除菌キッチン用　詰替え特大,６３０ｍｌ,100,11/15まで,-,-,-,-,-,-
4901609016460 ,カビキラー　アルコール除菌キッチン用本体,４００ｇ,100,11/15まで,-,-,-,-,-,-
4901730080934 ,薬用リステリン　オリジナル,１０００ｍｌ,100,11/15まで,-,-,-,-,-,-
4901730081030 ,薬用リステリン　クールミント,１０００ｍｌ,100,11/15まで,-,-,-,-,-,-
4901730160117 ,薬用リステリン　クールミントゼロ,１０００ｍｌ,100,11/15まで,-,-,-,-,-,-
4902011109382 ,エリエール　除菌できるノンアルコール　ボックス替８,４２枚ｘ８Ｐ【替え】,100,11/15まで,-,-,-,-,-,-
4902011111125 ,ナチュラ夜つけて朝あんしん吸水パッド３０㏄２４枚,２４枚,100,11/15まで,-,-,-,-,-,-
4902011111149 ,ナチュラ夜つけて朝あんしん吸水パッド５０㏄２０枚,２０枚,100,11/15まで,-,-,-,-,-,-
4902011111163 ,ナチュラ夜つけて朝あんしん吸水パッド８５㏄２０枚,２０枚,100,11/15まで,-,-,-,-,-,-
4902011111187 ,ナチュラ夜つけて朝あんしん吸水パッド１３０㏄１６枚,１６枚,100,11/15まで,-,-,-,-,-,-
4902011111200 ,ナチュラ夜つけて朝あんしん吸水パッド１８０㏄１４枚,１４枚,100,11/15まで,-,-,-,-,-,-
4902011111224 ,ナチュラ夜つけて朝あんしん吸水パッド２１０㏄１２枚,１２枚,100,11/15まで,-,-,-,-,-,-
4902011119244 ,ルナフィット超スリム（軽い日用）羽なし３４枚,３４枚,100,11/15まで,-,-,-,-,-,-
4902011119251 ,ルナフィット超スリム（多昼ふつう）羽つき２４枚,２４枚,100,11/15まで,-,-,-,-,-,-
4902011119268 ,ルナフィット超スリム（多い昼用）羽つき２０枚,２０枚,100,11/15まで,-,-,-,-,-,-
4902011119282 ,ルナフィット超スリム（特多い昼）羽つき　１６枚,１６枚,100,11/15まで,-,-,-,-,-,-
4902011119305 ,ルナフィット超スリム（昼夜）３２５羽つき１３枚,１３枚,100,11/15まで,-,-,-,-,-,-
4902011119312 ,素肌のきもちルナフィット（多昼ふつう）羽つき２６枚,２６枚,100,11/15まで,-,-,-,-,-,-
4902011119329 ,素肌のきもちルナフィット（多い昼用）羽つき２０枚,２０枚,100,11/15まで,-,-,-,-,-,-
4902011119343 ,素肌のきもちルナフィット（特多い昼用）羽つき１５枚,１５枚,100,11/15まで,-,-,-,-,-,-
4902011119367 ,素肌のきもちルナフィット（昼夜）３２５羽つき１０枚,１０枚,100,11/15まで,-,-,-,-,-,-
4902011119701 ,キミおもい　消臭抗菌　システムトイレ用砂大粒,４Ｌ,100,11/15まで,-,-,-,-,-,-
4902011119930 ,ルナフィット超スリム（多昼ふつう）羽なし２７枚,２７枚,100,11/15まで,-,-,-,-,-,-
4902011128321 ,ＥＬ除菌ウイルス除去用ボックス替８Ｐすみっコぐらし,４０枚ｘ８Ｐ【替え】,100,11/15まで,-,-,-,-,-,-
4902011776959 ,アテントうす型スーパーフィットテープ式Ｓ～Ｍ２０枚,Ｓ～Ｍ２０枚,100,11/15まで,-,-,-,-,-,-
4902011776966 ,アテントうす型スーパーフィットテープ式Ｌ１７枚,Ｌ１７枚,100,11/15まで,-,-,-,-,-,-
4902011831535 ,エリエール　除菌できるアルコール　ボックス替８Ｐ,４２枚ｘ８Ｐ【替え】,100,11/15まで,-,-,-,-,-,-
4902011831559 ,エリエール　除菌・ウイルス除去用　ボックス替８Ｐ,４０枚ｘ８Ｐ【替え】,100,11/15まで,-,-,-,-,-,-
4902011831818 ,エリエール　アルコールタオル抗菌　ボックス替８Ｐ,４０枚ｘ８Ｐ【替え】,100,11/15まで,-,-,-,-,-,-
4902111726892 ,ポンズ　エイジビューティー　クリームクレンジング,２７０ｇ,100,11/15まで,-,-,-,-,-,-
4902111727363 ,ポンズ　クリアフェイス　クリームクレンジング,２７０ｇ,100,11/15まで,-,-,-,-,-,-
4902111727370 ,ポンズウォッシャブルコールドクリーム洗い流タイプ,２７０ｇ,100,11/15まで,-,-,-,-,-,-
4902111727387 ,ポンズ　コールドクリーム　ふきとるタイプ,２７０ｇ,100,11/15まで,-,-,-,-,-,-
4902111749495 ,ダヴボディボタニカルラベンダー詰替,３６０ｇ,100,11/15まで,-,-,-,-,-,-
4902111749518 ,ダヴボディボタニカルローズ詰替,３６０ｇ,100,11/15まで,-,-,-,-,-,-
4902111749532 ,ダヴボディボタニカルジャスミン詰替,３６０ｇ,100,11/15まで,-,-,-,-,-,-
4902111755915 ,ダヴボディボタニカルラベンダー詰替増量,４００ｇ,100,11/15まで,-,-,-,-,-,-
4902111755922 ,ダヴボディボタニカルローズ詰替増量,４００ｇ,100,11/15まで,-,-,-,-,-,-
4902111755939 ,ダヴボディボタニカルジャスミン詰替増量,４００ｇ,100,11/15まで,-,-,-,-,-,-
4902111758824 ,ダヴボディボタニカルオリーブ詰替,３６０ｇ,100,11/15まで,-,-,-,-,-,-
4902111765525 ,ラックス　ボタニカルシャインＳＰ,４３０ｇ,100,11/15まで,-,-,-,-,-,-
4902111765532 ,ラックス　ボタニカルシャインＣＤ,４３０ｇ,100,11/15まで,-,-,-,-,-,-
4902418005126 ,懐石健美　１歳から,１ｋｇ,100,11/15まで,-,-,-,-,-,-
4902418005157 ,懐石健美　低脂肪１歳から,１ｋｇ,100,11/15まで,-,-,-,-,-,-
4902418005171 ,懐石健美　グレインフリー１歳から,１ｋｇ,100,11/15まで,-,-,-,-,-,-
4902418005232 ,懐石健美　１１歳から,１ｋｇ,100,11/15まで,-,-,-,-,-,-
4902424448788 ,ゴキブリワンプッシュプロ８０回分,２０ｍｌ,100,11/15まで,-,-,-,-,-,-
4902424450651 ,キッチン用アルコール除菌スプレーつめかえ用４回分,１４４０ｍｌ,100,11/15まで,-,-,-,-,-,-
4902430720700 ,レノアオードリュクスアロマジュエル　イノセントビジ,５２０ｍＬ,100,11/15まで,-,-,-,-,-,-
4902430884280 ,パンパース肌へのいちばんおにいさんビッグ,Ｂ２６枚,100,11/15まで,-,-,-,-,-,-
4902430884341 ,パンパース肌へのいちばんおねえさんビッグ,Ｂ２６枚,100,11/15まで,-,-,-,-,-,-
4902430884365 ,パンパース肌へのいちばんおねえさんＬパンツ,Ｌ３０枚,100,11/15まで,-,-,-,-,-,-
4902430884389 ,パンパース肌へのいちばんおにいさんＬパンツ,Ｌ３０枚,100,11/15まで,-,-,-,-,-,-
4902430899949 ,パンパース肌いちパンツＳ６０枚,Ｓ６０枚,100,11/15まで,-,-,-,-,-,-
4902430899963 ,パンパース肌いちパンツＵＪＳ７８枚,ＵＪＳ７８枚,100,11/15まで,-,-,-,-,-,-
4902430899987 ,パンパース肌いちパンツＭ４８枚,Ｍ４８枚,100,11/15まで,-,-,-,-,-,-
4902430900003 ,パンパース肌いちパンツＵＪＭ６４枚,ＵＪＭ６４枚,100,11/15まで,-,-,-,-,-,-
4902430900027 ,パンパース肌いちパンツＬ３８枚,Ｌ３８枚,100,11/15まで,-,-,-,-,-,-
4902430900041 ,パンパース肌いちパンツＵＪＬ５０枚,ＵＪＬ５０枚,100,11/15まで,-,-,-,-,-,-
4902430900065 ,パンパース肌いちパンツＢＩＧ３６枚,ＢＩＧ３６枚,100,11/15まで,-,-,-,-,-,-
4902430900089 ,パンパース肌いちパンツＵＪＢＩＧ４６枚,ＵＪＢ４６枚,100,11/15まで,-,-,-,-,-,-
4902430900102 ,パンパースはじめての肌いち新生児７０枚,新生児７０枚,100,11/15まで,-,-,-,-,-,-
4902430900126 ,パンパースはじめての肌いちＵＪ８８枚,新生児８８枚,100,11/15まで,-,-,-,-,-,-
4902430900140 ,パンパースはじめての肌いちＳ６４枚,Ｓ６４枚,100,11/15まで,-,-,-,-,-,-
4902430900164 ,パンパースはじめての肌いちＵＪＳ８０枚,Ｓ８０枚,100,11/15まで,-,-,-,-,-,-
4902430900188 ,パンパースはじめての肌いちＭ５２枚,Ｍ５２枚,100,11/15まで,-,-,-,-,-,-
4902430900201 ,パンパースはじめての肌いちＵＪＭ６６枚,Ｍ６６枚,100,11/15まで,-,-,-,-,-,-
4902430900225 ,パンパースはじめての肌いちＬ４２枚,Ｌ４２枚,100,11/15まで,-,-,-,-,-,-
4902430900249 ,パンパースはじめての肌いちＵＪＬ５４枚,Ｌ５４枚,100,11/15まで,-,-,-,-,-,-
4902705131422 ,明治Ｍｏｍ’ｓ　Ｔａｂｌｅｔ,６０ｇ,100,11/15まで,-,-,-,-,-,-
4903111017430 ,ＬＦズレずに安心紙パンツ専用尿とりＰ夜用８回１４枚,１４枚,100,11/15まで,-,-,-,-,-,-
4903111022069 ,ライフリーズレずに安心うす型紙パンツ専用尿とりパッ,６８枚,100,11/15まで,-,-,-,-,-,-
4903111028863 ,ＬＦズレずに安心紙パンツ専用尿とりＰ夜用６回１８枚,１８枚,100,11/15まで,-,-,-,-,-,-
4903111036318 ,ライフリー下着感覚プレミアム２回Ｌ１８枚,１８枚,100,11/15まで,-,-,-,-,-,-
4903111036349 ,ライフリーうす型軽快パンツオーガニックコットンタッ,２０枚,100,11/15まで,-,-,-,-,-,-
4903111047888 ,ＭＫ　超快適マスク敏感肌ごこち　ふつう　２５枚,２５枚,100,11/15まで,-,-,-,-,-,-
4903111090242 ,ライフリー尿とりパッドなしでも長時間安心パンツＭ,１４枚,100,11/15まで,-,-,-,-,-,-
4903111090310 ,ライフリー尿とりパッドなしでも長時間安心パンツＬ,１２枚,100,11/15まで,-,-,-,-,-,-
4903111143429 ,ムーニーナチュラル新生児６２枚,６２枚,100,11/15まで,-,-,-,-,-,-
4903111218608 ,ナチュラル　ム－ニ－マンＳ５２枚,５２枚,100,11/15まで,-,-,-,-,-,-
4903111218776 ,ナチュラル　ム－ニ－マンＭ４８枚,４８枚,100,11/15まで,-,-,-,-,-,-
4903111220793 ,ナチュラル　ム－ニ－新生児６６枚,６６枚,100,11/15まで,-,-,-,-,-,-
4903111220809 ,ナチュラル　ム－ニ－Ｓ６０枚,６０枚,100,11/15まで,-,-,-,-,-,-
4903111221158 ,ナチュラル　ム－ニ－Ｍ４８枚,４８枚,100,11/15まで,-,-,-,-,-,-
4903111221271 ,ナチュラル　ム－ニ－Ｌ４０枚,４０枚,100,11/15まで,-,-,-,-,-,-
4903111239887 ,ナチュラル　ム－ニ－新生児６３枚,６３枚,100,11/15まで,-,-,-,-,-,-
4903111241149 ,ナチュラル　ム－ニ－Ｓ５８枚,５８枚,100,11/15まで,-,-,-,-,-,-
4903111241439 ,ムーニー低刺激　Ｍ４６枚,４６枚,100,11/15まで,-,-,-,-,-,-
4903111242030 ,ナチュラル　ム－ニ－Ｌ３８枚,３８枚,100,11/15まで,-,-,-,-,-,-
4903111242320 ,ムーニーマン低刺激　Ｓ５０枚,５０枚,100,11/15まで,-,-,-,-,-,-
4903111242610 ,ムーニーマン低刺激　Ｍ４６枚,４６枚,100,11/15まで,-,-,-,-,-,-
4903111243099 ,ムーニーマン低刺激　Ｌ３６枚,３６枚,100,11/15まで,-,-,-,-,-,-
4903111243150 ,ムーニーマン低刺激　Ｂ３２枚,３２枚,100,11/15まで,-,-,-,-,-,-
4903111271436 ,ナチュラル　ム－ニ－マンＢ３４枚,３４枚,100,11/15まで,-,-,-,-,-,-
4903111287376 ,ナチュラル　ム－ニ－マンＬ３８枚,３８枚,100,11/15まで,-,-,-,-,-,-
4903111340811 ,ＬＦズレずに消臭紙パンツ専用尿とりパッド２回４４枚,４４枚,100,11/15まで,-,-,-,-,-,-
4903111343218 ,ＬＦズレずに安心紙パンツ専用尿とりＰ夜用６回２６枚,２６枚,100,11/15まで,-,-,-,-,-,-
4903111408788 ,ウェーブ　超保水フロアウェットシート無香大容量,３２枚,100,11/15まで,-,-,-,-,-,-
4903111411085 ,ムーニー低刺激であんしん新生児６０枚,６０枚,100,11/15まで,-,-,-,-,-,-
4903111412723 ,ライフリーズレずに安心うす型紙パンツ専用尿とりパッ,４８枚,100,11/15まで,-,-,-,-,-,-
4903111412839 ,ウェーブ　超保水フロアウェットシート無香大容量,３２枚,100,11/15まで,-,-,-,-,-,-
4903111438242 ,ウェーブ超保水ウェットノンアルコール除菌,３２枚,100,11/15まで,-,-,-,-,-,-
4903111459377 ,ＬＦズレずに消臭紙パンツ専用尿とりパッド４回２４枚,２４枚,100,11/15まで,-,-,-,-,-,-
4903111464258 ,ウェーブフロアワイパー本体,本体,100,11/15まで,-,-,-,-,-,-
4903111469338 ,ウェーブフロア用ウェットシート無香２８枚大容量パッ,２８枚,100,11/15まで,-,-,-,-,-,-
4903111478989 ,ＭＫ　ライフリーおしり洗浄液　本体,１本,100,11/15まで,-,-,-,-,-,-
4903111509119 ,ライフリー下着感覚プレミアム２回Ｍ２０枚,２０枚,100,11/15まで,-,-,-,-,-,-
4903111514151 ,ＬＦズレずに安心紙パンツ専用尿とりパッド夜４２,４２枚,100,11/15まで,-,-,-,-,-,-
4903111514434 ,ＬＦズレずに安心紙パンツ専用尿とりパッド夜Ｓ３４,３４枚,100,11/15まで,-,-,-,-,-,-
4903111525454 ,ＬＦズレずに安心うす型紙パンツ専用尿とりパッド２回,７０枚,100,11/15まで,-,-,-,-,-,-
4903111527861 ,超快適マスク息ムレクリアタイプ小さめ２５枚,２５枚,100,11/15まで,-,-,-,-,-,-
4903111528158 ,超快適マスク息ムレクリアタイプふつう２５枚,２５枚,100,11/15まで,-,-,-,-,-,-
4903111531240 ,ライフリ－すっきりスタイルパンツ男Ｍ１０枚,１０枚,100,11/15まで,-,-,-,-,-,-
4903111531707 ,ライフリ－すっきりスタイルパンツ女Ｍ１０枚,１０枚,100,11/15まで,-,-,-,-,-,-
4903111532117 ,ライフリ－すっきりスタイルパンツ男Ｌ９枚,９枚,100,11/15まで,-,-,-,-,-,-
4903111532582 ,ライフリ－すっきりスタイルパンツ女Ｌ９枚,９枚,100,11/15まで,-,-,-,-,-,-
4903111536979 ,ライフリーうす型軽快パンツオーガニックコットンタッ,１８枚,100,11/15まで,-,-,-,-,-,-
4903111543953 ,ＬＦズレずに安心紙パンツ専用尿とりパッド６回２０枚,２０枚,100,11/15まで,-,-,-,-,-,-
4903111544035 ,ＬＦズレずに安心紙パンツ専用尿とりＰ夜用８回２２枚,２２枚,100,11/15まで,-,-,-,-,-,-
4903111544141 ,ライフリーズレずに安心紙パンツ専用尿とりパッド７２,７２枚,100,11/15まで,-,-,-,-,-,-
4903111544202 ,ライフリーズレずに安心紙パンツ用尿とりパッド２８枚,２８枚,100,11/15まで,-,-,-,-,-,-
4903111544493 ,ＬＦズレずに安心紙パンツ専用尿とりパッド８回１６枚,１６枚,100,11/15まで,-,-,-,-,-,-
4903111544899 ,ライフリーズレずに安心紙パンツ専用尿とりパッド長時,４２枚,100,11/15まで,-,-,-,-,-,-
4903111544912 ,ライフリーズレずに安心紙パンツ用尿とりパッド２４枚,２４枚,100,11/15まで,-,-,-,-,-,-
4903111548958 ,ライフリーズボンを脱がずに交換リハビリパンツＭ,１４枚,100,11/15まで,-,-,-,-,-,-
4903111549092 ,ライフリーズボンを脱がずに交換リハビリパンツＬ,１２枚,100,11/15まで,-,-,-,-,-,-
4903111552016 ,ライフリー夜用あんしんパンツ５回Ｍ１６枚,１６枚,100,11/15まで,-,-,-,-,-,-
4903111553068 ,ライフリー夜用あんしんパンツ５回Ｌ１４枚,１４枚,100,11/15まで,-,-,-,-,-,-
4903111553853 ,ライフリー夜用あんしんパンツ７回Ｍ１４枚,１４枚,100,11/15まで,-,-,-,-,-,-
4903111554003 ,ライフリー夜用あんしんパンツ７回Ｌ１２枚,１２枚,100,11/15まで,-,-,-,-,-,-
4903111569786 ,ムーニー低刺激であんしんＳ５４枚,５４枚,100,11/15まで,-,-,-,-,-,-
4903111576746 ,ＬＦズレずに安心うす型紙パンツ専用尿とりパッド５０,５０枚,100,11/15まで,-,-,-,-,-,-
4903111581825 ,超快適マスク　敏感肌ごこち　ふつうサイズ２５枚,２５枚,100,11/15まで,-,-,-,-,-,-
4903111582563 ,ＬＦズレずに安心うす型紙パンツ専用尿とりパッド４回,２８枚,100,11/15まで,-,-,-,-,-,-
4903111584277 ,ＬＦズレずに安心うす型紙パンツ専用尿とりパッド４回,４０枚,100,11/15まで,-,-,-,-,-,-
4903111588114 ,ライフリ－うす型軽快パンツ３Ｌ１３枚,１３枚,100,11/15まで,-,-,-,-,-,-
4903111600366 ,ＬＦズレずに安心うす型紙パンツ専用尿とりパッド４回,３８枚,100,11/15まで,-,-,-,-,-,-
4903111928033 ,ＬＦズレずに安心紙パンツ専用尿とりパッド５２枚,５２枚,100,11/15まで,-,-,-,-,-,-
4903111928101 ,ＬＦズレずに安心紙パンツ専用尿とりＰ長時間３０枚,３０枚,100,11/15まで,-,-,-,-,-,-
4903111928422 ,ＬＦズレずに安心紙パンツ専用尿とりパッド夜用３０枚,３０枚,100,11/15まで,-,-,-,-,-,-
4903111928507 ,ＬＦズレずに安心紙パンツ専用尿とりＰ夜Ｓ２４枚,２４枚,100,11/15まで,-,-,-,-,-,-
4903111989485 ,ＬＦズレずに安心うす型紙パンツ専用尿とりパッド４回,２６枚,100,11/15まで,-,-,-,-,-,-
4903301124771 ,ＣＨＡＲＭＹクリスタジェル　本体,４８０ｇ,100,11/15まで,-,-,-,-,-,-
4903301194170 ,ＣＨＡＲＭＹクリスタ　消臭ジェル　本体,４８０ｇ,100,11/15まで,-,-,-,-,-,-
4903301216117 ,システマハグキプラスデンタルリンスノンアルコール,４５０ｍｌ,100,11/15まで,-,-,-,-,-,-
4903301216124 ,システマハグキプラスデンタルリンスノンアルコール,９００ｍｌ,100,11/15まで,-,-,-,-,-,-
4903301276180 ,ｈａｄａｋａｒａ泡ボディソープフローラル,５５０ｍｌ,100,11/15まで,-,-,-,-,-,-
4903301276302 ,ｈａｄａｋａｒａ泡ボディソープクリーミーソープ,５５０ｍｌ,100,11/15まで,-,-,-,-,-,-
4903301277835 ,ＣＨＡＲＭＹクリスタクリアジェル本体,４８０ｇ,100,11/15まで,-,-,-,-,-,-
4903301277866 ,ＣＨＡＲＭＹクリスタ消臭ジェル本体,４８０ｇ,100,11/15まで,-,-,-,-,-,-
4903301291909 ,システマハグキプラスリンス　アルコールタイプ,９００ｍｌ,100,11/15まで,-,-,-,-,-,-
4903301301585 ,ｈａｄａｋａｒａ泡ボディソープクールフレッシュ,５３０ｍｌ,100,11/15まで,-,-,-,-,-,-
4903301311911 ,ｈａｄａｋａｒａ泡ボディソープオイルインタイプ本体,５３０ｍｌ,100,11/15まで,-,-,-,-,-,-
4903301321057 ,ｈａｄａｋａｒａ泡ボディソープグリーンシトラス本体,５３０ｍｌ,100,11/15まで,-,-,-,-,-,-
4903301326403 ,ｈａｄａｋａｒａ　泡ボディソープフローラル本体,５５０ｍｌ,100,11/15まで,-,-,-,-,-,-
4903301326427 ,ｈａｄａｋａｒａ泡ボディソープクリーミーソープ本体,５５０ｍｌ,100,11/15まで,-,-,-,-,-,-
4903301330950 ,クリスタジェル　詰替え大型２個パック,８４０ｇ×２,100,11/15まで,-,-,-,-,-,-
4903301331254 ,ｈａｄａｋａｒａ泡ボディソープホワイトサボン本体,５３０ｍｌ,100,11/15まで,-,-,-,-,-,-
4903301332404 ,ライオン音波アシストブラシ本体,１本,100,11/15まで,-,-,-,-,-,-
4903301333432 ,ｈａｄａｋａｒａ泡ボディソープひんやりタイプ,５３０ｍｌ,100,11/15まで,-,-,-,-,-,-
4903301347026 ,ｈａｄａｋａｒａ泡ボディヒーリングフルーティ本体,５３０ｍｌ,100,11/15まで,-,-,-,-,-,-
4903301361558 ,ｈａｄａｋａｒａ泡ボディソープホワイトシトラス本体,５３０ｍｌ,100,11/15まで,-,-,-,-,-,-
4904651124251 ,サロンドプロ　泡のヘアカラー　ＥＸリッチ１,５０ｇ＋５０ｇ,100,11/15まで,-,-,-,-,-,-
4904651124268 ,サロンドプロ　泡のヘアカラー　ＥＸリッチ２,５０ｇ＋５０ｇ,100,11/15まで,-,-,-,-,-,-
4904651124275 ,サロンドプロ　泡のヘアカラー　ＥＸリッチ３ＲＢ,５０ｇ＋５０ｇ,100,11/15まで,-,-,-,-,-,-
4904651124282 ,サロンドプロ　泡のヘアカラー　ＥＸリッチ３,５０ｇ＋５０ｇ,100,11/15まで,-,-,-,-,-,-
4904651124299 ,サロンドプロ　泡のヘアカラー　ＥＸリッチ４Ｐ,５０ｇ＋５０ｇ,100,11/15まで,-,-,-,-,-,-
4904651124305 ,サロンドプロ　泡のヘアカラー　ＥＸリッチ４,５０ｇ＋５０ｇ,100,11/15まで,-,-,-,-,-,-
4904651124312 ,サロンドプロ　泡のヘアカラー　ＥＸリッチ４ＭＢ,５０ｇ＋５０ｇ,100,11/15まで,-,-,-,-,-,-
4904651124329 ,サロンドプロ　泡のヘアカラー　ＥＸリッチ４Ａ,５０ｇ＋５０ｇ,100,11/15まで,-,-,-,-,-,-
4904651124336 ,サロンドプロ　泡のヘアカラー　ＥＸリッチ５ＲＢ,５０ｇ＋５０ｇ,100,11/15まで,-,-,-,-,-,-
4904651124343 ,サロンドプロ　泡のヘアカラー　ＥＸリッチ５,５０ｇ＋５０ｇ,100,11/15まで,-,-,-,-,-,-
4904651124350 ,サロンドプロ　泡のヘアカラー　ＥＸリッチ６,５０ｇ＋５０ｇ,100,11/15まで,-,-,-,-,-,-
4904651124381 ,サロンドプロ　泡のヘアカラー　ＥＸリッチ３Ａ,５０ｇ＋５０ｇ,100,11/15まで,-,-,-,-,-,-
4904651124565 ,サロンドプロ　泡のヘアカラー　ＥＸリッチ２Ｂ,５０ｇ＋５０ｇ,100,11/15まで,-,-,-,-,-,-
4904651124572 ,サロンドプロ　泡のヘアカラー　ＥＸリッチ３Ｂ,５０ｇ＋５０ｇ,100,11/15まで,-,-,-,-,-,-
4904651124671 ,サロンドプロ　泡のヘアカラー　ＥＸリッチ４Ｇ,５０ｇ＋５０ｇ,100,11/15まで,-,-,-,-,-,-
4909411090845 ,おいしい免疫ケア　睡眠　６本,１００ｍｌ×６,100,11/15まで,-,-,-,-,-,-
4909411091637 ,キリン　おいしい免疫ケア　１００ｍｌＰＥＴ　６本パ,１００ｍｌ×６,100,11/15まで,-,-,-,-,-,-
4909411091651 ,キリン　おいしい免疫ケア　カロリーオフ　１００ｍｌ,１００ｍｌ×６,100,11/15まで,-,-,-,-,-,-
4909411112431 ,キリン　おいしい免疫ケア　ダブルミタミン　１００ｍ,１００ｍｌ×６,100,11/15まで,-,-,-,-,-,-
4909411116637 ,おいしい免疫ケア　セラミドプラス,１００ｍｌ×６,100,11/15まで,-,-,-,-,-,-
4909411122331 ,つよいぞ！ムテキッズ,１００ｍｌ×６,100,11/15まで,-,-,-,-,-,-
4950055604172 ,オフテクス　ｃｌｅａｄｅｗプロケアＳ,３６０ｍｌ,100,11/15まで,-,-,-,-,-,-
4961243339806 ,シード　ピュアティ　モイスト　２本パック,１２０ｍｌ×２本,100,11/15まで,-,-,-,-,-,-
4967576769976 ,ナノエアーマスク　小さめサイズ　３０枚入,３０枚,100,11/15まで,-,-,-,-,-,-
4967576769983 ,ナノエアーマスク　ふつうサイズ　３０枚入,３０枚,100,11/15まで,-,-,-,-,-,-
4967576769990 ,ナノエアーマスク　ゆったりワイドサイズ３０枚入,３０枚,100,11/15まで,-,-,-,-,-,-
4971650801537 ,ライスメイドプラスクレンジングオイル,２００ｍｌ,100,11/15まで,-,-,-,-,-,-
4978951800016 ,ｍｋ　冷感シャツスプレー本体　無香性,３００ｍｌ,100,11/15まで,-,-,-,-,-,-
4978951800023 ,ｍｋ　冷感シャツスプレー　本体　ミントの香り,３００ｍｌ,100,11/15まで,-,-,-,-,-,-
4978951800030 ,ｍｋ　冷感シャツスプレー詰替　無香性,４００ｍｌ,100,11/15まで,-,-,-,-,-,-
4978951800047 ,ｍｋ　冷感シャツスプレー　詰替　ミントの香り,４００ｍｌ,100,11/15まで,-,-,-,-,-,-
4987028110583 ,エーザイ　トラベルミンＲ,６錠,100,11/15まで,-,-,-,-,-,-
4987033000459 ,太田胃散　太田胃散整腸薬デ・ルモア錠,１８０錠,100,11/15まで,-,-,-,-,-,-
4987035341116 ,大塚）ポカリスエット　パウダーセット,５袋×５＋スクイズ,100,11/15まで,-,-,-,-,-,-
4987040055220 ,カイゲン　改源,６０包,100,11/15まで,-,-,-,-,-,-
4987067262908 ,興和　バンテリンコーワパットＥＸ,２１枚,100,11/15まで,-,-,-,-,-,-
4987067325702 ,三次元マスク　ふつうＭサイズ　ホワイト－３－３０枚,３０枚,100,11/15まで,-,-,-,-,-,-
4987067325801 ,三次元マスク　すこし小さめＭＳ　ホワイト３０枚－３,３０枚,100,11/15まで,-,-,-,-,-,-
4987067325900 ,三次元マスク　小さめＳサイズ　ピンク－３－３０枚,３０枚,100,11/15まで,-,-,-,-,-,-
4987067484904 ,三次元マスク　ふつうＭサイズ３０枚入り,３０枚,100,11/15まで,-,-,-,-,-,-
4987067490509 ,三次元マスク　小さめＳサイズ３０枚入り,３０枚,100,11/15まで,-,-,-,-,-,-
4987072037683 ,ケシミン密封乳液,１３０ｍｌ,100,11/15まで,-,-,-,-,-,-
4987072037690 ,ケシミン密封乳液　つめかえ用,１１５ｍｌ,100,11/15まで,-,-,-,-,-,-
4987072050477 ,ケシミン浸透化粧水　とてもしっとり高保湿タイプ,１６０ｍＬ,100,11/15まで,-,-,-,-,-,-
4987072050484 ,ケシミン浸透化粧水　とてもしっとり高保湿詰替,１４０ｍｌ,100,11/15まで,-,-,-,-,-,-
4987072063255 ,ケシミン浸透化粧水　しっとりもちもち肌詰替,１４０ｍｌ,100,11/15まで,-,-,-,-,-,-
4987072077115 ,ケシミン浸透化粧水　しっとりもちもち肌,１６０ｍＬ,100,11/15まで,-,-,-,-,-,-
4987072085660 ,小林製薬　ナイシヘルプ　３０日分,６０粒,100,11/15まで,-,-,-,-,-,-
4987072087343 ,小林製薬　イージーファイバートクホパウチ,２８０ｇ,100,11/15まで,-,-,-,-,-,-
4987072092224 ,ケシミン浸透化粧水　みずみずしいしっとり詰替用,１４０ｍｌ,100,11/15まで,-,-,-,-,-,-
4987072092231 ,ケシミン浸透化粧水　みずみずしいしっとり,１６０ｍｌ,100,11/15まで,-,-,-,-,-,-
4987107608154 ,第一三共　パテックスうすぴたシップ,４８枚,100,11/15まで,-,-,-,-,-,-
4987107670922 ,第一三共　パテックスぺたんシップａ,４０枚,100,11/15まで,-,-,-,-,-,-
4987107676702 ,第一三共　パテックスぺたんシップα,４０枚,100,11/15まで,-,-,-,-,-,-
4987110004370 ,大幸薬品　セイロガン糖衣Ａ８４錠（Ｎ）,８４錠,100,11/15まで,-,-,-,-,-,-
4987115250055 ,シンカトリ　２００日本体２Ｐ,２セット,100,11/15まで,-,-,-,-,-,-
4987115323018 ,ムエンダー４０回,４０回,100,11/15まで,-,-,-,-,-,-
4987115521513 ,ダニムエンダー　６０プッシュ,３０ｍｌ,100,11/15まで,-,-,-,-,-,-
4987123138604 ,アリナミン製薬　アリナミンＶ,５０ｍｌ×１０本,100,11/15まで,-,-,-,-,-,-
4987123141628 ,アリナミン製薬　アリナミン７,１００ｍｌ×１０Ｂ,100,11/15まで,-,-,-,-,-,-
4987123700962 ,アリナミン製薬　アリナミンゼロ７,１００ｍｌｘ１０,100,11/15まで,-,-,-,-,-,-
4987128264605 ,田辺ファーマ　タナベ胃腸薬ウルソ,２０錠,100,11/15まで,-,-,-,-,-,-
4987138391001 ,ツムラ　大建中湯エキス顆粒,２０包,100,11/15まで,-,-,-,-,-,-
4987176076915 ,パンパース　肌いち　超吸収スリムパンツＬ,Ｌ３４枚,100,11/15まで,-,-,-,-,-,-
4987176077134 ,パンパース　肌いち　超吸収スリムパンツＭ,Ｍ４２枚,100,11/15まで,-,-,-,-,-,-
4987176077158 ,パンパース　肌いち　超吸収スリムパンツビッグ,ビッグ３２枚,100,11/15まで,-,-,-,-,-,-
4987176077172 ,パンパース　おやすみパンツ　ビッグ,３０枚,100,11/15まで,-,-,-,-,-,-
4987176077219 ,パンパース　おやすみパンツ　ビッグより大きい,２２枚,100,11/15まで,-,-,-,-,-,-
4987176079381 ,パンパース　おやすみパンツ　Ｌ,３４枚,100,11/15まで,-,-,-,-,-,-
4987176098245 ,レノアアロマジュエルローズ＆フローラル詰替特大,１０８０ｍｌ,100,11/15まで,-,-,-,-,-,-
4987176098269 ,レノアアロマジュエルフローラル＆ブロッサム詰替特大,１０８０ｍｌ,100,11/15まで,-,-,-,-,-,-
4987176146489 ,アリエールジェル特大,９００ｇ,100,11/15まで,-,-,-,-,-,-
4987176146601 ,アリエールバイオサイエンスジェル部屋干し特大,８５０ｇ,100,11/15まで,-,-,-,-,-,-
4987176161956 ,レノアアロマジュエルおひさまＦの香り詰替特大,１０８０ｍｌ,100,11/15まで,-,-,-,-,-,-
4987176171283 ,パンパース肌いちテープＵＪＬ,Ｌ５２枚,100,11/15まで,-,-,-,-,-,-
4987176171290 ,パンパース肌いちテープＵＪＭ,Ｍ６４枚,100,11/15まで,-,-,-,-,-,-
4987176171306 ,パンパース肌いちテープＵＪＳ,Ｓ７８枚,100,11/15まで,-,-,-,-,-,-
4987176171313 ,パンパース肌いちテープＵＪ新生児,新生児８４枚,100,11/15まで,-,-,-,-,-,-
4987176171320 ,パンパース肌いちテープＳＪＬ,Ｌ４２枚,100,11/15まで,-,-,-,-,-,-
4987176171337 ,パンパース肌いちテープＳＪＭ,Ｍ５２枚,100,11/15まで,-,-,-,-,-,-
4987176171344 ,パンパース肌いちテープＳＪＳ,Ｓ６４枚,100,11/15まで,-,-,-,-,-,-
4987176171351 ,パンパース肌いちテープＳＪ新生児,新生児７０枚,100,11/15まで,-,-,-,-,-,-
4987176171368 ,パンパース肌いちパンツＵＪＢＩＧ,ビッグ４６枚,100,11/15まで,-,-,-,-,-,-
4987176171375 ,パンパース肌いちパンツＵＪＬ,Ｌ４８枚,100,11/15まで,-,-,-,-,-,-
4987176171382 ,パンパース肌いちパンツＵＪＭ,Ｍ６２枚,100,11/15まで,-,-,-,-,-,-
4987176171399 ,パンパース肌いちパンツＵＪＳ,Ｓ７８枚,100,11/15まで,-,-,-,-,-,-
4987176171405 ,パンパース肌いちパンツＳＪＢＩＧ,ビッグ３８枚,100,11/15まで,-,-,-,-,-,-
4987176171412 ,パンパース肌いちパンツＳＪＬ,Ｌ４０枚,100,11/15まで,-,-,-,-,-,-
4987176171429 ,パンパース肌いちパンツＳＪＭ,Ｍ５２枚,100,11/15まで,-,-,-,-,-,-
4987176171436 ,パンパース肌いちパンツＳＪＳ,Ｓ６４枚,100,11/15まで,-,-,-,-,-,-
4987176179029 ,レノア消臭抗菌ビーズスポーツクールリフレッシュ特大,９７０ｍＬ,100,11/15まで,-,-,-,-,-,-
4987176179043 ,レノア消臭抗菌ビーズウォータリーグリーン特大,９７０ｍＬ,100,11/15まで,-,-,-,-,-,-
4987176179067 ,レノア消臭抗菌ビーズリフレッシュフローラル特大,９７０ｍＬ,100,11/15まで,-,-,-,-,-,-
4987176179081 ,レノア消臭抗菌ビーズ部屋干し花とおひさま特大,９７０ｍＬ,100,11/15まで,-,-,-,-,-,-
4987176182678 ,アリエールジェル除菌プラス特大,８５０ｇ,100,11/15まで,-,-,-,-,-,-
4987176186423 ,レノアアロマジュエルパステルフローラルＴＴ特大,１０８０ｍｌ,100,11/15まで,-,-,-,-,-,-
4987176186430 ,レノアアロマジュエルアンティークローズＴＴ特大,１０８０ｍｌ,100,11/15まで,-,-,-,-,-,-
4987176194459 ,アリエールジェルボール４ＤプロクリーンＭＪ,５９個,100,11/15まで,-,-,-,-,-,-
4987176194596 ,アリエールジェルボール４Ｄ部屋干しメガジャンボ,７０個,100,11/15まで,-,-,-,-,-,-
4987176194763 ,アリエールジェルボール４Ｄメガジャンボ,７０個,100,11/15まで,-,-,-,-,-,-
4987176203106 ,パンパース肌へのいちばんパンツＵＪ　ビッグ４６枚,４６枚,100,11/15まで,-,-,-,-,-,-
4987176203113 ,パンパース肌へのいちばんパンツＵＪ　Ｌ４８枚,４８枚,100,11/15まで,-,-,-,-,-,-
4987176203120 ,パンパース肌へのいちばんパンツＵＪ　Ｍたっち５８枚,５８枚,100,11/15まで,-,-,-,-,-,-
4987176203137 ,パンパース肌へのいちばんパンツＵＪＭはいはい５８枚,５８枚,100,11/15まで,-,-,-,-,-,-
4987176203144 ,パンパース肌へのいちばんパンツＳＪ　ビッグ３８枚,３８枚,100,11/15まで,-,-,-,-,-,-
4987176203151 ,パンパース肌へのいちばんパンツＳＪ　Ｌ４０枚,４０枚,100,11/15まで,-,-,-,-,-,-
4987176203168 ,パンパース肌へのいちばんパンツＳＪ　Ｍたっち４８枚,４８枚,100,11/15まで,-,-,-,-,-,-
4987176203175 ,パンパース肌へのいちばんパンツＳＪＭはいはい４８枚,４８枚,100,11/15まで,-,-,-,-,-,-
4987176203182 ,パンパースはじめての肌へのいちばんＵＪ　Ｌ４８枚,４８枚,100,11/15まで,-,-,-,-,-,-
4987176203199 ,パンパースはじめての肌へのいちばんＵＪ　Ｍ５８枚,５８枚,100,11/15まで,-,-,-,-,-,-
4987176203205 ,パンパースはじめての肌へのいちばんＵＪ　Ｓ６６枚,６６枚,100,11/15まで,-,-,-,-,-,-
4987176203212 ,パンパースはじめての肌へのいちばんＳＪ　Ｌ４０枚,４０枚,100,11/15まで,-,-,-,-,-,-
4987176203229 ,パンパースはじめての肌へのいちばんＵＪ新生児７２枚,７２枚,100,11/15まで,-,-,-,-,-,-
4987176203236 ,パンパースはじめての肌へのいちばんＳＪ　Ｍ４８枚,４８枚,100,11/15まで,-,-,-,-,-,-
4987176203243 ,パンパースはじめての肌へのいちばんＳＪ　Ｓ５４枚,５４枚,100,11/15まで,-,-,-,-,-,-
4987176203250 ,パンパースはじめての肌へのいちばんＳＪ新生児６０枚,６０枚,100,11/15まで,-,-,-,-,-,-
4987176203427 ,パンパースおやすみパンツＳＪ　Ｌ３０枚,３０枚,100,11/15まで,-,-,-,-,-,-
4987176203434 ,パンパースおやすみパンツＳＪ　Ｍ３４枚,３４枚,100,11/15まで,-,-,-,-,-,-
4987176203441 ,パンパースおやすみパンツＳＪ　ビッグ大２２枚,２２枚,100,11/15まで,-,-,-,-,-,-
4987176203458 ,パンパースおやすみパンツＳＪ　ビッグ２６枚,２６枚,100,11/15まで,-,-,-,-,-,-
4987176203465 ,パンパースおやすみパンツＵＪ　ビッグ大３６枚,３６枚,100,11/15まで,-,-,-,-,-,-
4987176203489 ,パンパースおやすみパンツＵＪ　ビッグ４２枚,４２枚,100,11/15まで,-,-,-,-,-,-
4987176203496 ,パンパースおやすみパンツＵＪ　Ｌ４８枚,４８枚,100,11/15まで,-,-,-,-,-,-
4987176212665 ,ボールドジェルボール４ＤプレミアムブロッサムＭＪ,７０個,100,11/15まで,-,-,-,-,-,-
4987176212818 ,ボールドジェルボール４ＤフレッシュＦサボンＭＪ,７０個,100,11/15まで,-,-,-,-,-,-
4987176219046 ,アリエールバイオサイエンスジェル部屋干しウルトラＪ,１８１０ｇ,100,11/15まで,-,-,-,-,-,-
4987176219077 ,アリエールバイオサイエンスジェル部屋干しウルトラＪ,１４８０ｇ,100,11/15まで,-,-,-,-,-,-
4987176219220 ,アリエールジェル　つめかえウルトラＪ,１５５０ｇ,100,11/15まで,-,-,-,-,-,-
4987176219244 ,アリエールジェル　つめかえウルトラＪ,１９１０ｇ,100,11/15まで,-,-,-,-,-,-
4987176219329 ,アリエールジェル除菌プラスウルトラＪ,１４８０ｇ,100,11/15まで,-,-,-,-,-,-
4987176219343 ,アリエールジェル除菌プラスウルトラＪ,１８１０ｇ,100,11/15まで,-,-,-,-,-,-
4987176228673 ,レノアアロマジュエルブルーミングブロッサム超特大,１４１０ｍＬ,100,11/15まで,-,-,-,-,-,-
4987176228680 ,レノアアロマジュエルシトラスヴァーベナ詰替特大,１０４０ｍＬ,100,11/15まで,-,-,-,-,-,-
4987176228734 ,レノアアロマジュエルブルーミングブロッサム詰替特大,１０４０ｍＬ,100,11/15まで,-,-,-,-,-,-
4987176234735 ,アリエールジェルボールプロ超ＭＪ,９２個,100,11/15まで,-,-,-,-,-,-
4987176234759 ,アリエールジェルボールプロ部屋干し超ＭＪ,９２個,100,11/15まで,-,-,-,-,-,-
4987176234841 ,アリエールジェルボールプロパワーＭＪ,５４個,100,11/15まで,-,-,-,-,-,-
4987176235008 ,アリエールジェルボールプロ部屋干しメガジャンボ,６４個,100,11/15まで,-,-,-,-,-,-
4987176235039 ,アリエールジェルボールプロメガジャンボ,６４個,100,11/15まで,-,-,-,-,-,-
4987176238504 ,パンパースおやすみパンツＳＪスーパービッグ２０枚,２０枚,100,11/15まで,-,-,-,-,-,-
4987176241153 ,レノアオードリュクスマインドフルＡＪサンデー本体,５２０ｍＬ,100,11/15まで,-,-,-,-,-,-
4987176242136 ,レノアアロマジュエルフローラル＆ブロッサム超特大,１４１０ｍＬ,100,11/15まで,-,-,-,-,-,-
4987176242143 ,レノアアロマジュエルローズ＆フローラル詰替特大,１０４０ｍＬ,100,11/15まで,-,-,-,-,-,-
4987176242198 ,レノアアロマジュエルフローラル＆ブロッサム詰替特大,１０４０ｍＬ,100,11/15まで,-,-,-,-,-,-
4987176242259 ,レノアアロマジュエルローズ＆フローラル超特大,１４１０ｍｌ,100,11/15まで,-,-,-,-,-,-
4987176243959 ,レノア消臭抗菌ビーズ黄ばみブロッカーシトラス特大,１０４０ｍＬ,100,11/15まで,-,-,-,-,-,-
4987176244130 ,アリエールミライ洗浄プラスつめかえウルトラジャンボ,１２２０ｇ,100,11/15まで,-,-,-,-,-,-
4987176244147 ,アリエールミライ消臭プラスつめかえウルトラジャンボ,１２２０ｇ,100,11/15まで,-,-,-,-,-,-
4987176264718 ,ボールドジェルボール４ＤフレッシュＦサボンＭＪ,６４個,100,11/15まで,-,-,-,-,-,-
4987176264756 ,ボールドジェルボール４ＤプレミアムブロッサムＭＪ,６４個,100,11/15まで,-,-,-,-,-,-
4987176267917 ,レノア消臭抗菌ビーズ夜干し用アクアナイト特大,１０４０ｍＬ,100,11/15まで,-,-,-,-,-,-
4987176270405 ,パンテーン　ダメージケアトリートメント超特大,４００ｇ,100,11/15まで,-,-,-,-,-,-
4987176277992 ,レノアオードリュクスイノセントリリー本体,４７５ｍＬ,100,11/15まで,-,-,-,-,-,-
4987176278050 ,レノアオードリュクスホワイトムスク本体,４７５ｍＬ,100,11/15まで,-,-,-,-,-,-
4987176278128 ,レノアオードリュクスシダーウッド本体,４７５ｍＬ,100,11/15まで,-,-,-,-,-,-
4987176281395 ,パンパース　おやすみパンツＵＪ　Ｍ５２枚,５２枚,100,11/15まで,-,-,-,-,-,-
4987176284556 ,アリエールジェルボールプロ部屋干し超ＭＪ,７３個,100,11/15まで,-,-,-,-,-,-
4987176284655 ,アリエールジェルボールプロ超ＭＪ,７３個,100,11/15まで,-,-,-,-,-,-
4562212444554 ,国内産ブレンド日本のお米５キロ,５キロ,100,10/15まで,-,-,-,-,-,-
4901301405944 ,アタックＺＥＲＯつめかえ１６２０ｇ,１６２０ｇ,100,10/15まで,-,-,-,-,-,-
4901301406033 ,アタックＺＥＲＯドラムつめかえ　１６２０ｇ,１６２０ｇ,100,10/15まで,-,-,-,-,-,-
4901301406170 ,アタックＺＥＲＯ部屋干しつめかえ　１６２０ｇ,１６２０ｇ,100,10/15まで,-,-,-,-,-,-
4901301417329 ,アタックＺＥＲＯ部屋干し　つめかえ用　１５４０ｇ,１５４０ｇ,100,10/15まで,-,-,-,-,-,-
4901301419729 ,アタックＺＥＲＯ　つめかえ用　１５４０ｇ,１５４０ｇ,100,10/15まで,-,-,-,-,-,-
4901301419736 ,アタックＺＥＲＯドラム式専用つめかえ用　１５４０ｇ,１５４０ｇ,100,10/15まで,-,-,-,-,-,-
4901301435583 ,アタックＺＥＲＯつめかえ用　１５４０ｇ,１５４０ｇ,100,10/15まで,-,-,-,-,-,-
4901301435644 ,アタックＺＥＲＯドラム式専用つめかえ用　１５４０ｇ,１５４０ｇ,100,10/15まで,-,-,-,-,-,-
4901301435699 ,アタックＺＥＲＯ部屋干し　つめかえ用　１４６０ｇ,１４６０ｇ,100,10/15まで,-,-,-,-,-,-
4901301449603 ,アタックＺＥＲＯ替え特大　増量品,１５９０ｇ,100,10/15まで,-,-,-,-,-,-
4901301449610 ,アタックＺＥＲＯドラム式専用替え特大　増量品,１５９０ｇ,100,10/15まで,-,-,-,-,-,-
4901301449627 ,アタックＺＥＲＯ部屋干し替え特大　増量品,１５１０ｇ,100,10/15まで,-,-,-,-,-,-
4901301455208 ,アタックＺＥＲＯ替え特大　増量品,１５９０ｇ,100,10/15まで,-,-,-,-,-,-
4901301455215 ,アタックＺＥＲＯドラム式専用替え特大　増量品,１５９０ｇ,100,10/15まで,-,-,-,-,-,-
4901301455222 ,アタックＺＥＲＯ部屋干し替え特大　増量品,１５１０ｇ,100,10/15まで,-,-,-,-,-,-
4987176292438 ,ボールドジェルボール４Ｄプレミアムブロッサム超ＭＪ,７３個,100,11/15まで,-,-,-,-,-,-
4987176292797 ,ボールドジェルボール４ＤフレッシュＦサボン超ＭＪ,７３個,100,11/15まで,-,-,-,-,-,-
4987176309037 ,アリエールジェル除菌プラス超ウルトラＪ,１７２０ｇ,100,11/15まで,-,-,-,-,-,-
4987176309099 ,アリエールジェル超ウルトラジャンボ,１７２０ｇ,100,11/15まで,-,-,-,-,-,-
4987176309198 ,アリエールジェル部屋干し超ウルトラＪ,１７２０ｇ,100,11/15まで,-,-,-,-,-,-
4987176309686 ,パンテーンエクストラダメージヴィタミルク特大,２５０ｍｌ,100,11/15まで,-,-,-,-,-,-
4987176310149 ,レノアオードリュクスＡＪホワイトムスク本体,４７０ｍＬ,100,11/15まで,-,-,-,-,-,-
4987176310163 ,レノアオードリュクスＡＪイノセントリリー本体,４７０ｍＬ,100,11/15まで,-,-,-,-,-,-
4987176318848 ,アリエールミライ超濃縮　　つめかえウルトラジャンボ,９８０ｇ,100,11/15まで,-,-,-,-,-,-
4987176318886 ,アリエールミライ超濃縮部屋干しつめかえウルトラジャ,９８０ｇ,100,11/15まで,-,-,-,-,-,-
4987176322913 ,レノアアロマジュエルブラックムスク詰替特大,１０４０ｍＬ,100,11/15まで,-,-,-,-,-,-
4987176333445 ,パンパースおやすみパンツＵＪ　Ｌ５６枚,５６枚,100,11/15まで,-,-,-,-,-,-
4987176333452 ,パンパースおやすみパンツＵＪ　ビッグ大４０枚,４０枚,100,11/15まで,-,-,-,-,-,-
4987176333469 ,パンパースおやすみパンツＵＪ　Ｍ６２枚,６２枚,100,11/15まで,-,-,-,-,-,-
4987176333490 ,パンパースおやすみパンツ　スーパービッグ１８枚,１８枚,100,11/15まで,-,-,-,-,-,-
4987176333513 ,パンパースおやすみパンツＵＪ　ビッグ４８枚,４８枚,100,11/15まで,-,-,-,-,-,-
4987176339362 ,パンテーンエクストラダメージヴィタミルク詰替,２５０ｍｌ,100,11/15まで,-,-,-,-,-,-
4987176339379 ,パンテーンモイストスムーストリートメント特大,４００ｇ,100,11/15まで,-,-,-,-,-,-
4987176341068 ,パンパース肌へのいちばんパンツＵＪＭはいはい５６枚,５６枚,100,11/15まで,-,-,-,-,-,-
4987176341075 ,パンパース肌へのいちばんパンツＳＪ　Ｍたっち４６枚,４６枚,100,11/15まで,-,-,-,-,-,-
4987176341082 ,パンパース肌へのいちばんパンツＳＪＭはいはい４６枚,４６枚,100,11/15まで,-,-,-,-,-,-
4987176341143 ,パンパース肌へのいちばんパンツＵＪ　Ｍたっち５６枚,５６枚,100,11/15まで,-,-,-,-,-,-
4987176341150 ,パンパース肌へのいちばんパンツＳＪ　ビッグ３４枚,３４枚,100,11/15まで,-,-,-,-,-,-
4987176341174 ,パンパース肌へのいちばんパンツＵＪ　ビッグ４２枚,４２枚,100,11/15まで,-,-,-,-,-,-
4987176341228 ,パンパース肌へのいちばんパンツＳＪ　Ｌ３６枚,３６枚,100,11/15まで,-,-,-,-,-,-
4987176341242 ,パンパース肌へのいちばんパンツＵＪ　Ｌ４４枚,４４枚,100,11/15まで,-,-,-,-,-,-
4987176341372 ,パンパースはじめての肌へのいちばんＳＪ　Ｍ４６枚,４６枚,100,11/15まで,-,-,-,-,-,-
4987176341396 ,パンパースはじめての肌へのいちばんＳＪ　Ｌ３８枚,３８枚,100,11/15まで,-,-,-,-,-,-
4987176341426 ,パンパースはじめての肌へのいちばんＵＪ　Ｌ４６枚,４６枚,100,11/15まで,-,-,-,-,-,-
4987176341518 ,パンパースはじめての肌へのいちばんＵＪ　Ｍ５６枚,５６枚,100,11/15まで,-,-,-,-,-,-
4987176342157 ,ジレット剃り味プラス　やさしさ　３Ｂホルダー付,替刃４個付,100,11/15まで,-,-,-,-,-,-
4987176342164 ,ジレット剃り味プラス　深剃り　３Ｂホルダー付,替刃４個付,100,11/15まで,-,-,-,-,-,-
4987176343291 ,ファブリーズトイレ用最高レベルシトラス詰替３Ｐ,６．３ｍｌ×３,100,11/15まで,-,-,-,-,-,-
4987176343307 ,ファブリーズトイレ用消臭剤＋抗菌ブーケ詰替３Ｐ,６．３ｍｌ×３,100,11/15まで,-,-,-,-,-,-
4987176343321 ,ファブリーズトイレ用消臭剤＋抗菌シャボン詰替３Ｐ,６．３ｍｌ×３,100,11/15まで,-,-,-,-,-,-
4987176343338 ,ファブリーズトイレ用消臭剤＋抗菌ラベンダー詰替３Ｐ,６．３ｍｌ×３,100,11/15まで,-,-,-,-,-,-
4987176343345 ,ファブリーズトイレ用消臭剤＋抗菌シトラスＧ詰替３Ｐ,６．３ｍｌ×３,100,11/15まで,-,-,-,-,-,-
4987176343376 ,ファブリーズトイレ用消臭剤＋抗菌マウンテン詰替３Ｐ,６．３ｍｌ×３,100,11/15まで,-,-,-,-,-,-
4987176350091 ,レノアオードリュクスバブルバス本体,４７５ｍＬ,100,11/15まで,-,-,-,-,-,-
4987176361486 ,ファブリーズトイレ用＋自然フォレスト＆ＳＷ替３Ｐ,６．３ｍｌ×３,100,11/15まで,-,-,-,-,-,-
4987176361509 ,ファブリーズトイレ用＋自然　シトラス＆ＯＲＢ替３Ｐ,６．３ｍｌ×３,100,11/15まで,-,-,-,-,-,-
4987176361936 ,ファブリーズトイレ用＋自然　ホワイトムスク　替３Ｐ,６．３ｍｌ×３,100,11/15まで,-,-,-,-,-,-
4987176377920 ,パンパース　超吸収エアリーＭ４８枚,４８枚,100,11/15まで,-,-,-,-,-,-
4987176377951 ,パンパース　超吸収エアリーＬ４０枚,４０枚,100,11/15まで,-,-,-,-,-,-
4987176377968 ,パンパース　超吸収エアリービッグ３６枚,３６枚,100,11/15まで,-,-,-,-,-,-
4987176377999 ,パンパースはじめての肌へのいちばんＭＪテープＳ,８４枚,100,11/15まで,-,-,-,-,-,-
4987176378002 ,パンパースはじめての肌へのいちばんＭＪテープ新生児,９２枚,100,11/15まで,-,-,-,-,-,-
4987176389541 ,ボールドジェルボール４Ｄホワイトムスク本体,１４個,100,11/15まで,-,-,-,-,-,-
4987176392756 ,レノアオードリュクスイノセントリリー本体,４５０ｍＬ,100,11/15まで,-,-,-,-,-,-
4987176392879 ,レノアオードリュクスホワイトムスク本体,４５０ｍＬ,100,11/15まで,-,-,-,-,-,-
4987176392930 ,レノアオードリュクスバブルバス本体,４５０ｍＬ,100,11/15まで,-,-,-,-,-,-
4987176401113 ,レノアオードリュクスビーズアールグレイ本体,４７０ｍＬ,100,11/15まで,-,-,-,-,-,-
4987176407047 ,レノア抗菌ビーズ爽快クール特大,９９０ｍＬ,100,11/15まで,-,-,-,-,-,-
4987176407092 ,レノア超消臭爽快クール本体,４５０ｍＬ,100,11/15まで,-,-,-,-,-,-
4987188128015 ,久光製薬　エスカップ,１００ｍｌ×１２本,100,11/15まで,-,-,-,-,-,-
4987205100314 ,メンズビゲン　スピーディーⅡ　Ｎ　自然な黒色,４０ｇ＋４０ｇ,100,11/15まで,-,-,-,-,-,-
4987205100321 ,メンズビゲン　スピーディーⅡ　Ｄ　黒褐色,４０ｇ＋４０ｇ,100,11/15まで,-,-,-,-,-,-
4987205100338 ,メンズビゲン　スピーディーⅡ　Ｓ　自然な褐色,４０ｇ＋４０ｇ,100,11/15まで,-,-,-,-,-,-
4987234361168 ,サイオスオレオクリームヘアカラー　２Ｎ,５０ｇ＋５０ｇ,100,11/15まで,-,-,-,-,-,-
4987234361175 ,サイオスオレオクリームヘアカラー　３Ｎ,５０ｇ＋５０ｇ,100,11/15まで,-,-,-,-,-,-
4987234361182 ,サイオスオレオクリームヘアカラー　４Ｎ,５０ｇ＋５０ｇ,100,11/15まで,-,-,-,-,-,-
4987234361199 ,サイオスオレオクリームヘアカラー　５Ｎ,５０ｇ＋５０ｇ,100,11/15まで,-,-,-,-,-,-
4987234361205 ,サイオスオレオクリームヘアカラー　２Ｐ,５０ｇ＋５０ｇ,100,11/15まで,-,-,-,-,-,-
4987234361212 ,サイオスオレオクリームヘアカラー　２Ｂ,５０ｇ＋５０ｇ,100,11/15まで,-,-,-,-,-,-
4987234361229 ,サイオスオレオクリームヘアカラー　２Ａ,５０ｇ＋５０ｇ,100,11/15まで,-,-,-,-,-,-
4987234361236 ,サイオスオレオクリームヘアカラー　３Ｂ,５０ｇ＋５０ｇ,100,11/15まで,-,-,-,-,-,-
4987234361403 ,サイオス　オレオクリームヘアカラー　１Ｎ,５０ｇ＋５０ｇ,100,11/15まで,-,-,-,-,-,-
4987234361410 ,サイオス　オレオクリームヘアカラー　３Ａ,５０ｇ＋５０ｇ,100,11/15まで,-,-,-,-,-,-
4987234361571 ,サイオスオレオクリームヘアカラー３Ｍオリーブマット,５０ｇ＋５０ｇ,100,11/15まで,-,-,-,-,-,-
4987234361847 ,サイオス　オレオクリームヘアカラー　１Ｂ　クリスタ,５０ｇ＋５０ｇ,100,11/15まで,-,-,-,-,-,-
4987234362134 ,サイオスオレオクリームヘアカラー　３ＲＢ,５０ｇ＋５０ｇ,100,11/15まで,-,-,-,-,-,-
4987234362325 ,サイオス　オレオクリームヘアカラー　１Ａ,５０ｇ＋５０ｇ,100,11/15まで,-,-,-,-,-,-
4987234362509 ,サイオス　オレオクリームヘアカラー　１Ｐ,５０ｇ＋５０ｇ,100,11/15まで,-,-,-,-,-,-
4987234362721 ,サイオス　オレオクリームヘアカラー　０Ｐ,５０ｇ＋５０ｇ,100,11/15まで,-,-,-,-,-,-
4987234363131 ,サイオスオレオクリームヘアカラー　０Ｂ,５０ｇ＋５０ｇ,100,11/15まで,-,-,-,-,-,-
4987234363353 ,サイオス　オレオクリーム　ヘアカラー　３ＣＢ,５０ｇ＋５０ｇ,100,11/15まで,-,-,-,-,-,-
4987241146352 ,ロート　メディクイックＨゴールド,３０ｍｌ,100,11/15まで,-,-,-,-,-,-
4987272101450 ,佐藤薬品工業　チアビタミン錠Ｂ,６０錠,100,11/15まで,-,-,-,-,-,-
4987300049419 ,エスエス製薬　ドリエル,１２錠,100,11/15まで,-,-,-,-,-,-
4987300067017 ,エスエス製薬　ハイチオールＣプラス２,１８０錠,100,11/15まで,-,-,-,-,-,-
4987305116727 ,全薬工業　ジキニンＦｉｒｓｔＮＥＯ錠,４５錠,100,11/15まで,-,-,-,-,-,-
4987353271911 ,ユースキン　シソラ　ローションポンプ,１７０ｍｌ,100,11/15まで,-,-,-,-,-,-
4987353272017 ,ユースキン　　シソラ　ローションつけかえ,１７０ｍｌ,100,11/15まで,-,-,-,-,-,-
4987426003128 ,池田模範堂　ムヒのこどもせきどめシロップＳ１,１２０ｍｌ,100,11/15まで,-,-,-,-,-,-
4987426003272 ,池田模範堂　ムヒのこどもかぜシロップＳ２,１２０ｍｌ,100,11/15まで,-,-,-,-,-,-
4987426003289 ,池田模範堂　ムヒのこどもかぜシロップＰ２,１２０ｍｌ,100,11/15まで,-,-,-,-,-,-
4987892100154 ,ＭＫ　テルモ電子体温計　Ｃ２３２ＭＫ,ＥＴ－Ｃ２３２ＭＫ,100,11/15まで,-,-,-,-,-,-
4987910003153 ,アリナミン製薬　ベンザエースＡゴールドＷ錠,９０錠,100,11/15まで,-,-,-,-,-,-
4987973221921 ,三次元マスク　すこし大きめＬサイズ　ホワイト３０枚,３０枚,100,11/15まで,-,-,-,-,-,-
4990705531205 ,アイミー　ワンオーケア,１２０ｍｌ×２本,100,11/15まで,-,-,-,-,-,-
4901301466280 ,アタックＺＥＲＯ　ドラム式専用つめかえ　１４６０ｇ,１４６０ｇ,100,10/15まで,-,-,-,-,-,-
4901301466303 ,アタックＺＥＲＯ　つめかえ　１４６０ｇ,１４６０ｇ,100,10/15まで,-,-,-,-,-,-
4901301466426 ,アタックＺＥＲＯ　部屋干し　つめかえ　１４６０ｇ,１４６０ｇ,100,10/15まで,-,-,-,-,-,-
4902508082938 ,全身泡ソープ　３．５回分　１４００ｍｌ,１４００ｍｌ,100,10/15まで,-,-,-,-,-,-
4902508082945 ,全身泡ソープ　しっとり　３．５回分　１４００ｍｌ,１４００ｍｌ,100,10/15まで,-,-,-,-,-,-
4902508082952 ,全身泡ソープ　フラワー　３．５回分　１４００ｍｌ,１４００ｍｌ,100,10/15まで,-,-,-,-,-,-
4902508084017 ,ピジョン　ワセリン,１００ｇ,100,10/15まで,-,-,-,-,-,-
4902508084673 ,ＵＶベビーミルク　Ｗプロテクト　ＳＰＦ２０　４５ｇ,４５ｇ,100,10/15まで,-,-,-,-,-,-
4902508084680 ,ＵＶベビーミルク　ウォータープルーフ　ＳＰＦ３５,３０ｇ,100,10/15まで,-,-,-,-,-,-
4902508084703 ,ＵＶベビーミルク　ウォータープルーフ　ＳＰＦ５０＋,５０ｇ,100,10/15まで,-,-,-,-,-,-
4902508274326 ,ベビーミルクローション　ワセリンｉｎ　２５０ｇ,２５０ｇ,100,10/15まで,-,-,-,-,-,-
4902508275804 ,ピジョンキッズ　魔法のあわあわボディソープ　４００,４００ｍｌ,100,10/15まで,-,-,-,-,-,-
4902508275828 ,ピジョンキッズ　魔法のあわあわシャンプー　３５０ｍ,３５０ｍｌ,100,10/15まで,-,-,-,-,-,-
4902508277204 ,うるおいミストＵＶ　５０ｍｌ,５０ｍｌ,100,10/15まで,-,-,-,-,-,-
4902888727719 ,森永　ウィダージュニアプロテインココア,２４０ｇ,100,10/15まで,-,-,-,-,-,-
4902888727757 ,森永　ウィダーおいしい大豆プロテイン,３６０ｇ,100,10/15まで,-,-,-,-,-,-
4902888730580 ,森永　プロテイン効果　ソイカカオ味,２６４ｇ,100,10/15まで,-,-,-,-,-,-
4902888740169 ,森永　ウィダーおいしい大豆プロテインビターカカオ味,３６０ｇ,100,10/15まで,-,-,-,-,-,-
4903301365310 ,ＮＡＮＯＸｏｎｅニオイ専用本体＋超特大替２個,２７００ｇ,100,10/15まで,-,-,-,-,-,-
4903301365327 ,ＮＡＮＯＸｏｎｅＰＲＯ本体＋超特大替２個,２５２０ｇ,100,10/15まで,-,-,-,-,-,-
4903301370000 ,キレイキレイ泡ハンド詰替特大増量２Ｐ＋除菌シート,１６８０ｍｌ,100,10/15まで,-,-,-,-,-,-
4971710578171 ,サンカット　プロテクトＵＶ　スプレー　３００ｇ,３００ｇ,100,10/15まで,-,-,-,-,-,-
4987645401286 ,井藤漢方　しじみ牡蠣ウコンスルフォラファン２０日分,６０粒,100,10/15まで,-,-,-,-,-,-
4902111781303 ,ラックス　ダメージリペアシャンプー　詰替特大,８４０ｇ,110,11/15まで,-,-,-,-,788,11/15まで
4902111781310 ,ラックス　ダメージリペアコンディショナー　詰替特大,８４０ｇ,110,11/15まで,-,-,-,-,788,11/15まで
4902111781327 ,ラックス　モイスチャー保湿　シャンプー　詰替特大,８４０ｇ,110,11/15まで,-,-,-,-,788,11/15まで
4902111781334 ,ラックス　モイスチャー保湿　ＣＤ　詰替特大,８４０ｇ,110,11/15まで,-,-,-,-,788,11/15まで
4902111781341 ,ラックスストレートビューティーシャンプー　詰替特大,８４０ｇ,110,11/15まで,-,-,-,-,788,11/15まで
4902111781358 ,ラックス　ストレートビューティー　ＣＤ　詰替特大,８４０ｇ,110,11/15まで,-,-,-,-,788,11/15まで
4902111781365 ,ラックス　キンモクセイ　シャンプー　詰替特大,８４０ｇ,110,11/15まで,-,-,-,-,788,11/15まで
4902111781372 ,ラックス　キンモクセイ　コンディショナー　詰替特大,８４０ｇ,110,11/15まで,-,-,-,-,788,11/15まで
4902111781389 ,ラックスリラックスナイトケア　シャンプー　詰替特大,８４０ｇ,110,11/15まで,-,-,-,-,788,11/15まで
4902111781396 ,ラックス　リラックスナイトケア　ＣＤ詰替特大,８４０ｇ,110,11/15まで,-,-,-,-,788,11/15まで
4971710618518 ,ビオリス　インナーリペアヘアミルク,１２０ｍＬ,110,11/15まで,-,-,-,-,980,3/31まで
4971710618525 ,ビオリス　グロッシーヘアオイルスプレー,１５０ｇ,110,11/15まで,-,-,-,-,980,3/31まで
4971710618532 ,ビオリス　キューティクルリペア　ヘアオイル,８０ｍＬ,110,11/15まで,-,-,-,-,980,3/31まで
4901301314857 ,サクセスシャンプーボリュームアップタイプ本体,３５０ｍｌ,110,11/15まで,-,-,-,-,1300,11/15まで
4901301349774 ,サクセス　薬用育毛トニック　ボリュームケア　無香料,１８０ｇ,110,11/15まで,-,-,-,-,1380,11/15まで
4901301349781 ,サクセス　薬用育毛トニック　ボリュームケア　ＥＸク,１８０ｇ,110,11/15まで,-,-,-,-,1380,11/15まで
4901301372772 ,サクセス薬用育毛トニックＶＵＰ　フルーティシトラス,１８０ｇ,110,11/15まで,-,-,-,-,1380,11/15まで
4901301474667 ,サクセスシャンプー　ボリュームアップタイプＥＸ本体,３５０ｍＬ,110,11/15まで,-,-,-,-,1480,11/15まで
4520699157565 ,Ｆｒｅｃｉｏｕｓ　１０種自然素材室内猫チキン,１．２ｋｇ,110,11/15まで,-,-,-,-,-,-
4520699193112 ,Ｆｒｅｃｉｏｕｓ　１０種自然素材避妊　サーモンツナ,１．２ｋｇ,110,11/15まで,-,-,-,-,-,-
4520699606452 ,Ｆｒｅｃｉｏｕｓ　１０種自然素材室内猫サーモンツナ,１．２ｋｇ,110,11/15まで,-,-,-,-,-,-
4520699661383 ,足上げワンちゃん用壁貼りガード付きワイド,３０枚,110,11/15まで,-,-,-,-,-,-
4901080215314 ,ＮＵＲＵＲＵ　ホワイト＆ブラック　６包入,６包,110,11/15まで,-,-,-,-,-,-
4901301202963 ,ブローネヘアマニキュア　ライトブラウン　クシ付,７２Ｇ,110,11/15まで,-,-,-,-,-,-
4901301202987 ,ブローネヘアマニキュア　ブラウン　クシ付,７２Ｇ,110,11/15まで,-,-,-,-,-,-
4901301203007 ,ブローネヘアマニキュア　ダークブラウン　クシ付,７２Ｇ,110,11/15まで,-,-,-,-,-,-
4901301203021 ,ブローネヘアマニキュア　ナチュラルブラック　クシ付,７２Ｇ,110,11/15まで,-,-,-,-,-,-
4901301203045 ,ブローネヘアマニキュア　ティーブラウン　クシ付,７２Ｇ,110,11/15まで,-,-,-,-,-,-
4901301203106 ,ブローネヘアマニキュア　アッシュブラウン　クシ付,７２Ｇ,110,11/15まで,-,-,-,-,-,-
4901301271266 ,リーゼ　クセ・うねりまっすぐミスト,１５０ｍＬ,110,11/15まで,-,-,-,-,-,-
4901301271273 ,リーゼ　パサつきしらずのまとまるミルク,１２０ｍＬ,110,11/15まで,-,-,-,-,-,-
4901301271280 ,リーゼ　ふんわりパーマもどしフォーム　本体,２００ｍＬ,110,11/15まで,-,-,-,-,-,-
4901301271310 ,リーゼ　毛先まで一気に内向きシャワー本体,２００ｍＬ,110,11/15まで,-,-,-,-,-,-
4901301311580 ,リーゼ　毛流れそろうオイルミスト,８８ｍｌ,110,11/15まで,-,-,-,-,-,-
4901301336217 ,ビオレｕキッチンハンドジェルソープ無香料　ポンプ,２５０ｍｌ,110,11/15まで,-,-,-,-,-,-
4901301365941 ,リーゼ　プレイフルワックス　弾ませムーブ,７０ｇ,110,11/15まで,-,-,-,-,-,-
4901301365958 ,リーゼ　プレイフルワックス　軽やかナチュラル,７０ｇ,110,11/15まで,-,-,-,-,-,-
4901301366573 ,リーゼ　アイロン下地　カール用　１１０ｍｌＬ,１１０ｍＬ,110,11/15まで,-,-,-,-,-,-
4901301366580 ,リーゼまとめ髪つくるフォーム　本体,２００ｍｌ,110,11/15まで,-,-,-,-,-,-
4901301366757 ,リーゼ　アイロン下地　ストレート用　１１０ｍＬ,１１０ｍＬ,110,11/15まで,-,-,-,-,-,-
4901301388063 ,ビオレ　泡クリームメイク落とし　本体,２１０ｍＬ,110,11/15まで,-,-,-,-,-,-
4901301388377 ,ブローネルミエストヘアカラー　０Ｐ　ベリーピンク,１０８ｇ,110,11/15まで,-,-,-,-,-,-
4901301388384 ,ブローネルミエストヘアカラー　２Ｐ　ボルドーピンク,１０８ｇ,110,11/15まで,-,-,-,-,-,-
4901301388391 ,ブローネルミエストヘアカラー１ＷＢウォームブラウン,１０８ｇ,110,11/15まで,-,-,-,-,-,-
4901301388407 ,ブローネルミエストヘアカラー０Ｂ　シフォンブラウン,１０８ｇ,110,11/15まで,-,-,-,-,-,-
4901301388414 ,ブローネルミエストヘアカラー１Ｂナチュラルブラウン,１０８ｇ,110,11/15まで,-,-,-,-,-,-
4901301388421 ,ブローネルミエストヘアカラー２Ｂキャラメルブラウン,１０８ｇ,110,11/15まで,-,-,-,-,-,-
4901301388438 ,ブローネルミエストヘアカラー　１Ｍ　マットアッシュ,１０８ｇ,110,11/15まで,-,-,-,-,-,-
4901301388445 ,ブローネルミエストヘアカラー　２Ｍ　マットオリーブ,１０８ｇ,110,11/15まで,-,-,-,-,-,-
4901301388452 ,ブローネルミエストヘアカラー　１Ａクールアッシュ,１０８ｇ,110,11/15まで,-,-,-,-,-,-
4901301388469 ,ブローネルミエストヘアカラー　２Ａスタイリアッシュ,１０８ｇ,110,11/15まで,-,-,-,-,-,-
4901301395191 ,ビオレ泡クリームメイク落とし＋クリアシート試供品,２１０ｍｌ,110,11/15まで,-,-,-,-,-,-
4901301405371 ,ビオレ泡クリームメイク落とし　ひんやりミント　本体,２１０ｍｌ,110,11/15まで,-,-,-,-,-,-
4901301406118 ,ブローネルミエストヘアカラー２ＢＥハニーベージュ,１０８ｇ,110,11/15まで,-,-,-,-,-,-
4901301406286 ,ブローネルミエストヘアカラー１ＬＩライラック,１０８ｇ,110,11/15まで,-,-,-,-,-,-
4901301414465 ,ビオレ泡クリームメイク落とし　さわやかミント　本体,２１０ｍＬ,110,11/15まで,-,-,-,-,-,-
4901301437877 ,ニベア　リペアエキスパート　超乾燥肌用,３５０ｇ,110,11/15まで,-,-,-,-,-,-
4901301437884 ,ニベア　リペアエキスパート　乾燥肌用,３５０ｍＬ,110,11/15まで,-,-,-,-,-,-
4901301439093 ,ブローネ　カラーＴＲ　サクラピンク,１８０ｇ,110,11/15まで,-,-,-,-,-,-
4901301440112 ,ブローネ　カラーＴＲ　マリーゴールドオレンジ,１８０ｇ,110,11/15まで,-,-,-,-,-,-
4901301440136 ,ブローネ　カラーＴＲ　カカオブラウン,１８０ｇ,110,11/15まで,-,-,-,-,-,-
4901301442710 ,ビオレｕキッチンハンドジェルソープ　無香料　詰替大,６８０ｍｌ,110,11/15まで,-,-,-,-,-,-
4901301452658 ,ブローネ　カラートリートメント　フォレストアッシュ,１８０ｇ,110,11/15まで,-,-,-,-,-,-
4901301452689 ,アトリックス　ＢＣプレミアム　シワ改善,６０ｇ,110,11/15まで,-,-,-,-,-,-
4901301467713 ,ビオレｕ　キッチン用泡ハンドソープ　つめかえ用,４３０ｍＬ,110,11/15まで,-,-,-,-,-,-
4901301467720 ,ビオレｕ　キッチン用泡ハンドソープ　ポンプ,２４０ｍＬ,110,11/15まで,-,-,-,-,-,-
4901301473615 ,ＮルーセントＢＭブライトニング３３０ｍＬ＋ＵＶミニ,３３０ｍＬ＋１６ｇ,110,11/15まで,-,-,-,-,-,-
4902105801277 ,日清　完全メシ　汁なしカップヌードル,１１８ｇ,110,11/15まで,-,-,-,-,-,-
4902105801284 ,日清　完全メシ　カップヌードル　汁なしシーフードＮ,１１９ｇ,110,11/15まで,-,-,-,-,-,-
4902105801291 ,日清　完全メシ　日清焼そばＵ．Ｆ．Ｏ．,１２９ｇ,110,11/15まで,-,-,-,-,-,-
4902105963210 ,日清　完全メシ　カレーメシ　欧風カレー,１１９ｇ,110,11/15まで,-,-,-,-,-,-
4902105967263 ,日清　完全メシ　キーマカレーメシ　スパイシー,１１６ｇ,110,11/15まで,-,-,-,-,-,-
4902105969656 ,日清　完全メシ　ハヤシメシ　デミグラス,１１９ｇ,110,11/15まで,-,-,-,-,-,-
4902105978917 ,日清　完全メシ　韓国風旨辛メシ　ユッケジャン,１１０ｇ,110,11/15まで,-,-,-,-,-,-
4902105978955 ,日清　完全メシ　カップヌードル　汁なしシーフードＮ,１１１ｇ,110,11/15まで,-,-,-,-,-,-
4902105978979 ,日清　完全メシ　汁なしカップヌードル,１１１ｇ,110,11/15まで,-,-,-,-,-,-
4902105982518 ,日清　完全メシ　カレーメシ　欧風カレー,１１９ｇ,110,11/15まで,-,-,-,-,-,-
4902105986066 ,日清　完全メシ　日清焼そばＵＦＯぶっ濃い屋台風焼そ,１２３ｇ,110,11/15まで,-,-,-,-,-,-
4902105987322 ,日清　完全メシ　カレーメシ　欧風カレー,１１９ｇ,110,11/15まで,-,-,-,-,-,-
4902105987339 ,日清　完全メシ　キーマカレーメシ,１１６ｇ,110,11/15まで,-,-,-,-,-,-
4902105987346 ,日清　完全メシ　ハヤシメシ　デミグラス,１１９ｇ,110,11/15まで,-,-,-,-,-,-
4902105987360 ,日清　完全メシ　トムヤムライス,１０９ｇ,110,11/15まで,-,-,-,-,-,-
4520699168349 ,グラン・デリ　フレシャス　成犬お肉チキンビーフ中粒,９００ｇ,110,10/15まで,-,-,-,-,-,-
4520699170625 ,グラン・デリ　フレシャス　成犬用お肉チキンビーフ,９００ｇ,110,10/15まで,-,-,-,-,-,-
4520699600566 ,グラン・デリ　フレシャス　早食い軽減チキン＆ビーフ,１．０ｋｇ,110,10/15まで,-,-,-,-,-,-
4520699617731 ,グラン・デリ　フレシャス　アダルトチキン＆ビーフ,１ｋｇ,110,10/15まで,-,-,-,-,-,-
4520699618219 ,グラン・デリ　フレシャス　アダルトチキン＆小魚,１ｋｇ,110,10/15まで,-,-,-,-,-,-
4520699619216 ,グラン・デリ　フレシャスアダルト低脂肪チキンビーフ,１ｋｇ,110,10/15まで,-,-,-,-,-,-
4520699620434 ,グラン・デリ　フレシャス　１０歳チキン＆ビーフ,１ｋｇ,110,10/15まで,-,-,-,-,-,-
4520699622148 ,グラン・デリ　フレシャス　１３歳チキン＆ビーフ,１ｋｇ,110,10/15まで,-,-,-,-,-,-
4520699680834 ,グラン・デリ　フレシャス　超小型犬　チキン＆ビーフ,１ｋｇ,110,10/15まで,-,-,-,-,-,-
4520699681961 ,グラン・デリ　フレシャス避妊・去勢チキン＆ビーフ,９００ｇ,110,10/15まで,-,-,-,-,-,-
4520699685761 ,グラン・デリ　フレシャスアダルト低脂肪チキン＆小魚,１ｋｇ,110,10/15まで,-,-,-,-,-,-
4520699686270 ,グラン・デリ　フレシャス　パピー　チキン＆ビーフ,１ｋｇ,110,10/15まで,-,-,-,-,-,-
4520699840320 ,グラン・デリ　フレシャス　１０歳以上肉チキンビーフ,９００ｇ,110,10/15まで,-,-,-,-,-,-
4946452071396 ,メディエイドしっかり手首,Ｍサイズ,110,11/15まで,-,-,-,-,-,-
4946452071402 ,メディエイドしっかり手首,Ｌサイズ,110,11/15まで,-,-,-,-,-,-
4946452072225 ,メディエイドしっかりガード　ヒザソフト　Ｍ,Ｍサイズ,110,11/15まで,-,-,-,-,-,-
4946452072232 ,メディエイドしっかりガード　ヒザソフト　Ｌ,Ｌサイズ,110,11/15まで,-,-,-,-,-,-
4946452072249 ,メディエイドしっかりガード　ヒザソフト　ＬＬ,ＬＬサイズ,110,11/15まで,-,-,-,-,-,-
4946452077312 ,メディエイドしっかり手首　スリムハードプラス,フリー,110,11/15まで,-,-,-,-,-,-
4946842637188 ,アサヒ　パーフェクトアスタコラーゲンプレミアリッチ,２２８ｇ,110,11/15まで,-,-,-,-,-,-
4971710319361 ,クリアターン　ＶＣ　エッセンスマスク　３０回分,３０回分,110,11/15まで,-,-,-,-,-,-
4971710319378 ,クリアターン　ＣＯ　エッセンスマスクＮ　３０回分,３０回分,110,11/15まで,-,-,-,-,-,-
4971710319385 ,クリアターン　ＨＡ　エッセンスマスクＮ　３０回分,３０回分,110,11/15まで,-,-,-,-,-,-
4971710319392 ,クリアターン　Ｑ１０　エッセンスマスクＮ　３０回分,３０回分,110,11/15まで,-,-,-,-,-,-
4971710382037 ,ＣＴ　トラネキサム酸　エッセンスマスク　３０回分,３０回分,110,11/15まで,-,-,-,-,-,-
4971710385663 ,クリアターン　ＰＳ　エッセンスマスク　３０回分,３０回分,110,11/15まで,-,-,-,-,-,-
4971710397161 ,ＳＦＴ　クリアプロ　酵素クレンジングオイル,１８０ｍｌ,110,11/15まで,-,-,-,-,-,-
4971710397536 ,ナチュサボンＳ　泡ボディＷ　リフレッシュ,４５０ｍｌ,110,11/15まで,-,-,-,-,-,-
4971710397550 ,ナチュサボンＳ　泡ボディＷ　リッチモイスト,４５０ｍｌ,110,11/15まで,-,-,-,-,-,-
4971710521887 ,ナチュサボンＳ　泡ボディＷ　ゆず＆ハニー,４５０ｍｌ,110,11/15まで,-,-,-,-,-,-
4971710523669 ,ジュレームｉＰ　タラソリペア　ヘアオイル,８０ｍｌ,110,11/15まで,-,-,-,-,-,-
4971710525229 ,ナチュサボン泡ＢＷ　ミント＆ヴァーベナの香り,４５０ｍｌ,110,11/15まで,-,-,-,-,-,-
4971710539646 ,デオカラット　薬用ボディウォッシュ　本体,４５０ｍＬ,110,11/15まで,-,-,-,-,-,-
4971710541724 ,セラミエイド　薬用フェイス＆ボディＷ　本体,４８０ｍＬ,110,11/15まで,-,-,-,-,-,-
4971710550603 ,ナチュサボン泡ＢＷ　金木犀の香り,４５０ｍｌ,110,11/15まで,-,-,-,-,-,-
4971710555776 ,ＳＦＴクリアプロ　クッションＣＬオイル,１８０ｍｌ,110,11/15まで,-,-,-,-,-,-
4971710558593 ,ジュレームＲＬ　オーバーナイトケア　ミルク,１２０ｍＬ,110,11/15まで,-,-,-,-,-,-
4971710567854 ,ビオリス　　ボタニカル　モイストヘアオイル,８０ｍＬ,110,11/15まで,-,-,-,-,-,-
4971710567861 ,ビオリス　　ボタニカル　スムースヘアオイル,８０ｍＬ,110,11/15まで,-,-,-,-,-,-
4971710581614 ,ビオリス　前髪お直しパウダー,５ｇ,110,11/15まで,-,-,-,-,-,-
4971710587456 ,ジュレームｉＰ　キューティクルボンド　ヘアオイル,８０ｇ,110,11/15まで,-,-,-,-,-,-
4971710589351 ,ジュレームＲＬ　オーバーナイトケアミルク　金木犀,１２０ｍＬ,110,11/15まで,-,-,-,-,-,-
4971710590241 ,デオカラット　薬用ボディウォッシュ　クール,４５０ｍＬ,110,11/15まで,-,-,-,-,-,-
4971710594836 ,ソフティモ　クリアプロ　クッションＣＬオイル　夜桜,１８０ｍｌ,110,11/15まで,-,-,-,-,-,-
4987188100325 ,久光製薬　サロンパスＡ,１４０枚,110,11/15まで,-,-,-,-,-,-
4987973126684 ,興和　コルゲンコーワＬＸ錠,１８錠,110,11/15まで,-,-,-,-,-,-
4987977000485 ,ヘイリオン　新コンタック総合かぜ薬エース,３６Ｐ,110,11/15まで,-,-,-,-,-,-
4963246043056 ,千葉県産ふさこがね５ｋｇ,５Ｋｇ,110,10/15まで,-,-,-,-,-,-
4971710382884 ,クリアターン　肌ふっくら　マスク,５０枚,110,10/15まで,-,-,-,-,-,-
4971710383850 ,クリアターン　薬用美白　肌ホワイトマスク,５０枚,110,10/15まで,-,-,-,-,-,-
4971710387926 ,クリアターン　超濃厚保湿マスクＥＸ,４０枚入,110,10/15まで,-,-,-,-,-,-
4971710390612 ,クリアターン　純国産米マスクＥＸ,４０枚入,110,10/15まで,-,-,-,-,-,-
4971710395044 ,クリアターン　ハリ感濃潤リフトマスクＥＸ,４０枚入,110,10/15まで,-,-,-,-,-,-
4971710524260 ,クリアターンＣＩＣＡモイストマスク,４０枚入,110,10/15まで,-,-,-,-,-,-
4971710567380 ,クリアターンビタＣＩＣＡマスク,４０枚入,110,10/15まで,-,-,-,-,-,-
4971710587661 ,クリアターン　ごめんね素肌　おめざめスイッチマスク,３０枚,110,10/15まで,-,-,-,-,-,-
4971710587678 ,クリアターン　まいにち毛穴小町マスク,３０枚,110,10/15まで,-,-,-,-,-,-
4971710591989 ,クリアターン　まいにちごめんね素肌マスク,３０枚,110,10/15まで,-,-,-,-,-,-
4971710614732 ,クリアターンごめんね素肌スポットケアマスク,６０枚入,110,10/15まで,-,-,-,-,-,-
4971710629118 ,クリアターンアゼライン酸ＣＩＣＡケアマスク,４０枚入,110,10/15まで,-,-,-,-,-,-
4973512283369 ,ラカント　低糖質スイートナッツ,１２０ｇ,110,10/15まで,-,-,-,-,-,-
4973512283376 ,ラカント　低糖質キャラメルナッツ,１２０ｇ,110,10/15まで,-,-,-,-,-,-
4210201329220 ,オーラルＢ　ジェントルケアホワイト替ブラシ,４本,110,11/15まで,-,-,-,-,-,-
4210201405429 ,オーラルＢすみずみクリーンキッズブルー替えブラシ,４本入,110,11/15まで,-,-,-,-,-,-
4210201405580 ,オーラルＢすみずみクリーンキッズピンク替えブラシ,４本入,110,11/15まで,-,-,-,-,-,-
4210201417491 ,オーラルＢ　やわらか極細毛替えブラシ,４本入,110,11/15まで,-,-,-,-,-,-
4210201439912 ,オーラルＢ　フロスアクションブラシ４本入,４本,110,11/15まで,-,-,-,-,-,-
4520699027523 ,デオシート　フローラルシャボン　レギュラー,８０枚,110,11/15まで,-,-,-,-,-,-
4520699028018 ,ＡｌｌＷｅｌｌ　１０種自然素材室内猫チキン,１．３ｋｇ,110,11/15まで,-,-,-,-,-,-
4520699030769 ,デオシート　ホワイトティーの香りＷ　２５ＮＯＶ,６０枚,110,11/15まで,-,-,-,-,-,-
4520699052341 ,デオシート　金木犀の香りＷ　２６ＡＵＧ,６０枚,110,11/15まで,-,-,-,-,-,-
4520699057995 ,デオシート　金木犀の香りＷ　２５ＡＵＧ,６０枚,110,11/15まで,-,-,-,-,-,-
4520699229590 ,デオシート　フローラルシャボン　ワイド,６０枚,110,11/15まで,-,-,-,-,-,-
4520699231197 ,デオシート　グリーンアロマ　ワイド,４０枚,110,11/15まで,-,-,-,-,-,-
4520699272930 ,デオシート　癒しのワンマイル桜の香りＲ　２６ＦＥＢ,１２０枚,110,11/15まで,-,-,-,-,-,-
4520699318782 ,デオシート　ホワイトティーの香りＲ　２５ＮＯＶ,１２０枚,110,11/15まで,-,-,-,-,-,-
4520699335291 ,デオシート　金木犀の香りＲ　２６ＡＵＧ,１２０枚,110,11/15まで,-,-,-,-,-,-
4520699379400 ,ＡｌｌＷｅｌｌ　１０種自然素材避妊去勢サーモンツナ,１．２ｋｇ,110,11/15まで,-,-,-,-,-,-
4520699393888 ,デオシート　フローラルシャボン　ワイド,４０枚,110,11/15まで,-,-,-,-,-,-
4520699429686 ,デオシート　癒しのワンマイル桜の香りＲ　２５ＦＥＢ,１２８枚,110,11/15まで,-,-,-,-,-,-
4520699554050 ,デオシート　ホワイトティーの香りＲ　２４ＮＯＶ,１３２枚,110,11/15まで,-,-,-,-,-,-
4520699560662 ,デオシート　グリーンアロマ　ワイド,６０枚,110,11/15まで,-,-,-,-,-,-
4520699575536 ,デオシート　金木犀の香りＲ　２５ＡＵＧ,１２０枚,110,11/15まで,-,-,-,-,-,-
4520699579343 ,デオシート　フレッシュマリンの香りＲ　２５ＭＡＹ,１２０枚,110,11/15まで,-,-,-,-,-,-
4520699602393 ,ＡｌｌＷｅｌｌ避妊・去勢チキン味,１．５ｋｇ,110,11/15まで,-,-,-,-,-,-
4520699610114 ,デオシート　ハワイアンスパの香りＲ　２２ＭＡＹ,１２８枚,110,11/15まで,-,-,-,-,-,-
4520699614587 ,デオシート　癒しのワンマイル森林浴Ｒ　２３ＮＯＶ,１２８枚,110,11/15まで,-,-,-,-,-,-
4520699617427 ,デオシート　癒しのワンマイル森林浴Ｗ　２３ＮＯＶ,６４枚,110,11/15まで,-,-,-,-,-,-
4520699630990 ,デオシート　癒しのワンマイル桜の香りＲ　２３ＦＥＢ,１２８枚,110,11/15まで,-,-,-,-,-,-
4520699633199 ,デオシート　金木犀の香りＲ　２４ＡＵＧ,１２８枚,110,11/15まで,-,-,-,-,-,-
4520699633694 ,デオシート　金木犀の香りＷ　２４ＡＵＧ,６４枚,110,11/15まで,-,-,-,-,-,-
4520699633847 ,デオシート　癒しのワンマイル桜の香りＷ　２３ＦＥＢ,６４枚,110,11/15まで,-,-,-,-,-,-
4520699635599 ,ＡｌｌＷｅｌｌ　避妊・去勢フィッシュ味,１．５ｋｇ,110,11/15まで,-,-,-,-,-,-
4520699636336 ,デオシート　金木犀の香りＲ　２３ＡＵＧ,１２８枚,110,11/15まで,-,-,-,-,-,-
4520699640944 ,デオシート　金木犀の香りＷ　２３ＡＵＧ,６４枚,110,11/15まで,-,-,-,-,-,-
4520699643778 ,デオシートしっかり超吸収ホワイトＦレギュラー,１０８枚,110,11/15まで,-,-,-,-,-,-
4520699644171 ,デオシートしっかり超吸収ホワイトＦワイド,５２枚,110,11/15まで,-,-,-,-,-,-
4520699647622 ,デオシートプレミアム　レギュラー,８８枚,110,11/15まで,-,-,-,-,-,-
4520699648360 ,デオシートプレミアム　ワイド,４４枚,110,11/15まで,-,-,-,-,-,-
4520699648421 ,デオシート消臭ラボ　トイレシステム　吸収消臭マット,レギュラー　１０枚,110,11/15まで,-,-,-,-,-,-
4520699648636 ,ＡｌｌＷｅｌｌ子猫フィッシュ,１．６ｋｇ,110,11/15まで,-,-,-,-,-,-
4520699649190 ,ＡｌｌＷｅｌｌ　室内猫用フィッシュ味,１．６ｋｇ,110,11/15まで,-,-,-,-,-,-
4520699649220 ,ＡｌｌＷｅｌｌ　室内猫用チキン味,１．６ｋｇ,110,11/15まで,-,-,-,-,-,-
4520699650554 ,デオシート　癒しのワンマイル桜の香りＲ　２４ＦＥＢ,１２８枚,110,11/15まで,-,-,-,-,-,-
4520699651438 ,ＡｌｌＷｅｌｌ　１０歳腎臓の健康フィッシュ味,１．５ｋｇ,110,11/15まで,-,-,-,-,-,-
4520699652077 ,デオシート　癒しのワンマイル桜の香りＷ　２４ＦＥＢ,６４枚,110,11/15まで,-,-,-,-,-,-
4520699652336 ,ＡｌｌＷｅｌｌ　１５歳腎臓の健康フィッシュ味,１．５ｋｇ,110,11/15まで,-,-,-,-,-,-
4520699652817 ,ＡｌｌＷｅｌｌ　室内猫用贅沢素材入りフィッシュ味,１．５ｋｇ,110,11/15まで,-,-,-,-,-,-
4520699658352 ,デオシート　Ｐｒｅｍｉｕｍ１２時間　レギュラー,５４枚,110,11/15まで,-,-,-,-,-,-
4520699659250 ,デオシート　Ｐｒｅｍｉｕｍ１２時間　ワイド,２６枚,110,11/15まで,-,-,-,-,-,-
4520699659878 ,デオシート　Ｐｒｅｍｉｕｍ１２時間　レギュラー,８４枚,110,11/15まで,-,-,-,-,-,-
4520699660904 ,デオシート　Ｐｒｅｍｉｕｍ１２時間　ワイド,４２枚,110,11/15まで,-,-,-,-,-,-
4520699662472 ,ＡｌｌＷｅｌｌ早食い猫用チキン味フリーズドライ,１．５ｋｇ,110,11/15まで,-,-,-,-,-,-
4520699664391 ,ＡｌｌＷｅｌｌ健康免疫チキン味フリーズドライ,１．５ｋｇ,110,11/15まで,-,-,-,-,-,-
4520699667071 ,デオシート　レギュラー,７２枚,110,11/15まで,-,-,-,-,-,-
4520699667989 ,デオシートしっかり超吸収無香消臭レギュラー,１１２枚,110,11/15まで,-,-,-,-,-,-
4520699670354 ,デオシート　ワイド,３６枚,110,11/15まで,-,-,-,-,-,-
4520699672143 ,デオシートしっかり超吸収無香消臭ワイド,５４枚,110,11/15まで,-,-,-,-,-,-
4520699674703 ,デオシートスーパーワイド,１５枚,110,11/15まで,-,-,-,-,-,-
4520699676066 ,デオシートしっかり超吸収無香消臭スーパーワイド,２３枚,110,11/15まで,-,-,-,-,-,-
4520699678763 ,デオシート小型犬香る消臭シートフローラルレギュラー,８４枚,110,11/15まで,-,-,-,-,-,-
4520699680148 ,デオシート香る消臭フレグランスフローラルレギュラー,１２８枚,110,11/15まで,-,-,-,-,-,-
4520699681701 ,デオシート小型犬香る消臭シートフローラルワイド,４２枚,110,11/15まで,-,-,-,-,-,-
4520699686614 ,デオシート香る消臭フレグランスグリーンワイド,６４枚,110,11/15まで,-,-,-,-,-,-
4520699687253 ,ＡｌｌＷｅｌｌ肥満猫フィッシュ,１．５ｋｇ,110,11/15まで,-,-,-,-,-,-
4520699688045 ,デオシート消臭ラボ　トイレシステム抗菌フィルター,レギュラー　４枚,110,11/15まで,-,-,-,-,-,-
4520699691656 ,ＡｌｌＷｅｌｌ　早食い猫用　天然小魚とささみ,１．６ｋｇ,110,11/15まで,-,-,-,-,-,-
4520699692219 ,ＡｌｌＷｅｌｌ　健康免疫　天然小魚とささみ,１．６ｋｇ,110,11/15まで,-,-,-,-,-,-
4520699693353 ,ＡｌｌＷｅｌｌ　成猫の腎臓の健康　天然小魚とささみ,１．６ｋｇ,110,11/15まで,-,-,-,-,-,-
4520699699065 ,ＡｌｌＷｅｌｌ　ひざ関節の健康維持用　フィッシュ味,１．５ｋｇ,110,11/15まで,-,-,-,-,-,-
4520699729946 ,デオシート　グリーンアロマ　レギュラー,１２０枚,110,11/15まで,-,-,-,-,-,-
4520699760758 ,デオシート　癒しのワンマイル桜の香りＷ　２５ＦＥＢ,６４枚,110,11/15まで,-,-,-,-,-,-
4520699788561 ,デオシート　グリーンアロマ　レギュラー,８０枚,110,11/15まで,-,-,-,-,-,-
4520699805435 ,ＡｌｌＷｅｌｌ　１０種自然素材１５歳サーモンツナ,１．２ｋｇ,110,11/15まで,-,-,-,-,-,-
4520699808894 ,デオシート　シックライラックの香りＷ　２６ＭＡＹ,６０枚,110,11/15まで,-,-,-,-,-,-
4520699814536 ,デオシート　フレッシュマリンの香りＷ　２５ＭＡＹ,６０枚,110,11/15まで,-,-,-,-,-,-
4520699820179 ,デオシート　癒しのワンマイル桜の香りＷ　２６ＦＥＢ,６０枚,110,11/15まで,-,-,-,-,-,-
4520699877722 ,ＡｌｌＷｅｌｌ　１０種自然素材室内猫サーモンツナ,１．３ｋｇ,110,11/15まで,-,-,-,-,-,-
4520699900611 ,デオシート　ホワイトティーの香りＷ　２４ＮＯＶ,６６枚,110,11/15まで,-,-,-,-,-,-
4520699906606 ,ＡｌｌＷｅｌｌ　１０種自然素材１０歳サーモンツナ,１．２ｋｇ,110,11/15まで,-,-,-,-,-,-
4520699939505 ,デオシート　シックライラックの香りＲ　２６ＭＡＹ,１２０枚,110,11/15まで,-,-,-,-,-,-
4520699959398 ,デオシート　フローラルシャボン　レギュラー,１２０枚,110,11/15まで,-,-,-,-,-,-
4548514511637 ,インセント薬用育毛トニック　ＰＣペアパックアイスＭ,１９０ｇ×２本,110,11/15まで,-,-,-,-,-,-
4901080031310 ,ダニアース　１プッシュ式スプレー　６０プッシュ,１５ｍｌ,110,11/15まで,-,-,-,-,-,-
4901080038814 ,虫コロリアース　１プッシュ式スプレー　８０プッシュ,２０ｍｌ,110,11/15まで,-,-,-,-,-,-
4901234362932 ,マトメージュまとめ髪スティックＲ　フローラルブーケ,１３ｇ,110,11/15まで,-,-,-,-,-,-
4901301236883 ,めぐりズム蒸気の温熱シート１６枚,１６枚,110,11/15まで,-,-,-,-,-,-
4901301248978 ,メリット　シャンプーブラシ,１コ,110,11/15まで,-,-,-,-,-,-
4901301404244 ,８ｘ４メン薬用ボディウォッシュ　ホンタイ,４００ｍｌ,110,11/15まで,-,-,-,-,-,-
4901301432728 ,８ｘ４メンミドルリキッド　８５ｍＬ,８５ｍＬ,110,11/15まで,-,-,-,-,-,-
4901301432735 ,８ｘ４メンミドルボディウォッシュ　ホンタイ,４００ｍＬ,110,11/15まで,-,-,-,-,-,-
4901301436542 ,エッセン　しっとりまとまる　ＳＰ詰替　６８０ｍＬ,６８０ｍＬ,110,11/15まで,-,-,-,-,-,-
4901301436559 ,エッセン　しっとりまとまる　ＣＤ詰替　６８０ｍＬ,６８０ｍＬ,110,11/15まで,-,-,-,-,-,-
4901301436627 ,エッセン　ふんわりうるツヤ　ＳＰ詰替　６８０ｍＬ,６８０ｍＬ,110,11/15まで,-,-,-,-,-,-
4901301436634 ,エッセン　ふんわりうるツヤ　ＣＤ詰替　６８０ｍＬ,６８０ｍＬ,110,11/15まで,-,-,-,-,-,-
4901301440129 ,ブローネ　カラーＴＲ　オリーブアッシュ,１８０ｇ,110,11/15まで,-,-,-,-,-,-
4901301448705 ,メリット　シャンプー　ポンプ　４５０ｍＬ,４５０ｍＬ,110,11/15まで,-,-,-,-,-,-
4901301448712 ,メリット　コンディショナー　ポンプ　４５０ｍＬ,４５０ｍＬ,110,11/15まで,-,-,-,-,-,-
4901301448729 ,メリット　リンスのいらないシャンプー　ポンプ,４５０ｍＬ,110,11/15まで,-,-,-,-,-,-
4901301448965 ,メリット　リンスのいらないシャンプークール　ＰＯ,４５０ｍＬ,110,11/15まで,-,-,-,-,-,-
4901301454058 ,ニベア　ルーセントビューティ　ブライトニング３３０,３３０ｍＬ,110,11/15まで,-,-,-,-,-,-
4901301454065 ,ニベア　ルーセントビューティ　エンリッチ　３３０ｇ,３３０ｇ,110,11/15まで,-,-,-,-,-,-
4901301454072 ,ニベア　ルーセントビューティ　モイスチャー２００ｇ,２００ｇ,110,11/15まで,-,-,-,-,-,-
4901301454089 ,ニベア　ルーセントビューティ　モイスチャー３５０ｇ,３５０ｇ,110,11/15まで,-,-,-,-,-,-
4901301461087 ,８ｘ４　メン　デオドラントパテ　２５ｇ,２５ｇ,110,11/15まで,-,-,-,-,-,-
4901301466815 ,ニベアルーセントＢＤＭボディミルク金木犀３５０ｇ,３５０ｇ,110,11/15まで,-,-,-,-,-,-
4901301466822 ,ニベアルーセントＢ　美容クリームスクラブ　１９０ｇ,１９０ｇ,110,11/15まで,-,-,-,-,-,-
4901301469663 ,アタックＺＥＲＯ　ワンハンドタイプ　大サイズ,７６０ｇ,110,11/15まで,-,-,-,-,-,-
4901301469878 ,アタックＺＥＲＯ　部屋干し　ワンハンド　大,７６０ｇ,110,11/15まで,-,-,-,-,-,-
4901301471697 ,エッセンシャルしっとりまとまるＳＰ替え５５０ｍＬ,５５０ｍＬ,110,11/15まで,-,-,-,-,-,-
4901301471703 ,エッセンシャルしっとりまとまるＣＤ替え５５０ｍＬ,５５０ｍＬ,110,11/15まで,-,-,-,-,-,-
4901301471710 ,エッセンシャルふんわり軽やかＳＰ替え５５０ｍＬ,５５０ｍＬ,110,11/15まで,-,-,-,-,-,-
4901301471727 ,エッセンシャルふんわり軽やかＣＤ替え５５０ｍＬ,５５０ｍＬ,110,11/15まで,-,-,-,-,-,-
4901301472939 ,ハミング消臭実感　濃縮　ワンハンドタイプ　７６０ｇ,７６０ｇ,110,11/15まで,-,-,-,-,-,-
4901301472946 ,ハミング消臭実感　濃縮　ワンハンド　かえ　７００ｇ,７００ｇ,110,11/15まで,-,-,-,-,-,-
4946842635351 ,アサヒ　スリムアップＰ　シェイク　カフェ,３６０ｇ,110,11/15まで,-,-,-,-,-,-
4946842635443 ,アサヒ　スリムアップシェイクロイヤルミルクティー,３６０ｇ,110,11/15まで,-,-,-,-,-,-
4946842636013 ,アサヒ　スリムプレシャスシェイク　ショコラ,３６０ｇ,110,11/15まで,-,-,-,-,-,-
4946842638420 ,アサヒ　スリム酵素＋スーパーフードシェイク抹茶ラテ,３１５ｇ,110,11/15まで,-,-,-,-,-,-
4946842638703 ,アサヒ　スリムアップ　乳酸菌＋ミックスベリーラテ,３１５ｇ,110,11/15まで,-,-,-,-,-,-
4946842639908 ,アサヒ　ＳＵＳ乳酸菌ＣＰ１５６３シェイクカフェラテ,２５０ｇ,110,11/15まで,-,-,-,-,-,-
4946842639915 ,アサヒ　ＳＵＳ乳酸菌ＣＰ１５６３Ｓロイヤルミルクテ,２５０ｇ,110,11/15まで,-,-,-,-,-,-
4946842650484 ,アサヒ　ＳＵＳシェイプＰＲＯＴＥＩＮアサイーベリー,３００ｇ,110,11/15まで,-,-,-,-,-,-
4946842650712 ,アサヒ　スリムアップ　シェイクキャラメルラテ,３６０ｇ,110,11/15まで,-,-,-,-,-,-
4971710523652 ,ジュレームｉＰ　タラソリペア　Ｃヘアマスク,２００ｇ,110,11/15まで,-,-,-,-,-,-
4971710568196 ,ジュレームＲＬ　ミッドナイトリペア　ＷＴＲ,１８０ｍＬ,110,11/15まで,-,-,-,-,-,-
4972316210106 ,ｍｋペットシーツ薄型レギュラー１４８枚,Ｒ１４８枚,110,11/15まで,-,-,-,-,-,-
4972316210113 ,ｍｋペットシーツ薄型ワイド７４枚,Ｗ７４枚,110,11/15まで,-,-,-,-,-,-
4972316210120 ,ｍｋペットシーツ薄型スーパーワイド３２枚,ＳＷ３２枚,110,11/15まで,-,-,-,-,-,-
4978951800054 ,ｍｋ　衣料用冷感スプレー本体　フローラル＆ピオニー,２５０ｍｌ,110,11/15まで,-,-,-,-,-,-
4978951800061 ,ｍｋ　衣料用冷感スプレー本体　シトラスサボン,２５０ｍｌ,110,11/15まで,-,-,-,-,-,-
4978951800078 ,ｍｋ　衣料用冷感スプレー付替　フローラル＆ピオニー,２５０ｍｌ,110,11/15まで,-,-,-,-,-,-
4978951800085 ,ｍｋ　衣料用冷感スプレー付替　シトラスサボン,２５０ｍｌ,110,11/15まで,-,-,-,-,-,-
4987107615442 ,第一三共　新ルルＡ錠Ｓ,１００錠,110,11/15まで,-,-,-,-,-,-
4987107673381 ,第一三共　新ルルＡ錠Ｓ,９０錠,110,11/15まで,-,-,-,-,-,-
4987176054906 ,オーラルＢマルチアクション交換シグナル毛替えブラシ,４本入,110,11/15まで,-,-,-,-,-,-
4987176054913 ,オーラルＢ　ホワイトニングブラシ４本入,４本,110,11/15まで,-,-,-,-,-,-
4987176177063 ,ブラウンオーラルＢパーフェクトクリーン替え　４本入,４本,110,11/15まで,-,-,-,-,-,-
4987176258908 ,ファブリーズトイレ用消臭剤Ｆグリーン４Ｐ,６．３ｍｌ×４,110,11/15まで,-,-,-,-,-,-
4987176258915 ,ファブリーズトイレ用消臭剤ブルー・シャボン４Ｐ,６．３ｍｌ×４,110,11/15まで,-,-,-,-,-,-
4987176258922 ,ファブリーズトイレ用消臭剤Ｃラベンダー４Ｐ,６．３ｍｌ×４,110,11/15まで,-,-,-,-,-,-
4987176258977 ,ファブリーズトイレ用消臭剤Ｃスプラッシュ４Ｐ,６．３ｍｌ×４,110,11/15まで,-,-,-,-,-,-
4987176259042 ,ファブリーズトイレ用消臭剤Ｃブーケ４Ｐ,６．３ｍｌ×４,110,11/15まで,-,-,-,-,-,-
4987176376688 ,イージークリップ　ホワイトムスク　２Ｐ,２．２ｍｌｘ２,110,11/15まで,-,-,-,-,-,-
4987176376701 ,イージークリップ　スカイブリーズ　２Ｐ,２．５ｍｌ×２,110,11/15まで,-,-,-,-,-,-
4987176376756 ,イージークリップ　ナチュラルサボン　２Ｐ,２．２ｍｌｘ２,110,11/15まで,-,-,-,-,-,-
4987176376763 ,イージークリップ　シトラスブリーズ２Ｐ,２．２ｍｌｘ２,110,11/15まで,-,-,-,-,-,-
4987176376800 ,イージークリップ　タバコ用　２Ｐ,２．２ｍｌｘ２,110,11/15まで,-,-,-,-,-,-
4987176376817 ,イージークリップ　フローラルブリーズ２Ｐ,２．２ｍｌｘ２,110,11/15まで,-,-,-,-,-,-
4987176376848 ,イージークリップ　フォレストブリーズ　２Ｐ,２．２ｍｌｘ２,110,11/15まで,-,-,-,-,-,-
4987246602112 ,ヘイリオン　新コンタックせき止めダブル持続性,１２Ｐ,110,11/15まで,-,-,-,-,-,-
4987316030388 ,佐藤製薬　ユンケル黄帝ロイヤル２本パック,５０ｍｌｘ２,110,11/15まで,-,-,-,-,-,-
4987977000065 ,カムテクト　プレミアム　歯ぐきケア,１０５ｇ,110,11/15まで,-,-,-,-,-,-
4987977000089 ,カムテクト　プレミアム　ホワイトニング,９５ｇ,110,11/15まで,-,-,-,-,-,-
4968396335259 ,石川県産ゆめみづほ,５Ｋｇ,110,10/15まで,-,-,-,-,-,-
4971710397772 ,サンカット　プロＤ　マルチブロックＵＶ　ミルク,６０ｍｌ,110,10/15まで,-,-,-,-,-,-
4971710398045 ,サンカット　プロＤ　タフネスＵＶ　ミルク,６０ｍｌ,110,10/15まで,-,-,-,-,-,-
4971710398779 ,サンカット　プロＤ　トーンアップＵＶ　スティック,２０ｇ,110,10/15まで,-,-,-,-,-,-
4971710524222 ,サンカット　プロＤ　オールインワンＵＶムース,６０ｇ,110,10/15まで,-,-,-,-,-,-
4971710560626 ,サンカット　プロＤ　オールインワンＵＶムース　ライ,６０ｇ,110,10/15まで,-,-,-,-,-,-
4971710560633 ,サンカット　プロＤ　ライトアップＵＶスティック,２０ｇ,110,10/15まで,-,-,-,-,-,-
4971710561326 ,ＭＫサンカット　プロＤオールインワンＵＶムース限定,６０ｇ,110,10/15まで,-,-,-,-,-,-
4971710561333 ,ＭＫサンカットプロＤオールインワンＵＶムースライト,６０ｇ,110,10/15まで,-,-,-,-,-,-
4996064008051 ,香穂一膳５ｋｇ,５ｋｇ,110,10/15まで,-,-,-,-,-,-
4901777062702 ,サントリー　天然水　ケース,２Ｌ×６,120,11/15まで,-,-,-,-,696,11/15まで
4901301448446 ,ハミングフレアアロマビーズフローラルＳ＆ローズ詰替,５２０ｇ,120,11/15まで,-,-,-,-,1287,11/15まで
4901301448477 ,ハミングフレアアロマビーズフラワーＨ＆Ｒムスク詰替,５２０ｇ,120,11/15まで,-,-,-,-,1287,11/15まで
4901085246443 ,１日分の野菜ケース,２００ｍｌ×１２本,120,11/15まで,-,-,-,-,-,-
4901085611296 ,充実野菜緑黄色ミックス　ケース,２００ｍｌ×１２本,120,11/15まで,-,-,-,-,-,-
4901085611371 ,充実野菜緑の野菜ミックス　ケース,２００ｍｌ×１２本,120,11/15まで,-,-,-,-,-,-
4901085642788 ,紙ビタミン野菜ケース,２００ｍｌ×１２,120,11/15まで,-,-,-,-,-,-
4901085667996 ,鉄分野菜ケース,２００ｍｌ×１２,120,11/15まで,-,-,-,-,-,-
4901301223920 ,リリーフモレ安心パッド強力吸収３０枚,３０枚,120,11/15まで,-,-,-,-,-,-
4901301418579 ,メリーズパンツ　Ｍ５２枚,５２マイ,120,11/15まで,-,-,-,-,-,-
4901301425867 ,メリーズパンツＳ６２枚,６２マイ,120,11/15まで,-,-,-,-,-,-
4901301425874 ,メリーズパンツ　Ｌ４４枚,４４マイ,120,11/15まで,-,-,-,-,-,-
4901301425881 ,メリーズパンツ　ビッグ３８枚,３８マイ,120,11/15まで,-,-,-,-,-,-
4901301437693 ,メリーズ　テープ　新生児用５０００ｇまで　６８枚,６８枚,120,11/15まで,-,-,-,-,-,-
4901301437709 ,メリーズ　テープ　Ｓサイズ６２枚,６２枚,120,11/15まで,-,-,-,-,-,-
4901301437716 ,メリーズ　テープ　Ｍサイズ　５２枚,５２枚,120,11/15まで,-,-,-,-,-,-
4901301442918 ,メリーズ　エアスルーパンツ　Ｂｉｇ大サイズ,２４枚,120,11/15まで,-,-,-,-,-,-
4901301748829 ,リリーフモレ安心パッド長時間たよれる３０枚,３０枚,120,11/15まで,-,-,-,-,-,-
4901301758095 ,リリーフモレ安心パッド一晩中ぐっすり１６枚,１６枚,120,11/15まで,-,-,-,-,-,-
4901777230576 ,サントリー　天然水　１Ｌ　ケース,１Ｌ×１２,120,11/15まで,-,-,-,-,-,-
4902102112147 ,爽健美茶　ケース,２０００ｍＬ×６,120,11/15まで,-,-,-,-,-,-
4902102141260 ,やかんの麦茶　ケース,２．０Ｌ×６,120,11/15まで,-,-,-,-,-,-
4902720109116 ,森永はぐくみ大缶,８００Ｇ,120,11/15まで,-,-,-,-,-,-
4901301438706 ,ＭＫめぐりズムアイマスク　ベルガモットシトラス,１２枚,120,10/15まで,-,-,-,-,-,-
4901301455260 ,めぐりズム蒸気めぐるアイマスク　金木犀１２枚,１２枚,120,10/15まで,-,-,-,-,-,-
4901301455277 ,めぐりズム蒸気めぐるアイマスク　ひのき１２枚,１２枚,120,10/15まで,-,-,-,-,-,-
4901301455536 ,めぐりズム蒸気でホットアイマスクホワイトティ１２枚,１２枚,120,10/15まで,-,-,-,-,-,-
4901301460547 ,めぐりズム蒸気めぐるアイマスク　無香料　１２枚,１２枚,120,10/15まで,-,-,-,-,-,-
4901301460578 ,めぐりズム蒸気めぐるアイマスク　ラベンダー１２枚,１２枚,120,10/15まで,-,-,-,-,-,-
4901301460608 ,めぐりズム蒸気めぐるアイマスク　カモミール１２枚,１２枚,120,10/15まで,-,-,-,-,-,-
4901301460639 ,めぐりズム蒸気めぐるアイマスク　完熟ゆず１２枚,１２枚,120,10/15まで,-,-,-,-,-,-
4901301460660 ,めぐりズム蒸気めぐるアイマスク　森林浴１２枚,１２枚,120,10/15まで,-,-,-,-,-,-
4901301461025 ,めぐりズム蒸気めぐるアイマスク　シダーウッド１２枚,１２枚,120,10/15まで,-,-,-,-,-,-
4901301461049 ,めぐりズム蒸気めぐるアイマスク　ゼラニウム１２枚,１２枚,120,10/15まで,-,-,-,-,-,-
4901301462282 ,めぐりズム蒸気でホットアイマスクミモザの香り１２枚,１２枚,120,10/15まで,-,-,-,-,-,-
4901301462299 ,めぐりズム蒸気でホットアイマスクミモザの香り１枚,１枚,120,10/15まで,-,-,-,-,-,-
4901301464835 ,ＭＫめぐりズム蒸気めぐるアイマスク　ハーブ１２枚,１２枚,120,10/15まで,-,-,-,-,-,-
4901301464859 ,めぐりズム蒸気でホットアイマスク桜の香り１２枚,１２枚,120,10/15まで,-,-,-,-,-,-
4901301464866 ,めぐりズム蒸気でホットアイマスク桜の香り１枚,１枚,120,10/15まで,-,-,-,-,-,-
4901301465764 ,めぐりズム蒸気めぐるアイマスクサンリオ無香料１２枚,１２枚,120,10/15まで,-,-,-,-,-,-
4901301465788 ,めぐりズム蒸気めぐるアイマスクグレフル１２枚,１２枚,120,10/15まで,-,-,-,-,-,-
4901301465801 ,めぐりズム蒸気めぐるアイマスクサンリオネロリ１２枚,１２枚,120,10/15まで,-,-,-,-,-,-
4946452071426 ,メディエイドしっかりガード　親指,Ｍサイズ,120,11/15まで,-,-,-,-,-,-
4946452071433 ,メディエイドしっかりガード　親指,Ｌサイズ,120,11/15まで,-,-,-,-,-,-
4946452078623 ,メディエイドしっかりふくらはぎ　着圧スリーブ,Ｍ,120,11/15まで,-,-,-,-,-,-
4946452078630 ,メディエイドしっかりふくらはぎ　着圧スリーブ,Ｌ,120,11/15まで,-,-,-,-,-,-
4946452079194 ,メディエイドスタイルケア　姿勢リフォーム,Ｍ,120,11/15まで,-,-,-,-,-,-
4946452079200 ,メディエイドスタイルケア　姿勢リフォーム,Ｌ,120,11/15まで,-,-,-,-,-,-
4987035223900 ,大塚）ポカリスエットイオンウオーター,９００ｍｌｘ１２,120,11/15まで,-,-,-,-,-,-
4987035332503 ,大塚製薬）ポカリスエットペットボトル,９００ｍｌｘ１２,120,11/15まで,-,-,-,-,-,-
4987067282104 ,興和　新コルゲンうがいワンプッシュ,３５０ｍＬ,120,11/15まで,-,-,-,-,-,-
4987072100417 ,ゼローラ＋美白ケア,９０ｇ,120,11/15まで,-,-,-,-,-,-
4987107170811 ,第一三共　第一三共胃腸薬プラス　細粒,３０包,120,11/15まで,-,-,-,-,-,-
4987107170842 ,第一三共　第一三共胃腸薬プラス　錠剤,１８０錠,120,11/15まで,-,-,-,-,-,-
4987123144858 ,アリナミン製薬　ベンザブロックＬ,３０カプレット,120,11/15まで,-,-,-,-,-,-
4987123144865 ,アリナミン製薬　ベンザブロックＬ,４５錠,120,11/15まで,-,-,-,-,-,-
4987123144872 ,アリナミン製薬　ベンザブロックＳ,３０カプレット,120,11/15まで,-,-,-,-,-,-
4987123144889 ,アリナミン製薬　ベンザブロックＳ,６０錠,120,11/15まで,-,-,-,-,-,-
4987123145749 ,アリナミン製薬　ベンザブロックＩＰ,３０カプレット,120,11/15まで,-,-,-,-,-,-
4987123145763 ,アリナミン製薬　ベンザブロックＩＰ,４５錠,120,11/15まで,-,-,-,-,-,-
4987176402462 ,ボールドジェルボール４Ｄローズ＆ブーケ本体,１３個,120,11/15まで,-,-,-,-,-,-
4987176402530 ,ボールドジェルボール４Ｄグリーンティー＆ネロリ本体,１３個,120,11/15まで,-,-,-,-,-,-
4987176402615 ,ボールドジェルボール４Ｄフレッシュサボン本体,１３個,120,11/15まで,-,-,-,-,-,-
4901301466624 ,めぐりズム蒸気めぐるアイマスクはたらく和漢１２枚,１２枚,120,10/15まで,-,-,-,-,-,-
4901301466631 ,めぐりズム蒸気めぐるアイマスクはたらく無香料１２枚,１２枚,120,10/15まで,-,-,-,-,-,-
4901301471048 ,めぐりズム蒸気めぐるアイたまごっちハニー１２枚,１２枚,120,10/15まで,-,-,-,-,-,-
4901301471062 ,めぐりズム蒸気めぐるアイたまごアップルベリー１２枚,１２枚,120,10/15まで,-,-,-,-,-,-
4901301471086 ,めぐりズム蒸気めぐるアイマスクたまご無香料　１２枚,１２枚,120,10/15まで,-,-,-,-,-,-
4902705058873 ,明治ザバスミルク脂肪０ココア風味,２００ｍＬ×１２,120,10/15まで,-,-,-,-,-,-
4902705058880 ,明治ザバスミルク脂肪０バナナ風味,２００ｍＬ×１２,120,10/15まで,-,-,-,-,-,-
4973512261824 ,アラウ．ベビーミルキーローション　詰替,２６０ｍｌ,120,10/15まで,-,-,-,-,-,-
4514603392500 ,アサヒ　十六茶麦茶　ケース,２Ｌ×６,120,11/15まで,-,-,-,-,-,-
4514603405705 ,アサヒ　十六茶　ケース,２Ｌ×６,120,11/15まで,-,-,-,-,-,-
4520699607787 ,銀のスプーンパウチ　総合栄養食まぐろ,５５ｇ×１２,120,11/15まで,-,-,-,-,-,-
4520699608654 ,銀のスプーンパウチ　総合栄養食まぐろ・かつおささみ,５５ｇ×１２,120,11/15まで,-,-,-,-,-,-
4520699610824 ,銀のスプーンパウチ　総合栄養食まぐろ・かつお節,５５ｇ×１２,120,11/15まで,-,-,-,-,-,-
4520699612750 ,銀のスプーンパウチ　総合栄養食１５歳まぐろ,５５ｇ×１２,120,11/15まで,-,-,-,-,-,-
4520699692769 ,銀のスプーンパウチ　無添加まぐろ,６０ｇ×１２,120,11/15まで,-,-,-,-,-,-
4520699692998 ,銀のスプーンパウチ　無添加ささみ,６０ｇ×１２,120,11/15まで,-,-,-,-,-,-
4520699698648 ,銀のスプーンパウチ　健康に育つ子猫用まぐろ・かつお,６０ｇ×１２,120,11/15まで,-,-,-,-,-,-
4520699698709 ,銀のスプーンパウチまぐろ,６０ｇ×１２,120,11/15まで,-,-,-,-,-,-
4520699698938 ,銀のスプーンパウチ　まぐろ・かつおにささみ入り,６０ｇ×１２,120,11/15まで,-,-,-,-,-,-
4520699699010 ,銀のスプーンパウチ　まぐろ・かつおにかつお節入り,６０ｇ×１２,120,11/15まで,-,-,-,-,-,-
4520699699188 ,銀のスプーンパウチ　まぐろ・かつおにしらす入り,６０ｇ×１２,120,11/15まで,-,-,-,-,-,-
4520699699249 ,銀のスプーンパウチ１５歳頃からまぐろ,６０ｇ×１２,120,11/15まで,-,-,-,-,-,-
4520699699300 ,銀のスプーンパウチ　２０歳まぐろ,６０ｇ×１２,120,11/15まで,-,-,-,-,-,-
4520699753125 ,銀のスプーンパウチまぐろ＆まぐろ・かつおにかつお節,６０ｇ×１２,120,11/15まで,-,-,-,-,-,-
4520699954423 ,銀のスプーンパウチまぐろ＆まぐろ・かつおにささみ,６０ｇ×１２,120,11/15まで,-,-,-,-,-,-
4560292291310 ,レッドブル・エナジードリンク　４缶,２５０ｍｌ×４,120,11/15まで,-,-,-,-,-,-
4560292291693 ,レッドブル・パープルエディション　４缶,２５０ｍｌ×４,120,11/15まで,-,-,-,-,-,-
4560292291778 ,レッドブル・シュガーフリー　４缶,２５０ｍｌ×４,120,11/15まで,-,-,-,-,-,-
4560292292607 ,レッドブル・マスカットエディション　４缶,２５０ｍｌ×４,120,11/15まで,-,-,-,-,-,-
4901085246450 ,紙　１日分の野菜ハーフ,２００ｍｌ×１２本,120,11/15まで,-,-,-,-,-,-
4901085622445 ,ブルーベリーミックス　ケース,２００ｍｌ×１２,120,11/15まで,-,-,-,-,-,-
4901085622469 ,ザクロミックス　ケース,２００ｍｌ×１２,120,11/15まで,-,-,-,-,-,-
4901085622506 ,ごくごく飲める毎日１杯の青汁無糖　ケース,２００ｍｌ×１２,120,11/15まで,-,-,-,-,-,-
4901085622520 ,ごくごく飲める毎日１杯の青汁ソイラテ　ケース,２００ｍｌ×１２,120,11/15まで,-,-,-,-,-,-
4901085624418 ,栄養強化型１日分の野菜　ケース,２００ｍｌ×１２,120,11/15まで,-,-,-,-,-,-
4901085638750 ,充実野菜理想のトマトケース,２００ｍｌ×１２,120,11/15まで,-,-,-,-,-,-
4901085642795 ,紙　ビタミン野菜ハーフ,２００ｍｌ×１２本,120,11/15まで,-,-,-,-,-,-
4901085650530 ,鉄分野菜ケース,２００ｍｌ×１２,120,11/15まで,-,-,-,-,-,-
4901085664551 ,１日分の野菜ヒアルロン酸プラスケース,２００ｍｌ×１２,120,11/15まで,-,-,-,-,-,-
4901301432865 ,ロリエさらピュア吸水超安心パッド８０ＣＣＳＪ３２枚,３２枚,120,11/15まで,-,-,-,-,-,-
4901301468925 ,ワイドハイター　ＰＲＯ粉末　本体＋つめかえ２個,１３４０ｇ,120,11/15まで,-,-,-,-,-,-
4901750800314 ,ポイズパッド　男性用,＿,120,11/15まで,-,-,-,-,-,-
4901750801359 ,ポイズパッド　レギュラー,２０枚,120,11/15まで,-,-,-,-,-,-
4901750801441 ,ポイズパッド　スーパー,１６枚,120,11/15まで,-,-,-,-,-,-
4901750801496 ,ポイズパッド　超吸収ワイド　男性用,１２枚,120,11/15まで,-,-,-,-,-,-
4901750801526 ,ポイズパッド　超吸収ワイド,１２枚,120,11/15まで,-,-,-,-,-,-
4901750801885 ,ポイズパッド　安心スーパー,１４枚,120,11/15まで,-,-,-,-,-,-
4901750809867 ,ポイズ肌ケアパッド　軽快ライト,２８枚,120,11/15まで,-,-,-,-,-,-
4901750809874 ,ポイズ肌ケアパッド　ライト,２６枚,120,11/15まで,-,-,-,-,-,-
4902720144964 ,森永チルミル　大缶,８００ｇ,120,11/15まで,-,-,-,-,-,-
4903111018383 ,ライフリーさわやかパッド夜でも安心用,１４枚,120,11/15まで,-,-,-,-,-,-
4903111058594 ,ライフリーさわやかパッド少量用,３２枚,120,11/15まで,-,-,-,-,-,-
4903111503315 ,ＬＦさわやかパッド敏感肌にやさしい微量用,３４枚,120,11/15まで,-,-,-,-,-,-
4903111503452 ,ＬＦさわやかパッド敏感肌にやさしい少量用,３０枚,120,11/15まで,-,-,-,-,-,-
4903111503599 ,ＬＦさわやかパッド敏感肌にやさしい快適の中量用,２０枚,120,11/15まで,-,-,-,-,-,-
4903111524143 ,ライフリーさわやかパッド特に多い時も１枚で安心用,１２枚,120,11/15まで,-,-,-,-,-,-
4903111554799 ,ライフリ－さわやかパッド微量用ライト４０枚,４０枚,120,11/15まで,-,-,-,-,-,-
4903111554850 ,ライフリ－さわやかパッド微量用３６枚,３６枚,120,11/15まで,-,-,-,-,-,-
4903111555390 ,ライフリ－さわやかパッド多い時でも快適用１８枚,１８枚,120,11/15まで,-,-,-,-,-,-
4903111577194 ,ライフリ－さわやかパッドスリム多い時でも安心用,１４枚,120,11/15まで,-,-,-,-,-,-
4903111577231 ,ライフリ－さわやかパッドスリム長時間・夜でも安心用,１２枚,120,11/15まで,-,-,-,-,-,-
4903111744930 ,ライフリーさわやかパッド中量用,２０枚,120,11/15まで,-,-,-,-,-,-
4903111745012 ,ライフリーさわやかパッド安心用,１６枚,120,11/15まで,-,-,-,-,-,-
4903111934256 ,ＬＦさわやかパッド特に多い時も長時間安心用１０枚,１０枚,120,11/15まで,-,-,-,-,-,-
4903111934881 ,ライフリ－その瞬間も安心１２枚,１２枚,120,11/15まで,-,-,-,-,-,-
4903111960583 ,ライフリ－さわやかパッド快適の中量用２２枚,２２枚,120,11/15まで,-,-,-,-,-,-
4987015014023 ,イチジク製薬　イチジク浣腸４０,４０ｇ×１０,120,11/15まで,-,-,-,-,-,-
4987117400311 ,大鵬薬品　ソルマックキュアールＤ,１２錠,120,11/15まで,-,-,-,-,-,-
4987176362872 ,ボールドジェルボール４Ｄホワイトティー＆フローラル,１３個,120,11/15まで,-,-,-,-,-,-
4987176362896 ,ボールドジェルボール４Ｄフレッシュサボン本体,１４個,120,11/15まで,-,-,-,-,-,-
4987176362919 ,ボールドジェルボール４Ｄプレミアムブロッサム本体,１４個,120,11/15まで,-,-,-,-,-,-
4987176362933 ,ボールドジェルボール４Ｄラベンダー＆ジャスミン本体,１３個,120,11/15まで,-,-,-,-,-,-
4987443330351 ,ヘイリオン　ボルタレンＡＣ　ローション,５０ｇ,120,11/15まで,-,-,-,-,-,-
4987443351745 ,ヘイリオン　ボルタレンＥＸ　ローション,５０ｇ,120,11/15まで,-,-,-,-,-,-
4985988444205 ,国内産穂の輝き１０キロ,１０キロ,120,10/15まで,-,-,-,-,-,-
4548514154452 ,きき湯ファインヒートグレープフルーツの香り,４００ｇ,130,11/15まで,-,-,-,-,-,-
4548514154469 ,きき湯ファインヒートレモングラスの香り,４００ｇ,130,11/15まで,-,-,-,-,-,-
4901301451026 ,リリーフ超安心テープ式おむつ用パッド４回分,４２枚,130,11/15まで,-,-,-,-,-,-
4901301451033 ,リリーフ超安心テープ式おむつ用パッド６回分,３０枚,130,11/15まで,-,-,-,-,-,-
4902111784236 ,ラックスダメージ補修　チューブトリートメント特大,４００ｇ,130,11/15まで,-,-,-,-,-,-
4902111785981 ,ラックス　モイスチャーチューブトリートメント超特大,４００ｇ,130,11/15まで,-,-,-,-,-,-
4902111785998 ,ラックス　ストレートチューブトリートメント超特大,４００ｇ,130,11/15まで,-,-,-,-,-,-
4987015024015 ,イチジク製薬　イチジク浣腸４０Ｅ,４０ｇ×１０,130,11/15まで,-,-,-,-,-,-
4987246602266 ,ヘイリオン　新コンタックかぜＥＸ持続性,２４カプセル,130,11/15まで,-,-,-,-,-,-
4987973113943 ,興和　バンテリンコーワパットＥＸ超大判,７枚,130,11/15まで,-,-,-,-,-,-
4987977000539 ,ヘイリオン　新コンタックかぜ総合ＤＸ,２４Ｐ,130,11/15まで,-,-,-,-,-,-
4987977001253 ,ヘイリオン　新コンタックかぜアタックコア,３６Ｐ,130,11/15まで,-,-,-,-,-,-
4902011121124 ,エリエールマスク　ムレ爽快　ふつう３０枚入,３０枚,130,11/15まで,-,-,-,-,-,-
4902011121131 ,エリエールマスク　ムレ爽快　小さめ３０枚入,３０枚,130,11/15まで,-,-,-,-,-,-
4902011830774 ,ハイパーブロックマスク　ふつう　３０枚入,３０枚入,130,11/15まで,-,-,-,-,-,-
4902011830880 ,ハイパーブロックマスク　小さめ　３０枚入,３０枚入,130,11/15まで,-,-,-,-,-,-
4902011831504 ,ハイパーブロックマスク　ムレ爽快　ふつう３０枚入,３０枚入,130,11/15まで,-,-,-,-,-,-
4902011831511 ,ハイパーブロックマスク　ムレ爽快　小さめ３０枚入,３０枚入,130,11/15まで,-,-,-,-,-,-
4902011832891 ,ハイパーブロックマスク　リラカラ　グレー,３０枚入ふつうサイズ,130,11/15まで,-,-,-,-,-,-
4902011832907 ,ハイパーブロックマスク　リラカラ　ピンクベージュ,３０枚入ふつうサイズ,130,11/15まで,-,-,-,-,-,-
4902011832914 ,ハイパーブロックマスク　リラカラ　ローズ,３０枚入ふつうサイズ,130,11/15まで,-,-,-,-,-,-
4902011833508 ,ハイパーブロックマスク　リラカラ　グレー,３０枚入小さめサイズ,130,11/15まで,-,-,-,-,-,-
4902011833515 ,ハイパーブロックマスク　リラカラ　ピンクベージュ,３０枚入小さめサイズ,130,11/15まで,-,-,-,-,-,-
4902011833522 ,ハイパーブロックマスク　リラカラ　ローズ,３０枚入小さめサイズ,130,11/15まで,-,-,-,-,-,-
4902777311180 ,明治　ザバスアクアプロテイングレープフルーツ風味,２８０ｇ,130,11/15まで,-,-,-,-,-,-
4902111781044 ,ラックス　ダメージ補修　チューブトリートメント大,３００ｇ,140,11/15まで,-,-,-,-,925,11/15まで
4902111781051 ,ラックス　モイスチャー保湿チューブトリートメント大,３００ｇ,140,11/15まで,-,-,-,-,925,11/15まで
4902111781068 ,ラックス　ストレート　チューブトリートメント大,３００ｇ,140,11/15まで,-,-,-,-,925,11/15まで
4902111781075 ,ラックスリラックスナイト　チューブトリートメント大,３００ｇ,140,11/15まで,-,-,-,-,925,11/15まで
4902111781976 ,ラックス　キンモクセイ　チューブトリートメント大,３００ｇ,140,11/15まで,-,-,-,-,925,11/15まで
4987286316888 ,健栄製薬　酸化マグネシウムＥ便秘薬,１８０錠,140,11/15まで,-,-,-,-,-,-
4973512259111 ,アラウベビー泡全身ソープ詰替,８００ＭＬ,140,10/15まで,-,-,-,-,-,-
4973512259142 ,アラウベビー泡全身ソープしっとり詰替,８００ＭＬ,140,10/15まで,-,-,-,-,-,-
4520699013441 ,銀のスプーン　国産生かつおｉｎ毛玉ケア,９００ｇ,140,11/15まで,-,-,-,-,-,-
4520699029152 ,銀のスプーン　贅沢うまみ１０歳まぐろ・かつお・煮干,１．１ｋｇ,140,11/15まで,-,-,-,-,-,-
4520699029817 ,銀のスプーン　贅沢素材まぐろ・かつお・ささみ,１．０ｋｇ,140,11/15まで,-,-,-,-,-,-
4520699029954 ,銀のスプーン　お魚お肉野菜,１．３ｋｇ,140,11/15まで,-,-,-,-,-,-
4520699040393 ,銀のスプーン　国産生かつおｉｎ吐き戻し軽減,９００ｇ,140,11/15まで,-,-,-,-,-,-
4520699150078 ,銀のスプーン　贅沢素材１５歳まぐろ・かつお・白身魚,１．０ｋｇ,140,11/15まで,-,-,-,-,-,-
4520699157411 ,銀のスプーン　贅沢素材バラエティ白身魚,１．０Ｋｇ,140,11/15まで,-,-,-,-,-,-
4520699219874 ,銀のスプーン　贅沢うまみ１５歳まぐろ・かつお,１．１ｋｇ,140,11/15まで,-,-,-,-,-,-
4520699236772 ,銀のスプーン　贅沢バラエティ吐き戻し白身魚,９００ｇ,140,11/15まで,-,-,-,-,-,-
4520699249338 ,銀のスプーン　贅沢素材肥満まぐろかつおささみ野菜,１．０ｋｇ,140,11/15まで,-,-,-,-,-,-
4520699284100 ,銀のスプーン　食事の吐き戻し軽減フードお魚お肉野菜,１．１ｋｇ,140,11/15まで,-,-,-,-,-,-
4520699309322 ,銀のスプーン　贅沢素材２０歳まぐろ・かつお・煮干,１．１ｋｇ,140,11/15まで,-,-,-,-,-,-
4520699319819 ,銀のスプーン　贅沢うまみ１３歳まぐろ・かつお・煮干,１．１ｋｇ,140,11/15まで,-,-,-,-,-,-
4520699327036 ,銀のスプーン　食事の吐き戻し軽減白身魚,１．１ｋｇ,140,11/15まで,-,-,-,-,-,-
4520699338513 ,銀のスプーン　贅沢素材バラエティ毛玉ケア,１．０ｋｇ,140,11/15まで,-,-,-,-,-,-
4520699379905 ,銀のスプーン　贅沢素材バラエティ２種のアソート,９００ｇ,140,11/15まで,-,-,-,-,-,-
4520699395981 ,銀のスプーン　贅沢素材吐き戻し軽減ささみまぐろ,９００ｇ,140,11/15まで,-,-,-,-,-,-
4520699477205 ,銀のスプーン　贅沢うまみ仕立て下部尿路,１．１Ｋｇ,140,11/15まで,-,-,-,-,-,-
4520699554012 ,銀のスプーン　国産生かつおｉｎ　海の幸ブレンド小魚,９００ｇ,140,11/15まで,-,-,-,-,-,-
4520699563618 ,銀のスプーン　国産生かつおｉｎ海の幸ブレンド,９５０ｇ,140,11/15まで,-,-,-,-,-,-
4520699581773 ,銀のスプーン　国産生かつおｉｎ　１５歳頃から,９００ｇ,140,11/15まで,-,-,-,-,-,-
4520699594865 ,銀のスプーン　贅沢うまみ毛玉ケアまぐろ・かつお,１．２ｋｇ,140,11/15まで,-,-,-,-,-,-
4520699702345 ,銀のスプーン　国産生かつおｉｎ鶏ささみ,９５０ｇ,140,11/15まで,-,-,-,-,-,-
4520699726594 ,銀のスプーン　贅沢うまみ仕立てお魚づくし,１．３ｋｇ,140,11/15まで,-,-,-,-,-,-
4520699943953 ,銀のスプーン　贅沢素材子ねこ用まぐろ・かつお,１．２ｋｇ,140,11/15まで,-,-,-,-,-,-
4580543940200 ,バルサンプロＥＸ　ノンスモーク霧タイプ,６－１０畳用２個パック,140,11/15まで,-,-,-,-,-,-
4902011121438 ,キレキラ！ワイパードライ×ウェットシート　１６枚,１６枚,140,11/15まで,-,-,-,-,-,-
4902111782485 ,ラックス　モイスチャートリートメント　サクラ,３００ｇ,140,11/15まで,-,-,-,-,-,-
4902111783925 ,ラックスＳＲ　ミモザ　チューブトリートメント,３００ｇ,140,11/15まで,-,-,-,-,-,-
4902111784984 ,ラックス　クロミコラボ　補修チューブトリートメント,３００ｇ,140,11/15まで,-,-,-,-,-,-
4903111038817 ,ＬＦさわやかパッド１００ｃｃ６０枚,６０枚,140,11/15まで,-,-,-,-,-,-
4903111051502 ,ライフリーさわやかパッド少量用１０２枚,１０２枚,140,11/15まで,-,-,-,-,-,-
4903111288632 ,ライフリーさわやかパッド快適の中量用６８枚,６８枚,140,11/15まで,-,-,-,-,-,-
4903111511839 ,ライフリーさわやかパッド多い時でも快適用３９枚,３９枚,140,11/15まで,-,-,-,-,-,-
4903111527397 ,ＬＦさわやかパッド特に多い時も１枚で安心用４０枚,４０枚,140,11/15まで,-,-,-,-,-,-
4903111527519 ,ＬＦさわやかパッド特に多い時も長時間安心用３６枚,３６枚,140,11/15まで,-,-,-,-,-,-
4903111527748 ,ライフリーその瞬間も安心３２枚,３２枚,140,11/15まで,-,-,-,-,-,-
4903111551163 ,ＬＦさわやかパッド多い時でも安心用３６枚,３６枚,140,11/15まで,-,-,-,-,-,-
4903111551255 ,ライフリ－さわやかパッド長時間・夜でも安心用３３枚,３３枚,140,11/15まで,-,-,-,-,-,-
4903111555161 ,ライフリ－さわやかパッド快適の中量用４５枚,４５枚,140,11/15まで,-,-,-,-,-,-
4903111557158 ,ライフリ－さわやかパッド安心の中量用４５枚,４５枚,140,11/15まで,-,-,-,-,-,-
4903111566426 ,ライフリ－さわやかパッド安心の中量用６８枚,６８枚,140,11/15まで,-,-,-,-,-,-
4903111586042 ,ライフリーさわやかパッド多い時でも安心用５６枚,５６枚,140,11/15まで,-,-,-,-,-,-
4903111586356 ,ライフリーさわやかパッド長時間・夜でも安心用４８枚,４８枚,140,11/15まで,-,-,-,-,-,-
4903111589210 ,ＬＦさわやかパッド特に多い時も長時間安心用,２４枚,140,11/15まで,-,-,-,-,-,-
4903111928743 ,ライフリ－その瞬間も安心１８枚,１８枚,140,11/15まで,-,-,-,-,-,-
4903111938186 ,ライフリ－さわやかパッド少量用６９枚,６９枚,140,11/15まで,-,-,-,-,-,-
4901609015180 ,カビキラーお風呂に置くだけ防カビジェルＦ本体,８ｍｌ,150,11/15まで,-,-,-,-,634,11/15まで
4901609015197 ,カビキラーお風呂に置くだけ防カビジェルシトラス本体,８ｍｌ,150,11/15まで,-,-,-,-,634,11/15まで
4901609017153 ,カビキラー防カビジェルフレッシュガーデン本体,８ｍｌ,150,11/15まで,-,-,-,-,634,11/15まで
4901080314512 ,モンダミン　プレミアムケア　ゴールドミントつめかえ,９５０ｍｌ,150,11/15まで,-,-,-,-,834,11/15まで
4901080315014 ,モンダミン　プレミアムケア　ホワイトミントつめかえ,９５０ｍｌ,150,11/15まで,-,-,-,-,834,11/15まで
4904651124718 ,サロンドプロオイルリッチクリームヘアカラー４ＷＢ,５６ｇ４４ｇ,150,11/15まで,-,-,-,-,934,3/31まで
4904651124756 ,サロンドプロオイルリッチクリームヘアカラー３ＮＢ,５６ｇ４４ｇ,150,11/15まで,-,-,-,-,934,3/31まで
4904651124770 ,サロンドプロオイルリッチクリームヘアカラー４ＢＥ,５６ｇ４４ｇ,150,11/15まで,-,-,-,-,934,3/31まで
4901301452610 ,食洗機用キュキュットウルトラＣシトラス替　１０００,１０００ｇ,150,11/15まで,-,-,-,-,1014,11/15まで
4901301452641 ,食洗機用キュキュットウルトラクリーン無香替１０００,１０００ｇ,150,11/15まで,-,-,-,-,1014,11/15まで
4987176396501 ,アリエールジェル部屋干し＆スポーツメガジャンボ,１９５０ｇ,150,11/15まで,-,-,-,-,1014,11/15まで
4987176396730 ,アリエールジェルメガジャンボ,１９５０ｇ,150,11/15まで,-,-,-,-,1014,11/15まで
4987176396839 ,アリエールジェル除菌メガジャンボ,１９５０ｇ,150,11/15まで,-,-,-,-,1014,11/15まで
4904651125302 ,サロンドプロオイルリッチクリームヘアカラー４ＧＧ,５６ｇ４４ｇ,150,11/15まで,-,-,-,-,1017,11/15まで
4904651125319 ,サロンドプロオイルリッチクリームヘアカラー５ＣＡ,５６ｇ４４ｇ,150,11/15まで,-,-,-,-,1017,11/15まで
4904651125326 ,サロンドプロオイルリッチクリームヘアカラー６ＢＢ,５６ｇ４４ｇ,150,11/15まで,-,-,-,-,1017,11/15まで
4904651124701 ,サロンドプロオイルリッチクリームヘアカラー４ＰＢ,５６ｇ４４ｇ,150,11/15まで,-,-,-,-,1017,11/15まで
4904651124725 ,サロンドプロオイルリッチクリームヘアカラー３ＢＢ,５６ｇ４４ｇ,150,11/15まで,-,-,-,-,1017,11/15まで
4904651124732 ,サロンドプロオイルリッチクリームヘアカラー４ＢＢ,５６ｇ４４ｇ,150,11/15まで,-,-,-,-,1017,11/15まで
4904651124749 ,サロンドプロオイルリッチクリームヘアカラー５ＢＢ,５６ｇ４４ｇ,150,11/15まで,-,-,-,-,1017,11/15まで
4904651124763 ,サロンドプロオイルリッチクリームヘアカラー３ＢＥ,５６ｇ４４ｇ,150,11/15まで,-,-,-,-,1017,11/15まで
4904651124787 ,サロンドプロオイルリッチクリームヘアカラー３ＧＧ,５６ｇ４４ｇ,150,11/15まで,-,-,-,-,1017,11/15まで
4904651124794 ,サロンドプロオイルリッチクリームヘアカラー３ＭＡ,５６ｇ４４ｇ,150,11/15まで,-,-,-,-,1017,11/15まで
4904651124800 ,サロンドプロオイルリッチクリームヘアカラー４ＣＡ,５６ｇ４４ｇ,150,11/15まで,-,-,-,-,1017,11/15まで
4904651125043 ,サロンドプロオイルリッチクリーム３ＣＡ,５６ｇ４４ｇ,150,11/15まで,-,-,-,-,1017,11/15まで
4904651125050 ,サロンドプロオイルリッチクリーム４ＭＡ,５６ｇ４４ｇ,150,11/15まで,-,-,-,-,1017,11/15まで
4987176284754 ,アリエールジェルボールプロパワーテラＪ,７７個,150,11/15まで,-,-,-,-,3014,11/15まで
4987176284815 ,アリエールジェルボールプロテラＪ,８９個,150,11/15まで,-,-,-,-,3014,11/15まで
4987176284914 ,アリエールジェルボールプロ部屋干しテラＪ,８９個,150,11/15まで,-,-,-,-,3014,11/15まで
4987176292599 ,ボールドジェルボール４ＤプレミアムブロッサムテラＪ,８９個,150,11/15まで,-,-,-,-,3014,11/15まで
4987176292766 ,ボールドジェルボール４ＤフレッシュＦサボンテラＪ,８９個,150,11/15まで,-,-,-,-,3014,11/15まで
4987176336323 ,ボールドジェルボールホワイトティーテラＪ,８６個,150,11/15まで,-,-,-,-,3014,11/15まで
4987176402493 ,ボールドジェルボール４ＤフレッシュサボンテラＪ,９０個,150,11/15まで,-,-,-,-,3114,11/15まで
4987176402554 ,ボールドジェルボールホワイトティー＆フロテラＪ,９０個,150,11/15まで,-,-,-,-,3114,11/15まで
4987176402646 ,ボールドジェルボール４Ｄローズ＆ブーケテラＪ,９０個,150,11/15まで,-,-,-,-,3114,11/15まで
4987176402738 ,ボールドジェルボール４Ｄグリーンティー＆ネロリテラ,９０個,150,11/15まで,-,-,-,-,3114,11/15まで
4511413310410 ,ＤＨＣ　クリスタルスキン美容液ローション,１２０ｍｌ,150,11/15まで,-,-,-,-,-,-
4511413310427 ,ＤＨＣ　クリスタルスキン美容液ローション　リフィル,１１０ｍｌ,150,11/15まで,-,-,-,-,-,-
4511413405826 ,ＤＨＣプロティンダイエット,７袋,150,11/15まで,-,-,-,-,-,-
4511413406373 ,ＤＨＣ　プロティンダイエットスープパスタ,７袋,150,11/15まで,-,-,-,-,-,-
4580717991601 ,クイックにケアする秒メンテクイケアソックスミドル,Ｆ,150,11/15まで,-,-,-,-,-,-
4901301388032 ,メリーズファーストプレミアムＭサイズ４８枚,４８枚,150,11/15まで,-,-,-,-,-,-
4901301396532 ,メリーズ　ファーストプレミアムパンツＳサイズ５２枚,５２枚,150,11/15まで,-,-,-,-,-,-
4901301396549 ,メリーズ　ファーストプレミアムパンツＭサイズ４６枚,４６枚,150,11/15まで,-,-,-,-,-,-
4901301396556 ,メリーズファーストプレミアムＬサイズ３６枚,３６枚,150,11/15まで,-,-,-,-,-,-
4901301396563 ,メリーズファーストプレミアムＢＩＧサイズ３２枚,３２枚,150,11/15まで,-,-,-,-,-,-
4901301448378 ,メリーズ　ファーストプレミアム　新生児用５０００ｇ,６０枚,150,11/15まで,-,-,-,-,-,-
4901301448385 ,メリーズ　ファーストプレミアム　Ｓサイズ,５４枚,150,11/15まで,-,-,-,-,-,-
4901301464873 ,ハミングフレアアロマビーズＦＨ＆ムスクかえ８６０ｇ,８６０ｇ,150,11/15まで,-,-,-,-,-,-
4901301464880 ,ハミングフレア　アロマビーズ　ＦＳ＆Ｒかえ８６０ｇ,８６０ｇ,150,11/15まで,-,-,-,-,-,-
4902011103212 ,アテント消臭効果付きテープ式Ｍ２８枚,２８枚,150,11/15まで,-,-,-,-,-,-
4902011103229 ,アテント消臭効果付きテープ式Ｌ２４枚,２４枚,150,11/15まで,-,-,-,-,-,-
4902011103250 ,アテント消臭効果付きテープ式Ｓ３４枚,３４枚,150,11/15まで,-,-,-,-,-,-
4902011103274 ,アテント消臭効果付きテープ式ＬＬ２０枚,２０枚,150,11/15まで,-,-,-,-,-,-
4902011122404 ,アテント　夜１枚安心パンツパッドなしでずっと快適Ｍ,１６枚,150,11/15まで,-,-,-,-,-,-
4902011122428 ,アテント　夜１枚安心パンツパッドなしでずっと快適Ｌ,１４枚,150,11/15まで,-,-,-,-,-,-
4902011775761 ,アテント夜１枚安心パンツパッドなしで快適Ｍ１４枚,１４枚,150,11/15まで,-,-,-,-,-,-
4902011775778 ,アテント夜１枚安心パンツパッドなしで快適Ｌ１２枚,１２枚,150,11/15まで,-,-,-,-,-,-
4902522670821 ,スリムウォークメディカルリンパソックス,ＳＭ,150,11/15まで,-,-,-,-,-,-
4902522670838 ,スリムウォークメディカルリンパソックス,ＭＬ,150,11/15まで,-,-,-,-,-,-
4902522671873 ,スリムウォークメディカルリンパ　ハイソックス,ＳＭ,150,11/15まで,-,-,-,-,-,-
4902522671880 ,スリムウォークメディカルリンパ　ハイソックス,ＭＬ,150,11/15まで,-,-,-,-,-,-
4902522680301 ,スリムウォーク　着圧リブレギンス　ＳＭ,ＳＭ,150,11/15まで,-,-,-,-,-,-
4902522680318 ,スリムウォーク　着圧リブレギンス　ＭＬ,ＭＬ,150,11/15まで,-,-,-,-,-,-
4902522680462 ,スリムウォークメディカルリンパ　ハイソックス,ＬＬ,150,11/15まで,-,-,-,-,-,-
4903018185034 ,レディース毛乳源　薬用育毛エッセンス,１５０ｍＬ,150,11/15まで,-,-,-,-,-,-
4903018206203 ,ＣＯＨＡＲＵスタイリングオイル　タイト＆ウェット,６０ｍｌ,150,11/15まで,-,-,-,-,-,-
4903018206234 ,ＣＯＨＡＲＵスタイリングオイル　ライトウェット,６０ｍＬ,150,11/15まで,-,-,-,-,-,-
4903111019496 ,マミーポコパンツＭ７４枚トミカ・プラレール,７４枚,150,11/15まで,-,-,-,-,-,-
4903111037605 ,マミーポコパンツスーパービッグ１６枚ドラえもん,１６枚,150,11/15まで,-,-,-,-,-,-
4903111037681 ,マミーポコパンツビッグ大３６枚トミカ・プラレール,３６枚,150,11/15まで,-,-,-,-,-,-
4901301451491 ,アタックＺＥＲＯ　パーフェクトスティック　５５本入,５５本,150,10/15まで,-,-,-,-,-,-
4901301451521 ,アタックＺＥＲＯパーフェクトスティック部屋干５５本,５５本,150,10/15まで,-,-,-,-,-,-
4950055604165 ,オフテクス　ｃｌｅａｄｅｗプロケアＳ　２Ｐ,３６０ｍｌ×２,150,11/15まで,-,-,-,-,-,-
4973512282560 ,サラヤ　ラカントＳ顆粒Ｐ７２０ｇ　Ｎ,７２０Ｇ,150,11/15まで,-,-,-,-,-,-
4973512282942 ,サラヤ　ラカントＳ顆粒Ｐ７２０ｇ＋８０ｇ,７２０Ｇ＋８０ｇ,150,11/15まで,-,-,-,-,-,-
4987072042663 ,小林製薬　チクナインｂ　１１２錠,１１２錠,150,11/15まで,-,-,-,-,-,-
4987072101711 ,小林製薬　ゴホナースＳＰ,２１ｍｌ,150,11/15まで,-,-,-,-,-,-
4902508274180 ,とろみ汚れスルッと泡スプレー,２５０ｍｌ,150,10/15まで,-,-,-,-,-,-
4973512259517 ,アラウベビー泡全身ソープ敏感肌詰替,８００ＭＬ,150,10/15まで,-,-,-,-,-,-
4571596510755 ,Ａｉｒ　ｍｉｎｉ　ブルーベリー,１本,150,11/15まで,-,-,-,-,-,-
4571596510762 ,Ａｉｒ　ｍｉｎｉ　ライチ,１本,150,11/15まで,-,-,-,-,-,-
4571596510779 ,Ａｉｒ　ｍｉｎｉ　マンゴーシェイク,１本,150,11/15まで,-,-,-,-,-,-
4571596510816 ,Ａｉｒ　ｍｉｎｉ　グレープ,１本,150,11/15まで,-,-,-,-,-,-
4571596510823 ,Ａｉｒ　ｍｉｎｉ　オレンジ,１本,150,11/15まで,-,-,-,-,-,-
4571596510830 ,Ａｉｒ　ｍｉｎｉ　ピーチウーロン,１本,150,11/15まで,-,-,-,-,-,-
4571596510847 ,Ａｉｒ　ｍｉｎｉ　オーシャン,１本,150,11/15まで,-,-,-,-,-,-
4571596510861 ,Ａｉｒ　ｍｉｎｉ　ミント,１本,150,11/15まで,-,-,-,-,-,-
4571596510878 ,Ａｉｒ　ｍｉｎｉ　ダブルアップル,１本,150,11/15まで,-,-,-,-,-,-
4571596510892 ,Ａｉｒ　ｍｉｎｉ　イチゴミルク,１本,150,11/15まで,-,-,-,-,-,-
4571596510908 ,Ａｉｒ　ｍｉｎｉ　アイスコーラ,１本,150,11/15まで,-,-,-,-,-,-
4571596510939 ,Ａｉｒ　ｍｉｎｉ　パイナップル,１本,150,11/15まで,-,-,-,-,-,-
4580543940026 ,バルサンＳＰジェット　６－８畳用×３,６－８畳用×３,150,11/15まで,-,-,-,-,-,-
4901080154415 ,ゴキッシュ　スッ、スゴい！　６０プッシュ,１６ｍｌ,150,11/15まで,-,-,-,-,-,-
4901080333018 ,ゴキッシュ　スッ、スゴい！　ハッカの香り　６０プッ,１６ｍｌ,150,11/15まで,-,-,-,-,-,-
4901080582713 ,ＨＴ消臭ノーマットフローラル,１セット,150,11/15まで,-,-,-,-,-,-
4901301420985 ,食器洗い乾燥機用キュキュットウルトラクリーンシトラ,１１００Ｇ,150,11/15まで,-,-,-,-,-,-
4901301420992 ,食器洗い乾燥機用キュキュットウルトラクリーン無香詰,１１００Ｇ,150,11/15まで,-,-,-,-,-,-
4902011100037 ,アテント超うすパンツ下着爽快エレガントＭ２４枚,２４枚,150,11/15まで,-,-,-,-,-,-
4902011100075 ,アテントうす型パンツ下着気分エレガントＭ２４枚,２４枚,150,11/15まで,-,-,-,-,-,-
4902011100112 ,アテント超うすパンツ下着爽快エレガントＬ２２枚,２２枚,150,11/15まで,-,-,-,-,-,-
4902011100235 ,アテントうす型パンツ下着気分エレガントＬ２２枚,２２枚,150,11/15まで,-,-,-,-,-,-
4902011116601 ,アテントうす型長時間パンツロング丈男女共用Ｍ,１８枚,150,11/15まで,-,-,-,-,-,-
4902011116618 ,アテントうす型長時間パンツロング丈男女共用Ｌ,１６枚,150,11/15まで,-,-,-,-,-,-
4902011116625 ,アテント夜１枚安心パンツはき心地すっきり男女共用Ｍ,２０枚,150,11/15まで,-,-,-,-,-,-
4902011116632 ,アテント夜１枚安心パンツはき心地すっきり男女共用Ｌ,１８枚,150,11/15まで,-,-,-,-,-,-
4902011116649 ,アテント夜１枚安心パンツ脚まわりロング丈男女共用Ｍ,１８枚,150,11/15まで,-,-,-,-,-,-
4902011116656 ,アテント夜１枚安心パンツ脚まわりロング丈男女共用Ｌ,１６枚,150,11/15まで,-,-,-,-,-,-
4902011778335 ,アテントうす型パンツ長時間ロング丈４回Ｍ男女２０枚,２０枚,150,11/15まで,-,-,-,-,-,-
4902011778342 ,アテントうす型パンツ長時間ロング丈４回Ｌ男女１８枚,１８枚,150,11/15まで,-,-,-,-,-,-
4902011778922 ,アテント昼１枚安心パンツ長時間快適Ｍ共用１６枚,１６枚,150,11/15まで,-,-,-,-,-,-
4902011778946 ,アテント昼１枚安心パンツ長時間快適Ｌ共用１４枚,１４枚,150,11/15まで,-,-,-,-,-,-
4902011778960 ,アテント昼１枚安心パンツ長時間快適Ｍ女性１６枚,１６枚,150,11/15まで,-,-,-,-,-,-
4902011778984 ,アテント昼１枚安心パンツ長時間快適Ｌ女性１４枚,１４枚,150,11/15まで,-,-,-,-,-,-
4902424448795 ,ゴキブリワンプッシュプロ１２０回分,３０ｍｌ,150,11/15まで,-,-,-,-,-,-
4903111049271 ,ム－ニ－マシュマロ肌ごこちモレ安心Ｌ４８枚,４８枚,150,11/15まで,-,-,-,-,-,-
4903111106189 ,ムーニーマン汗スッキリ男女共用Ｌ４２枚,Ｌ４２枚,150,11/15まで,-,-,-,-,-,-
4903111106493 ,ムーニーマン汗スッキリ男女共用ビッグ３６枚,Ｂ３６枚,150,11/15まで,-,-,-,-,-,-
4903111109807 ,ムーニーマン男の子Ｌ４４枚＋４枚,４８枚,150,11/15まで,-,-,-,-,-,-
4903111110087 ,ムーニーマン女の子Ｌ４４枚＋４枚,４８枚,150,11/15まで,-,-,-,-,-,-
4903111110209 ,ムーニーマン男の子ビッグ３８枚＋４枚,４２枚,150,11/15まで,-,-,-,-,-,-
4903111110438 ,ムーニーマン女の子ビッグ３８枚＋４枚,４２枚,150,11/15まで,-,-,-,-,-,-
4903111113958 ,ムーニーマン汗スッキリ男女共用Ｍ５６枚,５６枚,150,11/15まで,-,-,-,-,-,-
4903111114146 ,ムーニーマン汗スッキリ男女共用Ｌ４２枚,４２枚,150,11/15まで,-,-,-,-,-,-
4903111114436 ,ムーニーマン汗スッキリ男女共用ビッグ３６枚,３６枚,150,11/15まで,-,-,-,-,-,-
4903111125081 ,ムーニーマン冷えあんしん男女共用Ｍ５６枚,５６枚,150,11/15まで,-,-,-,-,-,-
4903111125272 ,ムーニーマン冷えあんしん男女共用Ｌ４２枚,４２枚,150,11/15まで,-,-,-,-,-,-
4903111125500 ,ムーニーマン冷えあんしん男女共用ビッグ３６枚,３６枚,150,11/15まで,-,-,-,-,-,-
4903111127627 ,ムーニーマン汗スッキリ男女共用Ｍ４８枚,４８枚,150,11/15まで,-,-,-,-,-,-
4903111127986 ,ムーニーマン汗スッキリ男女共用Ｌ４０枚,４０枚,150,11/15まで,-,-,-,-,-,-
4903111128327 ,ムーニーマン汗スッキリ男女共用ビッグ３６枚,３６枚,150,11/15まで,-,-,-,-,-,-
4903111128815 ,マミーポコパンツＳ５２枚ドラえもん,５２枚,150,11/15まで,-,-,-,-,-,-
4903111129027 ,マミーポコパンツＭ５０枚ドラえもん,５０枚,150,11/15まで,-,-,-,-,-,-
4903111129409 ,マミーポコパンツＭ７４枚ドラえもん,７４枚,150,11/15まで,-,-,-,-,-,-
4903111130573 ,マミーポコパンツＬ６２枚ドラえもん,６２枚,150,11/15まで,-,-,-,-,-,-
4903111131525 ,マミーポコパンツＢ５４枚ドラえもん,５４枚,150,11/15まで,-,-,-,-,-,-
4903111131884 ,マミーポコパンツビッグ大３６枚ドラえもん,３６枚,150,11/15まで,-,-,-,-,-,-
4903111134960 ,マミーポコパンツＬ６２枚トミカプラレール,６２枚,150,11/15まで,-,-,-,-,-,-
4903111135295 ,マミーポコパンツＢ５４枚トミカプラレール,５４枚,150,11/15まで,-,-,-,-,-,-
4903111137275 ,ムーニーマンＳ５４枚,５４枚,150,11/15まで,-,-,-,-,-,-
4903111137329 ,ムーニーマンＭおすわり・はいはい～５２枚,５２枚,150,11/15まで,-,-,-,-,-,-
4903111137787 ,ムーニーマン汗スッキリ男女共用Ｍ５６枚,５６枚,150,11/15まで,-,-,-,-,-,-
4903111137800 ,ムーニー新生児７６枚,７６枚,150,11/15まで,-,-,-,-,-,-
4903111137978 ,ムーニーマン汗スッキリ男女共用Ｌ４２枚,４２枚,150,11/15まで,-,-,-,-,-,-
4903111138173 ,ムーニーマン汗スッキリ男女共用ビッグ３６枚,３６枚,150,11/15まで,-,-,-,-,-,-
4903111138302 ,ムーニーＳ７０枚,７０枚,150,11/15まで,-,-,-,-,-,-
4903111141937 ,ムーニーＭ５６枚,５６枚,150,11/15まで,-,-,-,-,-,-
4903111152360 ,ムーニーマンＭたっち５２枚,５２枚,150,11/15まで,-,-,-,-,-,-
4903111168064 ,ムーニーマン冷えあんしん男女共用Ｍ５０枚,５０枚,150,11/15まで,-,-,-,-,-,-
4903111168279 ,ムーニーマン冷えあんしん男女共用Ｌ４２枚,４２枚,150,11/15まで,-,-,-,-,-,-
4903111168378 ,ムーニーマン男の子ビッグ大２６枚,２６枚,150,11/15まで,-,-,-,-,-,-
4903111168453 ,ムーニーマン女の子ビッグ大２６枚,２６枚,150,11/15まで,-,-,-,-,-,-
4903111168743 ,ムーニーマン冷えあんしん男女共用ビッグ３６枚,３６枚,150,11/15まで,-,-,-,-,-,-
4903111171675 ,ムーニーマンスーパービッグ男の子,１４枚,150,11/15まで,-,-,-,-,-,-
4903111171750 ,ムーニーマンスーパービッグ女の子,１４枚,150,11/15まで,-,-,-,-,-,-
4903111177837 ,ムーニーマン冷えあんしん男女共用Ｍ５６枚,５６枚,150,11/15まで,-,-,-,-,-,-
4903111178193 ,ムーニーマン冷えあんしん男女共用Ｌ４２枚,４２枚,150,11/15まで,-,-,-,-,-,-
4903111178261 ,ム－ニ－マンＳ６２枚,６２枚,150,11/15まで,-,-,-,-,-,-
4903111178544 ,ムーニーマン冷えあんしん男女共用ビッグ３６枚,３６枚,150,11/15まで,-,-,-,-,-,-
4903111183258 ,ムーニーマンＭ５８枚,５８枚,150,11/15まで,-,-,-,-,-,-
4903111183418 ,ムーニーマン男の子Ｌ４４枚,４４枚,150,11/15まで,-,-,-,-,-,-
4903111183500 ,ムーニーマン女の子Ｌ４４枚,４４枚,150,11/15まで,-,-,-,-,-,-
4903111183685 ,ムーニーマン男の子ビッグ３８枚,３８枚,150,11/15まで,-,-,-,-,-,-
4903111183760 ,ムーニーマン女の子ビッグ３８枚,３８枚,150,11/15まで,-,-,-,-,-,-
4903111187478 ,マミ－ポコパンツＭ８６枚ドラえもん,８６枚,150,11/15まで,-,-,-,-,-,-
4903111200160 ,マミ－ポコパンツＭ５４枚カラ－企画１８,５４枚,150,11/15まで,-,-,-,-,-,-
4903111200290 ,マミ－ポコパンツＬ４０枚カラ－企画１８,４０枚,150,11/15まで,-,-,-,-,-,-
4903111200313 ,マミ－ポコパンツＢ３４枚カラ－企画１８,３４枚,150,11/15まで,-,-,-,-,-,-
4903111206155 ,ムーニーマン男の子Ｌ４４枚,４４枚,150,11/15まで,-,-,-,-,-,-
4903111206438 ,ムーニーマン女の子Ｌ４４枚,４４枚,150,11/15まで,-,-,-,-,-,-
4903111207671 ,ムーニーマン男の子ビッグ３８枚,３８枚,150,11/15まで,-,-,-,-,-,-
4903111208098 ,ムーニーマン女の子ビッグ３８枚,３８枚,150,11/15まで,-,-,-,-,-,-
4903111210596 ,ムーニー新生児９０枚,９０枚,150,11/15まで,-,-,-,-,-,-
4903111210756 ,ムーニーＳ８４枚,８４枚,150,11/15まで,-,-,-,-,-,-
4903111210947 ,ム－ニ－新生児用小さめ～３０００ｇ６４枚,６４枚,150,11/15まで,-,-,-,-,-,-
4903111211050 ,ムーニーＭ６４枚,６４枚,150,11/15まで,-,-,-,-,-,-
4903111211098 ,ムーニーマン男の子ビッグ大２６枚,２６枚,150,11/15まで,-,-,-,-,-,-
4903111211302 ,ムーニーＬ５４枚,５４枚,150,11/15まで,-,-,-,-,-,-
4903111211654 ,ムーニーマン女の子ビッグ大２６枚,２６枚,150,11/15まで,-,-,-,-,-,-
4903111213306 ,マミ－ポコＭ６４枚,６４枚,150,11/15まで,-,-,-,-,-,-
4903111213559 ,マミ－ポコＭ９０枚,９０枚,150,11/15まで,-,-,-,-,-,-
4903111213702 ,マミ－ポコＬ５４枚,５４枚,150,11/15まで,-,-,-,-,-,-
4903111214433 ,マミ－ポコＬ７６枚,７６枚,150,11/15まで,-,-,-,-,-,-
4903111214754 ,マミ－ポコパンツはいはい用５８枚,５８枚,150,11/15まで,-,-,-,-,-,-
4903111215492 ,マミ－ポコパンツＭ５８枚,５８枚,150,11/15まで,-,-,-,-,-,-
4903111215881 ,マミ－ポコパンツＬ４４枚,４４枚,150,11/15まで,-,-,-,-,-,-
4903111216208 ,マミ－ポコパンツＬ６４枚,６４枚,150,11/15まで,-,-,-,-,-,-
4903111216512 ,マミ－ポコパンツＢ３８枚,３８枚,150,11/15まで,-,-,-,-,-,-
4903111216765 ,マミ－ポコパンツＢ５６枚,５６枚,150,11/15まで,-,-,-,-,-,-
4903111216901 ,マミ－ポコパンツビッグ大２６枚,２６枚,150,11/15まで,-,-,-,-,-,-
4903111217182 ,マミ－ポコパンツビッグ大３８枚,３８枚,150,11/15まで,-,-,-,-,-,-
4903111228676 ,ムーニーマン冷えあんしん男女共用Ｌ４２枚,ム－ニ－マン冷え安心Ｌ,150,11/15まで,-,-,-,-,-,-
4903111228843 ,ムーニーマン冷えあんしん男女共用ビッグ３６枚,ム－ニ－マン冷え安心Ｂ,150,11/15まで,-,-,-,-,-,-
4903111231706 ,マミ－ポコパンツＭ５８枚ドラえもん,５８枚,150,11/15まで,-,-,-,-,-,-
4903111232048 ,マミ－ポコパンツＬ４４枚ドラえもん,４４枚,150,11/15まで,-,-,-,-,-,-
4903111232185 ,マミ－ポコパンツＬ６４枚ドラえもん,６４枚,150,11/15まで,-,-,-,-,-,-
4903111232215 ,マミ－ポコパンツＢ３８枚ドラえもん,３８枚,150,11/15まで,-,-,-,-,-,-
4903111232499 ,マミ－ポコパンツＢ５６枚ドラえもん,５６枚,150,11/15まで,-,-,-,-,-,-
4903111232574 ,マミーポコパンツＳ５６枚ドラえもん,５６枚,150,11/15まで,-,-,-,-,-,-
4903111232789 ,マミーポコパンツＭ５４枚ドラえもん,５４枚,150,11/15まで,-,-,-,-,-,-
4903111232970 ,マミ－ポコパンツビッグ大２６枚ドラえもん,２６枚,150,11/15まで,-,-,-,-,-,-
4903111233496 ,マミ－ポコパンツビッグ大３８枚ドラえもん,３８枚,150,11/15まで,-,-,-,-,-,-
4903111233878 ,マミーポコパンツＭ８０枚ドラえもん,８０枚,150,11/15まで,-,-,-,-,-,-
4903111240470 ,ムーニーマン汗スッキリ男女共用Ｍ４８枚,４８枚,150,11/15まで,-,-,-,-,-,-
4903111240739 ,ムーニーマン汗スッキリ男女共用Ｌ４０枚,４０枚,150,11/15まで,-,-,-,-,-,-
4903111241354 ,ムーニーマン汗スッキリ男女共用ビッグ３６枚,３６枚,150,11/15まで,-,-,-,-,-,-
4903111243501 ,ムーニー新生児９０枚,９０枚,150,11/15まで,-,-,-,-,-,-
4903111244102 ,ムーニーＳ８４枚,８４枚,150,11/15まで,-,-,-,-,-,-
4903111244621 ,ムーニーＭ６４枚,６４枚,150,11/15まで,-,-,-,-,-,-
4903111244911 ,ムーニーＬ５４枚,５４枚,150,11/15まで,-,-,-,-,-,-
4903111245390 ,ム－ニ－マン汗スッキリ男女共用Ｌ４０枚,ム－ニ－マン汗Ｌ４０,150,11/15まで,-,-,-,-,-,-
4903111245512 ,ム－ニ－マン汗スッキリ男女共用ビッグ３４枚,ム－ニ－マン汗ビッグ３４,150,11/15まで,-,-,-,-,-,-
4903111246403 ,ム－ニ－マンＳ６２枚,６２枚,150,11/15まで,-,-,-,-,-,-
4903111247462 ,ム－ニ－マンＭおすわり・はいはい～５８枚,５８枚,150,11/15まで,-,-,-,-,-,-
4903111248292 ,ムーニーマンＭたっち５８枚（旧品）,５８枚,150,11/15まで,-,-,-,-,-,-
4903111266562 ,ム－ニ－マンＭ寝返り～はいはい５８枚,５８枚,150,11/15まで,-,-,-,-,-,-
4903111281114 ,マミーポコパンツＬ４２枚ドラえもん,４２枚,150,11/15まで,-,-,-,-,-,-
4903111281596 ,マミーポコパンツＢ３６枚ドラえもん,３６枚,150,11/15まで,-,-,-,-,-,-
4903111282050 ,マミーポコパンツビッグ大２４枚ドラえもん,２４枚,150,11/15まで,-,-,-,-,-,-
4903111286898 ,マミ－ポコパンツＭ５４枚スペシャル,５４枚,150,11/15まで,-,-,-,-,-,-
4903111287130 ,マミ－ポコパンツＬ４０枚スペシャル,４０枚,150,11/15まで,-,-,-,-,-,-
4903111287581 ,マミ－ポコパンツＢ３４枚スペシャル,３４枚,150,11/15まで,-,-,-,-,-,-
4903111465255 ,ウェーブ超毛束フロア用ドライシート４０枚,４０枚,150,11/15まで,-,-,-,-,-,-
4903111465446 ,ウェーブ超毛束フロア用ドライシート３６枚,３６枚,150,11/15まで,-,-,-,-,-,-
4901301452184 ,食洗機用キュキュットクリア除菌スティック　３０本入,３０本,150,10/15まで,-,-,-,-,-,-
4903111692521 ,ム－ニ－マシュマロ肌ごこちモレ安心Ｍ５４枚,５４枚,150,11/15まで,-,-,-,-,-,-
4906156100259 ,レキット　クレアラシルニキビ治療薬クリーム白色,１８ｇ,150,11/15まで,-,-,-,-,-,-
4906156100273 ,レキット　クレアラシルニキビ治療薬クリームベージュ,１８ｇ,150,11/15まで,-,-,-,-,-,-
4971650801629 ,米と発酵クレンジングバームＲＮ,９３ｇ,150,11/15まで,-,-,-,-,-,-
4987028120872 ,エーザイ　チョコラＢＢゴールドリッチＲ　３本,５０ｍｌ×３,150,11/15まで,-,-,-,-,-,-
4987067326006 ,三次元マスク　ふつうＭサイズ　ホワイト５０枚－３‐,５０枚,150,11/15まで,-,-,-,-,-,-
4987067326105 ,三次元マスク　すこし小さめＭＳ　ホワイト５０枚－３,５０枚,150,11/15まで,-,-,-,-,-,-
4987067326204 ,三次元マスク　小さめＳサイズ　ピンク５０枚－３－,５０枚,150,11/15まで,-,-,-,-,-,-
4987176292759 ,ボールドジェルボール４ＤラベンダーテラＪ,８６個,150,11/15まで,-,-,-,-,-,-
4987617004255 ,ＡＭＯ　アキュビューリバイタレンズ,３６０ｍｌ,150,11/15まで,-,-,-,-,-,-
4902430148597 ,パンパースさらさらケアテープＳジャンボ新生児９０枚,９０枚,150,10/15まで,-,-,-,-,-,-
4902430148641 ,パンパースさらさらケアテープＳジャンボＳ８２枚,８２枚,150,10/15まで,-,-,-,-,-,-
4902430148696 ,パンパースさらさらケアテープＳジャンボＭ６４枚,６４枚,150,10/15まで,-,-,-,-,-,-
4902430148764 ,パンパースさらさらケアテープＳジャンボＬ５４枚,５４枚,150,10/15まで,-,-,-,-,-,-
4902430148825 ,パンパースさらさらケアパンツＳジャンボＭ５８枚,５８枚,150,10/15まで,-,-,-,-,-,-
4902430148887 ,パンパースさらさらケアパンツＳジャンボＬ４４枚,４４枚,150,10/15まで,-,-,-,-,-,-
4902430148948 ,パンパースさらさらケアパンツＳジャンボビッグ３８枚,３８枚,150,10/15まで,-,-,-,-,-,-
4902430522816 ,パンパースさらさらケアパンツＳジャンボＳ６２枚,６２枚,150,10/15まで,-,-,-,-,-,-
4902430574297 ,パンパースさらさらケアパンツＵジャンボＳ８０枚,８０枚,150,10/15まで,-,-,-,-,-,-
4902430574327 ,パンパースさらさらケアパンツＵジャンボＭ７４枚,７４枚,150,10/15まで,-,-,-,-,-,-
4902430574358 ,パンパースさらさらケアパンツＵジャンボＬ５８枚,５８枚,150,10/15まで,-,-,-,-,-,-
4902430574389 ,パンパースさらさらケアパンツＵジャンボビッグ５０枚,５０枚,150,10/15まで,-,-,-,-,-,-
4902430574419 ,パンパースさらさらケアテープＵＪ新生児１１４枚,１１４枚,150,10/15まで,-,-,-,-,-,-
4902430574433 ,パンパースさらさらケアテープＵジャンボＳ１０２枚,１０２枚,150,10/15まで,-,-,-,-,-,-
4902430574457 ,パンパースさらさらケアテープＵジャンボＭ８０枚,８０枚,150,10/15まで,-,-,-,-,-,-
4902430574471 ,パンパースさらさらケアテープＵジャンボＬ６８枚,６８枚,150,10/15まで,-,-,-,-,-,-
4902430614559 ,パンパースパンツスーパージャンボビッグ大,２６枚,150,10/15まで,-,-,-,-,-,-
4902430614566 ,パンパースパンツスーパーウルトラジャンボ大,３２枚,150,10/15まで,-,-,-,-,-,-
4902430651950 ,パンパース　卒業パンツビッグ,３２枚,150,10/15まで,-,-,-,-,-,-
4902430651967 ,パンパース　卒業パンツＬ,３６枚,150,10/15まで,-,-,-,-,-,-
4902430686297 ,パンパース　はらまきパンツ　Ｍ,Ｍ５２枚,150,10/15まで,-,-,-,-,-,-
4902430686815 ,パンパース　はらまきパンツ　Ｌ,Ｌ３８枚,150,10/15まで,-,-,-,-,-,-
4902430686839 ,パンパース　はらまきパンツ　　ビッグ,ビッグ３６枚,150,10/15まで,-,-,-,-,-,-
4902430756051 ,パンパースさらさらケアパンツＳスーパ－ジャンボ,Ｓ７４枚,150,10/15まで,-,-,-,-,-,-
4902430756075 ,パンパースさらさらケアパンツＳウルトラジャンボ,Ｓ９４枚,150,10/15まで,-,-,-,-,-,-
4902430757478 ,パンパースさらさらケアパンツ夜用ウルトラジャンボ,ビッグ４４枚,150,10/15まで,-,-,-,-,-,-
4902430757485 ,パンパースさらさらケアパンツ夜用スーパ－ジャンボ,ビッグ３４枚,150,10/15まで,-,-,-,-,-,-
4902430866262 ,パンパース　パンツメガジャンボ　Ｌ,８０枚,150,10/15まで,-,-,-,-,-,-
4902430866286 ,パンパース　パンツメガジャンボ　ビッグ,６８枚,150,10/15まで,-,-,-,-,-,-
4902888722684 ,森永　マッスルフィットプロテイン　バニラ３４０ｇ,３４０ｇ,150,10/15まで,-,-,-,-,-,-
4902888722714 ,森永　マッスルフィットプロテイン　ココア３４０ｇ,３４０ｇ,150,10/15まで,-,-,-,-,-,-
4979654027717 ,山本漢方　３０種類の国産野菜とスーパーフード３２包,３ｇ×３２包,150,10/15まで,-,-,-,-,-,-
4987176039071 ,パンパース　風通しパンツ　ビッグ,３６枚,150,10/15まで,-,-,-,-,-,-
4987176039736 ,パンパース　風通しパンツ　М,５４枚,150,10/15まで,-,-,-,-,-,-
4987176039750 ,パンパース　風通しパンツ　Ｌ,４０枚,150,10/15まで,-,-,-,-,-,-
4987176076205 ,パンパース　パンツＳＪ　ビッグより大きい,３０枚,150,10/15まで,-,-,-,-,-,-
4987176076274 ,パンパース　パンツＵＪ　ビッグより大きい,３６枚,150,10/15まで,-,-,-,-,-,-
4987176107381 ,パンパース　風通しパンツ　スーパ－ジャンボＭ,Ｍ５４枚,150,10/15まで,-,-,-,-,-,-
4987176107398 ,パンパース　風通しパンツ　ウルトラジャンボＭ,Ｍ７０枚,150,10/15まで,-,-,-,-,-,-
4987176107404 ,パンパース　風通しパンツ　スーパ－ジャンボＬ,Ｌ４０枚,150,10/15まで,-,-,-,-,-,-
4987176107411 ,パンパース　風通しパンツ　ウルトラジャンボＬ,Ｌ５４枚,150,10/15まで,-,-,-,-,-,-
4987176107428 ,パンパース　風通しパンツ　スーパ－ジャンボビッグ,ビッグ３６枚,150,10/15まで,-,-,-,-,-,-
4987176107435 ,パンパース　風通しパンツ　ウルトラジャンボビッグ,ビッグ４８枚,150,10/15まで,-,-,-,-,-,-
4987176134264 ,パンパースさらさらケアテープＵジャンボＬ６０枚,６０枚,150,10/15まで,-,-,-,-,-,-
4987176134271 ,パンパースさらさらケアテープＳジャンボ新生児７６枚,７６枚,150,10/15まで,-,-,-,-,-,-
4987176134288 ,パンパースさらさらケアテープＵジャンボＭ７０枚,７０枚,150,10/15まで,-,-,-,-,-,-
4987176134295 ,パンパースさらさらケアテープＵジャンボＳ８６枚,８６枚,150,10/15まで,-,-,-,-,-,-
4987176134301 ,パンパースさらさらケアテープＵＪ新生児９６枚,９６枚,150,10/15まで,-,-,-,-,-,-
4987176134318 ,パンパースさらさらケアテープＳジャンボＬ４８枚,４８枚,150,10/15まで,-,-,-,-,-,-
4987176134325 ,パンパースさらさらケアテープＳジャンボＭ５６枚,５６枚,150,10/15まで,-,-,-,-,-,-
4987176134332 ,パンパースさらさらケアテープＳジャンボＳ７０枚,７０枚,150,10/15まで,-,-,-,-,-,-
4987176136138 ,パンパースさらさらケアパンツＳジャンボＭ５２枚　は,５２枚,150,10/15まで,-,-,-,-,-,-
4987176136145 ,パンパースさらさらケアパンツＳジャンボＳ６２枚,６２枚,150,10/15まで,-,-,-,-,-,-
4987176136152 ,パンパースさらさらケアパンツＳジャンボＭ５２枚　た,５２枚,150,10/15まで,-,-,-,-,-,-
4987176136169 ,パンパース　パンツＵＪ　ビッグより大きい３６枚,３６枚,150,10/15まで,-,-,-,-,-,-
4987176136176 ,パンパースさらさらケアパンツＵジャンボビッグ５０枚,５０枚,150,10/15まで,-,-,-,-,-,-
4987176136183 ,パンパースさらさらケアパンツＵジャンボＬ５８枚,５８枚,150,10/15まで,-,-,-,-,-,-
4987176136190 ,パンパースさらさらケアパンツＵジャンボＭ６６枚　た,６６枚,150,10/15まで,-,-,-,-,-,-
4987176136206 ,パンパースさらさらケアパンツＵジャンボＭ６６枚　は,６６枚,150,10/15まで,-,-,-,-,-,-
4987176136213 ,パンパースさらさらケアパンツＵジャンボＳ８０枚,８０枚,150,10/15まで,-,-,-,-,-,-
4987176141347 ,パンパース　パンツメガジャンボ　Ｍ,９４枚,150,10/15まで,-,-,-,-,-,-
4987176203267 ,パンパースさらさらケアテープＵＪ　Ｌ５４枚,５４枚,150,10/15まで,-,-,-,-,-,-
4987176203274 ,パンパースさらさらケアテープＵＪ　Ｓ７４枚,７４枚,150,10/15まで,-,-,-,-,-,-
4987176203281 ,パンパースさらさらケアテープＵＪ　Ｍ６２枚,６２枚,150,10/15まで,-,-,-,-,-,-
4987176203298 ,パンパースさらさらケアテープＵＪ　新生児８２枚,８２枚,150,10/15まで,-,-,-,-,-,-
4987176203304 ,パンパースさらさらケアテープＳＪ　Ｌ４４枚,４４枚,150,10/15まで,-,-,-,-,-,-
4987176203311 ,パンパースさらさらケアテープＳＪ　Ｓ６２枚,６２枚,150,10/15まで,-,-,-,-,-,-
4987176203328 ,パンパースさらさらケアテープＳＪ　Ｍ５２枚,５２枚,150,10/15まで,-,-,-,-,-,-
4987176203335 ,パンパースさらさらケアテープＳＪ　新生児６８枚,６８枚,150,10/15まで,-,-,-,-,-,-
4987176203342 ,パンパースさらさらケアパンツＭＪ　ビッグ５６枚,５６枚,150,10/15まで,-,-,-,-,-,-
4987176203359 ,パンパースさらさらケアパンツＭＪ　Ｌ６６枚,６６枚,150,10/15まで,-,-,-,-,-,-
4987176203366 ,パンパースさらさらケアパンツＭＪ　Ｍはいはい７４枚,７４枚,150,10/15まで,-,-,-,-,-,-
4987176203373 ,パンパースさらさらケアパンツＵＪ　ビッグ大３６枚,３６枚,150,10/15まで,-,-,-,-,-,-
4987176203380 ,パンパースさらさらケアパンツＵＪ　ビッグ４６枚,４６枚,150,10/15まで,-,-,-,-,-,-
4987176203397 ,パンパースさらさらケアパンツＵＪ　Ｌ５４枚,５４枚,150,10/15まで,-,-,-,-,-,-
4987176203403 ,パンパースさらさらケアパンツＵＪ　Ｍたっち６２枚,６２枚,150,10/15まで,-,-,-,-,-,-
4987176203410 ,パンパースさらさらケアパンツＵＪ　Ｍはいはい６２枚,６２枚,150,10/15まで,-,-,-,-,-,-
4987176203472 ,パンパースさらさらケアパンツＭＪ　Ｍたっち７４枚,７４枚,150,10/15まで,-,-,-,-,-,-
4987176304827 ,パンパースさらさらケアパンツＭＪ　ビッグ大４６枚,４６枚,150,10/15まで,-,-,-,-,-,-
4987176334725 ,パンパースさらさらケアパンツＭＪ　Ｍたっち８８枚,８８枚,150,10/15まで,-,-,-,-,-,-
4987176334787 ,パンパースさらさらケアパンツＵＪ　ビッグ大３２枚,３２枚,150,10/15まで,-,-,-,-,-,-
4987176334800 ,パンパースさらさらケアパンツＳＪ　ビッグ大２６枚,２６枚,150,10/15まで,-,-,-,-,-,-
4987176334824 ,パンパースさらさらケアパンツＭＪ　ビッグ６４枚,６４枚,150,10/15まで,-,-,-,-,-,-
4987176334848 ,パンパースさらさらケアパンツＭＪ　Ｍはいはい８８枚,８８枚,150,10/15まで,-,-,-,-,-,-
4987176334862 ,パンパースさらさらケアパンツＭＪ　Ｌ７６枚,７６枚,150,10/15まで,-,-,-,-,-,-
4987176334886 ,パンパースさらさらケアテープＳＪ　新生児７０枚,７０枚,150,10/15まで,-,-,-,-,-,-
4987176334978 ,パンパースさらさらケアテープＵＪ　新生児８４枚,８４枚,150,10/15まで,-,-,-,-,-,-
4987176334992 ,パンパースさらさらケアテープＳＪ　Ｓ７０枚,７０枚,150,10/15まで,-,-,-,-,-,-
4987176335005 ,パンパースさらさらケアテープＵＪ　Ｓ８４枚,８４枚,150,10/15まで,-,-,-,-,-,-
4987035623991 ,大塚製薬）ボディメンテドリンク４本パック,５００ｍｌ×４,160,11/15まで,-,-,-,-,540,11/15まで
4901301440648 ,リリーフズレずにピタッと超安心パッド２回分３６枚,３６枚,160,11/15まで,-,-,-,-,-,-
4901301440655 ,リリーフズレずにピタッと超安心パッド２回分５２枚,５２枚,160,11/15まで,-,-,-,-,-,-
4901301440679 ,リリーフズレずにピタッと超安心パッド４回分２０枚,２０枚,160,11/15まで,-,-,-,-,-,-
4901301440686 ,リリーフズレずにピタッと超安心パッド４回分３０枚,３０枚,160,11/15まで,-,-,-,-,-,-
4901301442314 ,リリーフ快適アロマ安心フィット５２枚,５２枚,160,11/15まで,-,-,-,-,-,-
4901301442321 ,リリーフ快適アロマ一晩中安心フィット３０枚,３０枚,160,11/15まで,-,-,-,-,-,-
4902011103137 ,アテント夜１枚安心パッド４回吸収３９枚,３９枚,160,11/15まで,-,-,-,-,-,-
4902011103144 ,アテント夜１枚安心パッド４回吸収５６枚（大容量）,５６枚,160,11/15まで,-,-,-,-,-,-
4902011103151 ,アテント夜１枚安心パッド６回吸収２２枚,２２枚,160,11/15まで,-,-,-,-,-,-
4902011103168 ,アテント夜１枚安心パッド６回吸収３２枚（大容量）,３２枚,160,11/15まで,-,-,-,-,-,-
4902011103175 ,アテント夜１枚安心パッド１０回吸収１６枚,１６枚,160,11/15まで,-,-,-,-,-,-
4902011103182 ,アテント夜１枚安心パッド１０回吸収２２枚（大容量）,２２枚,160,11/15まで,-,-,-,-,-,-
4902011103199 ,アテント夜１枚安心パッド１２回吸収１４枚,１４枚,160,11/15まで,-,-,-,-,-,-
4902011771664 ,アテント男性に１枚安心まかずに使えるパッド　４回吸,２８枚,160,11/15まで,-,-,-,-,-,-
4902011776935 ,アテント長時間モレ安心パッドワイド４回吸収３８枚,３８枚,160,11/15まで,-,-,-,-,-,-
4902011778731 ,アテント夜１枚安心パッド８回吸収２０枚,２０枚,160,11/15まで,-,-,-,-,-,-
4902011778786 ,アテント夜１枚パッド８回２８枚大容量,２８枚,160,11/15まで,-,-,-,-,-,-
4987033000428 ,太田胃散　太田漢方胃腸薬Ⅱ,１２０錠,160,11/15まで,-,-,-,-,-,-
4987033602097 ,太田胃散　太田漢方胃腸薬Ⅱ,３４包,160,11/15まで,-,-,-,-,-,-
4987072075111 ,小林　ナットウキナーゼ・ＤＨＡ・ＥＰＡ,３０粒,160,11/15まで,-,-,-,-,-,-
4987316030869 ,佐藤製薬　ユンケルファンティー,５０ｍｌ×２,160,11/15まで,-,-,-,-,-,-
4987316051185 ,ＭＫ　ユンケルＤ２,５０ｍｌ×３,160,11/15まで,-,-,-,-,-,-
4987910002804 ,アリナミン製薬　大地の漢方便秘薬,１８０Ｔ,160,11/15まで,-,-,-,-,-,-
4987046100528 ,薬用加美乃素　Ｓ－２　無香料,＿,170,11/15まで,-,-,-,-,-,-
4901080036711 ,おすだけノーマット　スプレータイプＢＯＴＡＮＩＣＡ,４１．７ｍｌ,170,11/15まで,-,-,-,-,-,-
4901080194619 ,おすだけノーマット　スプレータイプ　２００日分,４１．７ｍｌ,170,11/15まで,-,-,-,-,-,-
4901080194817 ,おすだけノーマット　スプレータイプ　バラの香り　２,４１．７ｍｌ,170,11/15まで,-,-,-,-,-,-
4901080346513 ,ＭＫゴキッシュ　スッ、スゴい！６０＋２０プッシュ,２０ｍｌ,170,11/15まで,-,-,-,-,-,-
4901301432872 ,ロリエさらピュア吸水超安心パッド１２０ＣＣＳＪ３２,３２枚,170,11/15まで,-,-,-,-,-,-
4901301432889 ,ロリエさらピュア吸水超安心パッド１８０ＣＣＳＪ２８,２８枚,170,11/15まで,-,-,-,-,-,-
4901301350558 ,フレアフレグランスＩＲＯＫＡＮａｋｅｄ本体,５７０ｍｌ,170,10/15まで,-,-,-,-,-,-
4901301350572 ,フレアフレグランスＩＲＯＫＡＢｌｏｏｍ本体,５７０ｍｌ,170,10/15まで,-,-,-,-,-,-
4901301350596 ,フレアフレグランスＩＲＯＫＡＥｎｖｙ本体,５７０ｍｌ,170,10/15まで,-,-,-,-,-,-
4901301358394 ,フレアフレグランスＩＲＯＫＡＨＯＭＥピオニー本体,５７０ｍｌ,170,10/15まで,-,-,-,-,-,-
4901301360557 ,フレアフレグランスＩＲＯＫＡＨＯＭＥＬミューゲ本体,５７０ｍｌ,170,10/15まで,-,-,-,-,-,-
4901301378729 ,フレアフレグランスＩＲＯＫＡシアーブロッサム本体,５７０ｍｌ,170,10/15まで,-,-,-,-,-,-
4901301404510 ,ＩＲＯＫＡハンサムリーフ本体,５７０ｍｌ,170,10/15まで,-,-,-,-,-,-
4901301404541 ,ＩＲＯＫＡナチュラルブリーズ本体,５７０ｍｌ,170,10/15まで,-,-,-,-,-,-
4901301419859 ,ＩＲＯＫＡホーリージャスミン　本体　５４０ｍｌ,５４０ｍｌ,170,10/15まで,-,-,-,-,-,-
4901301437327 ,ＩＲＯＫＡ　ネイキッドリリー　本体　５４０ｍｌ,５４０ｍｌ,170,10/15まで,-,-,-,-,-,-
4901301437358 ,ＩＲＯＫＡ　ハンサムリーフ　本体　５４０ｍｌ,５４０ｍｌ,170,10/15まで,-,-,-,-,-,-
4901301437389 ,ＩＲＯＫＡ　ピュアフリージア　本体　５４０ｍｌ,５４０ｍｌ,170,10/15まで,-,-,-,-,-,-
4901301437419 ,ＩＲＯＫＡ　グラースローズ　本体　５４０ｍｌ,５４０ｍｌ,170,10/15まで,-,-,-,-,-,-
4901301450746 ,ＩＲＯＫＡ　ミモザの香り　本体　５４０ｍｌ,５４０ｍｌ,170,10/15まで,-,-,-,-,-,-
4901301454942 ,ＩＲＯＫＡ　スターリームスク＆ウッド　本体,５４０ｍｌ,170,10/15まで,-,-,-,-,-,-
4901301464422 ,ＩＲＯＫＡ　ミモザサボンの香り　本体,５４０ｍｌ,170,10/15まで,-,-,-,-,-,-
4946842637232 ,アサヒ　ディア　ストロング３９アミノマルチ１００日,３００粒（１００日分）,170,11/15まで,-,-,-,-,-,-
4961308116540 ,ボシュロム　レニューセンシティブ＿５００ＭＬＸ２Ｐ,５００ＭＬＸ２Ｐ,170,11/15まで,-,-,-,-,-,-
4961308116786 ,ＢＬ　レニューセンシティブ５００×２Ｐ＋６０ＭＬ,５００Ｘ２Ｐ＋Ｆ６０ＭＬ,170,11/15まで,-,-,-,-,-,-
4901301465931 ,ＩＲＯＫＡ　ミュゲインザエア　本体　５４０ｍｌ,５４０ｍｌ,170,10/15まで,-,-,-,-,-,-
45185601 ,キレイキレイ薬用手指の消毒ジェルプラス　本体,２３０ｍｌ,180,10/15まで,-,-,-,-,361,3/31まで
4901301414496 ,ビオレ　ザクレンズ　金木犀の香り　本体,１９０ｍＬ,180,11/15まで,-,-,-,-,1244,11/15まで
4901301417008 ,ビオレ　ザクレンズオイルメイク落とし　本体,１９０ｍＬ,180,11/15まで,-,-,-,-,1244,11/15まで
4901301434142 ,ビオレ　ザクレンズ　プラス　本体,１９０ｍＬ,180,11/15まで,-,-,-,-,1244,11/15まで
4901301439666 ,ビオレ　ザクレンズ　金木犀の香り　本体,１９０ｍＬ,180,11/15まで,-,-,-,-,1244,11/15まで
4901301440365 ,ビオレ　ザクレンズ　オイルメイク落としモイスト本体,１９０ｍＬ,180,11/15まで,-,-,-,-,1244,11/15まで
4901301462039 ,ビオレ　ザクレンズオイルメイク落としブラック本体,１９０ｍＬ,180,11/15まで,-,-,-,-,1244,11/15まで
4901301452955 ,ワイドハイター　ＰＲＯ　粉末　つめかえ用１３００ｇ,１３００ｇ,180,11/15まで,-,-,-,-,1661,11/15まで
4901301452511 ,食洗機用キュキュットクリア除菌スティック　７２本入,７２本,180,11/15まで,-,-,-,-,1941,11/15まで
4580717991618 ,クイックにケアする秒メンテクイケアソックスロング,Ｆ,180,11/15まで,-,-,-,-,-,-
4902899481259 ,ｍｋ　衣類に貼るカイロレギュラーＡ６０個,６０個,180,11/15まで,-,-,-,-,-,-
4902899481358 ,ｍｋ　衣類に貼るカイロミニＡ６０個,６０個,180,11/15まで,-,-,-,-,-,-
4987072053416 ,小林製薬　ノコギリヤシ　３０日分,６０粒,180,11/15まで,-,-,-,-,-,-
4987107618139 ,第一三共　プレコール持続性せき止めカプセル,２０カプセル,180,11/15まで,-,-,-,-,-,-
4987246602129 ,ヘイリオン　新コンタックせき止めダブル持続性,２４Ｐ,180,11/15まで,-,-,-,-,-,-
4901750801397 ,ポイズパッドマルチパック　ライト　お徳用,３９枚,180,11/15まで,-,-,-,-,-,-
4901750801458 ,ポイズパッドマルチパック　レギュラー　お徳用,３０枚,180,11/15まで,-,-,-,-,-,-
4901750801489 ,ポイズパッドマルチパック　スーパー　お徳用,２４枚,180,11/15まで,-,-,-,-,-,-
4901750809713 ,ポイズパッド軽快ライト　お徳用,４２枚,180,11/15まで,-,-,-,-,-,-
4901750809720 ,ポイズパッド安心スーパー　お徳用,２０枚,180,11/15まで,-,-,-,-,-,-
4901750809737 ,ポイズパッド超吸収ワイド女性用　お徳用,１８枚,180,11/15まで,-,-,-,-,-,-
4902111769547 ,ダヴ　すっきり毛穴ケアクレンジングバーム,９０ｇ,180,11/15まで,-,-,-,-,-,-
4902111769561 ,ダヴ　しっとり毛穴ケアクレンジングバーム,９０ｇ,180,11/15まで,-,-,-,-,-,-
4987246602303 ,ヘイリオン　ボルタレンＡＣαテープ,２１枚,180,11/15まで,-,-,-,-,-,-
4987443351721 ,ヘイリオン　ボルタレンＥＸ　テープ,２１枚,180,11/15まで,-,-,-,-,-,-
49355147 ,キレイキレイ薬用ハンドジェル本体,２３０ｍｌ,180,10/15まで,-,-,-,-,-,-
4901133216428 ,ちゅ～るテリーヌ　総合栄養食ささみビーフバラエティ,１５ｇ×３６本,190,11/15まで,-,-,-,-,-,-
4901133216435 ,ちゅ～るテリーヌ　総合栄養食ささみまぐろバラエティ,１５ｇ×３６本,190,11/15まで,-,-,-,-,-,-
4901133371554 ,ワンちゅ～る　総合栄養食ＢＯＸお肉チーズバラエティ,１４ｇ×４０Ｐ,190,11/15まで,-,-,-,-,-,-
4901133371561 ,ワンちゅ～る　総合栄養食ＢＯＸビーフ野菜バラエティ,１４ｇ×４０Ｐ,190,11/15まで,-,-,-,-,-,-
4901133550119 ,ＣＩＡＯちゅ～る　ＢＯＸ下部尿路腎臓バラエティ,１４ｇ×４０Ｐ,190,11/15まで,-,-,-,-,-,-
4901133550126 ,ＣＩＡＯちゅ～る　ＢＯＸ毛玉配慮バラエティ,１４ｇ×４０Ｐ,190,11/15まで,-,-,-,-,-,-
4901133613319 ,ＣＩＡＯピュアちゅ～る　ＢＯＸバラエティ,１４ｇ×４０Ｐ,190,11/15まで,-,-,-,-,-,-
4901133613326 ,エナジーちゅ～る　ＢＯＸバラエティ,１４ｇ×３６Ｐ,190,11/15まで,-,-,-,-,-,-
4901133675294 ,ちゅ～るＢＯＸ　まぐろバラエティ,１４ｇ×４０Ｐ,190,11/15まで,-,-,-,-,-,-
4901133675300 ,ちゅ～るＢＯＸ　まぐろかつおバラエティ,１４ｇ×４０Ｐ,190,11/15まで,-,-,-,-,-,-
4901133675317 ,ちゅ～るＢＯＸ　贅沢バラエティ,１４ｇ×４０Ｐ,190,11/15まで,-,-,-,-,-,-
4901133675324 ,ちゅ～るＢＯＸ　総合栄養食バラエティ,１４ｇ×４０Ｐ,190,11/15まで,-,-,-,-,-,-
4901133719202 ,チャオちゅ～る　贅沢バラエティ,１４ｇ×４０Ｐ,190,11/15まで,-,-,-,-,-,-
4901133719226 ,チャオちゅ～る　シーフードバラエティ,１４ｇ×４０Ｐ,190,11/15まで,-,-,-,-,-,-
4901133720444 ,チャオちゅ～る　まぐろバラエティ,１４ｇ×４０Ｐ,190,11/15まで,-,-,-,-,-,-
4901133720468 ,チャオちゅ～る　とりささみバラエティ,１４ｇ×４０Ｐ,190,11/15まで,-,-,-,-,-,-
4901133827464 ,ワンちゅ～る　総合栄養食バラエティ,１４ｇ×４０Ｐ,190,11/15まで,-,-,-,-,-,-
4901301432827 ,ロリエさらピュア吸水超安心パッド５０ＣＣ１８枚,１８枚,190,11/15まで,-,-,-,-,-,-
4901301432834 ,ロリエさらピュア吸水超安心パッド８０ＣＣ１６枚,１６枚,190,11/15まで,-,-,-,-,-,-
4901301432841 ,ロリエさらピュア吸水超安心パッド１２０ＣＣ１６枚,１６枚,190,11/15まで,-,-,-,-,-,-
4901301432858 ,ロリエさらピュア吸水超安心パッド１８０ＣＣ１４枚,１４枚,190,11/15まで,-,-,-,-,-,-
4987072081488 ,小林製薬　熟成にんにく黒酢もろみ,９０粒,190,11/15まで,-,-,-,-,-,-
4987176309013 ,アリエールジェル除菌プラスウルトラＪ,１４００ｇ,200,11/15まで,-,-,-,-,879,11/15まで
4987176309211 ,アリエールジェル部屋干しウルトラＪ,１４００ｇ,200,11/15まで,-,-,-,-,879,11/15まで
4987176309266 ,アリエールジェルウルトラジャンボ,１４００ｇ,200,11/15まで,-,-,-,-,879,11/15まで
4987176320414 ,アリエールジェルウルトラジャンボ増量,１５００ｇ,200,11/15まで,-,-,-,-,879,11/15まで
4987176320483 ,アリエールジェル部屋干しウルトラＪ増量,１５００ｇ,200,11/15まで,-,-,-,-,879,11/15まで
4987176320490 ,アリエールジェル除菌プラスウルトラＪ増量,１５００ｇ,200,11/15まで,-,-,-,-,879,11/15まで
4987176270320 ,パンテーン　ダメージケア　コンデ詰替　１．１Ｌ,１１００ｇ,200,11/15まで,-,-,-,-,1080,11/15まで
4987176270412 ,パンテーン　ダメージケア　ＳＰ詰替　１．１Ｌ,１１００ｇ,200,11/15まで,-,-,-,-,1080,11/15まで
4901609015203 ,カビキラーお風呂に置くだけ防カビジェルＦつけかえ用,８ｍｌ×２,200,11/15まで,-,-,-,-,1162,11/15まで
4901609015210 ,カビキラーお風呂に置くだけ防カビジェルＣつけかえ用,８ｍｌ×２,200,11/15まで,-,-,-,-,1162,11/15まで
4901609017160 ,カビキラー防カビジェルフレッシュガーデン替え,８ｍｌ×２,200,11/15まで,-,-,-,-,1162,11/15まで
4582304861427 ,ｍｋ　ＬＡＢ　フリーラボＵＶエッセンス,５０ｇ,200,11/15まで,-,-,-,-,1680,11/15まで
4582304861434 ,ｍｋ　ＬＡＢ　フリーラボＵＶジェル,８０ｇ,200,11/15まで,-,-,-,-,1680,11/15まで
4582304861489 ,ｍｋ　ＬＡＢ　フリーラボ　ＵＶエッセンスｎ,５０ｍｌ【ＳＰＦ５０】,200,11/15まで,-,-,-,-,1680,11/15まで
4582304861496 ,ｍｋ　ＬＡＢ　フリーラボ　ＵＶジェルｎ,８０ｇ【ＳＰＦ５０】,200,11/15まで,-,-,-,-,1680,11/15まで
4571157252148 ,オリヒロ　賢人の緑茶,４ｇ×３０本,200,11/15まで,-,-,-,-,-,-
4571157256962 ,オリヒロ　賢人の珈琲,４．５ｇ×３０本,200,11/15まで,-,-,-,-,-,-
4571157259161 ,オリヒロ　賢人の食習慣　青汁,３０本,200,11/15まで,-,-,-,-,-,-
4580717991649 ,両想いコットン弱酸性５本指ソックスタイプミドル,Ｆ,200,11/15まで,-,-,-,-,-,-
4891228320447 ,ハイドロ　普通肌　替刃,４コ入,200,11/15まで,-,-,-,-,-,-
4891228320492 ,ハイドロ　敏感肌　替刃,４コ入,200,11/15まで,-,-,-,-,-,-
4891228320546 ,ハイドロ極　普通肌　替刃,４コ入,200,11/15まで,-,-,-,-,-,-
4891228320591 ,ハイドロ極　敏感肌　替刃,４コ入,200,11/15まで,-,-,-,-,-,-
4891228320621 ,ハイドロ極パワー　普通肌　ホルダー,本体＋替刃２コ,200,11/15まで,-,-,-,-,-,-
4891228320638 ,ハイドロ極パワー　普通肌　替刃,替刃４個入,200,11/15まで,-,-,-,-,-,-
4891228320645 ,ハイドロ極パワー　敏感肌　ホルダー,本体＋替刃２コ,200,11/15まで,-,-,-,-,-,-
4891228320652 ,ハイドロ極パワー　敏感肌　替刃,替刃４個入,200,11/15まで,-,-,-,-,-,-
4900723618772 ,ｍｋ　高機能加圧固定腰椎コルセットＭ,１個入り,200,11/15まで,-,-,-,-,-,-
4900723618789 ,ｍｋ　高機能加圧固定腰椎コルセットＬ,１個入り,200,11/15まで,-,-,-,-,-,-
4900723618796 ,ｍｋ　高機能加圧固定腰椎コルセットＬＬ,１個入り,200,11/15まで,-,-,-,-,-,-
4901201233555 ,ＵＣＣ　ＢＬＡＣＫ無糖　６Ｐ　ケース,１８５ｇ×６×５,200,11/15まで,-,-,-,-,-,-
4902522681759 ,ピップエレキバンネックバンド,１個,200,11/15まで,-,-,-,-,-,-
4902522681803 ,スリムウォーク　金曜日のリセットリフレＳＭ,ＳＭ,200,11/15まで,-,-,-,-,-,-
4902522681810 ,スリムウォーク　金曜日のリセットリフレＭＬ,ＭＬ,200,11/15まで,-,-,-,-,-,-
4903018184020 ,薬用柑橘ＥＸ　育毛エッセンス,１８０ｍｌ,200,11/15まで,-,-,-,-,-,-
4906156600483 ,寝ながらメディキュットＮ　ショート　Ｍ,１足入,200,11/15まで,-,-,-,-,-,-
4906156600490 ,寝ながらメディキュットＮ　ショート　Ｌ,１足入,200,11/15まで,-,-,-,-,-,-
4906156601398 ,働きながらメディキュット　クイックリフレ　ショート,１足入,200,11/15まで,-,-,-,-,-,-
4906156603965 ,メディキュット　颯爽と歩ける着圧ソックスＳ,１足Ｓサイズ,200,11/15まで,-,-,-,-,-,-
4906156603972 ,メディキュット　颯爽と歩ける着圧ソックスＭ,１足Ｍサイズ,200,11/15まで,-,-,-,-,-,-
4906156603989 ,メディキュット　颯爽と歩ける着圧ソックスＬ,１足Ｌサイズ,200,11/15まで,-,-,-,-,-,-
4906156604016 ,ＭＱ朝・爽快！こむらナイト着圧ソックスＭ－Ｌ,Ｍ－Ｌ,200,11/15まで,-,-,-,-,-,-
4906156604023 ,ＭＱ朝・爽快！こむらナイト着圧ソックスＬ－ＬＬ,Ｌ－ＬＬ,200,11/15まで,-,-,-,-,-,-
4987046170132 ,レディース加美乃素ＡＳ,１４０ｇ,200,11/15まで,-,-,-,-,-,-
4987072019849 ,小林製薬　ブルーベリールテインメグスリノ木,６０粒,200,11/15まで,-,-,-,-,-,-
4987087041842 ,シオノギＨＣ　イソジンうがい薬,２５０ｍｌ,200,11/15まで,-,-,-,-,-,-
4987176032690 ,プログライドマニュアル替刃４Ｂ,替刃４個,200,11/15まで,-,-,-,-,-,-
4987246602464 ,ヘイリオン　新コンタックかぜＥＸ持続性,３６カプセル,200,11/15まで,-,-,-,-,-,-
4987904100455 ,シオノギＨＣ　シナールＬホワイト　エクシア,１８０錠,200,11/15まで,-,-,-,-,-,-
4902508001670 ,泡でさっぱりからだふき　詰替用,４００ｍｌ,200,10/15まで,-,-,-,-,-,-
4902508119146 ,うるおいの木　全身ローション,３００ｍｌ,200,10/15まで,-,-,-,-,-,-
4902508258036 ,香リフレッシュ　ポータブルトイレ用消臭液　詰めかえ,８００ｍｌ,200,10/15まで,-,-,-,-,-,-
4908943051041 ,山形県産雪若丸（ＪＡてんどう）,５ｋｇ,200,10/15まで,-,-,-,-,-,-
4974227526956 ,佐賀県産ひなたまる５ｋｇ,５ｋｇ,200,10/15まで,-,-,-,-,-,-
4987176396488 ,アリエールジェル部屋干し＆スポーツ本体,６７０ｇ,200,10/15まで,-,-,-,-,-,-
4987176396686 ,アリエールジェル本体,６７０ｇ,200,10/15まで,-,-,-,-,-,-
4987176396846 ,アリエールジェル除菌本体,６７０ｇ,200,10/15まで,-,-,-,-,-,-
4511413310496 ,ＤＨＣ薬用ディープクレンジングオイル,１５０ｍｌ,200,11/15まで,-,-,-,-,-,-
4511413310502 ,ＤＨＣ薬用クレンジングオイル　リニューブライト,１５０ｍｌ,200,11/15まで,-,-,-,-,-,-
4511413310519 ,ＤＨＣディープクレンジングバーム,９０ｇ,200,11/15まで,-,-,-,-,-,-
4511413310526 ,ＤＨＣディープクレンジングオイルブーストケア,１５０ｍｌ,200,11/15まで,-,-,-,-,-,-
4536117051629 ,ｍｋ　非接触体温計,１個,200,11/15まで,-,-,-,-,-,-
4571596511455 ,Ａｉｒ　ｍｉｓｔ　ブルーベリー,１本,200,11/15まで,-,-,-,-,-,-
4571596511462 ,Ａｉｒ　ｍｉｓｔ　クールレモン,１本,200,11/15まで,-,-,-,-,-,-
4571596511479 ,Ａｉｒ　ｍｉｓｔ　チョコレートミント,１本,200,11/15まで,-,-,-,-,-,-
4571596511486 ,Ａｉｒ　ｍｉｓｔ　メンソール,１本,200,11/15まで,-,-,-,-,-,-
4571596511493 ,Ａｉｒ　ｍｉｓｔ　マスカット,１本,200,11/15まで,-,-,-,-,-,-
4571596511509 ,Ａｉｒ　ｍｉｓｔ　ホワイトピーチ,１本,200,11/15まで,-,-,-,-,-,-
4580543940224 ,バルサンプロＥＸ　ノンスモーク霧タイプ,１２－２０畳用２個パック,200,11/15まで,-,-,-,-,-,-
4580543942761 ,レック　グロンサン強力内服液Ｎ,３０ｍｌ×１０本,200,11/15まで,-,-,-,-,-,-
4580543942846 ,レック　グロモントＰＲＥＭＩＵＭ,１００ｍｌ×１０本,200,11/15まで,-,-,-,-,-,-
4595317589141 ,Ｆｌｏｗ　ストロベリー,１本,200,11/15まで,-,-,-,-,-,-
4595317589158 ,Ｆｌｏｗ　グレープ,１本,200,11/15まで,-,-,-,-,-,-
4595317589165 ,Ｆｌｏｗ　ライムミント,１本,200,11/15まで,-,-,-,-,-,-
4901080154514 ,ゴキッシュ　スッ、スゴい！　１２０プッシュ,２６ｍｌ,200,11/15まで,-,-,-,-,-,-
4901080339218 ,アース　ＯＨ！ノーマット　２７０日用セット　２個入,２コイリ,200,11/15まで,-,-,-,-,-,-
4901301428714 ,サクセス　水のいらないシャンプーシート　２０枚入,２０枚,200,11/15まで,-,-,-,-,-,-
4901609011335 ,消臭センサー＆スプレーＩＬＯＶＥＹＯＵ本体お試し品,１８ｍｌ,200,11/15まで,-,-,-,-,-,-
4901609011342 ,消臭センサー＆スプレーＦフローラル本体お試し品,１８ｍｌ,200,11/15まで,-,-,-,-,-,-
4901609011359 ,消臭センサー＆スプレーＲスプリング本体お試し品,１８ｍｌ,200,11/15まで,-,-,-,-,-,-
4902720152211 ,森永乳業　トリプルサプリ　やさしいミルク味,６．８ｇ×２０包,200,11/15まで,-,-,-,-,-,-
4903111289325 ,ライフリー横モレ安心テープ止め　Ｍ,２０枚,200,11/15まで,-,-,-,-,-,-
4903111289844 ,ライフリー横モレ安心テープ止め　Ｌ,１７枚,200,11/15まで,-,-,-,-,-,-
4903111563739 ,ＬＦのび－るフィットうす型安心テ－プＳＭ２１枚,２１枚,200,11/15まで,-,-,-,-,-,-
4903111564224 ,ＬＦのび－るフィットうす型安心テ－プＬ１８枚,１８枚,200,11/15まで,-,-,-,-,-,-
4903111572595 ,ライフリー横モレ安心テープ止め　Ｓ,２２枚,200,11/15まで,-,-,-,-,-,-
4903111576005 ,ライフリー横モレ安心テープ止め　ＬＬ,１５枚,200,11/15まで,-,-,-,-,-,-
4903111902682 ,ＬＦのび－るフィットうす型軽快テ－プ止めＳＭ２２枚,２２枚,200,11/15まで,-,-,-,-,-,-
4903111902750 ,ＬＦのび－るフィットうす型軽快テ－プ止めＬ２０枚,２０枚,200,11/15まで,-,-,-,-,-,-
4906156100266 ,レキット　クレアラシルニキビ治療薬クリーム白色,２８ｇ,200,11/15まで,-,-,-,-,-,-
4906156100280 ,レキット　クレアラシルニキビ治療薬クリームベージュ,２８ｇ,200,11/15まで,-,-,-,-,-,-
4962307160442 ,ｍｋ　ノスポールこどもかぜシロップＳ,１２０ｍｌ,200,11/15まで,-,-,-,-,-,-
4962307170724 ,ｍｋ　ノスポール咳止め液Ｚ,１００ｍｌ,200,11/15まで,-,-,-,-,-,-
4973321943133 ,ＡＩＭ３０　室内成猫　健康な尿路・毛玉ケア,６００ｇ,200,11/15まで,-,-,-,-,-,-
4973321943140 ,ＡＩＭ３０　室内避妊・去勢後成猫　尿路・毛玉ケア,６００ｇ,200,11/15まで,-,-,-,-,-,-
4973321943157 ,ＡＩＭ３０　１１歳以上の室内猫　腎臓の健康ケア,６００ｇ,200,11/15まで,-,-,-,-,-,-
4973321943423 ,ＡＩＭ３０　成猫健康な尿路毛玉ケア　フィッシュ,６００ｇ,200,11/15まで,-,-,-,-,-,-
4973321943430 ,ＡＩＭ３０　避妊去勢後成猫　毛玉ケア　フィッシュ,６００ｇ,200,11/15まで,-,-,-,-,-,-
4973321943454 ,ＡＩＭ３０　１１歳避妊去　腎臓ケアフィッシュ,６００ｇ,200,11/15まで,-,-,-,-,-,-
4975292800453 ,ｍｋ　ボタニカルウイルス・菌除去スプレー携帯用,２５ｍｌ,200,11/15まで,-,-,-,-,-,-
4987067311309 ,バンテリンサポーター腰椎コルセット　ブラックＭ,ふつう,200,11/15まで,-,-,-,-,-,-
4987067311408 ,バンテリンサポーター腰椎コルセット　ブラックＬ,大きめ,200,11/15まで,-,-,-,-,-,-
4987067311507 ,バンテリンサポーター腰椎コルセット　ブラックＬＬ,ゆったり大きめ,200,11/15まで,-,-,-,-,-,-
4987067311606 ,バンテリンサポーター腰椎コルセット　ＢグレーＭ,ふつう,200,11/15まで,-,-,-,-,-,-
4987067311804 ,バンテリンサポーター腰椎コルセット　ＢグレーＬ,大きめ,200,11/15まで,-,-,-,-,-,-
4987067311903 ,バンテリンサポーター腰椎コルセット　ＢグレーＬＬ,ゆったり大きめ,200,11/15まで,-,-,-,-,-,-
4987067312108 ,バンテリンサポーター腰椎コルセット　ＰピンクＭ,ふつう,200,11/15まで,-,-,-,-,-,-
4987067312207 ,バンテリンサポーター腰椎コルセット　ＰピンクＬ,大きめ,200,11/15まで,-,-,-,-,-,-
4987067312306 ,バンテリンサポーター腰椎コルセット　ＰピンクＬＬ,ゆったり大きめ,200,11/15まで,-,-,-,-,-,-
4987123703581 ,アリナミン製薬　アリナミンＶゼロ,５０ｍｌ×１０本,200,11/15まで,-,-,-,-,-,-
4987300056226 ,エスエス製薬　スルーラックＳ（Ｎ）,２４０錠,200,11/15まで,-,-,-,-,-,-
4987300059517 ,エスエス製薬　ハイチオールホワイティアプレミアム,１２０錠,200,11/15まで,-,-,-,-,-,-
4987300067024 ,エスエス製薬　ハイチオールＣプラス２,２７０錠,200,11/15まで,-,-,-,-,-,-
4987316032061 ,佐藤製薬　スパークユンケルＤＣＦ,５０ｍｌ×１０,200,11/15まで,-,-,-,-,-,-
4987316032122 ,佐藤製薬　スパークユンケルＤＸ,５０ｍｌ×１０,200,11/15まで,-,-,-,-,-,-
4987316035697 ,佐藤製薬　スパークユンケルα,５０ｍｌ×１０,200,11/15まで,-,-,-,-,-,-
4987353272147 ,ユースキン　シソラトライアルセット,３個,200,11/15まで,-,-,-,-,-,-
4987617004262 ,ＡＭＯ　アキュビューリバイタレンズ,３６０ｍｌ×２,200,11/15まで,-,-,-,-,-,-
4987973220504 ,バンテリンサポーター腰椎コルセット　ブラック,３Ｌ,200,11/15まで,-,-,-,-,-,-
4987973222232 ,バンテリンサポーターひざ用ふつうＢブルー,ふつう,200,11/15まで,-,-,-,-,-,-
4987973222249 ,バンテリンサポーターひざ用大きめＢブルー,大きめ,200,11/15まで,-,-,-,-,-,-
4902430664462 ,アリエールバイオサイエンスジェル本体,７５０ｇ,200,10/15まで,-,-,-,-,-,-
4902888729249 ,森永　プロテイン効果　ソイカカオ味,６６０ｇ,200,10/15まで,-,-,-,-,-,-
4987176059772 ,アリエールジェル除菌プラス本体,６９０ｇ,200,10/15まで,-,-,-,-,-,-
4987176117816 ,アリエールバイオサイエンスジェル部屋干し用本体,６９０ｇ,200,10/15まで,-,-,-,-,-,-
4987176167415 ,アリエールジェル本体,７２０ｇ,200,10/15まで,-,-,-,-,-,-
4987176295224 ,アリエールジェル部屋干し用本体,７００ｇ,200,10/15まで,-,-,-,-,-,-
4987176295293 ,アリエールジェル除菌プラス本体,７００ｇ,200,10/15まで,-,-,-,-,-,-
4987176295439 ,アリエールジェル本体,７００ｇ,200,10/15まで,-,-,-,-,-,-
4989350000570 ,青森県産　まっしぐら　５ｋｇ,５Ｋｇ,200,10/15まで,-,-,-,-,-,-
4989350782018 ,当店の一押米,５Ｋｇ,200,10/15まで,-,-,-,-,-,-
4906156804102 ,ミューズボタニカルボディウォッシュト付替,４５０ｍｌ,210,11/15まで,-,-,-,-,-,-
4946842638765 ,アサヒ　パーフェクト＊コラーゲンプレミアリッチ５０,３７８ｇ,210,11/15まで,-,-,-,-,-,-
4580543940040 ,バルサンＳＰジェット　１２－１６畳用×３,１２－１６畳用×３,210,11/15まで,-,-,-,-,-,-
4580543940088 ,バルサンプロＥＸ　６－８畳用×３,６－８畳用×３,210,11/15まで,-,-,-,-,-,-
4903111020904 ,ライフリー超うす型下着感覚パンツ２回ＬＬ２０枚,２０枚,210,11/15まで,-,-,-,-,-,-
4903111525799 ,ライフリー超うす型下着感覚パンツＭ,２２枚,210,11/15まで,-,-,-,-,-,-
4903111526109 ,ライフリー超うす型下着感覚パンツＬ,２０枚,210,11/15まで,-,-,-,-,-,-
4903111526413 ,ライフリーすっきりスタイルパンツピンクＭ,２０枚,210,11/15まで,-,-,-,-,-,-
4903111526727 ,ライフリーすっきりスタイルパンツピンクＬ,１８枚,210,11/15まで,-,-,-,-,-,-
4903111527007 ,ライフリーすっきりスタイルパンツブルーＭ,２０枚,210,11/15まで,-,-,-,-,-,-
4903111527625 ,ライフリーすっきりスタイルパンツブルーＬ,１８枚,210,11/15まで,-,-,-,-,-,-
4903111536382 ,ライフリームレずに爽快うす型パンツ２回Ｍ２２枚,２２枚,210,11/15まで,-,-,-,-,-,-
4903111536733 ,ライフリームレずに爽快うす型パンツ２回Ｌ２０枚,２０枚,210,11/15まで,-,-,-,-,-,-
4903111537099 ,ライフリームレずに爽快うす型パンツ４回Ｍ２０枚,２０枚,210,11/15まで,-,-,-,-,-,-
4903111537167 ,ライフリーリハビリパンツＳ,１８枚,210,11/15まで,-,-,-,-,-,-
4903111537211 ,ライフリームレずに爽快うす型パンツ４回Ｌ１８枚,１８枚,210,11/15まで,-,-,-,-,-,-
4903111537242 ,ライフリーリハビリパンツＭ,１６枚,210,11/15まで,-,-,-,-,-,-
4903111537327 ,ライフリーリハビリパンツＬ,１４枚,210,11/15まで,-,-,-,-,-,-
4903111537402 ,ライフリーリハビリパンツＬＬ,１２枚,210,11/15まで,-,-,-,-,-,-
4903111537570 ,ライフリー超うす型下着感覚パンツ２回Ｓ２６枚,２６枚,210,11/15まで,-,-,-,-,-,-
4903111537594 ,ライフリーうす型あんしんパンツＭ,２０枚,210,11/15まで,-,-,-,-,-,-
4903111537679 ,ライフリーうす型あんしんパンツＬ,１８枚,210,11/15まで,-,-,-,-,-,-
4903111537839 ,ライフリーうす型軽快パンツＳ,２４枚,210,11/15まで,-,-,-,-,-,-
4903111537914 ,ライフリーうす型軽快パンツＭ,２２枚,210,11/15まで,-,-,-,-,-,-
4903111538058 ,ライフリーうす型軽快パンツＬ,２０枚,210,11/15まで,-,-,-,-,-,-
4903111538133 ,ライフリーうす型軽快パンツＬＬ,１８枚,210,11/15まで,-,-,-,-,-,-
4903111556946 ,ライフリー歩くのらくらくうす型パンツ２回Ｍ２０枚,２０枚,210,11/15まで,-,-,-,-,-,-
4903111557202 ,ライフリー歩くのらくらくうす型パンツ２回Ｌ１８枚,１８枚,210,11/15まで,-,-,-,-,-,-
4903111557592 ,ライフリー歩くのらくらくうす型パンツ４回Ｍ１８枚,１８枚,210,11/15まで,-,-,-,-,-,-
4903111557943 ,ライフリー歩くのらくらくうす型パンツ４回Ｌ１６枚,１６枚,210,11/15まで,-,-,-,-,-,-
4903111564354 ,ライフリー長時間あんしんうす型パンツＭ３８枚,３８枚,210,11/15まで,-,-,-,-,-,-
4903111564705 ,ライフリー長時間あんしんうす型パンツＬ３６枚,３６枚,210,11/15まで,-,-,-,-,-,-
4903111583522 ,ライフリー歩行アシストパンツ２回Ｍ,１８枚,210,11/15まで,-,-,-,-,-,-
4903111583669 ,ライフリー歩行アシストパンツ２回Ｌ,１６枚,210,11/15まで,-,-,-,-,-,-
4903111583706 ,ライフリー歩行アシストパンツ４回Ｍ,１６枚,210,11/15まで,-,-,-,-,-,-
4903111583836 ,ライフリー歩行アシストパンツ４回Ｌ,１４枚,210,11/15まで,-,-,-,-,-,-
4903111935352 ,超うす下着感覚パンツＭ２４枚,２４枚,210,11/15まで,-,-,-,-,-,-
4903111935567 ,超うす下着感覚パンツＬ２２枚,２２枚,210,11/15まで,-,-,-,-,-,-
4903111957057 ,ライフリーうす型あんしんパンツＳ,２２枚,210,11/15まで,-,-,-,-,-,-
4903111958009 ,ライフリー長時間安心うす型パンツＬＬ,１６枚,210,11/15まで,-,-,-,-,-,-
4987176238894 ,パンパース　通気性プラスパンツ　ビッグ４０枚,４０枚,210,11/15まで,-,-,-,-,-,-
4987176238917 ,パンパース　通気性プラスパンツ　Ｌ４６枚,４６枚,210,11/15まで,-,-,-,-,-,-
4987176238931 ,パンパース　通気性プラスパンツ　Ｍ５４枚,５４枚,210,11/15まで,-,-,-,-,-,-
4987973122532 ,興和　キューピーコーワゴールドドリンク２,５０ｍＬ×１０,210,11/15まで,-,-,-,-,-,-
4987973122679 ,興和　キューピーコーワゴールドＺＥＲＯドリンク,５０ｍＬ×１０,210,11/15まで,-,-,-,-,-,-
4901301386816 ,エッセンシャル　しっとりまとまる　トリートメント,２５０ｇ,220,11/15まで,-,-,-,-,628,11/15まで
4901301386823 ,エッセンシャル　ふんわりうるツヤ　トリートメント,２５０ｇ,220,11/15まで,-,-,-,-,628,11/15まで
4901301428165 ,サクセスレジル　リセットシャンプー　詰替え,３２０ｍＬ,220,11/15まで,-,-,-,-,980,11/15まで
4901301428189 ,サクセスレジル　リバウンスコンディショナー詰替え,３２０ｍＬ,220,11/15まで,-,-,-,-,980,11/15まで
4901301440006 ,リリーフパンツタイプまるで下着Ｍ－Ｌ３８枚,３８枚,220,11/15まで,-,-,-,-,-,-
4901301440013 ,リリーフパンツタイプまるで下着Ｌ－ＬＬ３４枚,３４枚,220,11/15まで,-,-,-,-,-,-
4901301440068 ,リリーフパンツタイプまるで下着ピンクＭ－Ｌ３４枚,３４枚,220,11/15まで,-,-,-,-,-,-
4901301440075 ,リリーフパンツタイプまるで下着ピンクＬ－ＬＬ３０枚,３０枚,220,11/15まで,-,-,-,-,-,-
4901301440297 ,リリーフ上げ下げらくらくパンツ２回分Ｍ－Ｌ４２枚,４２枚,220,11/15まで,-,-,-,-,-,-
4901301440310 ,リリーフ上げ下げらくらくパンツ２回分Ｌ３８枚,３８枚,220,11/15まで,-,-,-,-,-,-
4901301440433 ,リリーフ上げ下げらくらくパンツ３回分Ｍ－Ｌ４０枚,４０枚,220,11/15まで,-,-,-,-,-,-
4901301440440 ,リリーフ上げ下げらくらくパンツ３回分Ｌ－ＬＬ３６枚,３６枚,220,11/15まで,-,-,-,-,-,-
4901301440518 ,リリーフ上げ下げらくらくパンツ４回分Ｍ－Ｌ３８枚,３８枚,220,11/15まで,-,-,-,-,-,-
4901301440525 ,リリーフ上げ下げらくらくパンツ４回分Ｌ－ＬＬ３４枚,３４枚,220,11/15まで,-,-,-,-,-,-
4901301440570 ,リリーフ上げ下げらくらくパンツ５回分Ｍ－Ｌ３０枚,３０枚,220,11/15まで,-,-,-,-,-,-
4901301440587 ,リリーフ上げ下げらくらくパンツ５回分Ｌ－ＬＬ２６枚,２６枚,220,11/15まで,-,-,-,-,-,-
4901301473622 ,リリーフ　上げ下げ長時間パンツ５回分Ｍ－Ｌ３２枚,３２枚,220,11/15まで,-,-,-,-,-,-
4901301473639 ,リリーフ　上げ下げ長時間パンツ５回分Ｌ－ＬＬ２８枚,２８枚,220,11/15まで,-,-,-,-,-,-
4906156603569 ,メディキュット　フォーメン　着圧ＮＳ　ショート　Ｍ,１足Ｍサイズ,220,11/15まで,-,-,-,-,-,-
4906156603576 ,メディキュット　フォーメン　着圧ＮＳ　ショート　Ｌ,１足Ｌサイズ,220,11/15まで,-,-,-,-,-,-
4906156603712 ,メディキュット　フォーメン　着圧ビジネスソックスＭ,１足Ｍサイズ,220,11/15まで,-,-,-,-,-,-
4906156603729 ,メディキュット　フォーメン　着圧ビジネスソックスＬ,１足Ｌサイズ,220,11/15まで,-,-,-,-,-,-
4906156603903 ,ＭＱながらメンテナンス着圧ハイソックスＬ,１足Ｌサイズ,220,11/15まで,-,-,-,-,-,-
4946452008286 ,日本シグマックス）マックスベルトコンフォート,Ｓサイズ,220,11/15まで,-,-,-,-,-,-
4946452008293 ,日本シグマックス）マックスベルトコンフォート,Ｍサイズ,220,11/15まで,-,-,-,-,-,-
4946452008309 ,日本シグマックス）マックスベルトコンフォート,Ｌサイズ,220,11/15まで,-,-,-,-,-,-
4946452008316 ,日本シグマックス）マックスベルトコンフォート,ＬＬサイズ,220,11/15まで,-,-,-,-,-,-
4946452008323 ,日本シグマックス）マックスベルトコンフォート,３Ｌサイズ,220,11/15まで,-,-,-,-,-,-
4946452071259 ,メディエイドしっかりガード腰　スタンダードプラス,Ｍサイズ,220,11/15まで,-,-,-,-,-,-
4946452071266 ,メディエイドしっかりガード腰　スタンダードプラス,Ｌサイズ,220,11/15まで,-,-,-,-,-,-
4946452071273 ,メディエイドしっかりガード腰　スタンダードプラス,ＬＬサイズ,220,11/15まで,-,-,-,-,-,-
4971710571134 ,ソフティモクリアプロＣＬバーム　ＣＩＣＡブラック,９０ｇ,220,11/15まで,-,-,-,-,-,-
4971710571141 ,ソフティモクリアプロＣＬバーム　ＣＩＣＡＢホット,９０ｇ,220,11/15まで,-,-,-,-,-,-
4971710571158 ,ソフティモクリアプロＣＬバーム　ＣＩＣＡホワイト,９０ｇ,220,11/15まで,-,-,-,-,-,-
4971710571165 ,ソフティモクリアプロＣＬバーム　ＣＩＣＡＤクリア,９０ｇ,220,11/15まで,-,-,-,-,-,-
4971710571172 ,ソフティモクリアプロＣＬバーム　ＣＩＣＡモイスト,９０ｇ,220,11/15まで,-,-,-,-,-,-
4971710581584 ,ソフティモ　クリアプロ　バーム　クール,９０ｇ,220,11/15まで,-,-,-,-,-,-
4971710588439 ,ソフティモ　クリアプロ　バーム　ゆず,９０ｇ,220,11/15まで,-,-,-,-,-,-
4987046100481 ,薬用加美乃素　薬用ミネラルヘア　育毛剤,１８０ｍｌ,220,11/15まで,-,-,-,-,-,-
4987046170057 ,ターフエイト,１８２ｇ,220,11/15まで,-,-,-,-,-,-
4987973127698 ,興和　コルゲンコーワＬＸ錠,３６錠,220,11/15まで,-,-,-,-,-,-
4963246065010 ,茨城県産コシヒカリ,５Ｋｇ,220,10/15まで,-,-,-,-,-,-
4547691815422 ,ゼリーモンスター　モイスト　１２個入,１２個入,220,11/15まで,-,-,-,-,-,-
4547691815439 ,ゼリーモンスター　ホット　１２個入,１２個入,220,11/15まで,-,-,-,-,-,-
4901301452993 ,ビオレザボディととのい肌　ウッディフローラルポンプ,４８０ｍＬ,220,11/15まで,-,-,-,-,-,-
4901301453006 ,ビオレザボディととのい肌　フルーティームスクポンプ,４８０ｍＬ,220,11/15まで,-,-,-,-,-,-
4901301453525 ,ビオレザボディととのい肌　ジャスミン　ポンプ,４８０ｍＬ,220,11/15まで,-,-,-,-,-,-
4902011119879 ,エリエール超除菌できるアルコールタオル本体,７０枚ボトル本体,220,11/15まで,-,-,-,-,-,-
4902011731118 ,エリエール　除菌できるアルコールタオル　ボトル本体,１００枚ボトル本体,220,11/15まで,-,-,-,-,-,-
4902011731149 ,ＥＬ　除菌アルコールタオルウィルス除去　ボトル本体,８０枚ボトル本体,220,11/15まで,-,-,-,-,-,-
4902011733150 ,ＥＬ　薬用消毒できるアルコールタオル　ボトル本体,８０枚ボトル本体,220,11/15まで,-,-,-,-,-,-
4903111021529 ,超快適スマートカラーアソート　ショコラ・バーガンデ,２０枚,220,11/15まで,-,-,-,-,-,-
4903111021734 ,超快適スマートカラー　ベージュ×バーガンディ,２０枚,220,11/15まで,-,-,-,-,-,-
4903111030149 ,ＭＫ　超快適スマートカラーベージュ×テラコッタ,２０枚,220,11/15まで,-,-,-,-,-,-
4903111341689 ,ＭＫ　超快適スマートカラーホワイト×インディゴ,２０枚,220,11/15まで,-,-,-,-,-,-
4903111411757 ,シルコットピュアウォーターＷＴ替６０枚×８,６０枚×８,220,11/15まで,-,-,-,-,-,-
4903111412006 ,シルコット除菌ＷＴノンアルコール替４５枚×８,４５枚×８,220,11/15まで,-,-,-,-,-,-
4903111412198 ,シルコット９９．９９％除菌ＷＴ替４０枚×８,４０枚×８,220,11/15まで,-,-,-,-,-,-
4903111412280 ,シルコット除菌ウェットアルコールタイプ　詰替４０枚,４０枚×８,220,11/15まで,-,-,-,-,-,-
4903111459049 ,シルコットピュアウォーターＷＴ替５８枚×８,５８枚×８,220,11/15まで,-,-,-,-,-,-
4903111460045 ,シルコット除菌ＷＴノンアルコール替４３枚×８,４３枚×８,220,11/15まで,-,-,-,-,-,-
4903111474349 ,シルコット　ノンＡＬ除菌　詰替４３枚×８　グリーン,４３枚×８,220,11/15まで,-,-,-,-,-,-
4903111474837 ,シルコット９９％除菌ＷＴ替４０枚×８　グレー,４０枚×８,220,11/15まで,-,-,-,-,-,-
4903111487479 ,シルコット　ノンＡＬ除菌　詰替４３枚×８　マカロン,４３枚×８,220,11/15まで,-,-,-,-,-,-
4903111487721 ,シルコット９９％除菌ＷＴ替４０枚×８　マカロン,４０枚×８,220,11/15まで,-,-,-,-,-,-
4903111523283 ,超快適スマートカラー　ベージュグレー　２０枚,２０枚,220,11/15まで,-,-,-,-,-,-
4903111523658 ,超快適スマートカラー　ホワイトグレー　２０枚,２０枚,220,11/15まで,-,-,-,-,-,-
4903111523894 ,超快適スマートカラー　ピンクグレー　２０枚,２０枚,220,11/15まで,-,-,-,-,-,-
4903111551934 ,超快適スマートカラーパールホワイト,２０枚,220,11/15まで,-,-,-,-,-,-
4903111552849 ,超快適スマートカラーベージュ,２０枚,220,11/15まで,-,-,-,-,-,-
4903111553044 ,超快適スマートカラーグレー,２０枚,220,11/15まで,-,-,-,-,-,-
4903111960491 ,超快適スマートカラーアソート　ベージュ・グレー,２０枚,220,11/15まで,-,-,-,-,-,-
4903111968909 ,超快適スマートカラー　ベージュ×ショコラ,２０枚,220,11/15まで,-,-,-,-,-,-
4901301440280 ,リリーフ上げ下げらくらくパンツ２回分Ｍ－Ｌ２４枚,２４枚,230,11/15まで,-,-,-,-,-,-
4901301440303 ,リリーフ上げ下げらくらくパンツ２回分Ｌ２２枚,２２枚,230,11/15まで,-,-,-,-,-,-
4901301440419 ,リリーフ上げ下げらくらくパンツ３回分Ｍ－Ｌ２２枚,２２枚,230,11/15まで,-,-,-,-,-,-
4901301440426 ,リリーフ上げ下げらくらくパンツ３回分Ｌ－ＬＬ２０枚,２０枚,230,11/15まで,-,-,-,-,-,-
4901301440495 ,リリーフ上げ下げらくらくパンツ４回分Ｍ－Ｌ２０枚,２０枚,230,11/15まで,-,-,-,-,-,-
4901301440501 ,リリーフ上げ下げらくらくパンツ４回分Ｌ－ＬＬ１８枚,１８枚,230,11/15まで,-,-,-,-,-,-
4901301440556 ,リリーフ上げ下げらくらくパンツ５回分Ｍ－Ｌ１６枚,１６枚,230,11/15まで,-,-,-,-,-,-
4901301440563 ,リリーフ上げ下げらくらくパンツ５回分Ｌ－ＬＬ１４枚,１４枚,230,11/15まで,-,-,-,-,-,-
4901301441607 ,リリーフパンツタイプまるで下着Ｍ－Ｌ２０枚,２０枚,230,11/15まで,-,-,-,-,-,-
4901301441614 ,リリーフパンツタイプまるで下着Ｌ－ＬＬ１８枚,１８枚,230,11/15まで,-,-,-,-,-,-
4901301441621 ,リリーフパンツタイプまるで下着ピンクＭ－Ｌ１８枚,１８枚,230,11/15まで,-,-,-,-,-,-
4901301441638 ,リリーフパンツタイプまるで下着ピンクＬ－ＬＬ１６枚,１６枚,230,11/15まで,-,-,-,-,-,-
4901301464286 ,リリーフパンツタイプまるで下着２回分Ｍ１８枚,１８枚,230,11/15まで,-,-,-,-,-,-
4901301464293 ,リリーフパンツタイプまるで下着２回分Ｌ１６枚,１６枚,230,11/15まで,-,-,-,-,-,-
4901301464309 ,リリーフパンツタイプまるで下着２回分ピンクＭ１６枚,１６枚,230,11/15まで,-,-,-,-,-,-
4901301464316 ,リリーフパンツタイプまるで下着２回分ピンクＬ１４枚,１４枚,230,11/15まで,-,-,-,-,-,-
4901301467683 ,ＭＫリリーフパンツタイプまるで下着２回分グレーＭ,１６枚,230,11/15まで,-,-,-,-,-,-
4901301467690 ,ＭＫリリーフパンツタイプまるで下着２回分グレーＬ,１４枚,230,11/15まで,-,-,-,-,-,-
4901301473554 ,リリーフ　上げ下げ長時間パンツ５回分Ｍ－Ｌ１８枚,１８枚,230,11/15まで,-,-,-,-,-,-
4901301473561 ,リリーフ　上げ下げ長時間パンツ５回分Ｌ－ＬＬ１６枚,１６枚,230,11/15まで,-,-,-,-,-,-
4901301469731 ,メンズビオレワン全身洗浄料　クール本体,４８０ｍＬ,230,11/15まで,-,-,-,-,-,-
4901201146602 ,ＵＣＣ　職人の珈琲　無糖　ケース,９００ｍｌ×１２,240,11/15まで,-,-,-,-,-,-
4901201146640 ,ＵＣＣ　職人の珈琲　低糖　ケース,９００ｍｌ×１２,240,11/15まで,-,-,-,-,-,-
4901201146664 ,ＵＣＣ　職人の珈琲　ミルクに最適　ケース,９００ｍｌ×１２,240,11/15まで,-,-,-,-,-,-
4901201150203 ,ＵＣＣ　おいしいカフェインレスコーヒー　無糖　ＰＥ,９００ｍｌＸ１２,240,11/15まで,-,-,-,-,-,-
4901201150326 ,ゴールドスペシャル　アイスコーヒー　無糖　ケース,１０００ｍｌ×１２,240,11/15まで,-,-,-,-,-,-
4901201150340 ,ゴールドスペシャル　アイス　甘さひかえめ　ケース,１０００ｍｌ×１２,240,11/15まで,-,-,-,-,-,-
4902720109123 ,森永はぐくみ２缶パック,８００Ｇ×２缶,240,11/15まで,-,-,-,-,-,-
4909411089931 ,キリン　イミューズ　ヨーグルトテイスト　６本Ｐ　ケ,５００ｍｌ×６×４,240,11/15まで,-,-,-,-,-,-
4987046100658 ,レディース加美乃素プレミアム,１５０ｍｌ,240,11/15まで,-,-,-,-,-,-
4987316014906 ,佐藤製薬　ストナＥＸ錠,２４錠,240,11/15まで,-,-,-,-,-,-
4901777432727 ,オールフリークリア　レモン＆ライム　缶　ケース,３５０ｍｌ×２４,240,11/15まで,-,-,-,-,-,-
4901777432741 ,オールフリークリア　ビターオレンジ　缶　ケース,３５０ｍｌ×２４,240,11/15まで,-,-,-,-,-,-
4902720144988 ,森永チルミル　２缶パック,８００ｇ×２,240,11/15まで,-,-,-,-,-,-
4903301324188 ,ソフランＰ消臭　フローラルアロマ詰替特大ケース品,１２６０ｍｌ×６,240,11/15まで,-,-,-,-,-,-
4903301324249 ,ソフランＰ消臭　アロマソープ　詰替特大ケース品,１２６０ｍｌ×６,240,11/15まで,-,-,-,-,-,-
4903301324355 ,ソフランＰ消臭フレッシュグリーン詰替特大ケース品,１２６０ｍｌ×６,240,11/15まで,-,-,-,-,-,-
4904230073932 ,アサヒ　よわない贅沢　グレープフルーツ　ケース,３５０ｍｌ×２４,240,11/15まで,-,-,-,-,-,-
4904230073970 ,アサヒ　よわない贅沢　桃　ケース,３５０ｍｌ×２４,240,11/15まで,-,-,-,-,-,-
4909411089917 ,キリン　イミューズ　ヨーグルトテイスト　ケース,５００ｍｌ×２４,240,11/15まで,-,-,-,-,-,-
4909411089955 ,キリン　イミューズ　免疫ケアウォーター　ケース,５００ｍｌ×２４,240,11/15まで,-,-,-,-,-,-
4909411089993 ,キリン　イミューズ　レモン　ケース,５００ｍｌ×２４,240,11/15まで,-,-,-,-,-,-
4909411097073 ,キリン　イミューズ　グリーン　ケース,５００ｍｌ×２４,240,11/15まで,-,-,-,-,-,-
4909411120078 ,キリン　イミューズ　フルーツＲ　ＧＦミックス　　ケ,５００ｍｌ×２４,240,11/15まで,-,-,-,-,-,-
4909411120115 ,キリン　イミューズ　フルーツＲ　アップルＭ　ケース,５００ｍｌ×２４,240,11/15まで,-,-,-,-,-,-
4987316029535 ,佐藤製薬　ユンケル黄帝ロイヤル２,５０ｍｌ,240,11/15まで,-,-,-,-,-,-
4580717992585 ,両想いコットンカシミヤシルクＭＩＸサポーター,１足,250,11/15まで,-,-,-,-,-,-
4580717992592 ,両想いコットンカシミヤシルクＭＩＸソックス,１足,250,11/15まで,-,-,-,-,-,-
4580717993025 ,グラマラスパッツ・ビー　スパッツ　Ｍ,Ｍ,250,11/15まで,-,-,-,-,-,-
4580717993032 ,グラマラスパッツ・ビー　スパッツ　Ｌ,Ｌ,250,11/15まで,-,-,-,-,-,-
4901301230591 ,メリーズパンツ　Ｍ５８枚,５８マイ,250,11/15まで,-,-,-,-,-,-
4901301230638 ,メリーズパンツ　Ｌ４４枚,４４マイ,250,11/15まで,-,-,-,-,-,-
4901301230676 ,メリーズパンツ　ビッグ３８枚,３８マイ,250,11/15まで,-,-,-,-,-,-
4901301230782 ,メリーズ　新生児用９０,９０マイ,250,11/15まで,-,-,-,-,-,-
4901301230812 ,メリーズ　Ｓ８２枚,８２マイ,250,11/15まで,-,-,-,-,-,-
4901301230843 ,メリーズ　Ｍ６４枚,６４マイ,250,11/15まで,-,-,-,-,-,-
4901301281098 ,メリーズパンツビッグより大きいサイズ２６枚,２６枚,250,11/15まで,-,-,-,-,-,-
4901301316073 ,メリーズパンツＳ６２枚,６２マイ,250,11/15まで,-,-,-,-,-,-
4901301388018 ,メリーズファーストプレミアム新生児５０００ｇ６６枚,６６枚,250,11/15まで,-,-,-,-,-,-
4901301388025 ,メリーズファーストプレミアムＳサイズ６０枚,６０枚,250,11/15まで,-,-,-,-,-,-
4901301418975 ,メリーズ　新生児用７６枚,７６マイ,250,11/15まで,-,-,-,-,-,-
4901301418982 ,メリーズ　Ｓ７０枚,７０マイ,250,11/15まで,-,-,-,-,-,-
4901301418999 ,メリーズ　Ｍ５６枚,５６マイ,250,11/15まで,-,-,-,-,-,-
4901301425898 ,メリーズパンツビッグより大きいサイズ２６枚,２６枚,250,11/15まで,-,-,-,-,-,-
4902522681322 ,スリムウォークメディカルリンパレギンス,ＳＭ,250,11/15まで,-,-,-,-,-,-
4902522681339 ,スリムウォークメディカルリンパレギンス,ＭＬ,250,11/15まで,-,-,-,-,-,-
4987072030233 ,小林製薬　ＤＨＡＥＰＡα－リノレン酸,１８０粒,250,11/15まで,-,-,-,-,-,-
4973512259296 ,アラウベビーミルキーローション替え,２６０ｍｌ,250,10/15まで,-,-,-,-,-,-
4571596512384 ,Ａｉｒ　ｍｉｎｉ　Ｐｒｏ　メンソール,１本,250,11/15まで,-,-,-,-,-,-
4571596512391 ,Ａｉｒ　ｍｉｎｉ　Ｐｒｏ　マスカット,１本,250,11/15まで,-,-,-,-,-,-
4571596512407 ,Ａｉｒ　ｍｉｎｉ　Ｐｒｏ　グレープ,１本,250,11/15まで,-,-,-,-,-,-
4571596512414 ,Ａｉｒ　ｍｉｎｉ　Ｐｒｏ　ピーチ,１本,250,11/15まで,-,-,-,-,-,-
4571596512421 ,Ａｉｒ　ｍｉｎｉ　Ｐｒｏ　ブルーベリー,１本,250,11/15まで,-,-,-,-,-,-
4571596512438 ,Ａｉｒ　ｍｉｎｉ　Ｐｒｏ　レモン,１本,250,11/15まで,-,-,-,-,-,-
4595317589097 ,ＭＡＹＢＩＳＳ　メンソールタバコ,１本,250,11/15まで,-,-,-,-,-,-
4595317589103 ,ＭＡＹＢＩＳＳ　ブラックメンソール,１本,250,11/15まで,-,-,-,-,-,-
4595317589110 ,ＭＡＹＢＩＳＳ　ミント,１本,250,11/15まで,-,-,-,-,-,-
4595317589127 ,ＭＡＹＢＩＳＳ　ブルーベリーミント,１本,250,11/15まで,-,-,-,-,-,-
4595317589134 ,ＭＡＹＢＩＳＳ　レモンメンソール,１本,250,11/15まで,-,-,-,-,-,-
4902777306209 ,明治　アミノコラーゲンプラスカルシウム,９８ｇ,250,11/15まで,-,-,-,-,-,-
4902777350769 ,明治　ザバスプロＷＤヨーグルトＮ,２８０ｇ,250,11/15まで,-,-,-,-,-,-
4902777350783 ,明治　ザバスプロＷＤチョコレートＮ,２８０ｇ,250,11/15まで,-,-,-,-,-,-
4987028115441 ,エーザイ　チョコラＢＢローヤル２　１０本,５０ｍｌ×１０本,250,11/15まで,-,-,-,-,-,-
4987072056288 ,小林製薬　血圧ヘルプ　３０日分,３０粒,250,11/15まで,-,-,-,-,-,-
4987286319285 ,ＭＫ　酸化マグネシウムＥ便秘薬,４００錠,250,11/15まで,-,-,-,-,-,-
4580717992929 ,グラマラスパッツ・ビー　ガードル　Ｍ,Ｍ,270,11/15まで,-,-,-,-,-,-
4580717992936 ,グラマラスパッツ・ビー　ガードル　Ｌ,Ｌ,270,11/15まで,-,-,-,-,-,-
4987072023648 ,小林製薬　ブルーベリーお徳用,６０粒,270,11/15まで,-,-,-,-,-,-
4580543940101 ,バルサンプロＥＸ,１２－１６畳用×３,270,11/15まで,-,-,-,-,-,-
4987072051306 ,小林製薬　マカ亜鉛プレミアム,９０粒,280,11/15まで,-,-,-,-,-,-
4987316032191 ,佐藤製薬　ユンケル黄帝液プレミアム（Ｎ）,３０ｍｌ×３,280,11/15まで,-,-,-,-,-,-
4903111531455 ,ライフリー超うす型下着感覚パンツ４回Ｍ３０枚,３０枚,290,11/15まで,-,-,-,-,-,-
4903111531820 ,ライフリー超うす型下着感覚パンツ４回Ｌ２８枚,２８枚,290,11/15まで,-,-,-,-,-,-
4903111061242 ,ライフリー超うす型下着感覚パンツ２回ＬＬ３０枚,３０枚,290,11/15まで,-,-,-,-,-,-
4903111296149 ,ライフリー長時間あんしんうす型パンツＬ３６枚,３６枚,290,11/15まで,-,-,-,-,-,-
4903111341597 ,ライフリー長時間あんしんうす型パンツＭ３８枚,３８枚,290,11/15まで,-,-,-,-,-,-
4903111540938 ,ライフリーうす型軽快パンツＭ,３２枚,290,11/15まで,-,-,-,-,-,-
4903111541287 ,ライフリーうす型軽快パンツＬ,３０枚,290,11/15まで,-,-,-,-,-,-
4903111541379 ,ライフリーリハビリパンツＭ,２４枚,290,11/15まで,-,-,-,-,-,-
4903111541461 ,ライフリーリハビリパンツＬ,２２枚,290,11/15まで,-,-,-,-,-,-
4903111545988 ,ライフリーリハビリパンツＳ２６枚,２６枚,290,11/15まで,-,-,-,-,-,-
4903111546374 ,ライフリーリハビリパンツＬＬ１８枚,１８枚,290,11/15まで,-,-,-,-,-,-
4903111559367 ,ライフリーうす型軽快パンツＭ４０枚,４０枚,290,11/15まで,-,-,-,-,-,-
4903111561353 ,ライフリーうす型軽快パンツＬ３８枚,３８枚,290,11/15まで,-,-,-,-,-,-
4903111564965 ,ＬＦ長時間あんしんうす型パンツＳ３２枚,３２枚,290,11/15まで,-,-,-,-,-,-
4903111565566 ,ＬＦ長時間あんしんうす型パンツＬＬ２４枚,２４枚,290,11/15まで,-,-,-,-,-,-
4903111571840 ,ライフリ－うす型軽快パンツＳ３４枚,３４枚,290,11/15まで,-,-,-,-,-,-
4903111572267 ,ライフリ－うす型軽快パンツＬＬ２６枚,２６枚,290,11/15まで,-,-,-,-,-,-
4903111652464 ,ライフリーリハビリパンツＬ２８枚,２８枚,290,11/15まで,-,-,-,-,-,-
4903111801954 ,ライフリーリハビリパンツＭ３０枚,３０枚,290,11/15まで,-,-,-,-,-,-
4903111906482 ,ライフリー超うす型下着感覚パンツ２回Ｓ３６枚,３６枚,290,11/15まで,-,-,-,-,-,-
4903111948505 ,ライフリ－超うす型下着感覚パンツＭ,３４枚,290,11/15まで,-,-,-,-,-,-
4903111948826 ,ライフリ－超うす型下着感覚パンツＬ,３２枚,290,11/15まで,-,-,-,-,-,-
4903111957477 ,ＬＦ長時間あんしんうす型パンツＭ３０枚,３０枚,290,11/15まで,-,-,-,-,-,-
4903111957941 ,ＬＦ長時間あんしんうす型パンツＬ２８枚,２８枚,290,11/15まで,-,-,-,-,-,-
4901301439697 ,サクセス２４　ＭＯＩＳＴ　ＦＥＥＬ　ＳＰ本体,４００ｍＬ,300,11/15まで,-,-,-,-,1250,11/15まで
4901301439710 ,サクセス２４　ＭＯＩＳＴ　ＦＥＥＬ　ＣＤ本体,４００ｍＬ,300,11/15まで,-,-,-,-,1250,11/15まで
4901301439734 ,サクセス２４　ＦＲＥＳＨ　ＦＥＥＬ　ＳＰ本体,４００ｍＬ,300,11/15まで,-,-,-,-,1250,11/15まで
4901301439758 ,サクセス２４　ＦＲＥＳＨ　ＦＥＥＬ　ＣＤ本体,４００ｍＬ,300,11/15まで,-,-,-,-,1250,11/15まで
4906156800449 ,ミューズノータッチ本体セットグレープフルーツ,２５０ｍｌ,300,11/15まで,-,-,-,-,-,-
4906156802191 ,ミューズノータッチ本体オリジナル,２５０ｍｌ,300,11/15まで,-,-,-,-,-,-
4906156802627 ,ミューズノータッチディズニー本体セットミッキー,２５０ｍｌ,300,11/15まで,-,-,-,-,-,-
4906156802634 ,ミューズノータッチ本体ディズニーミニー,２５０ｍｌ,300,11/15まで,-,-,-,-,-,-
4906156803044 ,ミューズノータッチ本体くまのプーさん２２春夏セット,２５０ｍｌ,300,11/15まで,-,-,-,-,-,-
4906156803051 ,ミューズノータッチ本体ティガー２２春夏セット,２５０ｍｌ,300,11/15まで,-,-,-,-,-,-
4906156803136 ,ミューズノータッチ本体セットプーさん２２春夏,２５０ｍｌ,300,11/15まで,-,-,-,-,-,-
4906156803273 ,ミューズノータッチセット（プーさん２０２２秋冬）,セット,300,11/15まで,-,-,-,-,-,-
4906156803327 ,ミューズＮＴディズニー１００周年本体セット２３春夏,セット,300,11/15まで,-,-,-,-,-,-
4906156803440 ,ミューズＮＴディズニー１００周年本体セットフレンズ,セット,300,11/15まで,-,-,-,-,-,-
4906156803891 ,ミューズＮＴ本体プラスボトルボタニカル２個セット,２５０ｍｌ×２,300,11/15まで,-,-,-,-,-,-
4906156803907 ,ミューズノータッチドラえもん本体企画品,セット,300,11/15まで,-,-,-,-,-,-
4906156804041 ,ミューズノータッチ本体ブルーレモンソーダ,２５０ｍｌ,300,11/15まで,-,-,-,-,-,-
4906156804201 ,ミューズノータッチ本体ボタニカルホワイト,２５０ｍｌ,300,11/15まで,-,-,-,-,-,-
4906156804324 ,ミューズノータッチ本体ボタニカルスミレ,２５０ｍｌ,300,11/15まで,-,-,-,-,-,-
4975479417559 ,オムロン）音波式電動歯ブラシ,ＨＴーＢ３０３０ーＷ,300,11/15まで,-,-,-,-,-,-
4975479417566 ,オムロン）音波式電動歯ブラシ,ＨＴーＢ３０３０ーＰＫ,300,11/15まで,-,-,-,-,-,-
4987035153603 ,大塚製薬　ファイブミニ（特定保健用食品）ケースＮ,１００ｍｌ×３０,300,11/15まで,-,-,-,-,-,-
4987072047354 ,小林製薬　ロコエール,２７０粒,300,11/15まで,-,-,-,-,-,-
4987072085578 ,小林製薬　尿酸ヘルプ　３０日分,６０粒,300,11/15まで,-,-,-,-,-,-
4987176032522 ,プログライドフレックスボールパワーホルダー,替刃２個付,300,11/15まで,-,-,-,-,-,-
4987176032874 ,プログライドフレックスボールマニュアルホルダー,替刃２個付,300,11/15まで,-,-,-,-,-,-
4987176412898 ,ｈ＆ｓｆｏｒｍｅｎ　イッチリリーフ　ＳＰポンプ,３３０ｇ,300,11/15まで,-,-,-,-,-,-
4987176412928 ,ｈ＆ｓｆｏｒｍｅｎ　イッチリリーフ　ＣＤポンプ,３３０ｇ,300,11/15まで,-,-,-,-,-,-
4987176412980 ,ｈ＆ｓｆｏｒｍｅｎ　オイルコントロール　ＣＤポンプ,３３０ｇ,300,11/15まで,-,-,-,-,-,-
4987176413000 ,ｈ＆ｓｆｏｒｍｅｎ　オイルコントロール　ＳＰポンプ,３３０ｇ,300,11/15まで,-,-,-,-,-,-
4973512258688 ,アラウベビーミルキーローション,３００ｍｌ,300,10/15まで,-,-,-,-,-,-
4901080052315 ,ゼロノナイト　イヤな虫用　１プッシュスプレー　６０,７５ｍｌ,300,11/15まで,-,-,-,-,-,-
4901080065810 ,ゼロノナイトゴキブリ・トコジラミ用ワンプッシュ,７５ｍｌ,300,11/15まで,-,-,-,-,-,-
4901080149916 ,ゼロノナイト　ダニ用　１プッシュ式スプレー　６０回,７５ＭＬ,300,11/15まで,-,-,-,-,-,-
4987033000572 ,太田胃散　ロコフィットＧＬプラス　１８０錠,１８０錠,300,11/15まで,-,-,-,-,-,-
4987128304158 ,田辺ファーマ　タナベ胃腸薬ウルソ,６０錠,300,11/15まで,-,-,-,-,-,-
4987300060131 ,エスエス製薬　ハイチオールＣプラスＥＸ,２４０錠,300,11/15まで,-,-,-,-,-,-
4987973222256 ,バンテリンコーワリカバリ腕用Ｂブルー,ＢブルーＭ－Ｌ,300,11/15まで,-,-,-,-,-,-
4987973222270 ,バンテリンコーワリカバリーふくらはぎ用Ｍ　Ｂブルー,ふつう,300,11/15まで,-,-,-,-,-,-
4987973222287 ,バンテリンコーワリカバリーふくらはぎ用Ｌ　Ｂブルー,大きめ,300,11/15まで,-,-,-,-,-,-
4902888727726 ,森永　ウィダージュニアプロテインココア,９８０ｇ,300,10/15まで,-,-,-,-,-,-
4560447831903 ,インフィニティー　アルギニンシトルリン亜鉛　大容量,２４０粒,320,10/15まで,-,-,-,-,-,-
4984372685569 ,ＭＫ　ユンケル黄帝ロイヤル２　２本パック,５０ｍｌ×２,320,11/15まで,-,-,-,-,-,-
4908943050266 ,特選栽培山形県産つやひめ,５ｋｇ,320,10/15まで,-,-,-,-,-,-
4906156804096 ,ミューズボタニカルボディウォッシュ本体,５００ｍｌ,330,11/15まで,-,-,-,-,-,-
4987316051550 ,ＭＫ　ユンケルＤ２,５０ｍｌ×６,330,11/15まで,-,-,-,-,-,-
4987316035222 ,佐藤製薬　ユンケル黄帝４０　３本パック,４０ｍｌ×３,340,11/15まで,-,-,-,-,-,-
4987067253708 ,興和　パニオンコーワ錠,９０錠,350,11/15まで,-,-,-,-,-,-
4902111774442 ,ダヴ吸着毛穴ケア洗顔ジェル,１５０ｍｌ,350,11/15まで,-,-,-,-,-,-
4902111778273 ,ダヴ吸着毛穴ケア洗顔ジェル　金木犀の香り,１５０ｍｌ,350,11/15まで,-,-,-,-,-,-
4902111779942 ,ダヴ吸着毛穴ケア洗顔ジェル　ミモザの香り,１５０ｍｌ,350,11/15まで,-,-,-,-,-,-
4987072094976 ,小林製薬　サラシアプレミアム,１２０粒,350,11/15まで,-,-,-,-,-,-
4902888725166 ,森永　マッスルフィットプロテイン　ココア　８４０ｇ,８４０ｇ,350,10/15まで,-,-,-,-,-,-
4902888725197 ,森永　マッスルフィットプロテイン　バニラ　８４０ｇ,８４０ｇ,350,10/15まで,-,-,-,-,-,-
4901301419170 ,メリーズパンツ　Ｍ５２枚ケース,５２枚×３,360,11/15まで,-,-,-,-,-,-
4901301425997 ,メリーズパンツＳ６２枚ケース,６２枚×３,360,11/15まで,-,-,-,-,-,-
4901301426000 ,メリーズパンツ　Ｌ４４枚ケース,４４枚×３,360,11/15まで,-,-,-,-,-,-
4901301426017 ,メリーズパンツ　ビッグ３８枚ケース,３８枚×３,360,11/15まで,-,-,-,-,-,-
4901301447715 ,メリーズパンツビッグより大きいサイズ２４枚ケース,２４枚×３,360,11/15まで,-,-,-,-,-,-
4901301409966 ,アタックＺＥＲＯつめかえ１２００ｇ梱販売用,７．２ＫＧ,360,11/15まで,-,-,-,-,-,-
4901301410306 ,アタックＺＥＲＯドラムつめかえ１２００ｇ梱販売用,７．２ＫＧ,360,11/15まで,-,-,-,-,-,-
4901301412409 ,アタックＺＥＲＯ部屋干しつめかえ１２００ｇ梱販売用,７．２ＫＧ,360,11/15まで,-,-,-,-,-,-
4901301425317 ,アタックＺＥＲＯつめかえ１１４０ｇ梱販売用,１１４０ｇ６個,360,11/15まで,-,-,-,-,-,-
4901301425973 ,アタックＺＥＲＯ部屋干しつめかえ用１１４０ｇ梱販売,１１４０ｇ６個,360,11/15まで,-,-,-,-,-,-
4901301428905 ,アタックＺＥＲＯ　ドラム式専用　つめかえ用　１１４,１１４０ｇ６個,360,11/15まで,-,-,-,-,-,-
4975479416811 ,オムロン）音波式電動歯ブラシ,ＨＴ－Ｂ２２０－Ｗ,400,11/15まで,-,-,-,-,-,-
4975479416859 ,オムロン）音波式電動歯ブラシ,ＨＴ－Ｂ２２２－Ｗ,400,11/15まで,-,-,-,-,-,-
4975479417573 ,オムロン）音波式電動歯ブラシ,ＨＴーＢ２１４０ーＧ,400,11/15まで,-,-,-,-,-,-
4975479417580 ,オムロン）音波式電動歯ブラシ,ＨＴーＢ２１４０ーＰＫ,400,11/15まで,-,-,-,-,-,-
4902430899994 ,パンパース肌いちパンツＭ４８枚　ケース,４パック,400,11/15まで,-,-,-,-,-,-
4902430900034 ,パンパース肌いちパンツＬ３８枚　ケース,４パック,400,11/15まで,-,-,-,-,-,-
4902430900072 ,パンパース肌いちパンツＢＩＧ３６枚　ケース,４パック,400,11/15まで,-,-,-,-,-,-
4902430900119 ,パンパースはじめての肌いち新生児７０枚　ケース,４パック,400,11/15まで,-,-,-,-,-,-
4902430900157 ,パンパースはじめての肌いちＳ６４枚　ケース,４パック,400,11/15まで,-,-,-,-,-,-
4902430900195 ,パンパースはじめての肌いちＭ５２枚　ケース,４パック,400,11/15まで,-,-,-,-,-,-
4902430900232 ,パンパースはじめての肌いちＬ４２枚　ケース,４パック,400,11/15まで,-,-,-,-,-,-
4987035341109 ,大塚）ポカリスエットパウダーセットケース,５袋×５＋スクイズケ,400,11/15まで,-,-,-,-,-,-
4987188128022 ,久光製薬　エスカップ,１００ｍｌ×４８本,400,11/15まで,-,-,-,-,-,-
4901301390790 ,アタック抗菌ＥＸつめかえ用１８００ｇ梱販売用,１０．８ＫＧ,420,11/15まで,-,-,-,-,-,-
4901301411952 ,アタック抗菌ＥＸ部屋干し用つめかえ用１８００ｇ梱販,１０．８ＫＧ,420,11/15まで,-,-,-,-,-,-
4901301425133 ,アタック抗菌ＥＸ　つめかえ用　１８００ｇ梱販,１０．８ＫＧ,420,11/15まで,-,-,-,-,-,-
4901301425218 ,アタック抗菌ＥＸ　部屋干し用　つめかえ用　１８００,１０．８ＫＧ,420,11/15まで,-,-,-,-,-,-
4901301462732 ,ＭＫ　リリーフパンツタイプまるで下着２回分グレーＭ,１８枚,430,11/15まで,-,-,-,-,-,-
4901301462749 ,ＭＫ　リリーフパンツタイプまるで下着２回分グレーＬ,１６枚,430,11/15まで,-,-,-,-,-,-
4901301441225 ,リリーフパンツまるで下着Ｍ－Ｌ３８枚×２,３８枚×２,440,11/15まで,-,-,-,-,-,-
4901301441836 ,リリーフパンツまるで下着Ｌ－ＬＬ３４枚×２,３４枚×２,440,11/15まで,-,-,-,-,-,-
4901301441881 ,リリーフパンツ３回分Ｍ－Ｌ４０枚×２,４０枚×２,440,11/15まで,-,-,-,-,-,-
4901301441898 ,リリーフパンツ３回分Ｌ－ＬＬ３６枚×２,３６枚×２,440,11/15まで,-,-,-,-,-,-
4901301441959 ,リリーフパンツ４回分Ｍ－Ｌ３８枚×２,３８枚×２,440,11/15まで,-,-,-,-,-,-
4901301441966 ,リリーフパンツ４回分Ｌ－ＬＬ３４枚×２,３４枚×２,440,11/15まで,-,-,-,-,-,-
4901301442017 ,リリーフパンツ５回分Ｍ－Ｌ３０枚×２,３０枚×２,440,11/15まで,-,-,-,-,-,-
4901301442024 ,リリーフパンツ５回分Ｌ－ＬＬ２６枚×２,２６枚×２,440,11/15まで,-,-,-,-,-,-
4901301442192 ,リリーフパンツまるで下着ピンクＭ－Ｌ３４枚×２,３４枚×２,440,11/15まで,-,-,-,-,-,-
4901301442208 ,リリーフパンツまるで下着ピンクＬ－ＬＬ３０枚×２,３０枚×２,440,11/15まで,-,-,-,-,-,-
4987188812068 ,久光製薬　サロンパス　１４０枚×４個,１４０枚×４個,440,11/15まで,-,-,-,-,-,-
4984372699832 ,ｍｋペットシーツ薄型レギュラー１ケース（４個入）,Ｒ１４８枚　ケース,440,11/15まで,-,-,-,-,-,-
4984372699849 ,ｍｋペットシーツ薄型ワイド１ケース（４個入）,Ｗ７４枚　ケース,440,11/15まで,-,-,-,-,-,-
4984372699856 ,ｍｋペットシーツ薄型Ｓワイド１ケース（４個入）,ＳＷ３２枚　ケース,440,11/15まで,-,-,-,-,-,-
4901306124239 ,カゴメトマトジュース食塩無添加　スマートＰＥＴ　ケ,７２０ｍｌｘ１５,450,11/15まで,-,-,-,-,3389,11/15まで
4901306124734 ,カゴメトマトジュース　スマートＰＥＴ　ケース,７２０ｍｌｘ１５,450,11/15まで,-,-,-,-,3389,11/15まで
4901306143148 ,野菜生活１００　オリジナル　スマートＰＥＴ　ケース,７２０ｍｌｘ１５,450,11/15まで,-,-,-,-,3389,11/15まで
4901306143162 ,野菜生活１００　マンゴーサラダ　スマートＰＥＴケー,７２０ｍｌｘ１５,450,11/15まで,-,-,-,-,3389,11/15まで
4901306175569 ,野菜生活１００　ベリーサラダ　スマートＰＥＴケース,７２０ｍｌｘ１５,450,11/15まで,-,-,-,-,3389,11/15まで
4901306178126 ,カゴメ野菜ジュース食塩無添加スマートＰＥＴケース,７２０ＭＬ×１５,450,11/15まで,-,-,-,-,3389,11/15まで
4901301401830 ,メリーズ　ファーストプレミアムパンツＳサイズ５２枚,５２枚×３,450,11/15まで,-,-,-,-,-,-
4901306153499 ,野菜一日これ一杯　スマートＰＥＴ　ケース,７２０ｍｌｘ１５,450,11/15まで,-,-,-,-,-,-
4901306300435 ,カゴメ　野菜一日これ一杯トリプルケアケース,７２０ｍｌｘ１５,450,11/15まで,-,-,-,-,-,-
4901301452207 ,メリーズ　ぐっすりパンツ　ＢＩＧサイズ,３０枚,470,11/15まで,-,-,-,-,-,-
4901301452214 ,メリーズ　ぐっすりパンツ　ＢＩＧより大きいサイズ,２４枚,470,11/15まで,-,-,-,-,-,-
4901301453051 ,メリーズ　ぐっすりパンツ　Ｌサイズ,３４枚,470,11/15まで,-,-,-,-,-,-
4901301389473 ,メリーズファーストプレミアム新生児５０００ｇ２０枚,２０枚×８,480,11/15まで,-,-,-,-,-,-
4901301389480 ,メリーズファーストプレミアムＳサイズ１９枚×８,１９枚×８,480,11/15まで,-,-,-,-,-,-
4901301437891 ,メリーズテープ　新生児用６８枚ケース,６８枚×４,480,11/15まで,-,-,-,-,-,-
4901301437907 ,メリーズテープ　Ｓ６２枚ケース,６２枚×４,480,11/15まで,-,-,-,-,-,-
4901301437914 ,メリーズテープ　Ｍ５２枚ケース,５２枚×４,480,11/15まで,-,-,-,-,-,-
4901777347670 ,サントリー　ＺＯＮｅ　ケース,５００ｍｌ×２４,480,11/15まで,-,-,-,-,-,-
4901777385900 ,サントリー　ＨＹＰＥＲ　ＺＯＮｅ　ケース,４００ｍｌ×２４,480,11/15まで,-,-,-,-,-,-
4901777392946 ,サントリー　ＨＹＰＥＲ　ＺＯＮｅ　ＺＥＲＯ,４００ｍｌ×２４,480,11/15まで,-,-,-,-,-,-
4901777410138 ,ＨＹＰＥＲ　ＺＯＮｅ　ＩＮＦＥＲＮＯ　ケース,４００ｍｌ×２４,480,11/15まで,-,-,-,-,-,-
4901777410152 ,ＨＹＰＥＲ　ＺＯＮｅ　ＷＨＩＴＥ　ＰＥＡＣＥ　ケー,４００ｍｌ×２４,480,11/15まで,-,-,-,-,-,-
4901777429260 ,ＺＯＮｅ　ＰＯＷＥＲ　ＭＯＲＮＩＮＧ　ＥＮＥＲＧＹ,４００ｍｌ×２４,480,11/15まで,-,-,-,-,-,-
4901777446755 ,サントリー　ロコモアＷＡＴＥＲ　ケース,５００ｍｌ×２４,480,11/15まで,-,-,-,-,-,-
4901777447585 ,サントリー　セサミン１０００　ケース,５００ｍｌ×２４,480,11/15まで,-,-,-,-,-,-
4902179121493 ,サンガリア　まろやかいちご＆ミルクケース,５００ｍｌ×２４,480,11/15まで,-,-,-,-,-,-
4902179121509 ,サンガリア　まろやかバナナ＆ミルクケース,５００ｍｌ×２４,480,11/15まで,-,-,-,-,-,-
4902179124579 ,サンガリア　ピュラル　オレンジ＆マンゴーケース,５００ｍｌ×２４,480,11/15まで,-,-,-,-,-,-
4902179124876 ,サンガリア　まろやかいちご＆ミルクケース,４２０ｍｌ×２４,480,11/15まで,-,-,-,-,-,-
4902179124883 ,サンガリア　まろやかバナナ＆ミルクケース,４２０ｍｌ×２４,480,11/15まで,-,-,-,-,-,-
4902179124890 ,サンガリア　まろやかメロン＆ミルクケース,４２０ｍｌ×２４,480,11/15まで,-,-,-,-,-,-
4987067253906 ,興和　パニオンコーワ錠,１５０錠,480,11/15まで,-,-,-,-,-,-
4975479417030 ,オムロン）手首式血圧計,ＨＥＭ－６２３０,500,11/15まで,-,-,-,-,-,-
4975479417108 ,オムロン）手首式血圧計,ＨＥＭ－６１６１,500,11/15まで,-,-,-,-,-,-
4975479426476 ,オムロン）自動血圧計,ＨＣＲー７１３６,500,11/15まで,-,-,-,-,-,-
4902777314990 ,明治　ザバスホエイプロテインすっきりフルーティー,７００ｇ,500,11/15まで,-,-,-,-,-,-
4902777315614 ,明治　ザバスカゼイン＆ホエイ　ココア大,８１０ｇ,500,11/15まで,-,-,-,-,-,-
4902777350776 ,明治　ザバスプロＷＤヨーグルトＮ大袋,８００ｇ,500,11/15まで,-,-,-,-,-,-
4902777350837 ,明治　ザバスプロＷＤチョコレートＮ大袋,８００ｇ,500,11/15まで,-,-,-,-,-,-
4210201438434 ,オーラルＢ　すみずみクリーン　フロス,１本,500,11/15まで,-,-,-,-,-,-
4210201438458 ,オーラルＢ　すみずみクリーン　やわらか,１本,500,11/15まで,-,-,-,-,-,-
4210201438472 ,オーラルＢ　すみずみクリーン　マルチアクション,１本,500,11/15まで,-,-,-,-,-,-
4909411090838 ,おいしい免疫ケア　睡眠　６本パック　ケース,１００ｍｌ×６×５,500,11/15まで,-,-,-,-,-,-
4909411091620 ,キリン　おいしい免疫ケア　６本パックケース,１００ｍｌ×６×５,500,11/15まで,-,-,-,-,-,-
4909411091644 ,キリン　おいしい免疫ケアカロリーオフ　６本パックケ,１００ｍｌ×６×５,500,11/15まで,-,-,-,-,-,-
4909411112424 ,おいしい免疫ケア　ダブルビタミン　６本パックケース,１００ｍｌ×６×５,500,11/15まで,-,-,-,-,-,-
4909411116620 ,おいしい免疫ケア　セラミドプラス,１００ｍｌ×６×５,500,11/15まで,-,-,-,-,-,-
4909411122324 ,つよいぞ！ムテキッズ,１００ｍｌ×６×５,500,11/15まで,-,-,-,-,-,-
4987033000589 ,太田胃散　ロコフィットＧＬプラス　３３６錠,３３６錠,500,11/15まで,-,-,-,-,-,-
4987176301192 ,ジレットラボ　角質除去バー搭載お試しホルダー,替刃１個付,500,11/15まで,-,-,-,-,-,-
4987176340795 ,ジレットラボシャイニ－ゴールド２Ｂホルダー付,替刃３個付,500,11/15まで,-,-,-,-,-,-
4987176402080 ,オーラルＢすみずみクリーンマルチアクション本体,替え１本増量＋ポーチ付,500,11/15まで,-,-,-,-,-,-
4987300059524 ,エスエス製薬　ハイチオールホワイティアプレミアム,２４０錠,500,11/15まで,-,-,-,-,-,-
4902777319285 ,明治　ザバスホエイプロテインバニラアイスクリーム大,９８０ｇ,520,11/15まで,-,-,-,-,-,-
4901301428158 ,サクセスレジル　リセットシャンプー本体,４００ｍＬ,550,11/15まで,-,-,-,-,1480,11/15まで
4901301428172 ,サクセスレジル　リバウンスコンディショナー本体,４００ｍＬ,550,11/15まで,-,-,-,-,1480,11/15まで
4520699679142 ,デオシート消臭ラボ　トイレシステム本体,レギュラー,550,11/15まで,-,-,-,-,-,-
4901301454003 ,ビオレザボディととのい肌　ウッディフローラル本＋替,４８０ｍＬ＋４４０ｍＬ,550,11/15まで,-,-,-,-,-,-
4901301454034 ,ビオレザボディととのい肌　フルーティームスク本＋替,４８０ｍＬ＋４４０ｍＬ,550,11/15まで,-,-,-,-,-,-
4901085663387 ,お～いお茶　ＰＵＲＥ　ＧＲＥＥＮ　ケース,６００ｍｌ×２４本,600,11/15まで,-,-,-,-,2106,11/15まで
4901085663400 ,お～いお茶　ＬＥＭＯＮ　ＧＲＥＥＮケース,６００ｍｌ×２４本,600,11/15まで,-,-,-,-,2106,11/15まで
4909411085445 ,キリン　ラブズ　スポーツ　ケース,５５５ｍｌ×２４,600,11/15まで,-,-,-,-,2553,11/15まで
4909411085568 ,キリン　世界のＫｉｔｃｈｅｎから　ソルティライチ,５００ｍｌ×２４,600,11/15まで,-,-,-,-,2553,11/15まで
4909411090647 ,キリン×ファンケル　アミノサプリ　プラス　ケース,５５５ｍｌ×２４,600,11/15まで,-,-,-,-,2553,11/15まで
4909411106614 ,世界のＫｉｔｃｈｅｎから　ライムソルト　ケース,５００ｍｌ×２４,600,11/15まで,-,-,-,-,2553,11/15まで
4514603325805 ,アサヒ　ウィルキンソン　タンサン　ケース,５００ｍｌＸ２４,600,11/15まで,-,-,-,-,-,-
4514603347401 ,アサヒ　ウィルキンソン　タンサン　レモン　ケース,５００ｍｌ×２４,600,11/15まで,-,-,-,-,-,-
4514603449105 ,アサヒ　ウィルキンソン　ジンジャエールケース,５００ｍｌ×２４,600,11/15まで,-,-,-,-,-,-
4514603456103 ,アサヒ　ウィルキンソン　タンサンＷグレープ　ケース,５００ｍｌＸ２４,600,11/15まで,-,-,-,-,-,-
4514603461503 ,アサヒ　ドデカミン　ケース,５００ｍｌ×２４,600,11/15まで,-,-,-,-,-,-
4514603461701 ,アサヒ　ドデカミンのゼロがこんなにおいしい　ケース,５００ｍｌ×２４,600,11/15まで,-,-,-,-,-,-
4514603463408 ,アサヒ　ウィルキンソン　タンサン　ザ　フルーティー,４９０ｍｌ×２４,600,11/15まで,-,-,-,-,-,-
4514603470703 ,アサヒ　ウィルキンソン　タンサン　ダブルグレープ　,５００ｍｌＸ２４,600,11/15まで,-,-,-,-,-,-
4514603490008 ,アサヒ　ウィルキンソン　ライチ＆レモン　ケース,５００ｍｌＸ２４,600,11/15まで,-,-,-,-,-,-
4514603492309 ,アサヒ　ウィルキンソン　タンサングレフル　ケース,４９０ｍｌＸ２４,600,11/15まで,-,-,-,-,-,-
4514603492408 ,アサヒ　ドデカミン　ケース,５００ｍｌ×２４,600,11/15まで,-,-,-,-,-,-
4514603492507 ,アサヒ　ドデカミンのゼロが好きだと叫びたい　ケース,５００ｍｌ×２４,600,11/15まで,-,-,-,-,-,-
4901085658864 ,お～いお茶　ＰＵＲＥ　ＧＲＥＥＮ　ケース,６００ｍｌ×２４本,600,11/15まで,-,-,-,-,-,-
4901085658888 ,お～いお茶　ＬＥＭＯＮ　ＧＲＥＥＮケース,６００ｍｌ×２４本,600,11/15まで,-,-,-,-,-,-
4901301389107 ,メリーズファーストプレミアムＭサイズ４８枚×４,４８枚×４,600,11/15まで,-,-,-,-,-,-
4901301401847 ,メリーズ　ファーストプレミアムパンツＭサイズ４６枚,４６枚×４,600,11/15まで,-,-,-,-,-,-
4901301401854 ,メリーズファーストプレミアムＬサイズ３６枚×４,３６枚×４,600,11/15まで,-,-,-,-,-,-
4901301401861 ,メリーズファーストプレミアムＢＩＧサイズ３２枚×４,３２枚×４,600,11/15まで,-,-,-,-,-,-
4901301449283 ,メリーズ　ファーストプレミアム新生児５０００ｇ　梱,６０枚×４,600,11/15まで,-,-,-,-,-,-
4901301449290 ,メリーズ　ファーストプレミアム　Ｓサイズ　梱,５４枚×４,600,11/15まで,-,-,-,-,-,-
4901340010536 ,カルピス　カルピスソーダ　ケース,５００ｍｌ×２４,600,11/15まで,-,-,-,-,-,-
4901340083035 ,カルピス　ＴＨＥ　ＲＩＣＨ　ケース,４９０ｍｌ×２４,600,11/15まで,-,-,-,-,-,-
4901340094031 ,カルピス　ＴＨＥ　ＲＩＣＨ　ケース,４７０ｍｌ×２４,600,11/15まで,-,-,-,-,-,-
4901340096639 ,カルピス　クラフトシロップほっとゆず・かりんＣ,４７０ｍｌ×１２,600,11/15まで,-,-,-,-,-,-
4901340096738 ,カルピス　クラフトシロップほっとレモンＣ,４７０ｍｌ×１２,600,11/15まで,-,-,-,-,-,-
4901340098039 ,カルピス　ＣＡＬＰＩＳ濃いめ　ケース,４９０ｍｌ×２４,600,11/15まで,-,-,-,-,-,-
4901340877917 ,カルピス　カルピスウォーター　ケース,５００ｍｌＸ２４,600,11/15まで,-,-,-,-,-,-
4901777216891 ,サントリー　天然水　ケース,５５０ｍｌｘ２４,600,11/15まで,-,-,-,-,-,-
4901777285712 ,サントリー　ヨーグリーナ＆天然水　ケース,５４０ｍｌ×２４,600,11/15まで,-,-,-,-,-,-
4901777317611 ,サントリー　天然水スパークリングレモン　ケース,５００ｍｌ×２４,600,11/15まで,-,-,-,-,-,-
4901777338692 ,サントリー　天然水うめソルティ　ケース,５４０ｍｌ×２４,600,11/15まで,-,-,-,-,-,-
4901777362444 ,サントリー　ヨーグリーナ＆天然水ＢＩＯＸ　ケース,５４０ｍｌ×２４,600,11/15まで,-,-,-,-,-,-
4901777364554 ,サントリー　ＳＴＲＯＮＧ天然水スパークリング　Ｃ,５１０ｍｌ×２４,600,11/15まで,-,-,-,-,-,-
4901777373358 ,サントリー天然水　特製レモンスカッシュ　ケース,５００ｍｌ×２４,600,11/15まで,-,-,-,-,-,-
4901777423084 ,サントリー　天然水特製ヨーグルスカッシュケース,５００ｍｌ×２４,600,11/15まで,-,-,-,-,-,-
4909411084806 ,キリン　午後の紅茶　ストレ－トティ－　ケ－ス,５００ｍｌ×２４,600,11/15まで,-,-,-,-,-,-
4909411084882 ,キリン　午後の紅茶　レモンティ－　ケ－ス,５００ｍｌ×２４,600,11/15まで,-,-,-,-,-,-
4909411084967 ,キリン　午後の紅茶　ミルクティ－　ケ－ス,５００ｍｌ×２４,600,11/15まで,-,-,-,-,-,-
4909411085667 ,キリン　午後の紅茶　おいしい無糖　ケース,５００ｍｌ×２４,600,11/15まで,-,-,-,-,-,-
4909411088484 ,キリン　午後の紅茶　おいしい無糖　香るレモン　ケー,５００ｍｌ×２４,600,11/15まで,-,-,-,-,-,-
4909411089375 ,キリン　ファイア　ワンデイブラック　ケース,６００ｍｌ,600,11/15まで,-,-,-,-,-,-
4909411090524 ,キリン　ファイア　ワンデイラテ　微糖　ケース,６００ｍｌ,600,11/15まで,-,-,-,-,-,-
4909411091224 ,キリン　午後の紅茶　おいしい無糖ミルクティー　ケー,５００ｍｌ×２４,600,11/15まで,-,-,-,-,-,-
4909411093198 ,キリンファイアワンデイラテ砂糖不使用　ケース,６００ｍｌ,600,11/15まで,-,-,-,-,-,-
4909411093297 ,キリン　午後の紅茶　ＴＳ　ロイヤルＢティーラテ　ケ,５００ｍｌ×２４,600,11/15まで,-,-,-,-,-,-
4909411114725 ,キリン　午後の紅茶　Ｆ＆Ｉ　ＴＥＡ　オレンジとＧＦ,５００ｍｌＸ２４,600,11/15まで,-,-,-,-,-,-
4909411114749 ,キリン　午後の紅茶　Ｆ＆Ｉ　ＴＥＡ白ぶどうとレモン,５００ｍｌＸ２４,600,11/15まで,-,-,-,-,-,-
4514603493108 ,アサヒ　グリーンコーラ　ケース,５００ｍｌ×２４,600,11/15まで,-,-,-,-,-,-
4902430157018 ,パンパースさらさらケアパンツＳジャンボＭ５８枚　ケ,４パック,600,10/15まで,-,-,-,-,-,-
4902430157056 ,パンパースさらさらケアパンツＳジャンボＬ４４枚　ケ,４パック,600,10/15まで,-,-,-,-,-,-
4902430157087 ,パンパースさらさらケアパンツＳジャンボビッグ３８枚,４パック,600,10/15まで,-,-,-,-,-,-
4902430756136 ,パンパースさらさらケアパンツＳスーパ－ジャンボ　ケ,４パック,600,10/15まで,-,-,-,-,-,-
4902430756198 ,パンパースさらさらケアテープＳジャンボＭ６４枚　ケ,４パック,600,10/15まで,-,-,-,-,-,-
4902430756204 ,パンパースさらさらケアテープＳジャンボＬ５４枚　ケ,４パック,600,10/15まで,-,-,-,-,-,-
4902430759946 ,パンパースさらさらケアテープＳジャンボ新生児９０枚,４パック,600,10/15まで,-,-,-,-,-,-
4902430759953 ,パンパースさらさらケアテープＳジャンボＳ８２枚　ケ,４パック,600,10/15まで,-,-,-,-,-,-
4987176032393 ,プログライドパワー５Ｂホルダー付,替刃６個付,600,11/15まで,-,-,-,-,-,-
4987176032812 ,プログライドマニュアル５Ｂホルダー付,替刃６個付,600,11/15まで,-,-,-,-,-,-
4901301442079 ,リリーフパンツ２回分Ｍ－Ｌ４２枚×３,４２枚×３,660,11/15まで,-,-,-,-,-,-
4901301442086 ,リリーフパンツ２回分Ｌ３８枚×３,３８枚×３,660,11/15まで,-,-,-,-,-,-
4987316035048 ,佐藤製薬　ユンケル黄帝（Ｎ）１０本パック,３０ｍｌ×１０,680,11/15まで,-,-,-,-,-,-
4987316035185 ,佐藤製薬　ユンケル黄帝液Ｌ（Ｎ）１０本パック,３０ｍｌ×１０,680,11/15まで,-,-,-,-,-,-
4514603424904 ,アサヒ　十六茶　シンプルｅｃｏラベル　ケース,６３０ｍｌ×２４,720,11/15まで,-,-,-,-,2217,11/15まで
4514603444803 ,アサヒ　ぎゅっと濃い十六茶　ケース,６３０ｍｌ×２４,720,11/15まで,-,-,-,-,2217,11/15まで
4514603445404 ,アサヒ　十六茶　ケース,６３０ｍｌ×２４,720,11/15まで,-,-,-,-,2217,11/15まで
4514603461206 ,アサヒ　十六茶　ケース,６６０ｍｌ×２４,720,11/15まで,-,-,-,-,2217,11/15まで
4514603461305 ,アサヒ　十六茶　ケース,６３０ｍｌ×２４,720,11/15まで,-,-,-,-,2217,11/15まで
4514603461909 ,アサヒ　十六茶麦茶　ケース,６６０ｍｌ×２４,720,11/15まで,-,-,-,-,2217,11/15まで
4902705031005 ,明治）ヴァームスマートフィットＷレモンケース,５００ｍｌ×２４,720,11/15まで,-,-,-,-,3023,11/15まで
4902705031272 ,明治）ヴァームスマートフィットＷアップルケース,５００ｍｌ×２４,720,11/15まで,-,-,-,-,3023,11/15まで
4560292291907 ,レッドブル・エナジードリンク　ケース,３５５ｍｌ×２４,720,11/15まで,-,-,-,-,-,-
4560292292218 ,レッドブル・エナジードリンク　アルミ缶　ケース,３３０ＭＬ×２４,720,11/15まで,-,-,-,-,-,-
4514603446203 ,アサヒ　十六茶麦茶　ケース,６３０ｍｌ×２４,720,11/15まで,-,-,-,-,-,-
4560292291327 ,レッドブル・エナジードリンク　ケース,２５０ｍｌ×２４,720,11/15まで,-,-,-,-,-,-
4560292291709 ,レッドブル・パープルエディション４缶　ケース,２５０ｍｌ×４缶×６,720,11/15まで,-,-,-,-,-,-
4560292291785 ,レッドブル・シュガーフリー　ケース,２５０ｍｌ×２４,720,11/15まで,-,-,-,-,-,-
4560292292614 ,レッドブル・マスカットエディション　ケース,２５０ｍｌ×２４,720,11/15まで,-,-,-,-,-,-
4901301323019 ,メリーズパンツビッグより大きいサイズ２６枚梱,２６枚×３,750,11/15まで,-,-,-,-,-,-
4901301323026 ,メリーズパンツＳ６２枚ケース,６２枚×３,750,11/15まで,-,-,-,-,-,-
4901301323033 ,メリーズパンツ　ビッグ３８枚ケース,３８枚×３,750,11/15まで,-,-,-,-,-,-
4901301323040 ,メリーズパンツ　Ｍ５８枚ケース,５８枚×３,750,11/15まで,-,-,-,-,-,-
4901301323057 ,メリーズパンツ　Ｌ４４枚ケース,４４枚×３,750,11/15まで,-,-,-,-,-,-
4901301426024 ,メリーズパンツビッグより大きいサイズ２６枚ケース,２６枚×３,750,11/15まで,-,-,-,-,-,-
4901340009431 ,カルピス　巨峰　ケース,４７０ｍｌ×１２,750,11/15まで,-,-,-,-,-,-
4901340047334 ,カルピス　糖質６０％オフ　ケース,４７０ｍｌ×１２,750,11/15まで,-,-,-,-,-,-
4901340073135 ,カルピス　完熟白桃　ケース,４７０ｍｌ×１２,750,11/15まで,-,-,-,-,-,-
4901340089938 ,カルピス　甘熟いちご　ケース,４７０ｍｌ×１２,750,11/15まで,-,-,-,-,-,-
4901340093836 ,カルピス　芳醇メロン　ケース,４７０ｍｌ×１２,750,11/15まで,-,-,-,-,-,-
4901340206922 ,カルピス　カルピス　白　ケース,４７０ｍｌ×１５,750,11/15まで,-,-,-,-,-,-
4891228320430 ,ハイドロ　普通肌　コンボパック,本体＋替刃５個,800,11/15まで,-,-,-,-,-,-
4891228320485 ,ハイドロ　敏感肌　コンボパック,本体＋替刃５個,800,11/15まで,-,-,-,-,-,-
4891228320539 ,ハイドロ極　普通肌　コンボパック,本体＋替刃５個,800,11/15まで,-,-,-,-,-,-
4891228320584 ,ハイドロ極　敏感肌　コンボパック,本体＋替刃５個,800,11/15まで,-,-,-,-,-,-
4987035267607 ,大塚製薬）ボディメンテドリンク　ケース,５００ｍｌｘ２４,960,11/15まで,-,-,-,-,3241,11/15まで
4891228320454 ,ハイドロ　普通肌　替刃,８コ入,1000,11/15まで,-,-,-,-,-,-
4891228320508 ,ハイドロ　敏感肌　替刃,８コ入,1000,11/15まで,-,-,-,-,-,-
4891228320553 ,ハイドロ極　普通肌　替刃,８コ入,1000,11/15まで,-,-,-,-,-,-
4891228320607 ,ハイドロ極　敏感肌　替刃,８コ入,1000,11/15まで,-,-,-,-,-,-
4891228321345 ,ハイドロ極パワー　普通肌　替刃,替刃８個入,1000,11/15まで,-,-,-,-,-,-
4891228321352 ,ハイドロ極パワー　敏感肌　替刃,替刃８個入,1000,11/15まで,-,-,-,-,-,-
4901301322975 ,メリーズ　新生児用９０ケース,９０枚×４,1000,11/15まで,-,-,-,-,-,-
4901301322982 ,メリーズ　Ｓ８２枚ケース,８２枚×４,1000,11/15まで,-,-,-,-,-,-
4901301322999 ,メリーズ　Ｍ６４枚ケース,６４枚×４,1000,11/15まで,-,-,-,-,-,-
4901301323002 ,メリーズ　Ｌ５４枚ケース,５４枚×４,1000,11/15まで,-,-,-,-,-,-
4901301389084 ,メリーズファーストプレミアム新生児５０００ｇ６６枚,６６枚×４,1000,11/15まで,-,-,-,-,-,-
4901301389275 ,メリーズファーストプレミアムＳサイズ６０枚×４,６０枚×４,1000,11/15まで,-,-,-,-,-,-
4901301419743 ,メリーズ　新生児用７６枚ケース,７６枚×４,1000,11/15まで,-,-,-,-,-,-
4901301419750 ,メリーズ　Ｓ７０枚ケース,７０枚×４,1000,11/15まで,-,-,-,-,-,-
4901301419767 ,メリーズ　Ｍ５６枚ケース,５６枚×４,1000,11/15まで,-,-,-,-,-,-
4975479426551 ,オムロン）自動血圧計,ＨＣＲー７３３６Ｔ,1000,11/15まで,-,-,-,-,-,-
4580543942853 ,レック　グロモントＰＲＥＭＩＵＭ,１００ｍｌ×５０本,1000,11/15まで,-,-,-,-,-,-
4987176032430 ,プログライドパワー替刃８Ｂ,替刃８個,1000,11/15まで,-,-,-,-,-,-
4987176032706 ,プログライドマニュアル替刃８Ｂ,替刃８個,1000,11/15まで,-,-,-,-,-,-
4987176032720 ,プロシールド替刃８Ｂ,替刃８個,1000,11/15まで,-,-,-,-,-,-
4987176168436 ,ジレットラボ　角質除去バー搭載替刃８Ｂ,替刃８個,1000,11/15まで,-,-,-,-,-,-
4901301443908 ,サクセス２４　ＦＲＥＳＨ　ＦＥＥＬ　ポンプセット,８００ｍＬ,1250,11/15まで,-,-,-,-,2117,11/15まで
4901301443915 ,サクセス２４　ＭＯＩＳＴ　ＦＥＥＬ　ポンプセット,８００ｍＬ,1250,11/15まで,-,-,-,-,2117,11/15まで
4901301453150 ,メリーズ　ぐっすりパンツ　ＢＩＧより大きいサイズ梱,２４枚×３,1410,11/15まで,-,-,-,-,-,-
4901301453136 ,メリーズ　ぐっすりパンツ　Ｌサイズ　梱,３４枚×４,1880,11/15まで,-,-,-,-,-,-
4901301453143 ,メリーズ　ぐっすりパンツ　ＢＩＧサイズ　梱,３０枚×４,1880,11/15まで,-,-,-,-,-,-
4987176264220 ,オーラルＢ　ｉＯ２　ホワイト,１本,2000,11/15まで,-,-,-,-,-,-
4987176081117 ,ジレットＢａｐｅ限定ホルダーオリジナルスタンド付,替刃２個付＋スタンド,3300,11/15まで,-,-,-,-,-,-
4573583370960 ,アルジェラン　バウンシーアップ　１ｄａｙトライアル,１０ｍｌ／１０ｇ,-,-,5,11/15まで,-,-,-,-
4573583370434 ,アルジェラン　Ｐバランシングスカルプ　トライアル,１０ｍｌ＋１０ｇ,-,-,5,11/15まで,-,-,-,-
4573583370137 ,アルジェラン　Ｐリペア　１ｄａｙトライアル,１０ｍｌ＋１０ｍｌ,-,-,5,11/15まで,-,-,-,-
4571242815944 ,アルジェラン　ボディソープ１ＤＡＹトライアル,１０ｍｌ＋１０ｍｌ,-,-,5,11/15まで,-,-,-,-
4573583371141 ,アルジェラン　メロウリペア　１Ｄａｙトライアル,１０ｍＬ／１０ｇ,-,-,5,11/15まで,-,-,-,-
4571242815791 ,アルジェラン　モイストグロー１ｄａｙトライアル,１０ｍｌ＋１０ｍｌ,-,-,5,11/15まで,-,-,-,-
4573583370885 ,アルジェラン　モイストグローＲ　１ｄａｙトライアル,１０ｍｌ／１０ｇ,-,-,5,11/15まで,-,-,-,-
4571242815869 ,アルジェラン　モイストスムース１ｄａｙトライアル,１０ｍｌ＋１０ｍｌ,-,-,5,11/15まで,-,-,-,-
4571242819171 ,ｍｋ　コンクレッド　ＨＤ　１ＤＡＹトライアル,１０ｍｌ＋１０ｇ,-,-,5,11/15まで,-,-,-,-
4571242819331 ,ｍｋ　コンクレッド　ＨＳ　１ＤＡＹトライアル,１０ｍｌ／１０ｇ,-,-,5,11/15まで,-,-,-,-
4571242810475 ,ルンタ　ディープモイスチャー　１ＤＡＹトライアル,１０ｍｌ＋１０ｍｌ,-,-,5,11/15まで,-,-,-,-
4580632121107 ,エムキュア　ディープモイストＳＰ＆ＴＲ　トライアル,１０ｍｌ×２,-,-,5,11/15まで,-,-,-,-
4580632123187 ,エムキュア　ＤＭ＆リペア　ヘアマスク　トライアル,１０ｍｌ×２,-,-,5,11/15まで,-,-,-,-
4580632121374 ,エムキュア　モレキュラーヘアセラム　トライアル,２ｍｌ×２,-,-,5,11/15まで,-,-,-,-
4580632121091 ,エムキュア　薬用スカルプＳＰ＆ＴＲ　トライアル,１０ｍｌ×２,-,-,5,11/15まで,-,-,-,-
4589749921877 ,ＢＡＳＥ　ＢＲＥＡＤ　チョコ,１個,-,-,10,10/15まで,-,-,-,-
4589749924304 ,ＢＡＳＥ　ＢＲＥＡＤ　メープル,８５ｇ,-,-,10,10/15まで,-,-,-,-
4589749924205 ,ＢＡＳＥ　ＢＲＥＡＤ　シナモン,８１ｇ,-,-,10,10/15まで,-,-,-,-
4589749924502 ,ＢＡＳＥ　ＢＲＥＡＤ　ミニ食パン・プレーン,７４ｇ,-,-,10,10/15まで,-,-,-,-
4589749920405 ,ＢＡＳＥ　ＢＲＥＡＤ　ミルク,２個,-,-,10,10/15まで,-,-,-,-
4589749921358 ,ＢＡＳＥ　ＢＲＥＡＤ　さつまいも,１個,-,-,10,10/15まで,-,-,-,-
4589749921464 ,ＢＡＳＥ　ＢＲＥＡＤ　ストロベリー,１個,-,-,10,10/15まで,-,-,-,-
4589749920160 ,ＢＡＳＥ　ＢＲＥＡＤ　ミニ食パン・レーズン,２枚,-,-,10,10/15まで,-,-,-,-
4589749920498 ,ＢＡＳＥ　ＢＲＥＡＤ　ミニ食パン・オレンジ,２枚,-,-,10,10/15まで,-,-,-,-
4589749920399 ,ＢＡＳＥ　ＢＲＥＡＤ　こしあん,１個,-,-,10,10/15まで,-,-,-,-
4589749922362 ,ＢＡＳＥ　ＢＲＥＡＤ　こしあん,１個,-,-,10,10/15まで,-,-,-,-
4589749921860 ,ＢＡＳＥ　ＢＲＥＡＤ　カレー,１個,-,-,10,10/15まで,-,-,-,-
4589749922171 ,チョコバナナパン,１個,-,-,10,10/15まで,-,-,-,-
4589749922164 ,キャラメルパン,１個,-,-,10,10/15まで,-,-,-,-
4589749922423 ,ミルクパン,１個,-,-,10,10/15まで,-,-,-,-
4987206010445 ,浅田飴　せきどめドロップ（オレンジ）,３６錠,-,-,10,11/15まで,-,-,-,-
4562214822374 ,一蘭　とんこつ　カップ麺,１３８ｇ,-,-,10,11/15まで,-,-,-,-
4987403936012 ,ｍｋ　ヴイメディカルドロップ　レモン味,２０粒,-,-,10,11/15まで,-,-,-,-
4987206622914 ,ｍｋ　浅田飴のどドロップＯＧ,２４粒,-,-,10,11/15まで,-,-,-,-
4976013018669 ,ｍｋＬＡＢ　糖質５．９ｇビスケットチョコレート,５０ｇ,-,-,10,11/15まで,-,-,-,-
4976013018676 ,ｍｋＬＡＢ　糖質６．３ｇビスケット豆乳,５０ｇ,-,-,10,11/15まで,-,-,-,-
4580101207639 ,ｍｋ　ＥＸＳＴＲＯＮＧリラクゼーションＺＺＺＺＺ,２５０ｍｌ,-,-,10,11/15まで,-,-,-,-
4595643434542 ,アンプリール　ＷＶ　Ｍ　ＳＰＴＲ　トライアル,１０ｍｌ×２,-,-,10,11/15まで,-,-,-,-
4595643434689 ,アンプリール　ＷＶ　Ｓ　ＳＰＴＲ　トライアル,１０ｍｌ×２,-,-,10,11/15まで,-,-,-,-
4580101201361 ,ｍｋＬＡＢ　アミノ３５００ゼリー,１２０ｇ,-,-,10,11/15まで,-,-,-,-
4987286313405 ,ｍｋ　ケンエー浣腸,３０Ｇ×５,-,-,10,11/15まで,-,-,-,-
4974042300618 ,ｍｋ　ワコーリス４０,１５ＭＬ,-,-,10,11/15まで,-,-,-,-
4974042300601 ,ｍｋ　ワコーリスＦＸクール,１５ｍｌ,-,-,10,11/15まで,-,-,-,-
4571242812783 ,アルジェラン　バランシングＭ　１ｄａｙトライアル,１０ｍｌ＋１０ｍｌ,-,-,10,11/15まで,-,-,-,-
4571242819126 ,ｍｋ　コンクレッド　ＨＭ　１ＤＡＹトライアル,１０ｍｌ＋１０ｇ,-,-,10,11/15まで,-,-,-,-
4956622838056 ,ｍｋ　ヒルメナイド薬用フェイシャルマスク,１枚,-,-,10,11/15まで,-,-,-,-
4902806129335 ,ナレッジ　ＳＰ＆ＴＲ　トライアル,２０ｍｌ,-,-,10,11/15まで,-,-,-,-
4571242810505 ,ルンタ　エンリッチバウンサー　１ＤＡＹトライアル,１０ｍｌ＋１０ｍｌ,-,-,10,11/15まで,-,-,-,-
4901661104082 ,ｍｋ　ＢＥＡＵ　ＤＯＬＣＥコエンザイムＳタブレット,３０ｇ,-,-,10,11/15まで,-,-,-,-
4901661104075 ,ｍｋ　ＢＥＡＵ　ＤＯＬＣＥコエンザイムＬタブレット,３０ｇ,-,-,10,11/15まで,-,-,-,-
4560294968159 ,ｍｋＬＡＢ　糖質９．０ｇのど飴１３種類のハーブ味,５５ｇ,-,-,10,11/15まで,-,-,-,-
4560294968142 ,ｍｋＬＡＢ　糖質８．９ｇのど飴抹茶,５５ｇ,-,-,10,11/15まで,-,-,-,-
4976013021843 ,ｍｋＬＡＢ　アールグレイアップル　ビスケット,４２ｇ,-,-,10,11/15まで,-,-,-,-
4976013021836 ,ｍｋＬＡＢ　キャラメルアーモンド　ビスケット,４２ｇ,-,-,10,11/15まで,-,-,-,-
4976013021829 ,ｍｋＬＡＢ　ココナッツチーズ　ビスケット,３８ｇ,-,-,10,11/15まで,-,-,-,-
4976013021423 ,ｍｋＬＡＢ　糖質７．５ｇポルボロン　チョコ,４０ｇ,-,-,10,11/15まで,-,-,-,-
4976013021416 ,ｍｋＬＡＢ　糖質７．４ｇポルボロン　キャラメル,４０ｇ,-,-,10,11/15まで,-,-,-,-
4562343854895 ,ｍｋＬＡＢ　キシリトールグミ　グレープ,４０ｇ,-,-,10,11/15まで,-,-,-,-
4562343854901 ,ｍｋＬＡＢ　キシリトールグミ　アップル,４０ｇ,-,-,10,11/15まで,-,-,-,-
4562343853065 ,ｍｋＬＡＢ　糖質７．６ｇファイバーグミ　グレープ,３０ｇ,-,-,10,11/15まで,-,-,-,-
4562343853072 ,ｍｋＬＡＢ　糖質８．４ｇファイバーグミ　レモン,３０ｇ,-,-,10,11/15まで,-,-,-,-
4562343855755 ,ｍｋＬＡＢ　糖質８．６ｇライスミルクキャンＳ＆Ｂ,３２ｇ,-,-,10,11/15まで,-,-,-,-
4562343855748 ,ｍｋＬＡＢ　糖質８．０ｇライスミルクキャンＢメロン,３２ｇ,-,-,10,11/15まで,-,-,-,-
4580530496390 ,ｍｋＬＡＢ　ミックスチョコナッツミルク味,４０ｇ,-,-,10,11/15まで,-,-,-,-
4580530496406 ,ｍｋＬＡＢ　ミックスチョコナッツホワイト味,４０ｇ,-,-,10,11/15まで,-,-,-,-
4580530496567 ,ｍｋＬＡＢ　抹茶チョコレート,３０ｇ,-,-,10,11/15まで,-,-,-,-
4580530496550 ,ｍｋＬＡＢ　ミルクチョコレート,３０ｇ,-,-,10,11/15まで,-,-,-,-
4580530493634 ,ｍｋＬＡＢ　糖質６．１ｇミルクチョコレート,３６ｇ,-,-,10,11/15まで,-,-,-,-
4580530494549 ,ｍｋＬＡＢ　糖質７．１ｇ　抹茶チョコ,３６ｇ,-,-,10,11/15まで,-,-,-,-
4904083473668 ,ｍｋＬＡＢ　糖質９．８ｇ　ソイスナック　うましお味,２９ｇ,-,-,10,11/15まで,-,-,-,-
4904083473651 ,ｍｋＬＡＢ　糖質９．３ｇ　ソイスナック　チーズ味,２９ｇ,-,-,10,11/15まで,-,-,-,-
4582751870089 ,ｍｋ　ＢＥＡＵ　ＤＯＬＣＥ　オートミールチョコ,３６ｇ,-,-,10,11/15まで,-,-,-,-
4582751872045 ,ｍｋＢＥＡＵ　ＤＯＬＣＥアーモンドＣリゼチョコ,３５ｇ,-,-,10,11/15まで,-,-,-,-
4582751870096 ,ｍｋ　ＢＥＡＵ　ＤＯＬＣＥ　オートＭホワイトチョコ,３６ｇ,-,-,10,11/15まで,-,-,-,-
4582751872052 ,ｍｋＢＥＡＵ　ＤＯＬＣＥアーモンドＣリゼＳＴチョコ,３５ｇ,-,-,10,11/15まで,-,-,-,-
4582751870041 ,ｍｋ　ＢＥＡＵ　ＤＯＬＣＥ　キャラメル＆チーズ,３０ｇ,-,-,10,11/15まで,-,-,-,-
4582751870058 ,ｍｋ　ＢＥＡＵ　ＤＯＬＣＥ　ハニーＢアーモンド,３０ｇ,-,-,10,11/15まで,-,-,-,-
4582751870034 ,ｍｋ　ＢＥＡＵ　ＤＯＬＣＥ　トマトバジル,３０ｇ,-,-,10,11/15まで,-,-,-,-
4582751870065 ,ｍｋ　ＢＥＡＵ　ＤＯＬＣＥ　ベリーチーズＣＮ,３０ｇ,-,-,10,11/15まで,-,-,-,-
4582751870010 ,ｍｋ　ＢＥＡＵ　ＤＯＬＣＥ　ローズＨグミレモン味,３７．５ｇ,-,-,10,11/15まで,-,-,-,-
4582751870027 ,ｍｋ　ＢＥＡＵ　ＤＯＬＣＥ　イヌリングミアップル味,４２ｇ,-,-,10,11/15まで,-,-,-,-
4580101209978 ,ｍｋ　ＢＥＡＵ　ＤＯＬＣＥ　ＧＡＢＡグミグレープ味,３７．５ｇ,-,-,10,11/15まで,-,-,-,-
4580101209985 ,ｍｋ　ＢＥＡＵ　ＤＯＬＣＥ　ＧＡＢＡグミピーチ味,３７．５ｇ,-,-,10,11/15まで,-,-,-,-
4580101209992 ,ｍｋ　ＢＥＡＵ　ＤＯＬＣＥ　ＧＡＢＡグミＧＦ味,３７．５ｇ,-,-,10,11/15まで,-,-,-,-
4582751870461 ,ｍｋ　ＢＥＡＵ　ＤＯＬＣＥ　乳酸菌ビスケットココア,４２ｇ,-,-,10,11/15まで,-,-,-,-
4582751870072 ,ｍｋ　ＢＥＡＵ　ＤＯＬＣＥ　乳酸菌ビスケット,４２ｇ,-,-,10,11/15まで,-,-,-,-
4582751872854 ,ｍｋＬＡＢ　機能性コラーゲンウォーター,３５０ｍｌ,-,-,10,11/15まで,-,-,-,-
4582751872878 ,ｍｋＬＡＢ　機能性ヘスペリジンウォーター,３５０ｍｌ,-,-,10,11/15まで,-,-,-,-
4582751873479 ,ｍｋＬＡＢ　ＨＭＰＡ配合ウォーター,５００ｍｌ,-,-,10,11/15まで,-,-,-,-
4901454025198 ,ｍｋＬＡＢ　糖質４．３ｇ素焼きミックスナッツ,３８ｇ,-,-,10,11/15まで,-,-,-,-
4901454025181 ,ｍｋＬＡＢ　糖質４．１ｇ素焼きアーモンド,４５ｇ,-,-,10,11/15まで,-,-,-,-
4907652128433 ,ｍｋ　ＥＸＳＴＲＯＮＧエナジードリンク,２５０ｍｌ,-,-,10,11/15まで,-,-,-,-
4580101208711 ,ｍｋ　ＥＸＳＴＲＯＮＧエナジーＬＯＶＥ＆ＰＥＡＣＥ,４００ｍｌ,-,-,10,11/15まで,-,-,-,-
4580101206724 ,ｍｋ　ＥＸＳＴＲＯＮＧエナジードリンク大容量,４００ｍｌ,-,-,10,11/15まで,-,-,-,-
4907652128464 ,ｍｋ　ＥＸＳＴＲＯＮＧエナジーＬＯＶＥ＆ＰＥＡＣＥ,２５０ｍｌ,-,-,10,11/15まで,-,-,-,-
4907652128440 ,ｍｋ　ＥＸＳＴＲＯＮＧ　ＺＥＲＯエナジードリンク,２５０ｍｌ,-,-,10,11/15まで,-,-,-,-
4580101209855 ,ｍｋ　ＥＸＳＴＲＯＮＧフィットネスエナジーＧ,２５０ｍｌ,-,-,10,11/15まで,-,-,-,-
4580101209831 ,ｍｋ　ＥＸＳＴＲＯＮＧフィットネスエナジーＰ,２５０ｍｌ,-,-,10,11/15まで,-,-,-,-
4571242816668 ,レプリカノーツ　ファブリックミスト詰替　７７,２８０ｍｌ,-,-,10,11/15まで,-,-,-,-
4571242816682 ,レプリカノーツ　ファブリックミスト詰替　１３,２８０ｍｌ,-,-,10,11/15まで,-,-,-,-
4571242816705 ,レプリカノーツ　ファブリックミスト詰替　１０,２８０ｍｌ,-,-,10,11/15まで,-,-,-,-
4595643434818 ,ＤＨ　ＳＲ　ＳＰＴＲトライアル,１０ｍｌ×２,-,-,15,11/15まで,-,-,-,-
4571242819362 ,ｍｋ　コンクレッドハイストレート１ＤＡＹ３包セット,１０ｍｌ／１０ｇ×３,-,-,15,11/15まで,-,-,-,-
4571242819348 ,ｍｋ　コンクレッドハイストレートヘアマスクミニ,３０ｇ,-,-,15,11/15まで,-,-,-,-
4901301257970 ,ディープクリーンハブラシ　超コンパクト　やわらかめ,１ホン,-,-,20,11/15まで,-,-,-,-
4901301248619 ,ディープクリーン　ハブラシ　超コンパクト　ふつう,１ホン,-,-,20,11/15まで,-,-,-,-
4901301257963 ,ディープクリーン　ハブラシ　コンパクト　やわらかめ,１ホン,-,-,20,11/15まで,-,-,-,-
4901301248602 ,ディープクリーン　ハブラシ　コンパクト　ふつう,１ホン,-,-,20,11/15まで,-,-,-,-
4901301257987 ,ディープクリーン　ハブラシ　レギュラー　ふつう,１ホン,-,-,20,11/15まで,-,-,-,-
4901301278333 ,ディープクリーンハブラシ　コンパクトスリム　ふつう,１ホン,-,-,20,11/15まで,-,-,-,-
4901301307965 ,ディープクリーンハブラシぎっしりプレミアムやわらか,１本,-,-,20,11/15まで,-,-,-,-
4901301307958 ,ディープクリーンハブラシぎっしりプレミアム　ふつう,１本,-,-,20,11/15まで,-,-,-,-
4901301342522 ,ディープクリーンハブラシ　ぎっしりプレミアム超やわ,１本,-,-,20,11/15まで,-,-,-,-
4901301380142 ,ディープクリーンハブラシすき間プレ　ワイドやわらか,１本,-,-,20,11/15まで,-,-,-,-
4901301380135 ,ディープクリーンハブラシすき間プレ　ワイド　ふつう,１本,-,-,20,11/15まで,-,-,-,-
4901301397089 ,ディープＣハブラシすき間プレミアムスタンダードやわ,１本,-,-,20,11/15まで,-,-,-,-
4901301397096 ,ディープＣハブラシ　すき間プレ　スタンダードふつう,１本,-,-,20,11/15まで,-,-,-,-
4901301450906 ,ディープクリーンハブラシ　すき間プレ超コンやわらか,１本,-,-,20,11/15まで,-,-,-,-
4901301450913 ,ディープクリーンハブラシ　すき間プレ超コンふつう,１本,-,-,20,11/15まで,-,-,-,-
4901301444929 ,ニベアメン　ＵＶプロテクトジェル,４０ｇ,-,-,20,11/15まで,-,-,-,-
4897036690017 ,モンスター　エナジー,３５５ｍｌ,-,-,20,11/15まで,-,-,-,-
4897036692233 ,モンスター　パイプラインパンチ,３５５ｍｌ,-,-,20,11/15まで,-,-,-,-
4897036690055 ,モンスター　ゼロシュガー,３５５ｍｌ,-,-,20,11/15まで,-,-,-,-
4897036693407 ,モンスター　マンゴーロコ,３５５ｍｌ,-,-,20,11/15まで,-,-,-,-
4897036690888 ,モンスター　ウルトラ,３５５ｍｌ,-,-,20,11/15まで,-,-,-,-
4897036692707 ,モンスター　ウルトラパラダイス,３５５ｍｌ,-,-,20,11/15まで,-,-,-,-
4897036694466 ,モンスター　ウルトラ　ピーチーキーン,３５５ｍｌ,-,-,20,11/15まで,-,-,-,-
4897036694756 ,モンスター　ウルトラバイオレット,３５５ｍｌ,-,-,20,11/15まで,-,-,-,-
4897036694046 ,アサヒ　モンスター　パピヨン　缶,３５５ｍｌ,-,-,20,11/15まで,-,-,-,-
4897036695180 ,アサヒ　モンスター　ウルトラファンタジールビーレッ,３５５ｍｌ,-,-,20,11/15まで,-,-,-,-
4987138352040 ,ｍｋ　漢方内服液葛根湯,３０ｍｌ×３,-,-,20,11/15まで,-,-,-,-
4987286415314 ,ｍｋ　うがい薬ＣＰ　ミント味,３００ｍＬ,-,-,20,11/15まで,-,-,-,-
4987286314693 ,ｍｋ　ケンエーうがい薬Ｓ,１３０ｍｌ,-,-,20,11/15まで,-,-,-,-
4975979101408 ,ｍｋ　セキサミンＡＺトローチ,２４錠,-,-,20,11/15まで,-,-,-,-
4935583204087 ,ｍｋ　ポピショットαのどスプレー　ミント,３０ｍｌ,-,-,20,11/15まで,-,-,-,-
4901121636504 ,ネピア鼻セレブ洗顔用,２４０枚,-,-,20,11/15まで,-,-,-,-
4903080211518 ,Ｙ１０００（６本パック）,１１０ｍｌ×６本,-,-,20,10/15まで,-,-,-,-
4903080211570 ,Ｙ１０００　糖質オフ（６本パック）,１１０ｍｌ×６本,-,-,20,10/15まで,-,-,-,-
4580635112621 ,ＭＢ１ＤＡＹトライアルゴールデンモイストＥＸ,１２ＭＬ＋１２ＭＬ,-,-,20,11/15まで,-,-,-,-
4580761424520 ,Ｓｏｋａｉｔｅｋｉ　フェイシャルタオル,６０枚,-,-,20,11/15まで,-,-,-,-
4987286313412 ,ｍｋ　ケンエー浣腸,３０Ｇ×１０,-,-,20,11/15まで,-,-,-,-
4987037862244 ,ｍｋ　ディパシオＩＰ,５０錠,-,-,20,11/15まで,-,-,-,-
4987373081828 ,ｍｋ　コリスチック冷感パップＳ,８枚,-,-,20,11/15まで,-,-,-,-
4987343962010 ,ＭＫ　ビューラック,１００錠,-,-,20,11/15まで,-,-,-,-
4902114510207 ,ｍｋ　ＢＥＡＵ　ＤＯＬＣＥ　鉄葉酸入りカリッとグミ,４０ｇ,-,-,20,11/15まで,-,-,-,-
4902114510191 ,ｍｋ　ＢＥＡＵ　ＤＯＬＣＥ　Ｍビタミンカリッとグミ,４０ｇ,-,-,20,11/15まで,-,-,-,-
4582751873523 ,ｍｋ　ＢＥＡＵ　ＤＯＬＣＥリポソームグミキウイ,４０ｇ,-,-,20,11/15まで,-,-,-,-
4582751874292 ,ｍｋ　ＢＥＡＵ　ＤＯＬＣＥリポソームグミマスカット,４０ｇ,-,-,20,11/15まで,-,-,-,-
4902114510214 ,ｍｋ　ＢＥＡＵ　ＤＯＬＣＥカルシウム入カリッとグミ,４０ｇ,-,-,20,11/15まで,-,-,-,-
4901454024481 ,ｍｋＬＡＢ糖質２．８ｇ素焼きミックスナッツ,２００ｇ,-,-,20,11/15まで,-,-,-,-
4901454026089 ,ｍｋＬＡＢ糖質１．９ｇチーズペッパーミックスナッツ,１５０ｇ,-,-,20,11/15まで,-,-,-,-
4901454026683 ,ｍｋＬＡＢ　赤穂の塩使用ミックスナッツ,１４０ｇ,-,-,20,11/15まで,-,-,-,-
4901454026737 ,ｍｋＬＡＢ　糖質６．６ｇカカオミックスナッツ,１４０ｇ,-,-,20,11/15まで,-,-,-,-
4901454026751 ,ｍｋＬＡＢ　糖質１．９ｇ燻製チーズペッパーＭナッツ,１４０ｇ,-,-,20,11/15まで,-,-,-,-
4901454026775 ,ｍｋＬＡＢ　糖質２．８ｇ素焼きミックスナッツ,１８０ｇ,-,-,20,11/15まで,-,-,-,-
4571242816675 ,レプリカノーツ　ファブリックミスト本体　１３,３００ｍｌ,-,-,20,11/15まで,-,-,-,-
4571242816651 ,レプリカノーツ　ファブリックミスト本体　７７,３００ｍｌ,-,-,20,11/15まで,-,-,-,-
4571242816699 ,レプリカノーツ　ファブリックミスト本体　１０,３００ｍｌ,-,-,20,11/15まで,-,-,-,-
4571242816798 ,レプリカノーツ　ファブリックミスト本体　２１,３００ｍｌ,-,-,20,11/15まで,-,-,-,-
4903301176602 ,デントヘルスハブラシ　やわらかめ,１本,-,-,20,11/15まで,-,-,-,-
4903301176619 ,デントヘルスハブラシ　ふつう,１本,-,-,20,11/15まで,-,-,-,-
4903301276081 ,デントヘルスハブラシやさしくケアデリバリコンパクト,ふつう,-,-,20,11/15まで,-,-,-,-
4903301276104 ,デントヘルスハブラシやさしくケアデリバリーワイド,ふつう,-,-,20,11/15まで,-,-,-,-
4589919569724 ,エイトザタラソシルキー＆リファイン１ＤＡＹサシェ,１２ｍｌ＋１２ｍｌ,-,-,20,11/15まで,-,-,-,-
4580632123231 ,エムキュア　水素トリートメント,１３ｇ,-,-,20,11/15まで,-,-,-,-
4987123701174 ,アリナミン製薬　アリナミンＶ＆Ｖロイヤル,５０ＭＬ,-,-,30,11/15まで,-,-,-,-
4987300060308 ,エスエス製薬　イブＡ,１２錠,-,-,30,11/15まで,-,-,-,-
4987973113707 ,興和　キューピーコーワヒーリング錠,３０錠,-,-,30,11/15まで,-,-,-,-
4987240210535 ,龍角散　龍角散ダイレクト　ミント味,１６包,-,-,30,11/15まで,-,-,-,-
4987240210733 ,龍角散　龍角散ダイレクト　ピーチ味,１６包,-,-,30,11/15まで,-,-,-,-
4987240211907 ,龍角散　ダイレクトトローチ　マンゴー（Ｎ）,２０錠,-,-,30,11/15まで,-,-,-,-
4901301278524 ,ディープクリーン　薬用ハミガキ　６０ｇ,６０ｇ,-,-,30,11/15まで,-,-,-,-
4935583204100 ,ｍｋ　パープルショットうがい薬,５０ｍｌ,-,-,30,11/15まで,-,-,-,-
4975979101392 ,ｍｋ　セキサミンＧトローチ,２４錠,-,-,30,11/15まで,-,-,-,-
4935583204469 ,ｍｋ　パープルショットプラス,３１ｍＬ,-,-,30,11/15まで,-,-,-,-
4935583204049 ,ｍｋ　パープルショット,３０ｍｌ,-,-,30,11/15まで,-,-,-,-
4935583204513 ,ｍｋ　パープルショットプラス（ローズ）,３１ｍＬ,-,-,30,11/15まで,-,-,-,-
4573583371097 ,アルジェラン　カラーリップスティックＲＥ,３．４ｇ,-,-,30,11/15まで,-,-,-,-
4902397901013 ,ＢＥ－ＫＩＮＤダークチョコアーモンド＆シーソルト,１本,-,-,30,11/15まで,-,-,-,-
4902397901037 ,ＢＥ－ＫＩＮＤプロテインダークチョコ＆アーモンド,１本,-,-,30,11/15まで,-,-,-,-
4902397901020 ,ＢＥ－ＫＩＮＤ　キャラメル　アーモンド＆シーソルト,１本,-,-,30,11/15まで,-,-,-,-
4902397859017 ,ＢＥ－ＫＩＮＤ　ダークチョコアーモンド＆シーソルト,１本,-,-,30,11/15まで,-,-,-,-
4902397862536 ,ＢＥ－ＫＩＮＤ　プロテインダークチョコ＆アーモンド,１本,-,-,30,11/15まで,-,-,-,-
4902397859031 ,ＢＥ－ＫＩＮＤ　メープルペカンナッツ＆シーソルト,１本,-,-,30,11/15まで,-,-,-,-
4902397859024 ,ＢＥ－ＫＩＮＤ　キャラメルアーモンド＆シーソルト,１本,-,-,30,11/15まで,-,-,-,-
4987227030880 ,森下仁丹　デンタルピルクリーム,５ｇ,-,-,30,11/15まで,-,-,-,-
4580785297285 ,Ｙｕｎｔｈ　生ＶＣ美容液シートマスク,７枚,-,-,30,11/15まで,-,-,-,-
4901417701701 ,ディアボーテ　ＳＰ（リッチ＆リペア）詰替用,４００ｍＬ,-,-,30,11/15まで,-,-,-,-
4901417701718 ,ディアボーテ　ＣＤ（リッチ＆リペア）詰替用,４００ｇ,-,-,30,11/15まで,-,-,-,-
4901417701725 ,ディアボーテ　ＳＰ（グロス＆リペア）詰替用,４００ｍＬ,-,-,30,11/15まで,-,-,-,-
4901417701732 ,ディアボーテ　ＣＤ（グロス＆リペア）詰替用,４００ｇ,-,-,30,11/15まで,-,-,-,-
4901417701749 ,ディアボーテ　ＳＰ（スムース＆リペア）詰替用,４００ｍＬ,-,-,30,11/15まで,-,-,-,-
4901417701756 ,ディアボーテ　ＣＤ（スムース＆リペア）詰替用,４００ｇ,-,-,30,11/15まで,-,-,-,-
4901417700605 ,ディアボーテ　オイルインシャンプー詰替（Ｒ＆Ｒ）,３６０ｍＬ,-,-,30,11/15まで,-,-,-,-
4901417700612 ,ディアボーテ　オイルインＣＤ詰替（Ｒ＆Ｒ）,３６０ｇ,-,-,30,11/15まで,-,-,-,-
4901417701077 ,ディアボーテ　オイルインシャンプー詰替増量Ｓ＆Ｒ,３９６ｍＬ,-,-,30,11/15まで,-,-,-,-
4901417701084 ,ディアボーテ　オイルインＣＤ詰替増量Ｓ＆Ｒ,３９６ｇ,-,-,30,11/15まで,-,-,-,-
4901417700865 ,ディアボーテ　オイルインシャンプー詰替増量Ｇ＆Ｒ,３９６ｍＬ,-,-,30,11/15まで,-,-,-,-
4901417700872 ,ディアボーテ　オイルインＣＤ詰替増量Ｇ＆Ｒ,３９６ｇ,-,-,30,11/15まで,-,-,-,-
4901417787439 ,ディアボーテＳＰ（ＳＡＵＮＡ）Ｋムーミン１０％Ｚ２,３９６ｍＬ,-,-,30,11/15まで,-,-,-,-
4901417702715 ,ディアボーテ　ＳＰ（リッチ＆リペア）詰替増量品,４３０ｍＬ,-,-,30,11/15まで,-,-,-,-
4901417702722 ,ディアボーテ　ＣＤ（リッチ＆リペア）詰替増量品,４３０ｇ,-,-,30,11/15まで,-,-,-,-
4901417702739 ,ディアボーテ　ＳＰ（グロス＆リペア）詰替増量品,４３０ｍＬ,-,-,30,11/15まで,-,-,-,-
4901417702746 ,ディアボーテ　ＣＤ（グロス＆リペア）詰替増量品,４３０ｇ,-,-,30,11/15まで,-,-,-,-
4901417702753 ,ディアボーテ　ＳＰ（スムース＆リペア）詰替増量品,４３０ｍＬ,-,-,30,11/15まで,-,-,-,-
4901417702760 ,ディアボーテ　ＣＤ（スムース＆リペア）詰替増量品,４３０ｇ,-,-,30,11/15まで,-,-,-,-
4901417702890 ,ディアボーテ　ＳＰ詰替用（サマームーミン）,４００ｍＬ,-,-,30,11/15まで,-,-,-,-
4901417702906 ,ディアボーテ　ＣＤ詰替用（サマームーミン）,４００ｇ,-,-,30,11/15まで,-,-,-,-
4987617004330 ,ＭＫコンプリートダブルモイストＮ,４８０ｍｌ＋３６０ｍｌ,-,-,30,11/15まで,-,-,-,-
4987617003425 ,ＭＫ　コンプリートダブルモイスト,４８０＋２４０＋６０ｍｌ,-,-,30,11/15まで,-,-,-,-
4987103050032 ,ＭＫ　ヘパリーゼＧＸドリンク,５０ｍｌ,-,-,30,11/15まで,-,-,-,-
4987399007291 ,ｍｋ　テライザー錠ハイ,１２錠,-,-,30,11/15まで,-,-,-,-
4580101209534 ,ｍｋＬＡＢ　プロテインゼリー,３００ｇ,-,-,30,11/15まで,-,-,-,-
4580101200388 ,ｍｋＬＡＢ　プロテインバーチョコレート大袋,２７ｇ×１０本,-,-,30,11/15まで,-,-,-,-
4580101200432 ,ｍｋＬＡＢ　プロテインバーストロベリー大袋,２７ｇ×１０本,-,-,30,11/15まで,-,-,-,-
4582751872984 ,ｍｋＬＡＢ　プロテインバーチョコバナナ味大袋,２７ｇ×１０本,-,-,30,11/15まで,-,-,-,-
4580101203518 ,ｍｋＬＡＢ　ミルクプロテイン　ストロベリー,２００ｍｌ,-,-,30,11/15まで,-,-,-,-
4580101203501 ,ｍｋＬＡＢ　ミルクプロテイン　ミルク,２００ｍｌ,-,-,30,11/15まで,-,-,-,-
4987286314372 ,ｍｋ　ケンエー浣腸,３０Ｇ×２０,-,-,30,11/15まで,-,-,-,-
4987286313429 ,ｍｋ　ケンエー浣腸Ｓ４０,４０Ｇ×１０,-,-,30,11/15まで,-,-,-,-
4987037862299 ,ｍｋ　ディパシオＩＰ,１００錠,-,-,30,11/15まで,-,-,-,-
4987037862558 ,ｍｋ　ディパシオＡＣａ,３０錠,-,-,30,11/15まで,-,-,-,-
4987074300891 ,ｍｋ　プロナクリームＬ,３０ｇ,-,-,30,11/15まで,-,-,-,-
4944525341117 ,ｍｋ　ラクールテープＦＢ５．０ＥＸ,１０枚,-,-,30,11/15まで,-,-,-,-
4987373082672 ,ｍｋ　コリスチックＦＢテープ５．０,１０枚,-,-,30,11/15まで,-,-,-,-
4987373081835 ,ｍｋ　コリスチック冷感パップＳ,４８枚,-,-,30,11/15まで,-,-,-,-
4987403740312 ,ｍｋ　オルテクサー口腔用軟膏,５ｇ,-,-,30,11/15まで,-,-,-,-
4573583370212 ,アルジェラン　カラーリップスティックロゼピンク,３．４ｇ,-,-,30,11/15まで,-,-,-,-
4573583370717 ,アルジェラン　カラーリップスティックＢＧ,３．４ｇ,-,-,30,11/15まで,-,-,-,-
4573583370724 ,アルジェラン　カラーリップスティックＢＲ,３．４ｇ,-,-,30,11/15まで,-,-,-,-
4573583370519 ,アルジェラン　カラーリップＳ　ラズベリーモーヴ,３．４ｇ,-,-,30,11/15まで,-,-,-,-
4573583370205 ,アルジェラン　カラーリップスティックレッド,３．４ｇ,-,-,30,11/15まで,-,-,-,-
4573583370229 ,アルジェラン　カラーリップスティックマロンブラウン,３．４ｇ,-,-,30,11/15まで,-,-,-,-
4573583370175 ,アルジェラン　モイストリップスティックネロリ,４ｇ,-,-,30,11/15まで,-,-,-,-
4573583370168 ,アルジェラン　モイストリップスティック無香料,４ｇ,-,-,30,11/15まで,-,-,-,-
4573583370182 ,アルジェラン　モイストリップスティックローズ,４ｇ,-,-,30,11/15まで,-,-,-,-
4573583370199 ,アルジェラン　モイストリップスティックラベンダー,４ｇ,-,-,30,11/15まで,-,-,-,-
4573583370731 ,アルジェラン　モイストリップスティックＭＩ,４ｇ,-,-,30,11/15まで,-,-,-,-
4571607698045 ,ピクセラ　クリアトーニングシートマスク,１枚,-,-,30,11/15まで,-,-,-,-
4571607698052 ,ピクセラ　タイトニングシートマスク,１枚,-,-,30,11/15まで,-,-,-,-
4904075007895 ,ｍｋＬＡＢ　糖質１７．５ｇオートミール,８００ｇ,-,-,30,11/15まで,-,-,-,-
4571242816613 ,レプリカノーツ　柔軟剤本体　１３ｂ,６００ｍｌ,-,-,30,11/15まで,-,-,-,-
4571242816606 ,レプリカノーツ　柔軟剤　詰替　７７ｂ,９６０ｍｌ,-,-,30,11/15まで,-,-,-,-
4571242816620 ,レプリカノーツ　柔軟剤　詰替　１３ｂ,９６０ｍｌ,-,-,30,11/15まで,-,-,-,-
4571242816590 ,レプリカノーツ　柔軟剤本体　７７ｂ,６００ｍｌ,-,-,30,11/15まで,-,-,-,-
4571242816637 ,レプリカノーツ　柔軟剤本体　１０ｂ,６００ｍｌ,-,-,30,11/15まで,-,-,-,-
4571242816644 ,レプリカノーツ　柔軟剤　詰替　１０ｂ,９６０ｍｌ,-,-,30,11/15まで,-,-,-,-
4571242816736 ,レプリカノーツ　柔軟剤本体　１３,６００ｍｌ,-,-,30,11/15まで,-,-,-,-
4571242816781 ,レプリカノーツ　柔軟剤本体　２１,６００ｍｌ,-,-,30,11/15まで,-,-,-,-
4571242816750 ,レプリカノーツ　柔軟剤本体　１０,６００ｍｌ,-,-,30,11/15まで,-,-,-,-
4571242816712 ,レプリカノーツ　柔軟剤本体　７７,６００ｍｌ,-,-,30,11/15まで,-,-,-,-
4978951921612 ,ｍｋ　ゼロパルファム液体洗剤　詰め替え,１０００ｇ,-,-,30,11/15まで,-,-,-,-
4978951921636 ,ｍｋ　ゼロパルファム柔軟剤　詰め替え,１０００ｍｌ,-,-,30,11/15まで,-,-,-,-
4571242817399 ,ｍｋ　ＷＭＡＡＡ　Ｍインテンシブ　シートマスク,７枚,-,-,35,11/15まで,-,-,-,-
4987117670448 ,大鵬薬品　扁鵲,２１包,-,-,40,11/15まで,-,-,-,-
4987060009593 ,杏林製薬　クールワンせき止めＧＸプラス,１８錠,-,-,40,11/15まで,-,-,-,-
4987241167012 ,ハダラボ極潤プレミアムヒアルロン液,１７０ｍｌ,-,-,40,11/15まで,-,-,-,-
4987241167029 ,ハダラボ極潤プレミアムヒアルロン乳液,１４０ｍｌ,-,-,40,11/15まで,-,-,-,-
4901301278531 ,ディープクリーン　薬用ハミガキ　１００ｇ,１００ｇ,-,-,40,11/15まで,-,-,-,-
4987286314709 ,ｍｋ　ケンエーうがい薬Ｓ,３００ｍｌ,-,-,40,11/15まで,-,-,-,-
4580785296547 ,Ｙｕｎｔｈ　生ＰＤＲＮーα美容液シートマスク,７枚,-,-,40,11/15まで,-,-,-,-
4580785297292 ,Ｙｕｎｔｈ　生ＶＡ美容液シートマスク,７枚,-,-,40,11/15まで,-,-,-,-
4580785297308 ,Ｙｕｎｔｈ　生ＡＺ美容液シートマスク,７枚,-,-,40,11/15まで,-,-,-,-
4537130102800 ,ＭＩＹＯＳＨＩ無添加　せっけん泡のボディソープ　替,４８０ｍｌ,-,-,40,11/15まで,-,-,-,-
4903339414868 ,ウルトラハードクリーナーバス用付替え,７００ｍｌ,-,-,40,11/15まで,-,-,-,-
4903339772630 ,ウルトラオレンジクリーナー付替え,７００ｍｌ,-,-,40,11/15まで,-,-,-,-
4903339711639 ,ウルトラハードクリーナー　油汚れ用付替,７００ｍｌ,-,-,40,11/15まで,-,-,-,-
4903339415551 ,ウルトラハードクリーナー　バス用防カビプラス付替,７００ｍｌ,-,-,40,11/15まで,-,-,-,-
4573583371004 ,アルジェラン　ハンドソープ　ＷＯ　つめかえ,２２０ｍｌ,-,-,40,11/15まで,-,-,-,-
4571242815920 ,アルジェラン　モイストグローボディソープ詰替,４００ｍｌ,-,-,40,11/15まで,-,-,-,-
4573583370465 ,アルジェラン　ジューシィフィグボディソープ　詰替え,４００ｍｌ詰替,-,-,40,11/15まで,-,-,-,-
4571242815937 ,アルジェラン　モイストスムースボディソープ詰替,４００ｍｌ,-,-,40,11/15まで,-,-,-,-
4573583371028 ,アルジェラン　ボディソープ　ＣＴ　つめかえ,４００ｍｌ,-,-,40,11/15まで,-,-,-,-
4573583371042 ,アルジェラン　ボディソープ　ＦＬ　つめかえ,４００ｍｌ,-,-,40,11/15まで,-,-,-,-
4573583371066 ,アルジェラン　ボディソープ　ＷＯ　つめかえ,４００ｍｌ,-,-,40,11/15まで,-,-,-,-
4571242817504 ,ｍｋ　ＷＭＡＡＡ　ＰＳアドバンストＣシートマスク,７枚,-,-,40,11/15まで,-,-,-,-
4573583378089 ,ヒッツディファレント　ＷＦフロス　ジャスミンＢ,５０ｍ,-,-,45,11/15まで,-,-,-,-
4573583378065 ,ヒッツディファレント　プラーク　トラベルセット,３０ｇ,-,-,45,11/15まで,-,-,-,-
4573583378072 ,ヒッツディファレント　ステイン　トラベルセット,３０ｇ,-,-,45,11/15まで,-,-,-,-
4902806134681 ,ナレッジ　浸透フェイシャルマスク,７枚,-,-,45,11/15まで,-,-,-,-
4571242817207 ,ｍｋ　ＷＭＡＡＡ　アクティブクレンズ　Ｆウォッシュ,１２０ｇ,-,-,45,11/15まで,-,-,-,-
4987904100769 ,シオノギＨＣ　シナールＥＸ　ｐｒｏ　顆粒,５２包,-,-,50,11/15まで,-,-,-,-
4987904100776 ,シオノギＨＣ　シナールＥＸ　ｐｒｏ　チュアブル錠,２４０錠,-,-,50,11/15まで,-,-,-,-
4533213690240 ,リベルタ　さよならダニーＤＸ（デラックス）,４枚,-,-,50,11/15まで,-,-,-,-
4987300060506 ,エスエス製薬　エスタックビタフォース,１８錠,-,-,50,11/15まで,-,-,-,-
4987028114918 ,エーザイ　新セルベール整胃プレミアム錠,１８錠,-,-,50,11/15まで,-,-,-,-
4987028114758 ,エーザイ　新セルベール整胃プレミアム細粒,１２包,-,-,50,11/15まで,-,-,-,-
4950055604233 ,オフテクス　ｃｌｅａｄｅｗ　Ｈワンステップ５日,５回分,-,-,50,11/15まで,-,-,-,-
4903301373209 ,ライオン　バファリンプレミアム　２０錠（Ｎ）,２０錠,-,-,50,11/15まで,-,-,-,-
4987973113714 ,興和　キューピーコーワヒーリング錠,６０錠,-,-,50,11/15まで,-,-,-,-
4987241167845 ,ケアセラ泡の高保湿ボディウォッシュ　お試し企画品,３００ｍｌ,-,-,50,11/15まで,-,-,-,-
4987241138562 ,ケアセラ高保湿ボディウォッシュポンプお試し,３００ｍｌ,-,-,50,11/15まで,-,-,-,-
4987316092676 ,佐藤製薬　ユリアージュモイストリップ　無香料,４ｇ,-,-,50,11/15まで,-,-,-,-
4987316092669 ,佐藤製薬　ユリアージュモイストリップ　バニラ,４ｇ,-,-,50,11/15まで,-,-,-,-
4582300065553 ,プリュスオー　リポアシャンプー　詰替,３５０ｍＬ,-,-,50,11/15まで,-,-,-,-
4582300065560 ,プリュスオー　リポアトリートメント　詰替,３５０ｍＬ,-,-,50,11/15まで,-,-,-,-
4582300063672 ,プリュスオーメロウシャンプーＳ詰替,３５０ｍＬ,-,-,50,11/15まで,-,-,-,-
4582300063689 ,プリュスオーメロウトリートメントＳ詰替,３５０ｍＬ,-,-,50,11/15まで,-,-,-,-
4582300064433 ,プリュスオーメルティシャンプー詰替,３５０ｍＬ,-,-,50,11/15まで,-,-,-,-
4582300064440 ,プリュスオーメルティトリートメント詰替,３５０ｍＬ,-,-,50,11/15まで,-,-,-,-
4582300065980 ,プリュスオーリポアシャンプー詰替え２０％増量,４２０ｍＬ,-,-,50,11/15まで,-,-,-,-
4582300065997 ,プリュスオーリポアトリートメント詰替え２０％増量,４２０ｍＬ,-,-,50,11/15まで,-,-,-,-
4582300064822 ,プリュスオーメロウシャンプー詰替２０％増量,４２０ｍＬ,-,-,50,11/15まで,-,-,-,-
4582300064839 ,プリュスオーメロウトリートメント詰替２０％増量,４２０ｍＬ,-,-,50,11/15まで,-,-,-,-
4582300064846 ,プリュスオーメルティシャンプー詰替２０％増量,４２０ｍＬ,-,-,50,11/15まで,-,-,-,-
4582300064853 ,プリュスオーメルティトリートメント詰替２０％増量,４２０ｍＬ,-,-,50,11/15まで,-,-,-,-
4901301367310 ,ディープクリーン　薬用ハミガキ　つや美白１００ｇ,１００ｇ,-,-,50,11/15まで,-,-,-,-
4901301440990 ,ディープクリーン　プレミアム　薬用ハミガキ　８５ｇ,８５ｇ,-,-,50,11/15まで,-,-,-,-
4901301469984 ,ピュオーラ泡洗口液　クリアミント　替１６０ｍＬ,１６０ｍＬ,-,-,50,11/15まで,-,-,-,-
4901301379351 ,ニベアメン　スキンコンディショナーバーム,１１０ｍＬ,-,-,50,11/15まで,-,-,-,-
4595643434320 ,カプセルセラム　フェイスマスクＶ,７枚,-,-,50,11/15まで,-,-,-,-
4903339718812 ,ウルトラハードクリーナー　カビ用ジェルスプレー,４８０ｍｌ,-,-,50,11/15まで,-,-,-,-
4987045068386 ,ｍｋ　葛根湯エキス顆粒,３０包,-,-,50,11/15まで,-,-,-,-
4987138352088 ,ｍｋ　漢方内服液葛根湯,３０ｍｌ×６,-,-,50,11/15まで,-,-,-,-
4962307600184 ,ｍｋ　ノスポールこどもかぜ薬Ｓ,１２包,-,-,50,11/15まで,-,-,-,-
4962307600177 ,ｍｋ　ノスポールこどもかぜ薬ａ,８包,-,-,50,11/15まで,-,-,-,-
4975979101750 ,ｍｋ　セキサミンＡＺトローチ,４８錠,-,-,50,11/15まで,-,-,-,-
4987107632272 ,ｍｋ　エバレッシュＢ２６プレミアム,６０錠,-,-,50,11/15まで,-,-,-,-
4987107631176 ,ｍｋ　ペラック総合かぜ薬　細粒（Ｎ）,４４包,-,-,50,11/15まで,-,-,-,-
4956622110763 ,ｍｋ　プラミナＬｉｐ,１０ｇ,-,-,50,11/15まで,-,-,-,-
4987312339270 ,ミヤリサン　強ミヤリサン錠,９０錠,-,-,50,11/15まで,-,-,-,-
4902111782690 ,ダヴパールシャイン　敏感肌Ｍ泡洗顔料詰替,１５０ｍｌ,-,-,50,11/15まで,-,-,-,-
4901301396624 ,ディープクリーン　薬用ハミガキ　口臭ケア１００ｇ,１００ｇ,-,-,50,11/15まで,-,-,-,-
4901301307835 ,ディープクリーン　薬用ハミガキ　ひきしめ塩１００ｇ,１００ｇ,-,-,50,11/15まで,-,-,-,-
4901301373793 ,ディープクリーン　薬用ハミガキしみる歯ケア１００ｇ,１００ｇ,-,-,50,11/15まで,-,-,-,-
4901301388209 ,ニベアクレンジングオイル　ディープクリアつめかえ用,１７０ｍｌ,-,-,50,11/15まで,-,-,-,-
4901301388919 ,ニベアクレンジングオイル　ビューティースキンつめか,１７０ｇ,-,-,50,11/15まで,-,-,-,-
4902424454550 ,アルコールスプレーナチュリア詰替え１回分,４５０ｍｌ,-,-,50,11/15まで,-,-,-,-
4903339415513 ,ウルトラハードクリーナー　バス用防カビプラス,７００ｍｌ,-,-,50,11/15まで,-,-,-,-
4903339115017 ,ウルトラハードクリーナー　ウロコ・水あか用,２６０ｇ,-,-,50,11/15まで,-,-,-,-
4903339786019 ,ウルトラハードクリーナー　多用途,７００ｍｌ,-,-,50,11/15まで,-,-,-,-
4903339711615 ,ウルトラハードクリーナー　油汚れ用,７００ｍｌ,-,-,50,11/15まで,-,-,-,-
4903339772715 ,ウルトラレモンクリーナー,７００ｍｌ,-,-,50,11/15まで,-,-,-,-
4903339713817 ,ウルトラハードクリーナー　カビ用,２００ｇ,-,-,50,11/15まで,-,-,-,-
4901301401809 ,フレアＦ　ＩＲＯＫＡメイクアップＦフェムバニラ,９０ｍｌ,-,-,50,11/15まで,-,-,-,-
4901301401816 ,フレアＦ　ＩＲＯＫＡメイクアップＦセンシュアルアン,９０ｍｌ,-,-,50,11/15まで,-,-,-,-
4901301401823 ,フレアＦ　ＩＲＯＫＡメイクアップＦハンサムシトラス,９０ｍｌ,-,-,50,11/15まで,-,-,-,-
4901080340719 ,ｍｋ　ＭＶ虫よけウォータースプレーＰブロッサム,２００ｍｌ,-,-,50,11/15まで,-,-,-,-
4901080340917 ,ｍｋ　ＭＶ虫よけふんわりミストＦフリージア,１００ｍｌ,-,-,50,11/15まで,-,-,-,-
4901080340818 ,ｍｋ　ＭＶ虫よけふんわりミストＦピオニー,１００ｍｌ,-,-,50,11/15まで,-,-,-,-
4535653003673 ,ｍｋ　ＭＶかゆみ止めジェルローション,２５ｇ,-,-,50,11/15まで,-,-,-,-
4950055501211 ,ｍｋ　ティアージェ抗菌,０．５ｍｌ×２４,-,-,50,11/15まで,-,-,-,-
4987103051732 ,ｍｋ　マージナル抗菌ＡＺ　１２ｍｌ,１２ｍｌ,-,-,50,11/15まで,-,-,-,-
4956622110817 ,ｍｋ　セナプリーマ　にきび治療薬,１００ｍｌ,-,-,50,11/15まで,-,-,-,-
4956622110916 ,ｍｋ　ＭＶセナプリーマにきびスプレー,１００ｍｌ,-,-,50,11/15まで,-,-,-,-
4987103049777 ,ＭＫ　ドルマイシン軟膏（Ｎ）,１２ｇ,-,-,50,11/15まで,-,-,-,-
4987103050414 ,ＭＫ　ヘパリーゼＧＸ,２０Ｔ,-,-,50,11/15まで,-,-,-,-
4902380217800 ,ｍｋＬＡＢ　ＭＣＴオイル炊飯カプセル,５粒,-,-,50,11/15まで,-,-,-,-
4582751873271 ,ｍｋＬＡＢ　ミルクプロテイン　カフェオレ風味,２００ｍｌ,-,-,50,11/15まで,-,-,-,-
4582751873288 ,ｍｋＬＡＢ　ミルクプロテイン　ミックスフルーツ風味,２００ｍｌ,-,-,50,11/15まで,-,-,-,-
4903336792051 ,ＭＫ　毎日キレイ習慣コラーゲン詰替,２１２Ｇ,-,-,50,11/15まで,-,-,-,-
4535653003703 ,ｍｋ　ＭＶデオＥＸクリーム,２０ｇ,-,-,50,11/15まで,-,-,-,-
4544630070478 ,ｍｋ　ゼロシャット下痢止め,１２錠,-,-,50,11/15まで,-,-,-,-
4987316012278 ,ｍｋ　ジーフォーＬ軟膏,２０ｇ,-,-,50,11/15まで,-,-,-,-
4987037862770 ,ｍｋ　ディパシオＩＰ,１６０錠,-,-,50,11/15まで,-,-,-,-
4987037862619 ,ｍｋ　ディパシオＬ,６０錠,-,-,50,11/15まで,-,-,-,-
4987037862565 ,ｍｋ　ディパシオＡＣａ,５０錠,-,-,50,11/15まで,-,-,-,-
4979654026772 ,ＭＫ　大麦若葉粉末１００％スティック,４４包,-,-,50,11/15まで,-,-,-,-
4979654028417 ,ＭＫ　大麦若葉粉末１００％　シェーカー付き企画品,４４包,-,-,50,11/15まで,-,-,-,-
4987074300907 ,ｍｋ　プロナクリームＭ,３５ｇ,-,-,50,11/15まで,-,-,-,-
4987343962034 ,ＭＫ　ビューラック,４００錠,-,-,50,11/15まで,-,-,-,-
4987107632647 ,ｍｋ　メディエードクリーム,１８ｇ,-,-,50,11/15まで,-,-,-,-
4987107632630 ,ｍｋ　メディエード軟膏,１８ｇ,-,-,50,11/15まで,-,-,-,-
4595987049099 ,ｍｋ　ポリュバリア　ボディミルク　ブライトニング,４００ｍｌ,-,-,50,11/15まで,-,-,-,-
4571242815661 ,アルジェラン　モイストクリア　フェイスウォッシュ,１３０ｇ,-,-,50,11/15まで,-,-,-,-
4571242815739 ,アルジェラン　ＭＣ　スキンケアトライアルセット,トライアルセット,-,-,50,11/15まで,-,-,-,-
4573583370991 ,アルジェラン　ハンドソープ　ＷＯ,２４０ｍｌ,-,-,50,11/15まで,-,-,-,-
4571242812769 ,アルジェラン　バランシングＭスカルプシャンプー詰替,４００ｍｌ詰替,-,-,50,11/15まで,-,-,-,-
4571242812776 ,アルジェラン　バランシングＭヘアトリートメント詰替,４００ｍｌ詰替,-,-,50,11/15まで,-,-,-,-
4573583370243 ,アルジェラン　ジューシィフィグボディソープ,４８０ｍｌ,-,-,50,11/15まで,-,-,-,-
4571242815906 ,アルジェラン　モイストグローボディソープ,４８０ｍｌ,-,-,50,11/15まで,-,-,-,-
4571242815913 ,アルジェラン　モイストスムースボディソープ,４８０ｍｌ,-,-,50,11/15まで,-,-,-,-
4573583371011 ,アルジェラン　ボディソープ　ＣＴ,４５０ｍｌ,-,-,50,11/15まで,-,-,-,-
4573583371035 ,アルジェラン　ボディソープ　ＦＬ,４５０ｍｌ,-,-,50,11/15まで,-,-,-,-
4573583371059 ,アルジェラン　ボディソープ　ＷＯ,４５０ｍｌ,-,-,50,11/15まで,-,-,-,-
4902806129342 ,ナレッジ　スキンケア　トライアル,５６ｇ,-,-,50,11/15まで,-,-,-,-
4901433877794 ,ネイク　ブロウカラー　コンシーラー　０１Ｍベージュ,８ｇ,-,-,50,11/15まで,-,-,-,-
4901433877688 ,ネイク　ニュアンスオンアイブロウ０１　ウォームＢＲ,８ｇ,-,-,50,11/15まで,-,-,-,-
4901433877695 ,ネイク　ニュアンスオンアイブロウ０２　アッシュＢＲ,８ｇ,-,-,50,11/15まで,-,-,-,-
4901433877824 ,ネイク　ブロウカラー　コンシーラー０１　Ｍベージュ,８ｇ,-,-,50,11/15まで,-,-,-,-
4571242817191 ,ｍｋ　ＷＭＡＡＡ　アクティブクレンズ　ＣＬオイル,１５０ｍｌ,-,-,50,11/15まで,-,-,-,-
4571242817276 ,ｍｋ　ＷＭＡＡＡモイストインテンシブローション詰替,１３０ｍｌ詰替用,-,-,50,11/15まで,-,-,-,-
4571242817252 ,ＷＭＡＡＡ　モイストインテンシブ　トライアルセット,１セット,-,-,50,11/15まで,-,-,-,-
4901454025549 ,ｍｋＬＡＢ　糖質２．６ｇミックスナッツ,８００ｇ,-,-,50,11/15まで,-,-,-,-
4901454026768 ,ｍｋＬＡＢ糖質２．６ｇミックスナッツ,７００ｇ,-,-,50,11/15まで,-,-,-,-
4902777332703 ,ｍｋ７種具材のたっぷり野菜カレー,１９０ｇ,-,-,50,11/15まで,-,-,-,-
4978951921605 ,ｍｋ　ゼロパルファム液体洗剤　本体,６００ｇ,-,-,50,11/15まで,-,-,-,-
4978951921629 ,ｍｋ　ゼロパルファム柔軟剤　本体,６００ｍｌ,-,-,50,11/15まで,-,-,-,-
4595643434511 ,アンプリール　ＷＶ　Ｍシャンプー　詰替,３５０ｍｌ,-,-,55,11/15まで,-,-,-,-
4595643434528 ,アンプリール　ＷＶ　Ｍヘアトリートメント　詰替,３５０ｇ,-,-,55,11/15まで,-,-,-,-
4595643434665 ,アンプリール　ＷＶ　Ｓシャンプー　詰替,３５０ｍｌ,-,-,55,11/15まで,-,-,-,-
4595643434672 ,アンプリール　ＷＶ　Ｓヘアトリートメント　詰替,３５０ｇ,-,-,55,11/15まで,-,-,-,-
4573583370113 ,アルジェラン　プレミアムリペアシャンプー詰替,４００ｍｌ,-,-,55,11/15まで,-,-,-,-
4573583370120 ,アルジェラン　Ｐリペアヘアトリートメント詰替,４００ｍｌ,-,-,55,11/15まで,-,-,-,-
4571242815777 ,アルジェラン　モイストグローシャンプー詰替,４００ｍｌ,-,-,55,11/15まで,-,-,-,-
4571242815784 ,アルジェラン　Ｍグローヘアトリートメント詰替,４００ｍｌ,-,-,55,11/15まで,-,-,-,-
4571242815845 ,アルジェラン　モイストスムースシャンプー詰替,４００ｍｌ,-,-,55,11/15まで,-,-,-,-
4571242815852 ,アルジェラン　Ｍスムースヘアトリートメント詰替,４００ｍｌ,-,-,55,11/15まで,-,-,-,-
4901433877640 ,ネイク　カバーエイドコンシーラー　０１　ＮＢＥ,９ｇ,-,-,55,11/15まで,-,-,-,-
4902111778822 ,ラックス　クリスタル　ダメージリペア　ＳＰ　詰替,３００ｇ,-,-,60,11/15まで,-,-,484,3/31まで
4902111778846 ,ラックス　クリスタル　ダメージリペア　ＴＲ　詰替,３００ｇ,-,-,60,11/15まで,-,-,484,3/31まで
4902111782768 ,ダヴパールシャイン　薬用アクネ泡洗顔料詰替,１５０ｍｌ,-,-,60,11/15まで,-,-,548,3/31まで
4902750637931 ,ＵＨＡ　グミサプリビオチンＳＰ２０日分,４０粒,-,-,60,10/15まで,-,-,-,-
4987123701181 ,アリナミン製薬　アリナミンＶ＆Ｖロイヤル,５０ＭＬＸ２,-,-,60,11/15まで,-,-,-,-
4902111777214 ,ラックスバスグロウ　リペア＆シャインＳＰ替,３５０ｇ,-,-,60,11/15まで,-,-,-,-
4902111777221 ,ラックスバスグロウ　リペア＆シャインＴＲ替,３５０ｇ,-,-,60,11/15まで,-,-,-,-
4902111783741 ,ラックスバスグロウ　コントロール＆シャインＳＰ替,３５０ｇ,-,-,60,11/15まで,-,-,-,-
4902111783758 ,ラックスバスグロウ　コントロール＆シャインＴＭ替,３５０ｇ,-,-,60,11/15まで,-,-,-,-
4902111784175 ,ラックスクリスタルモイスチャー＆リペア　ＳＰ替,３００ｇ,-,-,60,11/15まで,-,-,-,-
4902111784199 ,ラックスクリスタルモイスチャー＆リペア　ＴＭ替,３００ｇ,-,-,60,11/15まで,-,-,-,-
4987241167296 ,ケアセラ泡の高保湿ボディウォッシュ　つめかえ,３８５ｍｌ,-,-,60,11/15まで,-,-,-,-
4987241167302 ,ケアセラ泡の高保湿ボディウォッシュ　フルーティＲ替,３８５ｍｌ,-,-,60,11/15まで,-,-,-,-
4987241167319 ,ケアセラ泡の高保湿ボディウォッシュ　ボタニカルＦ替,３８５ｍｌ,-,-,60,11/15まで,-,-,-,-
4987241138760 ,ケアセラベビー泡の高保湿泡ボディウォッシュ詰替,３５０ｍＬ,-,-,60,11/15まで,-,-,-,-
4901301284068 ,ディープクリーン　薬用ハミガキ　１６０ｇ,１６０ｇ,-,-,60,11/15まで,-,-,-,-
4987067226801 ,ｍｋ　ファイティーＥＸ　３０ｍｌ×３本,３０ｍｌ×３本,-,-,60,11/15まで,-,-,-,-
4573583378126 ,ヒッツディファレント　マウスＳミスト　キャラメルＴ,１５ｍｌ,-,-,60,11/15まで,-,-,-,-
4573583378133 ,ヒッツディファレント　マウスＳミスト　エルダーＦ,１５ｍｌ,-,-,60,11/15まで,-,-,-,-
4573583378140 ,ヒッツディファレント　マウスＳミスト　ジンジャーＭ,１５ｍｌ,-,-,60,11/15まで,-,-,-,-
4595643434788 ,ＤＨ　ＳＲ　シャンプー　詰替,３８０ｍＬ,-,-,60,11/15まで,-,-,-,-
4595643434795 ,ＤＨ　ＳＲ　ヘアトリートメント　詰替,３８０ｇ,-,-,60,11/15まで,-,-,-,-
4902111782652 ,ダヴパールシャイン　透明つや肌洗顔料,１４０ｇ,-,-,60,11/15まで,-,-,-,-
4902111782676 ,ダヴパールシャイン　毛穴さっぱり肌洗顔料,１４０ｇ,-,-,60,11/15まで,-,-,-,-
4902111782669 ,ダヴパールシャイン　うるおいつや肌洗顔料,１４０ｇ,-,-,60,11/15まで,-,-,-,-
4902111782683 ,ダヴパールシャイン　敏感肌Ｍ泡洗顔料,１７０ｍｌ,-,-,60,11/15まで,-,-,-,-
4902111782744 ,ダヴパールシャイン　透明肌泡メイク落とし詰替,１５０ｍｌ,-,-,60,11/15まで,-,-,-,-
4582751871192 ,ｍｋＬＡＢ　カロカッター６６回分,２６４粒,-,-,60,11/15まで,-,-,-,-
4571242815654 ,アルジェラン　モイストクリア　クレンジングミルク,１５０ｇ,-,-,60,11/15まで,-,-,-,-
4573583370946 ,アルジェラン　バウンシーアップ　シャンプー詰替,４００ｍｌ,-,-,60,11/15まで,-,-,-,-
4573583370953 ,アルジェランバウンシーアップヘアトリートメント詰替,４００ｇ,-,-,60,11/15まで,-,-,-,-
4573583370410 ,アルジェラン　ピュアバランシングスカルプ　ＳＰ詰替,４００ｍｌ,-,-,60,11/15まで,-,-,-,-
4573583370427 ,アルジェラン　ピュアバランシングスカルプ　ＴＲ詰替,４００ｇ,-,-,60,11/15まで,-,-,-,-
4573583371127 ,アルジェラン　メロウリペア　シャンプー詰替,４００ｍＬ,-,-,60,11/15まで,-,-,-,-
4573583371134 ,アルジェラン　メロウリペア　トリートメント詰替,４００ｇ,-,-,60,11/15まで,-,-,-,-
4573583370861 ,アルジェラン　モイストグロー　シャンプーＲ詰替,４００ｍｌ,-,-,60,11/15まで,-,-,-,-
4573583370878 ,アルジェランモイストグローヘアトリートメントＲ詰替,４００ｇ,-,-,60,11/15まで,-,-,-,-
4956622837042 ,ｍｋ　ヒルメナイド薬用フェイシャルマスク,５枚,-,-,60,11/15まで,-,-,-,-
4901433877480 ,ネイク　メイクフィックスミスト,４５ｍｌ,-,-,60,11/15まで,-,-,-,-
4571242817221 ,ｍｋ　ＷＭＡＡＡ　モイストインテンシブ　ローション,１５０ｍｌ,-,-,60,11/15まで,-,-,-,-
4571242817511 ,ｍｋ　ＷＭＡＡＡ　リップトリートメントセラム,８ｇ,-,-,60,11/15まで,-,-,-,-
4571242817375 ,ｍｋ　ＷＭＡＡＡオールインワンジェルＣミニ＋化粧水,ジェルミニ＋化粧水,-,-,60,11/15まで,-,-,-,-
4571242817702 ,ｍｋ　ＷＭＡＡＡ　ローション＋マスクセット,１５０ｍｌ＋７枚,-,-,60,11/15まで,-,-,-,-
4973167018156 ,スイサイ　ビューティクリア　ペーストウォッシュ,１２０ｇ,-,-,65,11/15まで,-,-,-,-
4973167080757 ,スイサイＢＣ　ペーストウォッシュ　ＣＳ,１２０ｇ,-,-,65,11/15まで,-,-,-,-
4973167066188 ,スイサイＢＣ　ペーストウォッシュ　セット１,１２０．８ｇ,-,-,65,11/15まで,-,-,-,-
4573583370816 ,アルジェラン　バウンスグロウ　フェイスウォッシュ,１３０ｇ,-,-,65,11/15まで,-,-,-,-
4901433877671 ,ネイク　ポアスムースベース　０１　クリア,３０ｇ,-,-,65,11/15まで,-,-,-,-
4901433877862 ,ネイク　ニュアンスグロウスティック　０１　Ｍサテン,１．５ｇ,-,-,65,11/15まで,-,-,-,-
4571242817443 ,ｍｋ　ＷＭＡＡＡ　Ｐクリアセラム　ジェルウォッシュ,１５０ｇ,-,-,65,11/15まで,-,-,-,-
4902750746855 ,ＵＨＡ　グミサプリ亜鉛２０日分,４０粒,-,-,70,10/15まで,-,-,-,-
4987241195237 ,ケアセラＡＰ高保湿先行バリア乳液つめかえ,１３０ｍｌ,-,-,70,11/15まで,-,-,-,-
4987241195220 ,ケアセラＡＰ高保湿バリアバーム,２４ｇ,-,-,70,11/15まで,-,-,-,-
4987241167036 ,ハダラボ　極潤プレミアム　ヒアルロンクリーム,５０ｇ,-,-,70,11/15まで,-,-,-,-
4987316091358 ,佐藤製薬　ユリアージュ　ウォーター,５０ｍｌ,-,-,70,11/15まで,-,-,-,-
4901301446626 ,セグレタ　シャンプー　根元からふんわり　替,３４０ｍＬ,-,-,70,11/15まで,-,-,-,-
4901301446633 ,セグレタ　コンディショナー　根元からふんわり　替,３４０ｍＬ,-,-,70,11/15まで,-,-,-,-
4901301446657 ,セグレタ　シャンプー　うねる髪もまとまる　替,３４０ｍＬ,-,-,70,11/15まで,-,-,-,-
4901301446695 ,セグレタ　コンディショナー　うねる髪もまとまる　替,３４０ｍＬ,-,-,70,11/15まで,-,-,-,-
4901301326393 ,セグレタ１本で仕上がるシャンプーつめかえ,２８５ｍｌ,-,-,70,11/15まで,-,-,-,-
4901301323439 ,ディープクリーン撰　濃密クリームハミガキ　１００ｇ,１００ｇ,-,-,70,11/15まで,-,-,-,-
4901301334152 ,ディープクリーン撰濃密Ｃ薬用ハミガキ口臭防止９５ｇ,９５ｇ,-,-,70,11/15まで,-,-,-,-
4901301465733 ,ディープクリーン　薬用ハミガキ　ひきしめ塩　９５ｇ,９５ｇ,-,-,70,11/15まで,-,-,-,-
4582751874407 ,ｍｋＬＡＢ　ＢＥＡＵＳＴＥＲスリーピングセラミド,２０粒,-,-,70,11/15まで,-,-,-,-
4573583378119 ,ヒッツディファレント　トゥースペースト　キャラメル,１００ｇ,-,-,70,11/15まで,-,-,-,-
4902806138405 ,ナレッジ　浸透ハンド＆ネイルクリーム,４０ｇ,-,-,70,11/15まで,-,-,-,-
4987732020017 ,マグミット製薬　マグミットＫ,４０錠,-,-,70,11/15まで,-,-,-,-
4902111782751 ,ダヴパールシャイン　薬用アクネ泡洗顔料,１７０ｍｌ,-,-,70,11/15まで,-,-,-,-
4901301452252 ,ディープクリーン　薬用温感ハミガキ,８５ｇ,-,-,70,11/15まで,-,-,-,-
4573583370601 ,アルジェラン　アイスミント　ボディミスト,９０ｍｌ【Ｒシトラス】,-,-,70,11/15まで,-,-,-,-
4573583370595 ,アルジェラン　アイスミント　ボディローション,１８０ｍｌ【Ｒシトラス】,-,-,70,11/15まで,-,-,-,-
4571242815722 ,アルジェラン　モイストクリア　クレンジングオイル,１５０ｍｌ,-,-,70,11/15まで,-,-,-,-
4571242812745 ,アルジェラン　バランシングＭスカルプ　シャンプー,５００ｍｌ,-,-,70,11/15まで,-,-,-,-
4571242812752 ,アルジェラン　バランシングＭヘアトリートメント,５００ｍｌ,-,-,70,11/15まで,-,-,-,-
4573583378010 ,ヒッツディファレント　トゥースペーストステイン,１００ｇ,-,-,70,11/15まで,-,-,-,-
4573583378003 ,ヒッツディファレント　トゥースペーストプラーク,１００ｇ,-,-,70,11/15まで,-,-,-,-
4573583378027 ,ヒッツディファレント　トゥースペーストスモーカ,１００ｇ,-,-,70,11/15まで,-,-,-,-
4573583378096 ,ヒッツディファレント　ステイン　レモンキャンディ,１００ｇ,-,-,70,11/15まで,-,-,-,-
4571242819157 ,ｍｋ　コンクレッド　ハイダメージ　ＳＰ　詰替,３５０ｍｌ詰替,-,-,70,11/15まで,-,-,-,-
4571242819164 ,ｍｋ　コンクレッド　ハイダメージ　ＴＲ　詰替,３５０ｇ詰替,-,-,70,11/15まで,-,-,-,-
4571242819102 ,ｍｋ　コンクレッド　ハイモイスチャー　ＳＰ　詰替,３５０ｍｌ詰替,-,-,70,11/15まで,-,-,-,-
4571242819119 ,ｍｋ　コンクレッド　ハイモイスチャー　ＴＲ　詰替,３５０ｇ詰替,-,-,70,11/15まで,-,-,-,-
4571242819300 ,ｍｋ　コンクレッド　ハイストレート　ＳＰ　詰替,３５０ｍｌ,-,-,70,11/15まで,-,-,-,-
4571242819317 ,ｍｋ　コンクレッド　ハイストレート　ＴＲ　詰替,３５０ｇ,-,-,70,11/15まで,-,-,-,-
4902806128437 ,ナレッジ　スカルプケアシャンプー　詰替え,３２０ｍｌ,-,-,70,11/15まで,-,-,-,-
4902806128451 ,ナレッジ　リペアトリートメント　詰替え,３２０ｇ,-,-,70,11/15まで,-,-,-,-
4901433877756 ,ネイク　メハナダチシェーディング　０１　クルミ,１．５ｇ,-,-,70,11/15まで,-,-,-,-
4901433877701 ,ネイク　３ｉｎ１アイブロウ　０１　ナチュラルＢＲ,＿,-,-,70,11/15まで,-,-,-,-
4901433877718 ,ネイク　３ｉｎ１アイブロウ　０２　ダークＢＲ,＿,-,-,70,11/15まで,-,-,-,-
4901433877732 ,ネイク　ハナタカハイライト　０１　キナリ,１．５ｇ,-,-,70,11/15まで,-,-,-,-
4901433877619 ,ネイク　カラーリップエンハンサー０１　ホテリ,２．２ｇ,-,-,70,11/15まで,-,-,-,-
4901433877626 ,ネイク　カラーリップエンハンサー０２　ヨネツ,２．２ｇ,-,-,70,11/15まで,-,-,-,-
4571242817122 ,ｍｋ　ＷＭＡＡＡ　トリートメントセラム,６０ｍｌ,-,-,70,11/15まで,-,-,-,-
4571242817603 ,ｍｋ　ＷＭＡＡＡ　シートマスク３個セット,７枚×３個,-,-,70,11/15まで,-,-,-,-
4902806138399 ,ナレッジ　浸透リップクリーム,１．７ｇ,-,-,75,11/15まで,-,-,-,-
4987767625942 ,コラージュフルフル泡石鹸つめかえ用,２１０ｍｌ,-,-,75,10/15まで,-,-,-,-
4987767625973 ,コラージュフルフル泡石鹸つめかえ用Ｐ,２１０ｍｌ,-,-,75,10/15まで,-,-,-,-
4573583370588 ,アルジェラン　アイスミント　ボディスクラブ,１５０ｇ【Ｒシトラス】,-,-,75,11/15まで,-,-,-,-
4573583370823 ,アルジェラン　バウンスグロウ　クレンジングクリーム,１５０ｇ,-,-,75,11/15まで,-,-,-,-
4573583370687 ,アルジェラン　ハンドセラムクリーム　ウッド,５０ｇ,-,-,75,11/15まで,-,-,-,-
4573583370700 ,アルジェラン　ハンドセラムクリーム　ベルガモット,５０ｇ,-,-,75,11/15まで,-,-,-,-
4573583370694 ,アルジェラン　ハンドセラムクリーム　イランイラン,５０ｇ,-,-,75,11/15まで,-,-,-,-
4573583370090 ,アルジェラン　プレミアムリペアシャンプー,４８０ｍｌ,-,-,75,11/15まで,-,-,-,-
4573583370144 ,アルジェラン　プレミアムリペアヘアマスク,２００ｇ,-,-,75,11/15まで,-,-,-,-
4573583370106 ,アルジェラン　プレミアムリペアヘアトリートメント,４８０ｍｌ,-,-,75,11/15まで,-,-,-,-
4573583370564 ,アルジェラン　フェムケア　ホイップウォッシュ　ＲＦ,１５０ｍｌ本体,-,-,75,11/15まで,-,-,-,-
4573583370571 ,アルジェラン　フェムケア　ホイップウォッシュ　ＪＦ,１５０ｍｌ本体,-,-,75,11/15まで,-,-,-,-
4571242815753 ,アルジェラン　モイストグローシャンプー,４８０ｍｌ,-,-,75,11/15まで,-,-,-,-
4571242815760 ,アルジェラン　モイストグローヘアトリートメント,４８０ｍｌ,-,-,75,11/15まで,-,-,-,-
4571242815807 ,アルジェラン　モイストグローヘアマスク,２００ｇ,-,-,75,11/15まで,-,-,-,-
4571242815821 ,アルジェラン　モイストスムースシャンプー,４８０ｍｌ,-,-,75,11/15まで,-,-,-,-
4571242815838 ,アルジェラン　モイストスムースヘアトリートメント,４８０ｍｌ,-,-,75,11/15まで,-,-,-,-
4571242815876 ,アルジェラン　モイストスムースヘアマスク,２００ｇ,-,-,75,11/15まで,-,-,-,-
4987286419671 ,ｍｋ　ヒルメナイド薬用クリーミーバーム,３０グラム,-,-,75,11/15まで,-,-,-,-
4902806128376 ,ナレッジ　フェイシャルウォッシュ,１２０ｇ,-,-,75,11/15まで,-,-,-,-
4902806134629 ,ナレッジ　フェイシャルウォッシュ増量品,１４０ｇ,-,-,75,11/15まで,-,-,-,-
4901433877664 ,ネイク　ハイドレーティングジェルベース０１　ＮＢＥ,３０ｇ,-,-,75,11/15まで,-,-,-,-
4901433877770 ,ネイク　全ベチーク　０１　ハツコイ,９ｇ,-,-,75,11/15まで,-,-,-,-
4571242810529 ,ルンタ　エンリッチバウンサー　Ｄチャージヘアミスト,２００ｍｌ,-,-,75,11/15まで,-,-,-,-
4571242817214 ,ｍｋ　ＷＭＡＡＡモイストインテンシブブーストセラム,６０ｍｌ,-,-,75,11/15まで,-,-,-,-
4571242817238 ,ｍｋ　ＷＭＡＡＡ　モイストインテンシブ　クリーム,５０ｇ,-,-,75,11/15まで,-,-,-,-
4571242817313 ,ｍｋ　ＷＭＡＡＡ　クリアセラム　クレンジングオイル,１５０ｍｌ,-,-,75,11/15まで,-,-,-,-
4571242817450 ,ｍｋ　ＷＭＡＡＡ　ＰＳ　トリートメント　ＣＬミルク,１５０ｍｌ,-,-,75,11/15まで,-,-,-,-
4571242817528 ,ｍｋ　ＷＭＡＡＡブーストセラム＋ＣＬオイルミニ,セラム＋ＣＬオイルミニ,-,-,75,11/15まで,-,-,-,-
4571242817382 ,ｍｋ　ＷＭＡＡＡオールインワンジェルＣミニ＋美容液,ジェルミニ＋導入美容液,-,-,75,11/15まで,-,-,-,-
4571242817290 ,ＷＭＡＡＡ　クレンジングオイル２本セット,１５０ｍｌ×２,-,-,75,11/15まで,-,-,-,-
4571242817696 ,ｍｋ　ＷＭＡＡＡ　Ｂセラム＋マスクセット,６０ｍｌ＋７枚,-,-,75,11/15まで,-,-,-,-
4902750709652 ,ＵＨＡ　グミサプリ　マルチビタミンＮ２０日,４０粒,-,-,80,10/15まで,-,-,-,-
4512274022276 ,パーフェクトワンＦ　ＶＣチャージカーミングマスク,７枚,-,-,80,10/15まで,-,-,-,-
4908049603199 ,ファンケルディープクリア洗顔パウダー　お試し１４個,１４個,-,-,80,11/15まで,-,-,-,-
4987241195206 ,ケアセラＡＰ高保湿先行バリア乳液,１３０ｍｌ,-,-,80,11/15まで,-,-,-,-
4987241167197 ,ケアセラ泡の高保湿ボディウォッシュ,４５０ｍｌ,-,-,80,11/15まで,-,-,-,-
4987241138753 ,ケアセラベビー泡の高保湿泡ボディウォッシュ,４５０ｍＬ,-,-,80,11/15まで,-,-,-,-
4582300061791 ,プリュスオーポイントリペア,１０ｍｌ,-,-,80,11/15まで,-,-,-,-
4582300062675 ,プリュスオーポイントリペアピュア,１０ｍｌ,-,-,80,11/15まで,-,-,-,-
4582300064761 ,プリュスオーポイントリペア　スーパーハード,１０ｍＬ,-,-,80,11/15まで,-,-,-,-
4582300062521 ,プリュスオーポイントキープ,１０ｍｌ,-,-,80,11/15まで,-,-,-,-
4582300063832 ,プリュスオーマエガミリセットパウダー,４ｇ,-,-,80,11/15まで,-,-,-,-
4582300068417 ,プリュスオーポイントリペア　ハイパーホールド,１０ｍＬ,-,-,80,11/15まで,-,-,-,-
4901301313249 ,セグレタ　ふっくら仕上げのスタイリング,１２５ｇ,-,-,80,11/15まで,-,-,-,-
4901301291431 ,セグレタ　髪の美容液　ふっくら仕上げ,１５０ｍｌ,-,-,80,11/15まで,-,-,-,-
4901301457233 ,エッセンシャルプレミアムバリアＣＤグロウつめかえ,３４０ｍＬ,-,-,80,11/15まで,-,-,-,-
4901301457288 ,エッセンシャルプレミアムバリアＣＤシルキーつめかえ,３４０ｍｌ,-,-,80,11/15まで,-,-,-,-
4571607698724 ,ＹＯＬＵ　柔軟剤　ホワイトピーチ＆カモミール　本体,５００ＭＬ,-,-,80,11/15まで,-,-,-,-
4571607698748 ,ＹＯＬＵ　柔軟剤　カシス＆ベルガモット　本体,５００ＭＬ,-,-,80,11/15まで,-,-,-,-
4571607691015 ,ＲｅＷＥＡＲ　クラシックローズ＆ムスク,５００ＭＬ,-,-,80,11/15まで,-,-,-,-
4571607691022 ,ＲｅＷＥＡＲ　フレッシュシトラス＆グリーン,５００ＭＬ,-,-,80,11/15まで,-,-,-,-
4571607693095 ,ＲｅＷＥＡＲ　ＷＨシャルドネ＆ダージリンティー,５００ＭＬ,-,-,80,11/15まで,-,-,-,-
4571607694351 ,ＲｅＷＥＡＲ　チェリーヴィンテージ＆シダーウッド,５００ＭＬ,-,-,80,11/15まで,-,-,-,-
4571607696959 ,ＲｅＷＥＡＲ　ホワイトシャルドネ＆ダージリンティ,５００ｍｌ,-,-,80,11/15まで,-,-,-,-
4571607696980 ,ＭＫ　ＲｅＷＥＡＲ　ライラック＆アップルブロッサム,５００ＭＬ,-,-,80,11/15まで,-,-,-,-
4571607694405 ,ＲｅＷＥＡＲ　再生クリーニングブースター,４００ｇ,-,-,80,11/15まで,-,-,-,-
4571607698199 ,ＲｅＷＥＡＲ　フレッシュフィグ＆ホワイトピーチ,５００ＭＬ,-,-,80,11/15まで,-,-,-,-
4571607699271 ,ＲｅＷＥＡＲ　アプリコット＆アールグレイ　本体,５００ＭＬ,-,-,80,11/15まで,-,-,-,-
4571607699349 ,ＹＯＬＵ　柔軟剤　ペアー＆ジャスミン　本体,５００ＭＬ,-,-,80,11/15まで,-,-,-,-
4533213683341 ,カビトルネードＮＥＯ　縦型用,１０８ｇ,-,-,80,11/15まで,-,-,-,-
4533213683358 ,カビトルネードＮＥＯ　ドラム式用,２１６ｇ,-,-,80,11/15まで,-,-,-,-
4573583378157 ,ヒッツディファレント　トゥースペーストＰクリーンＢ,１００ｇ,-,-,80,11/15まで,-,-,-,-
4571242817610 ,ｍｋ　ＷＭＡＡＡ　ＭＩ　ＥＸ　リップリペアバーム,８ｇ,-,-,80,11/15まで,-,-,-,-
4571242817634 ,ｍｋ　ＷＭＡＡＡ　ＡＣ　セラムムースウォッシュ,１８０ｇ,-,-,80,11/15まで,-,-,-,-
4571242817719 ,ｍｋ　ＷＭＡＡＡ　ムースウォッシュ＋ＥＸジェルミニ,１８０ｇ／１２ｇ,-,-,80,11/15まで,-,-,-,-
4971710630381 ,スティーブンノルモイスチュアシルクシャンプ,４７５ｍＬ,-,-,80,10/15まで,-,-,-,-
4971710630398 ,スティーブンノルモイスチュアシルクトリート,４７５ｍＬ,-,-,80,10/15まで,-,-,-,-
4971710630473 ,スティーブンノルカラーラスティングシャンプ,４７５ｍＬ,-,-,80,10/15まで,-,-,-,-
4971710630480 ,スティーブンノルカラーラスティングトリート,４７５ｍＬ,-,-,80,10/15まで,-,-,-,-
4512274019832 ,パーフェクトワンＦ　ＶＣチャージ　スムースマスク,７枚,-,-,80,10/15まで,-,-,-,-
4512274020968 ,パーフェクトワンＦ　ＶＣチャージ　ホワイトマスク,７枚,-,-,80,10/15まで,-,-,-,-
4562193142302 ,野口医学　おとなの肝油ドロップＮ,１００粒,-,-,80,11/15まで,-,-,-,-
4537130102794 ,ＭＩＹＯＳＨＩ　無添加せっけん　泡のボディソープ,５７０ｍｌ,-,-,80,11/15まで,-,-,-,-
4903339414813 ,ウルトラハードクリーナー　バス用,７００ｍｌ,-,-,80,11/15まで,-,-,-,-
4903339772616 ,ウルトラオレンジクリーナー,７００ｍｌ,-,-,80,11/15まで,-,-,-,-
4903339418019 ,ウルトラコーティング　キッチンシンク水まわり用,５００ｍｌ,-,-,80,11/15まで,-,-,-,-
4573583370922 ,アルジェラン　バウンシーアップ　シャンプー,４５０ｍｌ,-,-,80,11/15まで,-,-,-,-
4573583370939 ,アルジェラン　バウンシーアップ　ヘアトリートメント,４５０ｇ,-,-,80,11/15まで,-,-,-,-
4573583370397 ,アルジェラン　ピュアバランシングスカルプ　ＳＰ,４５０ｍｌ,-,-,80,11/15まで,-,-,-,-
4573583370403 ,アルジェラン　ピュアバランシングスカルプ　ＴＲ,４５０ｇ,-,-,80,11/15まで,-,-,-,-
4573583370441 ,アルジェラン　Ｐバランシングスカルプ頭皮ＣＬ,１８０ｇ,-,-,80,11/15まで,-,-,-,-
4573583370151 ,アルジェラン　プレミアムリペアヘアオイル,５５ｍｌ,-,-,80,11/15まで,-,-,-,-
4573583371103 ,アルジェラン　メロウリペア　シャンプー本体,４５０ｍＬ,-,-,80,11/15まで,-,-,-,-
4573583371110 ,アルジェラン　メロウリペア　トリートメント本体,４５０ｇ,-,-,80,11/15まで,-,-,-,-
4573583371158 ,アルジェラン　メロウリペア　ヘアマスク,２００ｇ,-,-,80,11/15まで,-,-,-,-
4571242815814 ,アルジェラン　モイストグローヘアオイル,５５ｍｌ,-,-,80,11/15まで,-,-,-,-
4573583370847 ,アルジェラン　モイストグロー　シャンプーＲ,４５０ｍｌ,-,-,80,11/15まで,-,-,-,-
4573583370854 ,アルジェラン　モイストグロー　ヘアトリートメントＲ,４５０ｇ,-,-,80,11/15まで,-,-,-,-
4573583370892 ,アルジェラン　モイストグロー　ヘアマスクＲ,２００ｇ,-,-,80,11/15まで,-,-,-,-
4571242815883 ,アルジェラン　モイストスムースヘアオイル,５５ｍｌ,-,-,80,11/15まで,-,-,-,-
4573583378034 ,ヒッツディファレント　プレミアムブライト２０,６０ｇ,-,-,80,11/15まで,-,-,-,-
4901433877657 ,ネイク　カラーチューニングベース　０１　シアーＬＶ,３０ｇ,-,-,80,11/15まで,-,-,-,-
4901433877848 ,ネイク　ひんやり　カラープライマー,３０ｇ,-,-,80,11/15まで,-,-,-,-
4571242817412 ,ｍｋ　ＷＭＡＡＡ　ビタＣ　ブライトローション,１５０ｍｌ,-,-,80,11/15まで,-,-,-,-
4571242817429 ,ｍｋ　ＷＭＡＡＡ　ビタＣ　ブライトエマルジョンＣ,９０ｇ,-,-,80,11/15まで,-,-,-,-
4571242817498 ,ｍｋ　ＷＭＡＡＡ　オールインワンジェルクリーム詰替,８１ｇ,-,-,80,11/15まで,-,-,-,-
4901306304181 ,ｍｋもちもち押し麦と完熟トマトのミネストローネ,２００ｇ,-,-,80,11/15まで,-,-,-,-
4901306304204 ,ｍｋもちもち押し麦と野菜たっぷりクリームチャウダー,２００ｇ,-,-,80,11/15まで,-,-,-,-
4987767625935 ,コラージュフルフルリキッドソープつめかえ,２００ｍｌ,-,-,85,10/15まで,-,-,-,-
4573583370830 ,アルジェラン　バウンスグロウ　クレンジングオイル,１６０ｍｌ,-,-,85,11/15まで,-,-,-,-
4573583370977 ,アルジェラン　バウンシーアップ　ヘアミルク,１００ｍｌ,-,-,85,11/15まで,-,-,-,-
4573583371165 ,アルジェラン　メロウリペア　ヘアオイル,６０ｍＬ,-,-,85,11/15まで,-,-,-,-
4571242815890 ,アルジェラン　モイストグロー　ヘアバーム,３２ｇ,-,-,85,11/15まで,-,-,-,-
4573583370908 ,アルジェラン　モイストグロー　ヘアオイルＲ,６０ｍｌ,-,-,85,11/15まで,-,-,-,-
4987286419657 ,ｍｋ　ヒルメナイド薬用ローション,２００ミリ,-,-,85,11/15まで,-,-,-,-
4901433877633 ,ネイク　オイルブロックパウダー０１　クリア,８ｇ,-,-,85,11/15まで,-,-,-,-
4987107617873 ,第一三共　ロキソニンＳテープＬ,７枚,-,-,90,11/15まで,-,-,-,-
4987107617866 ,第一三共　ロキソニンＳテープ,１４枚,-,-,90,11/15まで,-,-,-,-
4987107636997 ,第一三共　ロキソニンＳゲル,５０ｇ,-,-,90,11/15まで,-,-,-,-
4987241172412 ,ケアセラ泡の高保湿ボディウォッシュ　つめかえ企画品,３８５ｍｌ×２,-,-,90,11/15まで,-,-,-,-
4987316091662 ,佐藤製薬　ユリアージュモイストリップデュオ（無香,４ｇ×２,-,-,90,11/15まで,-,-,-,-
4901301446664 ,セグレタ　シャンプー　根元からふんわり　本体,４３０ｍＬ,-,-,90,11/15まで,-,-,-,-
4901301446671 ,セグレタ　コンディショナー　根元からふんわり　本体,４３０ｍＬ,-,-,90,11/15まで,-,-,-,-
4901301446640 ,セグレタ　シャンプー　うねる髪もまとまる　本体,４３０ｍＬ,-,-,90,11/15まで,-,-,-,-
4901301446688 ,セグレタ　コンディショナー　うねる髪もまとまる本体,４３０ｍＬ,-,-,90,11/15まで,-,-,-,-
4901301312723 ,セグレタ１本で仕上がるシャンプー本体,３６０ｍｌ,-,-,90,11/15まで,-,-,-,-
4901301455482 ,ＥＳプレミアムバリアＳＰスパークルつめかえ,３３０ｍＬ,-,-,90,11/15まで,-,-,-,-
4901301457219 ,エッセンシャルプレミアムバリアＳＰグロウつめかえ,３４０ｍＬ,-,-,90,11/15まで,-,-,-,-
4901301457264 ,エッセンシャルプレミアムバリアＳＰシルキーつめかえ,３４０ｍＬ,-,-,90,11/15まで,-,-,-,-
4901301455505 ,ＥＳプレミアムバリアＣＤスパークルつめかえ,３３０ｍＬ,-,-,90,11/15まで,-,-,-,-
4901301436801 ,ＥＳプレミアムうるおいバリアＳＰスムース替え,３４０ｍＬ,-,-,90,11/15まで,-,-,-,-
4901301436818 ,ＥＳプレミアムうるおいバリアＳＰモイスト替え,３４０ｍＬ,-,-,90,11/15まで,-,-,-,-
4901301436832 ,ＥＳプレミアムうるおいバリアＣＤスムース替え,３４０ｍＬ,-,-,90,11/15まで,-,-,-,-
4901301436849 ,ＥＳプレミアムうるおいバリアＣＤモイスト替え,３４０ｍＬ,-,-,90,11/15まで,-,-,-,-
4571242819386 ,ｍｋコンクレッド　ハイインテンシブケア　ヘアオイル,１００ｍＬ,-,-,90,11/15まで,-,-,-,-
4901301390820 ,ビオレＵＶアクアリッチライトアップエッセンス,７０ｇ,-,-,90,11/15まで,-,-,-,-
4902111782737 ,ダヴパールシャイン　透明肌泡メイク落とし,１７０ｍｌ,-,-,90,11/15まで,-,-,-,-
4973167024478 ,スイサイＢＣ　ポイントポアポリッシャー,３０ｇ,-,-,90,11/15まで,-,-,-,-
4571242815685 ,アルジェラン　モイストクリア　ローションエンリッチ,１８０ｍｌ,-,-,90,11/15まで,-,-,-,-
4571242815692 ,アルジェラン　モイストクリア　スキンミルク,１２０ｍｌ,-,-,90,11/15まで,-,-,-,-
4571242815678 ,アルジェラン　モイストクリア　ローション,１８０ｍｌ,-,-,90,11/15まで,-,-,-,-
4573583370649 ,アルジェラン　スキンケアローションエンリッチ,１６０ｍｌ,-,-,90,11/15まで,-,-,-,-
4573583370656 ,アルジェラン　スキンケア　スキンミルク,１２０ｇ,-,-,90,11/15まで,-,-,-,-
4573583370045 ,アルジェラン　Ｍクリア　ダブルブースターセラム,９０ｇ,-,-,90,11/15まで,-,-,-,-
4573583370632 ,アルジェラン　スキンケア　ローション,１６０ｍｌ,-,-,90,11/15まで,-,-,-,-
4573583370311 ,アルジェラン　炭酸ブースターセラム＋ＥＲミニセット,９０ｇ＋３０ｍＬ,-,-,90,11/15まで,-,-,-,-
4573583370915 ,アルジェラン　モイストグロー　ヘアバームＲ,３２ｇ,-,-,90,11/15まで,-,-,-,-
4573583378041 ,ヒッツディファレント　プレミアムブライト５０,１８ｇ,-,-,90,11/15まで,-,-,-,-
4573583378102 ,ヒッツディファレントＰブライト５０レモンキャンディ,１８ｇ,-,-,90,11/15まで,-,-,-,-
4571242819089 ,ｍｋ　コンクレッド　ハイモイスチャー　ＳＰ,４００ｍｌ,-,-,90,11/15まで,-,-,-,-
4571242819133 ,ｍｋ　コンクレッド　ハイダメージ　ＳＰ,４００ｍｌ,-,-,90,11/15まで,-,-,-,-
4571242819140 ,ｍｋ　コンクレッド　ハイダメージ　ＴＲ,４００ｇ,-,-,90,11/15まで,-,-,-,-
4571242819096 ,ｍｋ　コンクレッド　ハイモイスチャー　ＴＲ,４００ｇ,-,-,90,11/15まで,-,-,-,-
4571242819263 ,ｍｋコンクレッド　ハイインテンシブケア　ヘアセラム,１００ｍｌ,-,-,90,11/15まで,-,-,-,-
4571242819256 ,ｍｋコンクレッド　ハイインテンシブケア　ヘアミスト,１００ｍｌ,-,-,90,11/15まで,-,-,-,-
4571242819287 ,ｍｋ　コンクレッド　ハイストレート　ＳＰ,４００ｍｌ,-,-,90,11/15まで,-,-,-,-
4571242819294 ,ｍｋ　コンクレッド　ハイストレート　ＴＲ,４００ｇ,-,-,90,11/15まで,-,-,-,-
4571242819324 ,ｍｋ　コンクレッド　ハイストレート　ヘアマスク,２００ｇ,-,-,90,11/15まで,-,-,-,-
4987286419664 ,ｍｋ　ヒルメナイド薬用ミルク,１４０ミリ,-,-,90,11/15まで,-,-,-,-
4902806128420 ,ナレッジ　スカルプケアシャンプー　本体,３８０ｍｌ,-,-,90,11/15まで,-,-,-,-
4902806128413 ,ナレッジ　ヘアリペアオイル,７５ｍｌ,-,-,90,11/15まで,-,-,-,-
4902806128444 ,ナレッジ　リペアトリートメント　本体,３８０ｇ,-,-,90,11/15まで,-,-,-,-
4902806134674 ,ナレッジ　フォーミングホイップ,２００ｇ,-,-,90,11/15まで,-,-,-,-
4902806133202 ,ナレッジ　ＵＶエッセンス　ウォータープルーフ,５０ｇ,-,-,90,11/15まで,-,-,-,-
4902806128406 ,ナレッジ　ＵＶエッセンス,５０ｇ,-,-,90,11/15まで,-,-,-,-
4571242817344 ,ｍｋ　ＷＭＡＡＡ　オールインワンジェルクリーム,９０ｇ,-,-,90,11/15まで,-,-,-,-
4571242817436 ,ｍｋ　ＷＭＡＡＡ　ビタＣ　ブライトピュアＶＣセラム,２１ｍｌ,-,-,90,11/15まで,-,-,-,-
4571242817474 ,ｍｋ　ＷＭＡＡＡオールインワンＣ＋ＣＬオイルミニ,ジェル＋ＣＬオイルミニ,-,-,90,11/15まで,-,-,-,-
4571242817368 ,ｍｋ　ＷＭＡＡＡクリアＳ　ＣＬオイル＋洗顔フォーム,ＣＬオイル＋洗顔フォーム,-,-,90,11/15まで,-,-,-,-
4973167020210 ,スイサイＢＣＰセット３,１２．８ｇ,-,-,95,11/15まで,-,-,-,-
4973167080740 ,スイサイＢＣ　パウダーウォッシュＮ　ＣＳ,０．４ｇ×３２,-,-,95,11/15まで,-,-,-,-
4973167080764 ,スイサイＢＣ　ブラックパウダーウォッシュ　ＣＳ,０．４ｇ×３２,-,-,95,11/15まで,-,-,-,-
4973167080788 ,スイサイＢＣ　ピンクパウダーウォッシュ　ＣＳ,０．４ｇ×３２,-,-,95,11/15まで,-,-,-,-
4973167080795 ,スイサイＢＣ　グリーンパウダーウォッシュ　ＣＳ,０．４ｇ×３２,-,-,95,11/15まで,-,-,-,-
4973167020227 ,ＭＫ　スイサイＢＣ　パウダーウォッシュＮ　Ｍ,１４ｇ,-,-,95,11/15まで,-,-,-,-
4973167022535 ,ＳＵ　ＢＣパウダーウォッシュＮ抹茶ティーラテの香り,１２．８ｇ,-,-,95,11/15まで,-,-,-,-
4973167029817 ,ＳＵ　ＢＣパウダーウォッシュＮさくら＆ピーチの香り,１２．８ｇ,-,-,95,11/15まで,-,-,-,-
4973167030141 ,ＳＵ　ＢＣブラックパウダーウォッシュ（レギュラー）,１２．８ｇ,-,-,95,11/15まで,-,-,-,-
4973167033586 ,スイサイＢＣパウダーウォッシュＮサンリオ限定品,１２．８ｇ,-,-,95,11/15まで,-,-,-,-
4973167033616 ,スイサイＢＣブラックパウダーウォッシュサンリオ限定,１２．８ｇ,-,-,95,11/15まで,-,-,-,-
4973167033654 ,スイサイＢＣピンクパウダーウォッシュサンリオ限定品,１２．８ｇ,-,-,95,11/15まで,-,-,-,-
4973167033678 ,スイサイＢＣグリーンパウダーウォッシュサンリオ限定,１２．８ｇ,-,-,95,11/15まで,-,-,-,-
4973167061763 ,ＳＵ　ＢＣブラックパウダーウォッシュＺ,１４ｇ,-,-,95,11/15まで,-,-,-,-
4973167074787 ,スイサイＢＣパウダーウォッシュＮ（ゆず＆紅茶の香り,１２．８ｇ,-,-,95,11/15まで,-,-,-,-
4973167511121 ,スイサイＢＣ　パウダーウォッシュＮ森永ラムネの香り,１２．８ｇ,-,-,95,11/15まで,-,-,-,-
4973167593868 ,ＳＵＢＣ　グリーン　パウダーウォッシュ,１２．８ｇ,-,-,95,11/15まで,-,-,-,-
4973167593905 ,ＳＵＢＣ　ピンク　パウダーウォッシュ,１２．８ｇ,-,-,95,11/15まで,-,-,-,-
4973167672105 ,スイサイＢＣ　パウダーウォッシュＮ　ＰＯ,１２．８ｇ,-,-,95,11/15まで,-,-,-,-
4973167672112 ,スイサイＢＣ　ブラックパウダーウォッシュ　ＰＯ,１２．８ｇ,-,-,95,11/15まで,-,-,-,-
4973167792582 ,スイサイＢＣＰセット２,１２．８ｇ,-,-,95,11/15まで,-,-,-,-
4973167792599 ,スイサイＢＣＰ江戸切子限定パッケージ,１２．８ｇ,-,-,95,11/15まで,-,-,-,-
4973167823859 ,スイサイＢＣ　パウダーウォッシュＮ,１２．８ｇ,-,-,95,11/15まで,-,-,-,-
4573583370526 ,アルジェラン　炭酸ブースターセラム＋化粧水セット,９０ｇ＋１８０ｍｌ,-,-,95,11/15まで,-,-,-,-
4573583370281 ,アルジェラン　Ｍクリア　Ｌエンリッチ＋乳液　企画品,１８０ｍＬ＋１２０ｍＬ,-,-,95,11/15まで,-,-,-,-
4573583370984 ,アルジェラン　バウンシーアップ　スカルプセラム,５０ｍｌ,-,-,95,11/15まで,-,-,-,-
4573583370762 ,アルジェラン　ピュアバランシングスカルプ減量ペア,３００ｍｌ＋３００ｇ,-,-,95,11/15まで,-,-,-,-
4573583370380 ,アルジェラン　Ｐリペア本体減量ペアセットおまけ付き,減量ボトル＋ＢＳパウチ,-,-,95,11/15まで,-,-,-,-
4573583370366 ,アルジェラン　Ｍグロー本体減量ペアセットおまけ付き,減量ボトル＋ＢＳパウチ,-,-,95,11/15まで,-,-,-,-
4573583370373 ,アルジェラン　Ｍスムース本体減量ペアセットおまけ付,減量ボトル＋ＢＳパウチ,-,-,95,11/15まで,-,-,-,-
4571242819225 ,ｍｋ　コンクレッド　ハイダメージ　減量ペア,３００ｍｌ／３００ｇ,-,-,95,11/15まで,-,-,-,-
4571242819218 ,ｍｋ　コンクレッド　ハイモイスチャー　減量ペア,３００ｍｌ／３００ｇ,-,-,95,11/15まで,-,-,-,-
4902806131093 ,ナレッジ　浸透ローション　つめかえ用,１４０ｍｌ,-,-,95,11/15まで,-,-,-,-
4902806131109 ,ナレッジ　浸透ミルク　つめかえ用,１４０ｍｌ,-,-,95,11/15まで,-,-,-,-
4902806135909 ,ナレッジ　ＵＶエッセンストーンアップ,５０ｇ,-,-,95,11/15まで,-,-,-,-
4571242817306 ,ＷＭＡＡＡ　セラム＋ローション　ペアセット,６０ｍｌ／１５０ｍｌ,-,-,95,11/15まで,-,-,-,-
4571242817566 ,ｍｋ　ＷＭＡＡＡ　ＡＺコントロールＣＭセラム,２８ｍｌ,-,-,95,11/15まで,-,-,-,-
4901301443557 ,バブ　メディキュア　発汗リフレッシュ浴　６錠,６錠,-,-,100,10/15まで,-,-,398,3/31まで
4580294851985 ,クナイプ泡ＢＷ　ピースフルモーメント,４５０ｇ,-,-,100,11/15まで,-,-,650,3/31まで
4902750696778 ,ＵＨＡ　グミサプリＫＩＤＳ　Ｃａ・鉄　２０日分ＳＰ,１００粒,-,-,100,10/15まで,-,-,-,-
4902750696846 ,ＵＨＡ　グミサプリＫＩＤＳ　ＤＨＡ　２０日分ＳＰ,１００粒,-,-,100,10/15まで,-,-,-,-
4902750766136 ,ＵＨＡ　グミサプリＫＩＤＳマルチビタミン２０日分,１００粒,-,-,100,10/15まで,-,-,-,-
4901301413383 ,バブ　モンスターバブル　かろやかＤＡＹＳ　６錠入,６錠,-,-,100,10/15まで,-,-,-,-
4901301413406 ,バブ　モンスターバブル　ＮＩＧＨＴモード　６錠入,６錠,-,-,100,10/15まで,-,-,-,-
4901301413420 ,バブ　モンスターバブル　スッキリＦＲＥＥ　６錠入,６錠,-,-,100,10/15まで,-,-,-,-
4901301429544 ,モンスターバブル　かろやか　クリエイターコラボ,６錠,-,-,100,10/15まで,-,-,-,-
4901301429551 ,モンスターバブル　ＮＩＧＨＴ　クリエイターコラボ,６錠,-,-,100,10/15まで,-,-,-,-
4901301429568 ,モンスターバブル　スッキリ　クリエイターコラボ,６錠,-,-,100,10/15まで,-,-,-,-
4901301440730 ,バブモンスターバブル　ゆるジャグ　トロピカル　６錠,６錠,-,-,100,10/15まで,-,-,-,-
4901301417152 ,バブ　モンスターバブル　ゆるんとジャグジー　６錠入,６錠,-,-,100,10/15まで,-,-,-,-
4901301450838 ,バブ　モンスターバブル　よくばりミルキー　６錠入,６錠,-,-,100,10/15まで,-,-,-,-
4901301379498 ,バブ　メディキュア　爽快リカバリー　６錠入,６錠,-,-,100,10/15まで,-,-,-,-
4901301348715 ,バブ　メディキュア　温もりナイト　６錠入,６錠,-,-,100,10/15まで,-,-,-,-
4901301348722 ,バブ　メディキュア　ほぐ軽スッキリ　６錠入,６錠,-,-,100,10/15まで,-,-,-,-
4901301462671 ,バブ　メディキュア　バーニングＰＲＯ　６錠入,６錠,-,-,100,10/15まで,-,-,-,-
4901301464231 ,バブ　メディキュア　クイック　４錠入,４錠,-,-,100,10/15まで,-,-,-,-
4901301464217 ,バブ　メディキュア　極み　４錠入,４錠,-,-,100,10/15まで,-,-,-,-
4909978255121 ,イハダ　薬用リセットオイル,３０ｍｌ,-,-,100,11/15まで,-,-,-,-
4909978261337 ,イハダ　薬用リセットオイル,３０ｍｌ,-,-,100,11/15まで,-,-,-,-
4987123143219 ,アリナミン製薬　ニコレット,２４個,-,-,100,11/15まで,-,-,-,-
4987123700030 ,アリナミン製薬　ニコレットクールミント,２４個,-,-,100,11/15まで,-,-,-,-
4987123700214 ,アリナミン製薬　ニコレットフルーティミント,２４個,-,-,100,11/15まで,-,-,-,-
4987123700665 ,アリナミン製薬　ニコレットアイスミント,２４個,-,-,100,11/15まで,-,-,-,-
4987300060513 ,エスエス製薬　エスタックビタフォース,３６錠,-,-,100,11/15まで,-,-,-,-
4987028114925 ,エーザイ　新セルベール整胃プレミアム錠,３６錠,-,-,100,11/15まで,-,-,-,-
4961507112039 ,ヤクルト　国産ケール青汁,３０包,-,-,100,11/15まで,-,-,-,-
4954007016112 ,明治薬品　金蛇精絶倫伝説Ｚ,１５０粒,-,-,100,11/15まで,-,-,-,-
4987107636980 ,第一三共　ロキソニンＳローションａ,５０ｇ,-,-,100,11/15まで,-,-,-,-
4987973126226 ,興和　キャベジンコーワαプラス,３００錠,-,-,100,11/15まで,-,-,-,-
4571607698151 ,キュラップ　ラッピングモイスト　ＳＰ,４４０ｍＬ,-,-,100,11/15まで,-,-,-,-
4571607698168 ,キュラップ　ラッピングモイスト　ＴＲ,４４０ｇ,-,-,100,11/15まで,-,-,-,-
4571607698373 ,キュラップ　ラッピングモイスト　ＳＰ詰替,３７０ｍＬ,-,-,100,11/15まで,-,-,-,-
4571607698380 ,キュラップ　ラッピングモイスト　ＴＲ詰替,３７０ｇ,-,-,100,11/15まで,-,-,-,-
4571607698175 ,キュラップ　ラッピングモイスト　ヘアオイル,８０ｍＬ,-,-,100,11/15まで,-,-,-,-
4571607698182 ,キュラップ　ラッピングセラム　ヘアマスク,１８０ｇ,-,-,100,11/15まで,-,-,-,-
4582521689743 ,キュラップ　ラッピングセラムヘアマスク,１８０ｇ,-,-,100,11/15まで,-,-,-,-
4582521687428 ,キュラップ　ラッピングモイストシャンプー,４４０ｍＬ,-,-,100,11/15まで,-,-,-,-
4582521687435 ,キュラップ　ラッピングモイストトリートメント,４４０ｍＬ,-,-,100,11/15まで,-,-,-,-
4582521687442 ,キュラップ　ラッピングモイストシャンプー詰替,３５０ｍＬ,-,-,100,11/15まで,-,-,-,-
4582521687459 ,キュラップ　ラッピングモイストトリートメント詰替,３５０ｍＬ,-,-,100,11/15まで,-,-,-,-
4582521687466 ,キュラップ　ラッピングモイストヘアオイル,８０ｍＬ,-,-,100,11/15まで,-,-,-,-
4571607692357 ,キュラップ　ラッピングヘアマスク　　プリズムエディ,１８０ｇ,-,-,100,11/15まで,-,-,-,-
4571607693460 ,キュラップ　Ｒセラムヘアマスク　パワーパフＧ,１８０ｇ,-,-,100,11/15まで,-,-,-,-
4571607697963 ,ボタニスト　ボタニカルヘアオイル　０１,１００ｍＬ,-,-,100,11/15まで,-,-,-,-
4571607697970 ,ボタニスト　ボタニカルヘアオイル　０２,１００ｍＬ,-,-,100,11/15まで,-,-,-,-
4571607697987 ,ボタニスト　ボタニカルヘアオイル　０３,１００ｍＬ,-,-,100,11/15まで,-,-,-,-
4571607697994 ,ボタニスト　ボタニカルヘアミルク　０１,１２０ｍＬ,-,-,100,11/15まで,-,-,-,-
4571607698007 ,ボタニスト　ボタニカルヘアミルク　０２,１２０ｍＬ,-,-,100,11/15まで,-,-,-,-
4571607690759 ,ボタニストヘアミルク　モイスト　ピーチレモネード,８０ｍＬ,-,-,100,11/15まで,-,-,-,-
4571607694115 ,ボタニスト　ヘアミルク　モイスト　サクラ＆バニラ,８０ｍＬ,-,-,100,11/15まで,-,-,-,-
4571607696522 ,ボタニスト　ヘアミルク　モイスト　Ｄデザイン,８０ｍＬ,-,-,100,11/15まで,-,-,-,-
4582521687909 ,ボタニストヘアミルクダメージケアピーチ,８０ｍＬ,-,-,100,11/15まで,-,-,-,-
4582521688791 ,ボタニストヘアミルクモイスト　キンモクセイ,８０ｍＬ,-,-,100,11/15まで,-,-,-,-
4582521689552 ,ボタニスト　ヘアミルク　サクラ＆チェリーの香り,８０ｍＬ,-,-,100,11/15まで,-,-,-,-
4571607690766 ,ボタニストヘアオイル　モイスト　ピーチレモネード,８０ｍＬ,-,-,100,11/15まで,-,-,-,-
4571607694122 ,ボタニスト　ヘアオイル　モイスト　サクラ＆バニラ,８０ｍＬ,-,-,100,11/15まで,-,-,-,-
4571607696492 ,ボタニスト　ヘアオイル　モイスト　Ｄデザイン,８０ｍＬ,-,-,100,11/15まで,-,-,-,-
4582521681877 ,ボタニストスプリングヘアオイルＦＯ　ダメージケア,８０ｍＬ,-,-,100,11/15まで,-,-,-,-
4582521685523 ,ボタニストヘアオイルモイストＷモリス,８０ｍＬ,-,-,100,11/15まで,-,-,-,-
4582521685530 ,ボタニストヘアオイルダメージケアＷモリス,８０ｍＬ,-,-,100,11/15まで,-,-,-,-
4582521687893 ,ボタニストヘアオイルダメージケアピーチ,８０ｍＬ,-,-,100,11/15まで,-,-,-,-
4582521688227 ,ボタニストルースエイジングケアクレンジング＆オイル,８０ｍＬ,-,-,100,11/15まで,-,-,-,-
4582521688784 ,ボタニストヘアオイルモイスト　キンモクセイ,８０ｍＬ,-,-,100,11/15まで,-,-,-,-
4582521689569 ,ボタニスト　ヘアオイル　サクラ＆チェリーの香り,８０ｍＬ,-,-,100,11/15まで,-,-,-,-
4571607691350 ,ボタニスト　ヘアオイル　モイスト　トマト＆ローズＭ,８０ｍＬ,-,-,100,11/15まで,-,-,-,-
4582521682911 ,ボタニスト　ボタニカルヘアオイル　モイスト,８０ｍｌ,-,-,100,11/15まで,-,-,-,-
4582521682928 ,ボタニスト　ボタニカルヘアオイル　スムース,８０ｍｌ,-,-,100,11/15まで,-,-,-,-
4582521682935 ,ボタニスト　ボタニカルヘアオイル　ダメージケア,８０ｍｌ,-,-,100,11/15まで,-,-,-,-
4582521682942 ,ボタニスト　ボタニカルヘアミルク　モイスト,８０ｍｌ,-,-,100,11/15まで,-,-,-,-
4582521682959 ,ボタニスト　ボタニカルヘアミルク　スムース,８０ｍｌ,-,-,100,11/15まで,-,-,-,-
4582521682966 ,ボタニスト　ボタニカルヘアミルク　ダメージケア,８０ｍｌ,-,-,100,11/15まで,-,-,-,-
4582521684328 ,ボタニスト　スプリングヘアオイル　ダメージケア,８０ｍＬ,-,-,100,11/15まで,-,-,-,-
4582521684335 ,ボタニスト　スプリングヘアミルク　ダメージケア,８０ｍＬ,-,-,100,11/15まで,-,-,-,-
4582521687763 ,ヨル　カームナイトリペア　ヘアオイル,７５ｍＬ,-,-,100,11/15まで,-,-,-,-
4582521687756 ,ヨル　カームナイトリペアジェル　ヘアマスク,１４５ｇ,-,-,100,11/15まで,-,-,-,-
4582521687770 ,ヨル　カームナイトリペアブースター　ヘアミスト,１８５ｍＬ,-,-,100,11/15まで,-,-,-,-
4582521687299 ,ヨル　リラックスナイトリペアジェル　ヘアマスク,１４５ｇ,-,-,100,11/15まで,-,-,-,-
4582521688036 ,ヨル　リラックスナイトリペア　ヘアオイル,７５ｍＬ,-,-,100,11/15まで,-,-,-,-
4582521688104 ,ヨル　ディープナイトリペア　ヘアオイル,８０ｍＬ,-,-,100,11/15まで,-,-,-,-
4582521688098 ,ヨル　ディープナイトリペア　バームヘアマスク,１４５ｇ,-,-,100,11/15まで,-,-,-,-
4571607692579 ,ヨル　カームナイトリペア　ヘアオイル詰替,６０ｍＬ,-,-,100,11/15まで,-,-,-,-
4571607692586 ,ヨル　リラックスナイトリペア　ヘアオイル詰替,６０ｍＬ,-,-,100,11/15まで,-,-,-,-
4571607692722 ,ヨル　ディープナイトリペア　ヘアオイル詰替,６５ｍＬ,-,-,100,11/15まで,-,-,-,-
4582521682225 ,ヨル　カームナイトリペアヘアオイル,８０ｍｌ,-,-,100,11/15まで,-,-,-,-
4582521683468 ,ヨル　リラックスナイトリペアヘアオイル,８０ｍｌ,-,-,100,11/15まで,-,-,-,-
4582521684199 ,ヨル　カームナイトリペアジェルヘアマスク,１４５ｇ,-,-,100,11/15まで,-,-,-,-
4582521684205 ,ヨル　リラックスナイトリペアジェルヘアマスク,１４５ｇ,-,-,100,11/15まで,-,-,-,-
4582521684953 ,ヨル　カームナイトリペアブースタ―ヘアミスト,２００ｍＬ,-,-,100,11/15まで,-,-,-,-
4582521686001 ,ヨル　ディープナイトリペアバームヘアマスク,１４５ｇ,-,-,100,11/15まで,-,-,-,-
4582521686018 ,ヨル　ディープナイトリペアヘアオイル,８０ｍＬ,-,-,100,11/15まで,-,-,-,-
4571607691459 ,ヨル　モクテル　カームナイトＲヘアオイル,８０ｍＬ,-,-,100,11/15まで,-,-,-,-
4571607691466 ,ヨル　モクテル　リラックスナイトＲヘアオイル,８０ｍＬ,-,-,100,11/15まで,-,-,-,-
4571607691473 ,ヨル　モクテル　ディープナイトＲヘアオイル,８０ｍＬ,-,-,100,11/15まで,-,-,-,-
4571607691480 ,ヨル　モクテル　カームナイトＲジェルヘアマスク,１４５ｇ,-,-,100,11/15まで,-,-,-,-
4571607691497 ,ヨル　モクテル　リラックスナイトＲジェルヘアマスク,１４５ｇ,-,-,100,11/15まで,-,-,-,-
4571607691503 ,ヨル　モクテル　ディープナイトＲバームヘアマスク,１４５ｇ,-,-,100,11/15まで,-,-,-,-
4571607691510 ,ヨル　モクテル　カームナイトＲブースターミスト,２００ｍＬ,-,-,100,11/15まで,-,-,-,-
4571607693286 ,ヨル　メロウナイトリペアヘアミルク,１２０ｍＬ,-,-,100,11/15まで,-,-,-,-
4571607698038 ,ヨル　メロウナイトリペアミルクヘアマスク,１４５ｇ,-,-,100,11/15まで,-,-,-,-
4571607690056 ,ヨル　サクラ　ディープナイトリペアヘアオイル,８０ｍＬ,-,-,100,11/15まで,-,-,-,-
4571607690063 ,ヨル　サクラ　ディープナイトリペアバームヘアマスク,１４５ｇ,-,-,100,11/15まで,-,-,-,-
4571607693774 ,ヨル　トリーツＳＰ　ディープＮＲヘアオイル,８０ｍＬ,-,-,100,11/15まで,-,-,-,-
4571607693804 ,ヨル　トリーツＳＰ　メロウＮＲヘアミルク,１２０ｍＬ,-,-,100,11/15まで,-,-,-,-
4571607695730 ,ヨル　トリーツサマー　ディープＮＲヘアオイル,８０ｍＬ,-,-,100,11/15まで,-,-,-,-
4571607695761 ,ヨル　トリーツサマー　メロウＮＲヘアミルク,１２０ｍＬ,-,-,100,11/15まで,-,-,-,-
4582521685714 ,ヨルサクラディープナイトリペアバームヘアマスク２３,１４５ｇ,-,-,100,11/15まで,-,-,-,-
4582521685745 ,ヨルサクラディープナイトリペアヘアオイル２３,８０ｍＬ,-,-,100,11/15まで,-,-,-,-
4580294851565 ,クナイプ泡ＢＷ　グーテナハト,４５０ｇ,-,-,100,11/15まで,-,-,-,-
4580294855150 ,クナイプ泡ＢＷ　マグノリア＆ベルガモット,４５０ｇ,-,-,100,11/15まで,-,-,-,-
4580294855600 ,クナイプ　泡ＢＷ　ネロリの香り　ボトル,４５０ｇ,-,-,100,11/15まで,-,-,-,-
4580294855754 ,クナイプ　泡ボディウォッシュ　コットンミルクの香り,４５０ｇ,-,-,100,11/15まで,-,-,-,-
4971710582871 ,グレイスワン　薬用リンクル　　リペアジェル,１００ｇ,-,-,100,11/15まで,-,-,-,-
4971710582888 ,グレイスワン　薬用リンクル　　リペアジェル　替,９０ｇ,-,-,100,11/15まで,-,-,-,-
4971710587340 ,グレイスワン　薬用リンクル　リフト液,２３０ｍｌ,-,-,100,11/15まで,-,-,-,-
4582300068721 ,プリュスオー　リポルムシャンプー詰替,３５０ｍＬ,-,-,100,11/15まで,-,-,-,-
4582300068738 ,プリュスオー　リポルムトリートメント詰替,３５０ｍＬ,-,-,100,11/15まで,-,-,-,-
4582300063399 ,プリュスオーカラーシャンプームラサキ,２８０ｍＬ,-,-,100,11/15まで,-,-,-,-
4582300063405 ,プリュスオーカラーシャンプーピンク,２８０ｍＬ,-,-,100,11/15まで,-,-,-,-
4582300063412 ,プリュスオーカラーシャンプーシルバー,２８０ｍＬ,-,-,100,11/15まで,-,-,-,-
4582300063429 ,プリュスオーヘアトリートメントｆｏｒ　ｃｏｌｏｒ,２８０ｍＬ,-,-,100,11/15まで,-,-,-,-
4582300064549 ,プリュスオー　カラーシャンプー　ミルクティー,２８０ｍＬ,-,-,100,11/15まで,-,-,-,-
4582300067120 ,プリュスオーカラーシャンプーブルー,２８０ｍＬ,-,-,100,11/15まで,-,-,-,-
4582300064860 ,プリュスオーメロウオイル,９０ｍＬ,-,-,100,11/15まで,-,-,-,-
4582300065492 ,プリュスオー　メルティオイル,９０ｍＬ,-,-,100,11/15まで,-,-,-,-
4582300065676 ,プリュスオー　リポアオイル,９０ｍＬ,-,-,100,11/15まで,-,-,-,-
4582300066505 ,プリュスオー　ハイドロミルク,１５０ｍＬ,-,-,100,11/15まで,-,-,-,-
4582300068134 ,プリュスオーハイドロミルク詰替え,１２０ｍＬ,-,-,100,11/15まで,-,-,-,-
4582300067199 ,プリュスオー　リポアエマルジョン,１２０ｇ,-,-,100,11/15まで,-,-,-,-
4582300068059 ,プリュスオーリポアリュクスマスク,１８０ｇ,-,-,100,11/15まで,-,-,-,-
4582300062378 ,プリュスオーメロウリュクスマスクジャータイプ,２００ｇ,-,-,100,11/15まで,-,-,-,-
4582300065867 ,ＭＫ　プリュスオーポイントリペア　エクストラハード,１０ｍＬ,-,-,100,11/15まで,-,-,-,-
4987035649519 ,ウルオス薬用スカルプシャンプー替ＭＡＲＶＥＬ企画品,セット,-,-,100,11/15まで,-,-,-,-
4987107673930 ,クリーンデンタル　トータルケア,１００ｇ,-,-,100,11/15まで,-,-,-,-
4987107673985 ,クリーンデンタル　口臭ケア,１００ｇ,-,-,100,11/15まで,-,-,-,-
4987107674029 ,クリーンデンタル　知覚過敏ケア,１００ｇ,-,-,100,11/15まで,-,-,-,-
4987107674067 ,クリーンデンタル　美白ケア,１００ｇ,-,-,100,11/15まで,-,-,-,-
4987107674098 ,クリーンデンタル　無研磨ａ,９０ｇ,-,-,100,11/15まで,-,-,-,-
4987107676436 ,クリーンデンタルプレミアム,１００ｇ,-,-,100,11/15まで,-,-,-,-
4987107676443 ,クリーンデンタルプレミアム　クールタイプ,１００ｇ,-,-,100,11/15まで,-,-,-,-
4987107676450 ,クリーンデンタル　トータルケア４０周年企画品,１１０ｇ,-,-,100,11/15まで,-,-,-,-
4987107676467 ,クリーンデンタル　口臭ケア４０周年企画品,１１０ｇ,-,-,100,11/15まで,-,-,-,-
4987107676474 ,クリーンデンタル　知覚過敏ケア４０周年企画品,１１０ｇ,-,-,100,11/15まで,-,-,-,-
4987107676481 ,クリーンデンタル　美白ケア４０周年企画品,１１０ｇ,-,-,100,11/15まで,-,-,-,-
4987107676498 ,クリーンデンタル　プレミアム４０周年企画品,１１０ｇ,-,-,100,11/15まで,-,-,-,-
4987107676504 ,クリーンデンタル　プレミアムクールタイプ４０周年,１１０ｇ,-,-,100,11/15まで,-,-,-,-
4987107632104 ,クリーンデンタルプレミアム,１００ｇ,-,-,100,11/15まで,-,-,-,-
4987107632111 ,クリーンデンタルプレミアム　クールタイプ,１００ｇ,-,-,100,11/15まで,-,-,-,-
4987107673954 ,クリーンデンタル　トータルケア　１０％増量,１１０ｇ,-,-,100,11/15まで,-,-,-,-
4987107673992 ,クリーンデンタル　口臭ケア　１０％増量,１１０ｇ,-,-,100,11/15まで,-,-,-,-
4987107674036 ,クリーンデンタル　知覚過敏ケア　１０％増量,１１０ｇ,-,-,100,11/15まで,-,-,-,-
4987107674074 ,クリーンデンタル　美白ケア　１０％増量,１１０ｇ,-,-,100,11/15まで,-,-,-,-
4987107675798 ,クリーンデンタルプレミアム　１０％増量,１１０ｇ,-,-,100,11/15まで,-,-,-,-
4987107675804 ,クリーンデンタルプレミアム　クールタイプ１０％増量,１１０ｇ,-,-,100,11/15まで,-,-,-,-
4987107628510 ,シティースホワイト　ステインオフケア,１１０ｇ,-,-,100,11/15まで,-,-,-,-
4987107628589 ,シティースホワイト　歯ぐきケア,１１０ｇ,-,-,100,11/15まで,-,-,-,-
4987107628657 ,シティースホワイト　口臭ケア,１１０ｇ,-,-,100,11/15まで,-,-,-,-
4987107628725 ,シティースホワイト　しみないケア,１１０ｇ,-,-,100,11/15まで,-,-,-,-
4987107620781 ,シティースホワイトプレミアムダブルミント,７０ｇ,-,-,100,11/15まで,-,-,-,-
4901301245199 ,セグレタ　トリートメント,１８０Ｇ,-,-,100,11/15まで,-,-,-,-
4901301455109 ,ＭＥＭＥＭＥ　モイストブーストＳＰ替え,３２０ｍＬ,-,-,100,11/15まで,-,-,-,-
4901301455123 ,ＭＥＭＥＭＥ　モイストブーストＴＲ替え,３２０ｍＬ,-,-,100,11/15まで,-,-,-,-
4901301462084 ,ＭＥＭＥＭＥ　スムースブーストシャンプー　つめかえ,３２０ｍＬ,-,-,100,11/15まで,-,-,-,-
4901301462107 ,ＭＥＭＥＭＥスムースブーストトリートメントつめかえ,３２０ｍＬ,-,-,100,11/15まで,-,-,-,-
4901301457004 ,ピュオーラ　泡ハミガキ　フレッシュミント,１１０ｍＬ,-,-,100,11/15まで,-,-,-,-
4901301457011 ,ピュオーラ　泡ハミガキ　フレッシュミント　詰替,１００ｍＬ,-,-,100,11/15まで,-,-,-,-
4901301387752 ,ニベアクレンジングオイル　ディープクリア本体,１９５ｍｌ,-,-,100,11/15まで,-,-,-,-
4901301388902 ,ニベアクレンジングオイル　ビューティースキン本体,１９５ｍｌ,-,-,100,11/15まで,-,-,-,-
4901301420121 ,ニベアメン　アクティブエイジ　マルチケアクリーム,８５ｇ,-,-,100,11/15まで,-,-,-,-
4901301379283 ,ニベアメン　スキンコンディショナーバームＵＶ,１１０ｍＬ,-,-,100,11/15まで,-,-,-,-
4901301379597 ,ニベアメン　スキンコンディショナーバームエクストラ,１１０ｍＬ,-,-,100,11/15まで,-,-,-,-
4901301379337 ,ニベアメン　アクティブエイジローション,１１０ｍｌ,-,-,100,11/15まで,-,-,-,-
4901301379306 ,ニベアメン　アクティブエイジバーム,１１０ｍｌ,-,-,100,11/15まで,-,-,-,-
4901301306272 ,ニベアメン　アクティブエイジクリーム,５０ｇ,-,-,100,11/15まで,-,-,-,-
4901301410818 ,ニベアメン　アクティブエイジ　集中ケアクリーム,２０ｇ,-,-,100,11/15まで,-,-,-,-
4901301452245 ,ニベアメンアクティブエイジ　ワンステップケア　詰替,１３０ｍＬ,-,-,100,11/15まで,-,-,-,-
4901301448484 ,ニベアメンアクティブエイジ　ワンステップケア　本体,１５０ｍＬ,-,-,100,11/15まで,-,-,-,-
4901301464897 ,ニベアメン　アクティブエイジ　アドバンスクリーム,８５ｇ,-,-,100,11/15まで,-,-,-,-
4570159426656 ,ＬＬ　アイブロウペンシル　ナチュラルＢＲ,０．２３ｇ,-,-,100,11/15まで,-,-,-,-
4570159426663 ,ＬＬ　アイブロウペンシル　キャメルＢＲ,０．２３ｇ,-,-,100,11/15まで,-,-,-,-
4570159426670 ,ＬＬ　アイブロウペンシル　極細ナチュラルＢＲ,０．０２ｇ,-,-,100,11/15まで,-,-,-,-
4570159426687 ,ＬＬ　アイブロウペンシル　極細キャメルＢＲ,０．０２ｇ,-,-,100,11/15まで,-,-,-,-
4570159426717 ,ＬＬ　シグネチャーフィットＷ　アッシュグレー,０．４ｍＬ　／　０．５ｇ,-,-,100,11/15まで,-,-,-,-
4570159426724 ,ＬＬ　シグネチャーフィットＷ　アッシュココア,０．４ｍＬ　／　０．５ｇ,-,-,100,11/15まで,-,-,-,-
4570159426694 ,ＬＬ　アイブロウマスカラ　ナチュラルＢＲ,６．５ｇ,-,-,100,11/15まで,-,-,-,-
4570159426700 ,ＬＬ　アイブロウマスカラ　キャメルＢＲ,６．５ｇ,-,-,100,11/15まで,-,-,-,-
4570159427806 ,ＬＬ　マスカラ　するするロング　ディープＢＫ,６．０ｇ,-,-,100,11/15まで,-,-,-,-
4570159427813 ,ＬＬ　マスカラ　するするロング　ブラウンＢＫ,６．０ｇ,-,-,100,11/15まで,-,-,-,-
4570159426410 ,タイムシークレット　薬用うるさらパウダー　ヌード,７ｇ,-,-,100,11/15まで,-,-,-,-
4570159426427 ,タイムシークレット薬用うるさらパウダー　ヌード詰替,７ｇ,-,-,100,11/15まで,-,-,-,-
4582107955811 ,オキシクリーン１１００ｇ　つめかえ増量,１１００ｇ,-,-,100,11/15まで,-,-,-,-
4902720109109 ,森永はぐくみ　エコらくパックつめかえ用,４００Ｇ×２袋,-,-,100,11/15まで,-,-,-,-
4902720134552 ,森永はぐくみエコらくパックはじめてセット,４００ｇ×２,-,-,100,11/15まで,-,-,-,-
4902720144926 ,森永チルミル　エコらくパックつめかえ用,４００ｇ×２,-,-,100,11/15まで,-,-,-,-
4902720144902 ,森永チルミル　エコらくパックはじめてセット,４００ｇ×２,-,-,100,11/15まで,-,-,-,-
4987107627117 ,ｍｋ　葛根湯顆粒ＶＣ（満量処方）,２０包,-,-,100,11/15まで,-,-,-,-
4987045068485 ,ｍｋ　葛根湯エキス顆粒,４５包,-,-,100,11/15まで,-,-,-,-
4987904100349 ,ＭＫ　パイロンＰＬ顆粒,３０包,-,-,100,11/15まで,-,-,-,-
4987904100554 ,ＭＫ　パイロンＰＬ錠,６０錠,-,-,100,11/15まで,-,-,-,-
4987904100547 ,ＭＫ　パイロンＰＬ錠,３６錠,-,-,100,11/15まで,-,-,-,-
4987904100196 ,ＭＫ　パイロンＰＬ顆粒,１８包,-,-,100,11/15まで,-,-,-,-
4582751874391 ,ｍｋＬＡＢ　ＢＥＡＵＳＴＥＲスリーピングプラセンタ,８０粒,-,-,100,11/15まで,-,-,-,-
4582751874421 ,ｍｋＬＡＢ　ＢＥＡＵＳＴＥＲスリーピングコラーゲン,１０本,-,-,100,11/15まで,-,-,-,-
4987316014821 ,ＭＫ　ストナプラスジェルＥＸ,３６カプセル,-,-,100,11/15まで,-,-,-,-
4987316014746 ,ＭＫ　ストナジェルサイナスＥＸ,４２カプセル,-,-,100,11/15まで,-,-,-,-
4962307170021 ,ｍｋ　ノスポール　鎮咳カプセル,１８カプセル,-,-,100,11/15まで,-,-,-,-
4962307172124 ,ｍｋ　ノスポール鎮咳顆粒,１２包,-,-,100,11/15まで,-,-,-,-
4987336772138 ,ｍｋ　グレイスせき止め錠,３６錠,-,-,100,11/15まで,-,-,-,-
4987107632289 ,ｍｋ　エバレッシュＢ２６プレミアム,１２０錠,-,-,100,11/15まで,-,-,-,-
4987973132371 ,ｍｋ　ファイティーＥＸ総合かぜ薬１７０錠,１７０錠,-,-,100,11/15まで,-,-,-,-
4571242819379 ,ｍｋコンクレッド　ダメージメンテナンス　ヘアマスク,２００ｇ,-,-,100,11/15まで,-,-,-,-
4571242819393 ,ｍｋ　コンクレッド　ハイスキンＣハンドセラム,５０ｇ,-,-,100,11/15まで,-,-,-,-
4571242819409 ,ｍｋ　コンクレッド　ハイスキンＣハンドパック,５０ｇ,-,-,100,11/15まで,-,-,-,-
4582304861410 ,ｍｋ　ヒルメナイド薬用ボディミルクローション,３００ｍｌ,-,-,100,11/15まで,-,-,-,-
4902111784410 ,ダヴ　ビューティセラムモイスチャー　詰替,４００ｇ,-,-,100,11/15まで,-,-,-,-
4902111784427 ,ダヴ　ビューティセラムエンリッチソフト　詰替,４００ｇ,-,-,100,11/15まで,-,-,-,-
4987767660578 ,コラージュフルフルホイップソープ,１６０ｍｌ,-,-,100,10/15まで,-,-,-,-
4987084316967 ,参天製薬　サンテ４０ゴールドネオ,１２ｍｌ,-,-,100,11/15まで,-,-,-,-
4987084316974 ,参天製薬　サンテ４０ゴールドネオクール,１２ｍｌ,-,-,100,11/15まで,-,-,-,-
4582521688975 ,Ⅰーｎｅ　ＳＬＩＭ　ＣＬＥＡＮＳＥ　ＴＥＡ,４５ｇ,-,-,100,11/15まで,-,-,-,-
4582521688951 ,Ⅰーｎｅ　ＳＬＥＥＰ　ＮＩＧＨＴ　ＴＥＡ,４５ｇ,-,-,100,11/15まで,-,-,-,-
4950055604202 ,オフテクス　ｃｌｅａｄｅｗ　Ｈワンステップ４Ｗ,２８回分,-,-,100,11/15まで,-,-,-,-
4903301373216 ,ライオン　バファリンプレミアム　４０錠（Ｎ）,４０錠,-,-,100,11/15まで,-,-,-,-
4903301301554 ,ライオン　メソッドプレミアムＡＳクリーム　６ｇ,６ｇ,-,-,100,11/15まで,-,-,-,-
4903301301547 ,ライオン　メソッドプレミアムＡＳ軟膏　６ｇ,６ｇ,-,-,100,11/15まで,-,-,-,-
4903301301417 ,ライオン　メソッド　ＷＯクリーム　１２ｇ,１２ｇ,-,-,100,11/15まで,-,-,-,-
4903301319382 ,ライオン　メソッド　ＵＦクリーム,１２ｇ,-,-,100,11/15まで,-,-,-,-
4987241171996 ,ロート製薬　Ｖロートプレミアム　アイ内服錠,２１錠,-,-,100,11/15まで,-,-,-,-
4547410469714 ,富士フィルム　アスタリフトサプリホワイトシールド,２４粒,-,-,100,11/15まで,-,-,-,-
4987072094198 ,小林製薬　漢方ナイトミン抑肝散錠,４０錠,-,-,100,11/15まで,-,-,-,-
4987973113721 ,興和　キューピーコーワヒーリング錠,１２０錠,-,-,100,11/15まで,-,-,-,-
4562193141855 ,野口医学　コンドロイチン＆グルコサミン,３００粒,-,-,100,11/15まで,-,-,-,-
4562193142319 ,野口医学　おとなの肝油ドロップ　吸収型ＣａプラスＮ,１００粒,-,-,100,11/15まで,-,-,-,-
4562193142760 ,野口医学　おとなの肝油ドロップマルチビタミンプラス,１００粒,-,-,100,11/15まで,-,-,-,-
4580635111556 ,モロッカンビューティーＤＭ　ヘアミルク,１５０ｍＬ,-,-,100,11/15まで,-,-,-,-
4580635110931 ,モロッカンビューティー　ディープモイストヘアオイル,１００ｍＬ,-,-,100,11/15まで,-,-,-,-
4987035520115 ,ウルオス　薬用スカルプシャンプー　詰め替え,４２０ｍｌ,-,-,100,11/15まで,-,-,-,-
4901301453907 ,ピュオーラ　泡で出てくる洗口液　クリアミント,１８０ｍＬ,-,-,100,11/15まで,-,-,-,-
4901301459787 ,ピュオーラ　マウスピース用泡ウォッシュ　本体,１５０ｍＬ,-,-,100,11/15まで,-,-,-,-
4901301459794 ,ピュオーラ　マウスピース用泡ウォッシュ　つめかえ用,１３０ｍＬ,-,-,100,11/15まで,-,-,-,-
4571169854552 ,オキシクリーン＿つめかえ用＿Ｊ,１０００ｇ,-,-,100,11/15まで,-,-,-,-
4582107955699 ,オキシクリーン　ＥＸ１０００ｇつめかえ用,１０００ｇ,-,-,100,11/15まで,-,-,-,-
4582107955736 ,オキシクリーン　パワーリキッド詰替え大,９４０ｍｌ,-,-,100,11/15まで,-,-,-,-
4582107955644 ,オキシクリーン　マックスフォース　スプレー,３５４ｍｌ,-,-,100,11/15まで,-,-,-,-
4582107955767 ,オキシクリーン　マックスフォースジェルスティック,１８３ｍＬ,-,-,100,11/15まで,-,-,-,-
4903339788013 ,ウルトラハードクリーナー　トイレ用,５００ｍｌ,-,-,100,11/15まで,-,-,-,-
4903339116014 ,ウルトラハードクリーナーパイプ用,５００Ｇ,-,-,100,11/15まで,-,-,-,-
4903339417012 ,ウルトラハードクリーナー洗濯槽用,６８０ｇ,-,-,100,11/15まで,-,-,-,-
4946842651115 ,ＳＰＩＣＡ　食べたいわたしのお守りチュアブル,３０粒,-,-,100,11/15まで,-,-,-,-
4987123700733 ,ＭＫ　ハイシープラス（Ｎ）,１２０錠,-,-,100,11/15まで,-,-,-,-
4987103050421 ,ＭＫ　ヘパリーゼＧＸ,９０Ｔ,-,-,100,11/15まで,-,-,-,-
4987103050063 ,ＭＫ　ヘパリーゼＧＸドリンク,５０ｍｌ×３,-,-,100,11/15まで,-,-,-,-
4582751872380 ,ｍｋＬＡＢ　お腹の脂肪マイナスＰＲＥＭＩＵＭ,９０粒,-,-,100,11/15まで,-,-,-,-
4580101208872 ,ｍｋＬＡＢ　ナットウキナーゼ＋ＥＰＡ・ＤＨＡ,１５０粒,-,-,100,11/15まで,-,-,-,-
4580101200401 ,ｍｋＬＡＢ　天然ビタミンＥ,６０粒,-,-,100,11/15まで,-,-,-,-
4580101209107 ,ｍｋＬＡＢ　３３種の国産野菜,６０粒,-,-,100,11/15まで,-,-,-,-
4580101208896 ,ｍｋＬＡＢ　はとむぎ,６０粒,-,-,100,11/15まで,-,-,-,-
4987241163601 ,ＭＫ　ロートリセリッチプレミアムコンタクト,１３ｍｌ,-,-,100,11/15まで,-,-,-,-
4987241161874 ,ＭＫ　ロートリセリッチプレミアム,１３ｍｌ,-,-,100,11/15まで,-,-,-,-
4987316012285 ,ｍｋ　ジーフォーＬ注入軟膏,１０個,-,-,100,11/15まで,-,-,-,-
4962307600030 ,ｍｋ　ノスポールＡＬソフトカプセル,２４カプセル,-,-,100,11/15まで,-,-,-,-
4987037730819 ,ｍｋ　睡眠改善薬Ｓ,６Ｐ,-,-,100,11/15まで,-,-,-,-
4987107624123 ,ｍｋ　グ・スリーＰ,６錠,-,-,100,11/15まで,-,-,-,-
4979654027830 ,ＭＫ　大容量大麦若葉粉末１００％スティック,８８包,-,-,100,11/15まで,-,-,-,-
4944525341155 ,ｍｋ　ラクールテープＦＢ５．０ＥＸ,４０枚,-,-,100,11/15まで,-,-,-,-
4987107624055 ,ｍｋ　エバレッシュホワイトＥＸⅡ,２７０錠,-,-,100,11/15まで,-,-,-,-
4987107674357 ,ｍｋ　エバレッシュホワイトプレミアム,１８０錠,-,-,100,11/15まで,-,-,-,-
4987107631183 ,ＭＫ　ルルアタックＩＢエース（Ｎ）,１８錠,-,-,100,11/15まで,-,-,-,-
4954391101449 ,ｍｋ　新ラクトンプラスＳ錠プレミアム,８００錠,-,-,100,11/15まで,-,-,-,-
4954391105799 ,ｍｋ　新ラクトンプラスＳ錠,８００錠,-,-,100,11/15まで,-,-,-,-
4955814723750 ,ｍｋ　ポリュバリア　ボディミルク　トーンＢ,４００ｍｌ,-,-,100,11/15まで,-,-,-,-
4571242815715 ,アルジェラン　モイストクリア　クリーム,５０ｇ,-,-,100,11/15まで,-,-,-,-
4573583370663 ,アルジェラン　スキンケア　クリーム,５０ｇ,-,-,100,11/15まで,-,-,-,-
4573583370250 ,アルジェラン　プレミアムリペア　お試しペアセット,３００ｍｌ×２,-,-,100,11/15まで,-,-,-,-
4589859280086 ,キリン　ｉＭＵＳＥプラズマ乳酸菌サプリメント７日分,２８粒,-,-,100,11/15まで,-,-,-,-
4589859280185 ,キリン　ｉＭＵＳＥ免疫ケア＋マルチビタミン７日分,７粒,-,-,100,11/15まで,-,-,-,-
4589859285043 ,キリン　オルニチン７日分,２８粒,-,-,100,11/15まで,-,-,-,-
4589919569694 ,エイトザタラソシルキー＆リファインシャンプー替,４００ｍｌ,-,-,100,11/15まで,-,-,-,-
4589919569700 ,エイトザタラソシルキー＆リファイントリートメント替,４００ｍｌ,-,-,100,11/15まで,-,-,-,-
4589679341226 ,ボンパルム）ボン　リペアシャンプー替え,３００ｍｌ,-,-,110,11/15まで,-,-,-,-
4589679341233 ,ボンパルム）ボン　リペアトリートメント替え,３００ｍｌ,-,-,110,11/15まで,-,-,-,-
4571242815708 ,アルジェラン　モイストクリア　スキンオイル,３０ｍｌ,-,-,110,11/15まで,-,-,-,-
4902806128369 ,ナレッジ　スカルプエッセンス,９０ｍｌ,-,-,110,11/15まで,-,-,-,-
4902806131116 ,ナレッジ　薬用浸透メラノクリーム,２０ｇ,-,-,110,11/15まで,-,-,-,-
4571242817542 ,ｍｋ　ＷＭＡＡＡ　ＰＳ　ＰＬセラム,２８ｍｌ,-,-,110,11/15まで,-,-,-,-
4571242817658 ,ｍｋ　ＷＭＡＡＡ　ＭＩオールインワン本体＋詰替,９０ｇ＋８１ｇ,-,-,110,11/15まで,-,-,-,-
4571242817627 ,ｍｋ　ＷＭＡＡＡ　ＭＩ　ＥＸ　ジェルＣエンリッチ,９０ｇ,-,-,115,11/15まで,-,-,-,-
4973167080771 ,スイサイＢＣ　ゴールドパウダーウォッシュ　ＣＳ,０．４ｇ×３２,-,-,115,11/15まで,-,-,-,-
4973167033647 ,スイサイＢＣゴールドパウダーウォッシュサンリオ限定,１２．８ｇ,-,-,115,11/15まで,-,-,-,-
4973167079836 ,スイサイＢＣ　ゴールドパウダーウォッシュ,１２．８ｇ,-,-,115,11/15まで,-,-,-,-
4973167672129 ,スイサイＢＣ　ゴールドパウダーウォッシュ　ＰＯ,１２．８ｇ,-,-,115,11/15まで,-,-,-,-
4973167712924 ,スイサイＢＣ　ゴールドパウダーウォッシュＴＢ,１２．８ｇ,-,-,115,11/15まで,-,-,-,-
4902806128338 ,ナレッジ　浸透ローション,１６０ｍｌ,-,-,115,11/15まで,-,-,-,-
4902806128352 ,ナレッジ　浸透ミルク,１６０ｍｌ,-,-,115,11/15まで,-,-,-,-
4902806128383 ,ナレッジ　クレンジングバーム,９０ｇ,-,-,115,11/15まで,-,-,-,-
4987107636973 ,第一三共　ロキソニンＳテープ,２１枚,-,-,120,11/15まで,-,-,-,-
4902111784212 ,ラックスクリスタルモイスチャー＆リペアＭミスト,９０ｍｌ,-,-,120,11/15まで,-,-,-,-
4582751874414 ,ｍｋＬＡＢ　ＢＥＡＵＳＴＥＲスリーピングレチノール,８０粒,-,-,120,11/15まで,-,-,-,-
4987067227105 ,ｍｋ　ファイティーＥＸ　３０ｍｌ×６本,３０ｍｌ×６本,-,-,120,11/15まで,-,-,-,-
4589859280291 ,キリン　ムテキッズタブレット＋バリアビタミンＣ,６０粒,-,-,120,11/15まで,-,-,-,-
4902111782706 ,ダヴパールシャイン　透明肌クレンジングオイル,１７０ｍｌ,-,-,120,11/15まで,-,-,-,-
4902111782713 ,ダヴパールシャイン　毛穴クレンジングオイル,１７０ｍｌ,-,-,120,11/15まで,-,-,-,-
4946842651122 ,ＳＰＩＣＡ　満たされシェイク大人の味わいカカオラテ,２６４ｇ,-,-,120,11/15まで,-,-,-,-
4946842651160 ,ＳＰＩＣＡ　満たされシェイク香ばしアーモンドラテ,２６４ｇ,-,-,120,11/15まで,-,-,-,-
4573583370670 ,アルジェラン　スキンケア　バイタルスポットセラム,１５ｇ,-,-,120,11/15まで,-,-,-,-
4573583371233 ,アルジェラン　ローションエンリッチ＋スポットセラム,１６０ｍｌ＋１５ｇ,-,-,120,11/15まで,-,-,-,-
4573583371240 ,アルジェラン　クレンジングオイル＋スポットセラム,１６０ｍｌ＋１５ｇ,-,-,120,11/15まで,-,-,-,-
4901433877800 ,ネイク　アイラッシュケアセラム,７ｇ,-,-,120,11/15まで,-,-,-,-
4571607697772 ,ピクセラ　クリアトーニングシートマスク,４枚,-,-,120,11/15まで,-,-,-,-
4595124057468 ,ｍｋ　イイサム　プランプリップテンション,３．４ｇ,-,-,120,11/15まで,-,-,-,-
4589859280116 ,キリン　ｉＭＵＳＥ免疫ケア良眠プラス７日分,４２粒,-,-,120,11/15まで,-,-,-,-
4973167031964 ,スイサイＢＣ　ピーリングパウダーウォッシュ　Ｓ,３２ｇ,-,-,125,11/15まで,-,-,-,-
4973167033692 ,スイサイＢＣピーリングパウダーウォッシュサンリオ限,３２ｇ,-,-,125,11/15まで,-,-,-,-
4973167535622 ,ＳＵＢＣピーリングパウダーウォッシュ,３２ｇ,-,-,125,11/15まで,-,-,-,-
4571242810451 ,ルンタ　ディープＭ　アミノジェル　シャンプー,３００ｍｌ,-,-,125,11/15まで,-,-,-,-
4571242810468 ,ルンタ　ディープＭ　コンセントレイト　ヘアＴＲ,２７０ｍｌ,-,-,125,11/15まで,-,-,-,-
4571242810482 ,ルンタ　エンリッチバウンサー　アミノジェル　ＳＰ,３００ｍｌ,-,-,125,11/15まで,-,-,-,-
4571242810499 ,ルンタ　エンリッチバウンサーコンセントレイト　ＴＲ,２７０ｍｌ,-,-,125,11/15まで,-,-,-,-
4571242817665 ,ｍｋ　ＷＭＡＡＡ　ＶＣ化粧水＋乳液＋ＭＩマスク,１５０ｍｌ９０ｇ７,-,-,125,11/15まで,-,-,-,-
4987107673947 ,クリーンデンタル　トータルケア,１５０ｇ,-,-,130,11/15まで,-,-,-,-
4987107676399 ,クリーンデンタルプレミアム,１５０ｇ,-,-,130,11/15まで,-,-,-,-
4987107676405 ,クリーンデンタルプレミアム　クールタイプ,１５０ｇ,-,-,130,11/15まで,-,-,-,-
4901301439079 ,セグレタ　シアーコート　ヘアミスト,１７０ｍＬ,-,-,130,11/15まで,-,-,-,-
4901301457202 ,エッセンシャルプレミアムバリアＳＰグロウポンプ,４５０ｍＬ,-,-,130,11/15まで,-,-,-,-
4901301457257 ,エッセンシャルプレミアムバリアＳＰシルキーポンプ,４５０ｍＬ,-,-,130,11/15まで,-,-,-,-
4901301458810 ,エッセンシャルプレミアムバリＳＰグロ詰替６００,６００ｍＬ,-,-,130,11/15まで,-,-,-,-
4901301458872 ,エッセンシャルプレミアムバリＳＰシル詰替６００,６００ｍＬ,-,-,130,11/15まで,-,-,-,-
4901301457226 ,エッセンシャルプレミアムバリアＣＤグロウポンプ,４５０ｍＬ,-,-,130,11/15まで,-,-,-,-
4901301457271 ,エッセンシャルプレミアムバリアＣＤシルキーポンプ,４５０ｍｌ,-,-,130,11/15まで,-,-,-,-
4901301458827 ,エッセンシャルプレミアムバリＣＤグロつめかえ６００,６００ｍＬ,-,-,130,11/15まで,-,-,-,-
4901301458889 ,エッセンシャルプレミアムバリＣＤシル詰替６００,６００ｍｌ,-,-,130,11/15まで,-,-,-,-
4901301409676 ,エッセンシャル　プレミアム　ウォーター　スムース,２００ｍｌ,-,-,130,11/15まで,-,-,-,-
4901301428981 ,エッセンシャル　プレミアム　ウォーター　モイスト,２００ｍＬ,-,-,130,11/15まで,-,-,-,-
4901301454867 ,エッセンシャル　プレミアム　うるりジェリーミルク,１４０ｍＬ,-,-,130,11/15まで,-,-,-,-
4901301454881 ,エッセンシャル　プレミアム　うるりキラリオイル,８０ｍＬ,-,-,130,11/15まで,-,-,-,-
4901301465634 ,エッセンシャルＰふわりキラリスプレー６Ａ,１１０ｇ,-,-,130,11/15まで,-,-,-,-
4901301418951 ,ＥＳザビューティうるツヤチャージヘアパック９ｇ×６,９ｇ×６,-,-,130,11/15まで,-,-,-,-
4901301436771 ,エッセンシャル　プレミアム　バリアトリートメント,２００ｇ,-,-,130,11/15まで,-,-,-,-
4901301436788 ,ＥＳプレミアムうるおいバリアＳＰスムース本体,４５０ｍＬ,-,-,130,11/15まで,-,-,-,-
4901301436795 ,ＥＳプレミアムうるおいバリアＳＰモイスト本体,４５０ｍＬ,-,-,130,11/15まで,-,-,-,-
4901301436825 ,ＥＳプレミアムうるおいバリアＣＤスムース本体,４５０ｍＬ,-,-,130,11/15まで,-,-,-,-
4901301436856 ,ＥＳプレミアムうるおいバリアＣＤモイスト本体,４５０ｍＬ,-,-,130,11/15まで,-,-,-,-
4901301461261 ,エッセンプレミアム　ジェリーミルク　シルバニア,１４０ｍＬ,-,-,130,11/15まで,-,-,-,-
4901301461230 ,エッセンプレミアム　キラリオイル　シルバニア,８０ｍＬ,-,-,130,11/15まで,-,-,-,-
4901301464088 ,ＥＰウルリキラリオイルディズニー,８０ｍＬ,-,-,130,11/15まで,-,-,-,-
4901301464064 ,ＥＰウルリジェリーミルクディズニー,１４０ｍＬ,-,-,130,11/15まで,-,-,-,-
4901301469250 ,ＥＰ　Ｗトリートメント　ＥＸスムース　サンリオ,２００ｍＬ,-,-,130,11/15まで,-,-,-,-
4901301464071 ,エッセンシャルＰウォーターＳディズニー,２００ｍＬ,-,-,130,11/15まで,-,-,-,-
4901301461193 ,エッセンシャル　プレミアム　ウォーター　シルバニア,２００ｍＬ,-,-,130,11/15まで,-,-,-,-
4901301451927 ,ＥＳプレミアム　ウォーターＴＲ　スムース　アリエル,２００ｍＬ,-,-,130,11/15まで,-,-,-,-
4901301450968 ,ＥＳプレミアム　ウォーターＴＲ　ＮＪ村上デザイン,２００ｍＬ,-,-,130,11/15まで,-,-,-,-
4901301450104 ,ＥＳプレミアムＷトリートメント　チェリーティー,２００ｍＬ,-,-,130,11/15まで,-,-,-,-
4901301447975 ,ＥＳプレミアムＷトリートメント　ホワイトティー,２００ｍＬ,-,-,130,11/15まで,-,-,-,-
4901301445681 ,エッセンシャル　ザビューティ　ウォーターＴＲ金木製,２００ｍＬ,-,-,130,11/15まで,-,-,-,-
4901301445698 ,ＥＳザビューティ　ＷＴＲ　マーメイド　２００ｍＬ,２００ｍＬ,-,-,130,11/15まで,-,-,-,-
4901301443700 ,ＥＳザビューティウォーターＴＲ　モネデザイン,２００ｍＬ,-,-,130,11/15まで,-,-,-,-
4901301431103 ,ＥＳザビューティ　ＷＴＲ　スムース　ホワイトティー,２００ｍＬ,-,-,130,11/15まで,-,-,-,-
4901301426963 ,エッセンシャルザビューティウォーターＴＲマーメイド,２００ｍＬ,-,-,130,11/15まで,-,-,-,-
4901301415509 ,ＥＳザビューティウォーターＴＲホワイトティー,２００ｍｌ,-,-,130,11/15まで,-,-,-,-
4901301409652 ,エッセンシャルザビューティ　バリアトリートメント,２００ｇ,-,-,130,11/15まで,-,-,-,-
4571242814213 ,インジェスク　ピールケアセラム２６ＡＷ企画品,５０ｇ,-,-,130,11/15まで,-,-,-,-
4901301437341 ,ＩＲＯＫＡ　ネイキッドリリー　スパウト　６５０ｍｌ,６５０ｍｌ,-,-,130,11/15まで,-,-,-,-
4901301464415 ,ＩＲＯＫＡ　ミモザサボンの香り　スパウト,６５０ｍｌ,-,-,130,11/15まで,-,-,-,-
4901301450739 ,ＩＲＯＫＡ　ミモザの香り　スパウト　６５０ｍｌ,６５０ｍｌ,-,-,130,11/15まで,-,-,-,-
4901301454645 ,ＩＲＯＫＡ　スターリームスク＆ウッド　スパウト,６５０ｍｌ,-,-,130,11/15まで,-,-,-,-
4901301437426 ,ＩＲＯＫＡ　グラースローズ　スパウト　６５０ｍｌ,６５０ｍｌ,-,-,130,11/15まで,-,-,-,-
4901301437440 ,ＩＲＯＫＡホーリージャスミン　スパウト　６５０ｍｌ,６５０ｍｌ,-,-,130,11/15まで,-,-,-,-
4901301437372 ,ＩＲＯＫＡ　ハンサムリーフ　スパウト　６５０ｍｌ,６５０ｍｌ,-,-,130,11/15まで,-,-,-,-
4901301437402 ,ＩＲＯＫＡ　ピュアフリージア　スパウト　６５０ｍｌ,６５０ｍｌ,-,-,130,11/15まで,-,-,-,-
4901301465924 ,ＩＲＯＫＡ　ミュゲインザエア　スパウト　６５０ｍｌ,６５０ｍｌ,-,-,130,11/15まで,-,-,-,-
4901301363121 ,フレアフレグランスＩＲＯＫＡＮａｋｅｄ　スパウト,７１０ｍｌ,-,-,130,11/15まで,-,-,-,-
4901301378736 ,フレアＦＩＲＯＫＡシアーブロッサムスパウト,７１０ｍｌ,-,-,130,11/15まで,-,-,-,-
4901301404534 ,ＩＲＯＫＡハンサムリーフスパウト,７１０ｍｌ,-,-,130,11/15まで,-,-,-,-
4901301404565 ,ＩＲＯＫＡナチュラルブリーズスパウト,７１０ｍｌ,-,-,130,11/15まで,-,-,-,-
4571607697789 ,ピクセラ　タイトニングシートマスク,４枚,-,-,130,11/15まで,-,-,-,-
4589679341271 ,ボンパルム）ボン　リペアミルク,１００ｍｌ,-,-,135,11/15まで,-,-,-,-
4589679341264 ,ボンパルム）ボン　リペアオイル,１００ｍｌ,-,-,135,11/15まで,-,-,-,-
4571242819195 ,ｍｋ　コンクレッド　ハイダメージ　本体ペアセット,４００ｍｌ／４００ｇ,-,-,135,11/15まで,-,-,-,-
4571242819188 ,ｍｋ　コンクレッド　ハイモイスチャー本体ペアセット,４００ｍｌ／４００ｇ,-,-,135,11/15まで,-,-,-,-
4571242819355 ,ｍｋ　コンクレッドストレート本体ペアセット２６ＳＳ,４００ｍｌ／４００ｇ,-,-,135,11/15まで,-,-,-,-
4902806135886 ,ナレッジ　薬用浸透ブライトニングローション,１６０ｍｌ,-,-,135,11/15まで,-,-,-,-
4902806135893 ,ナレッジ　薬用浸透ブライトニングミルク,１６０ｍｌ,-,-,135,11/15まで,-,-,-,-
4571242810512 ,ルンタ　ディープＭ　プレミアムシールド　ヘアオイル,８０ｍｌ,-,-,135,11/15まで,-,-,-,-
4903301364955 ,デントヘルス薬用ハミガキＤＸ　８５ｇ,８５ｇ,-,-,140,10/15まで,-,-,-,-
4903301365051 ,デントヘルス薬用ハミガキＤＸ１０％増量　９４ｇ,９４ｇ,-,-,140,10/15まで,-,-,-,-
4903301249023 ,デントヘルス薬用ハミガキ無研磨ゲル,８５ｇ,-,-,140,10/15まで,-,-,-,-
4903301249061 ,デントヘルス薬用ハミガキしみるブロック,８５ｇ,-,-,140,10/15まで,-,-,-,-
4903301276005 ,デントヘルス薬用ハミガキ　口臭ブロック,８５ｇ,-,-,140,10/15まで,-,-,-,-
4903301326908 ,デントヘルス薬用ハミガキ口臭ブロック１０％増量品,９４ｇ,-,-,140,10/15まで,-,-,-,-
4903301308898 ,デントヘルス薬用ハミガキ口臭＋デリバリーハブラシ,８５ｇ＋コンパクトふつう,-,-,140,10/15まで,-,-,-,-
4903301316176 ,デントヘルス薬用ハミガキ口臭ミニリンス付,８５ｇ＋８０ｍｌ,-,-,140,10/15まで,-,-,-,-
4903301248958 ,デントヘルス薬用ハミガキＳＰ,９０ｇ,-,-,140,10/15まで,-,-,-,-
4903301326885 ,デントヘルス薬用ハミガキＳＰ１０％増量品,９９ｇ,-,-,140,10/15まで,-,-,-,-
4903301308874 ,デントヘルス薬用ハミガキＳＰ＋マッサージハブラシ,９０ｇ＋ふつう,-,-,140,10/15まで,-,-,-,-
4903301316077 ,デントヘルス薬用ハミガキＳＰミニリンス付,９０ｇ＋８０ｍｌ,-,-,140,10/15まで,-,-,-,-
4903301385486 ,デントヘルス薬用ハミガキＤＸダブル抗炎症成分８５ｇ,８５ｇ,-,-,140,10/15まで,-,-,-,-
4589679341295 ,ボンパルム）ボン　リペアヘアマスク,１５０ｇ,-,-,140,11/15まで,-,-,-,-
4901301439086 ,セグレタ　スムースフィット　ヘアオイル,６０ｍＬ,-,-,140,11/15まで,-,-,-,-
4901301455475 ,ＥＳプレミアム　バリアＳＰ　スパークル　ポンプ,４３０ｍＬ,-,-,140,11/15まで,-,-,-,-
4901301455499 ,ＥＳプレミアム　バリアＣＤ　スパークル　ポンプ,４３０ｍＬ,-,-,140,11/15まで,-,-,-,-
4589679341202 ,ボンパルム）ボン　リペアシャンプー,３７０ｍｌ,-,-,140,11/15まで,-,-,-,-
4589679341219 ,ボンパルム）ボン　リペアトリートメント,３７０ｍｌ,-,-,140,11/15まで,-,-,-,-
4573583370779 ,アルジェラン　限定香調セット　ノーブルウッディ,４５０ｍｌ＋４５０ｇ,-,-,140,11/15まで,-,-,-,-
4573583370540 ,アルジェラン　Ｐリペア本体ペア＋リペアオイル,４８０ｍｌ×２＋５５ｍｌ,-,-,140,11/15まで,-,-,-,-
4573583370359 ,アルジェラン　プレミアムリペア　トリプルセット,４８０ｍｌ×２＋５５ｍｌ,-,-,140,11/15まで,-,-,-,-
4573583370304 ,アルジェラン　プレミアムリペアトリプルセット,４８０ｍＬ×２／２００ｇ,-,-,140,11/15まで,-,-,-,-
4573583370533 ,アルジェラン　Ｍグロー本体ペア＋リペアオイル,４８０ｍｌ×２＋５５ｍｌ,-,-,140,11/15まで,-,-,-,-
4573583370342 ,アルジェラン　モイストグロー　トリプルセット,４８０ｍｌ×２＋５５ｍｌ,-,-,140,11/15まで,-,-,-,-
4595643434658 ,アンプリール　ＷＶ　Ｓヘアミルク,８０ｍｌ,-,-,145,11/15まで,-,-,880,3/31まで
4902806812596 ,ナレッジ　スカルプケアＳＰ・リペアＴＭパック,３８０ｍｌ＋３８０ｇ,-,-,145,11/15まで,-,-,-,-
4595643434481 ,アンプリール　ＷＶ　Ｍシャンプー,４２０ｍｌ,-,-,145,11/15まで,-,-,-,-
4595643434498 ,アンプリール　ＷＶ　Ｍヘアトリートメント,４２０ｇ,-,-,145,11/15まで,-,-,-,-
4595643434504 ,アンプリール　ＷＶ　Ｍヘアオイル,８０ｍｌ,-,-,145,11/15まで,-,-,-,-
4595643434634 ,アンプリール　ＷＶ　Ｓシャンプー,４２０ｍｌ,-,-,145,11/15まで,-,-,-,-
4595643434641 ,アンプリール　ＷＶ　Ｓヘアトリートメント,４２０ｇ,-,-,145,11/15まで,-,-,-,-
4595643434825 ,ＤＨ　ＳＲ　ヘアオイル,１００ｍＬ,-,-,145,11/15まで,-,-,-,-
4573583371080 ,アルジェランバウンシーアップトリプルセット２６ＳＳ,４５０／４５０／１００,-,-,145,11/15まで,-,-,-,-
4573583370755 ,アルジェラン　Ｐリペア本体ペア＋フィグ本体セット,本体ペア＋フィグＢＳ本体,-,-,145,11/15まで,-,-,-,-
4573583370502 ,アルジェラン　Ｐリペア本体ペア＋フィグ本体セット,本体ペア＋フィグ本体,-,-,145,11/15まで,-,-,-,-
4573583371226 ,アルジェラン　メロウリペア　トリプルセット,４５０×２／６０ｍＬ,-,-,145,11/15まで,-,-,-,-
4573583370748 ,アルジェラン　Ｍグロー本体ペア＋フィグ本体セット,本体ペア＋フィグＢＳ本体,-,-,145,11/15まで,-,-,-,-
4573583370489 ,アルジェラン　Ｍグロー本体ペア＋フィグ本体セット,本体ペア＋フィグ本体,-,-,145,11/15まで,-,-,-,-
4573583371073 ,アルジェラン　モイストグロートリプルセット２６ＳＳ,４５０／４５０／６０,-,-,145,11/15まで,-,-,-,-
4573583370496 ,アルジェラン　Ｍスムース本体ペア＋フィグ本体セット,本体ペア＋フィグ本体,-,-,145,11/15まで,-,-,-,-
4902806810561 ,ナレッジ　スカルプケアＳＰ・リペアＴＭパック,３８０ｍｌ＋３８０ｇ,-,-,145,11/15まで,-,-,-,-
4571242814114 ,インジェスク　ＰＤショットセラム,２０ｇ,-,-,145,11/15まで,-,-,-,-
4571242814121 ,インジェスク　ＰＨ＋ＬＨピールケアセラム,５０ｇ,-,-,145,11/15まで,-,-,-,-
4901609001510 ,スクラビングバブル流せるトイレブラシ本体＋付替ブラ,本体＋替えブラシ４個,-,-,150,11/15まで,-,-,498,11/15まで
4901609012233 ,ＳＢ流せるトイレブラシ除菌消臭プラス本体,本体＋替え４個,-,-,150,11/15まで,-,-,498,11/15まで
4901609016620 ,ＳＢ流せるトイレブラシシトラス本体,本体＋替え４個,-,-,150,11/15まで,-,-,498,11/15まで
4901609017382 ,ＳＢ流せるトイレブラシ本体　除菌アイスミント,本体＋替え４個,-,-,150,11/15まで,-,-,498,11/15まで
4902705129528 ,明治ほほえみ　らくらくキューブ　５４０ｇ,５４０ｇ,-,-,150,10/15まで,-,-,-,-
4902705129627 ,明治ステップ　らくらくキューブ５６０ｇ,５６０ｇ,-,-,150,10/15まで,-,-,-,-
4987978101013 ,天藤製薬　ボラギノールＡ坐剤,２０個,-,-,150,11/15まで,-,-,-,-
4908049658649 ,ファンケル　やわ肌ミルク洗顔,１２０ｍｌ,-,-,150,11/15まで,-,-,-,-
4908049689056 ,ファンケル　やわ肌ミルク洗顔　オレンジアロマ,１２０ｍｌ,-,-,150,11/15まで,-,-,-,-
4908049700195 ,ＭＫファンケルミルク洗顔　スキコン洗顔ミニ付き,１２０ｍｌ＋２０ｇ,-,-,150,11/15まで,-,-,-,-
4573626222416 ,アンドハニー　リッチリュクスＲ　ＳＰ,４４０ｍＬ,-,-,150,11/15まで,-,-,-,-
4573626222423 ,アンドハニー　リッチリュクスＲ　ＴＲ,４４０ｇ,-,-,150,11/15まで,-,-,-,-
4573626222454 ,アンドハニー　リッチリュクスＲ　ヘアミルク,１５０ｇ,-,-,150,11/15まで,-,-,-,-
4573626222461 ,アンドハニー　リッチリュクスＲ　ヘアオイル,１００ｍＬ,-,-,150,11/15まで,-,-,-,-
4573626222010 ,アイピーセクション　スキンケアヘアマスク　モイスト,２００ｇ,-,-,150,11/15まで,-,-,-,-
4573626222027 ,アイピーセクション　スキンケアヘアオイル　モイスト,１００ｍＬ,-,-,150,11/15まで,-,-,-,-
4987316091365 ,佐藤製薬　ユリアージュ　ウォーター,１５０ｍｌ,-,-,150,11/15まで,-,-,-,-
4582300066642 ,クレージュ　ＭＯフェイスウォッシュ,１２０ｇ,-,-,150,11/15まで,-,-,-,-
4582300066680 ,クレージュ　ＰＯフェイスウォッシュ,１２０ｇ,-,-,150,11/15まで,-,-,-,-
4582300068707 ,プリュスオー　リポルムシャンプー,４５０ｍＬ,-,-,150,11/15まで,-,-,-,-
4582300068714 ,プリュスオー　リポルムトリートメント,４５０ｍＬ,-,-,150,11/15まで,-,-,-,-
4582692464170 ,利尻ヘアカラートリートメント　ＲＮ　ダークブラウン,２００ｇ,-,-,150,11/15まで,-,-,-,-
4582692464163 ,利尻ヘアカラートリートメント　ＲＮ　ブラック,２００ｇ,-,-,150,11/15まで,-,-,-,-
4582692464187 ,利尻ヘアカラートリートメント　ローズブラウン,２００ｇ,-,-,150,11/15まで,-,-,-,-
4582692464194 ,利尻ヘアカラートリートメント　ハニーブラウン,２００ｇ,-,-,150,11/15まで,-,-,-,-
4582142694027 ,利尻ヘアカラートリートメント　Ｎ　ダークブラウン,２００ｇ,-,-,150,11/15まで,-,-,-,-
4582142694041 ,利尻ヘアカラートリートメント　Ｎ　ブラック,２００ｇ,-,-,150,11/15まで,-,-,-,-
4582142694034 ,利尻ヘアカラートリートメント　Ｎ　ライトブラウン,２００ｇ,-,-,150,11/15まで,-,-,-,-
4582142695000 ,利尻ヘアカラートリートメント　ナチュラルブラウン,２００ｇ,-,-,150,11/15まで,-,-,-,-
4582142693938 ,利尻カラーシャンプー　ダークブラウン,２００ｍｌ,-,-,150,11/15まで,-,-,-,-
4582142693969 ,利尻カラーシャンプー　ブラック,２００ｍｌ,-,-,150,11/15まで,-,-,-,-
4582142693952 ,利尻カラーシャンプー　ライトブラウン,２００ｍｌ,-,-,150,11/15まで,-,-,-,-
4582142695086 ,利尻カラーシャンプー　ナチュラルブラウン,２００ｍｌ,-,-,150,11/15まで,-,-,-,-
4582142695611 ,利尻カラークリーム　ダークブラウン,１７０ｇ,-,-,150,11/15まで,-,-,-,-
4582142695628 ,利尻カラークリーム　ブラック,１７０ｇ,-,-,150,11/15まで,-,-,-,-
4582142696915 ,利尻炭酸カラーシャンプー　ダークブラウン,１８０ｇ,-,-,150,11/15まで,-,-,-,-
4582142696908 ,利尻炭酸カラーシャンプー　ブラック,１８０ｇ,-,-,150,11/15まで,-,-,-,-
4582142699787 ,利尻ヘアカラースティック　ブラック,２０ｇ,-,-,150,11/15まで,-,-,-,-
4582142699794 ,利尻ヘアカラースティック　ダークブラウン,２０ｇ,-,-,150,11/15まで,-,-,-,-
4582142699800 ,利尻ヘアカラースティック　ナチュラルブラウン,２０ｇ,-,-,150,11/15まで,-,-,-,-
4582142699817 ,利尻ヘアカラースティック　ライトブラウン,２０ｇ,-,-,150,11/15まで,-,-,-,-
4582692463852 ,利尻カラーシャンプー　ダークブラウン　Ｎ,２００ｍｌ,-,-,150,11/15まで,-,-,-,-
4582692463845 ,利尻カラーシャンプー　ブラック　Ｎ,２００ｍｌ,-,-,150,11/15まで,-,-,-,-
4582692463876 ,利尻カラーシャンプー　ローズブラウン　Ｎ,２００ｍｌ,-,-,150,11/15まで,-,-,-,-
4582692463869 ,利尻カラーシャンプー　ハニーブラウン　Ｎ,２００ｍｌ,-,-,150,11/15まで,-,-,-,-
4901301447234 ,セグレタ　プレミア　凝縮美容液ＳＰ　つめかえ用,１５０ｍｌ,-,-,150,11/15まで,-,-,-,-
4901301248985 ,セグレタ　ヘアエステ,１８０Ｇ,-,-,150,11/15まで,-,-,-,-
4901301455093 ,ＭＥＭＥＭＥ　モイストブーストＳＰ,４００ｍＬ,-,-,150,11/15まで,-,-,-,-
4901301455116 ,ＭＥＭＥＭＥ　モイストブーストＴＲ,４００ｍＬ,-,-,150,11/15まで,-,-,-,-
4901301455369 ,ＭＥＭＥＭＥ　クラッシュジェルＴＲ,１２０ｍＬ,-,-,150,11/15まで,-,-,-,-
4901301455086 ,ＭＥＭＥＭＥ　モイストブーストオイル,６０ｍｌ,-,-,150,11/15まで,-,-,-,-
4901301458858 ,ＭＥＭＥＭＥ　ツヤメキエフェクタージェル,３０ｇ,-,-,150,11/15まで,-,-,-,-
4901301462077 ,ＭＥＭＥＭＥ　スムースブーストシャンプー　ポンプ,４００ｍＬ,-,-,150,11/15まで,-,-,-,-
4901301462091 ,ＭＥＭＥＭＥスムースブーストトリートメント　ポンプ,４００ｍＬ,-,-,150,11/15まで,-,-,-,-
4901301462244 ,ＭＥＭＥＭＥ　スムースブーストオイル,６０ｍＬ,-,-,150,11/15まで,-,-,-,-
4901301462275 ,ＭＥＭＥＭＥ　さらツヤエフェクターミスト,１００ｍＬ,-,-,150,11/15まで,-,-,-,-
4901301462060 ,ＭＥＭＥＭＥ　シャワーヴェールトリートメント,１８０ｍＬ,-,-,150,11/15まで,-,-,-,-
4901301463944 ,エッセンシャルプレミアムバリＳＰスパ詰替６００,６００ｍＬ,-,-,150,11/15まで,-,-,-,-
4901301463951 ,エッセンシャルプレミアムバリＣＤスパ詰替６００,６００ｍＬ,-,-,150,11/15まで,-,-,-,-
4901301378859 ,クリアクリーンプレミアム　ホワイトクリアパック,７ＳＥＴ,-,-,150,11/15まで,-,-,-,-
4946842651207 ,ＳＰＩＣＡ　わたしよろこぶパスタ,７食,-,-,150,11/15まで,-,-,-,-
4580101206861 ,ｍｋＬＡＢ免疫ケアプラズマ乳酸菌ｗｉｔｈユーグレナ,９０粒,-,-,150,11/15まで,-,-,-,-
4987107632296 ,ｍｋ　エバレッシュＢ２６プレミアム,２１０錠,-,-,150,11/15まで,-,-,-,-
4987028114765 ,エーザイ　新セルベール整胃プレミアム細粒,２４包,-,-,150,11/15まで,-,-,-,-
4987312339263 ,ミヤリサン　強ミヤリサン錠（部外品）,３３０錠,-,-,150,11/15まで,-,-,-,-
4961507111520 ,ヤクルト　私の青汁　６０袋,６０袋,-,-,150,11/15まで,-,-,-,-
4987072100394 ,小林製薬　ムズナイト,１５包,-,-,150,11/15まで,-,-,-,-
4580635112607 ,ＭＢシャンプー替ゴールデンモイストＥＸ,３７０ＭＬ,-,-,150,11/15まで,-,-,-,-
4580635112614 ,ＭＢヘアトリートメント替ゴールデンモイストＥＸ,３７０ＭＬ,-,-,150,11/15まで,-,-,-,-
4580635110917 ,モロッカンビューティー　ディープモイストシャンプー,４３０ｍＬ,-,-,150,11/15まで,-,-,-,-
4580635110924 ,モロッカンビューティー　ディープモイストＴＲ,４３０ｍＬ,-,-,150,11/15まで,-,-,-,-
4946842651177 ,ＳＰＩＣＡ　燃えるわたしのＳ　テアニン＆ヒハツ,９０粒,-,-,150,11/15まで,-,-,-,-
4946842651191 ,ＳＰＩＣＡ　燃えるわたしのＳ　ブラックジンジャー,６０粒,-,-,150,11/15まで,-,-,-,-
4946842651184 ,ＳＰＩＣＡ　燃えるわたしのＳ　ヒハツ＆カプサイシン,９０粒,-,-,150,11/15まで,-,-,-,-
4987316012261 ,ｍｋ　ジーフォーＬ坐剤,４０個,-,-,150,11/15まで,-,-,-,-
4987373082696 ,ｍｋ　コリスチックＦＢテープ５．０,６０枚,-,-,150,11/15まで,-,-,-,-
4987107631190 ,ＭＫ　ルルアタックＩＢエース（Ｎ）,３０錠,-,-,150,11/15まで,-,-,-,-
4902111784380 ,ダヴビューティセラムボディモイスチャーチャージ,５００ｇ,-,-,150,11/15まで,-,-,-,-
4902111784397 ,ダヴビューティセラムボディエンリッチソフト,５００ｇ,-,-,150,11/15まで,-,-,-,-
4589859285067 ,キリン　オルニチンＰＲＯ７日分,４２粒,-,-,150,11/15まで,-,-,-,-
4589859280222 ,キリン　ｉＭＵＳＥ免疫ケア・疲労感ダウン７日,１４粒,-,-,150,11/15まで,-,-,-,-
4573350884416 ,アンレーベル　ラボ　スキンブースト　ローション,１７０ｍＬ,-,-,160,11/15まで,-,-,-,-
4573626221976 ,アイピーセクション　スキンケアＳＰ　モイスト,４００ｍＬ,-,-,160,11/15まで,-,-,-,-
4573626221983 ,アイピーセクション　スキンケアＴＲ　モイスト,４００ｇ,-,-,160,11/15まで,-,-,-,-
4582300068226 ,クレージュ　ＰＯクレンジングバームＣＮ,９５ｇ,-,-,160,11/15まで,-,-,-,-
4582300068219 ,クレージュ　ＭＯクレンジングバームＣＮ,９５ｇ,-,-,160,11/15まで,-,-,-,-
4582300066628 ,クレージュ　ＭＯクレンジングバーム,９５ｇ,-,-,160,11/15まで,-,-,-,-
4582300066666 ,クレージュ　ＰＯクレンジングバーム,９５ｇ,-,-,160,11/15まで,-,-,-,-
4582300066697 ,クレージュ　ＳＫクレンジングバーム,９５ｇ,-,-,160,11/15まで,-,-,-,-
4582300067298 ,クレージュ　ＭＯ　ＣＬバームタオル付き,９５ｇ＋１０マイ,-,-,160,11/15まで,-,-,-,-
4582300067304 ,クレージュ　ＰＯ　ＣＬバームタオル付き,９５ｇ＋１０マイ,-,-,160,11/15まで,-,-,-,-
4582300067311 ,クレージュ　ＳＫ　ＣＬバームタオル付き,９５ｇ＋１０マイ,-,-,160,11/15まで,-,-,-,-
4901301455581 ,セグレタ　髪を育むスプレー,１５０ｇ,-,-,160,11/15まで,-,-,-,-
4901301455451 ,エッセンシャルプレミアムとろ生ヘアマスク,１８０ｍｌ,-,-,160,11/15まで,-,-,-,-
4595643434771 ,ＤＨ　ＳＲ　シャンプー,４５０ｍＬ,-,-,160,11/15まで,-,-,-,-
4595643434801 ,ＤＨ　ＳＲ　ヘアトリートメント,４５０ｇ,-,-,160,11/15まで,-,-,-,-
4973167434925 ,アリィー　クロノビューティーカラーオン　チーク０１,１５ｇ,-,-,160,11/15まで,-,-,-,-
4973167434932 ,アリィー　クロノビューティーカラーオン　チーク０２,１５ｇ,-,-,160,11/15まで,-,-,-,-
4973167500026 ,アリィー　クロノビューティーカラーオン　ラスター,１５ｇ,-,-,160,11/15まで,-,-,-,-
4973167074213 ,スイサイＢＣパウダーウォッシュＮ（ラージ）,２５．６ｇ,-,-,170,11/15まで,-,-,-,-
4571242819249 ,ｍｋ　コンクレッドハイダメージトリプルセット,４００ｇ×２／１００ｍｌ,-,-,170,11/15まで,-,-,-,-
4571242819232 ,ｍｋ　コンクレッド　ハイモイスチャートリプルセット,４００ｇ×２／１００ｍｌ,-,-,170,11/15まで,-,-,-,-
4902806811834 ,ナレッジ　浸透ローション本体・つめかえ用パック,１６０ｍｌ＋１４０ｍｌ,-,-,170,11/15まで,-,-,-,-
4902806811841 ,ナレッジ　浸透ミルク本体・つめかえ用パック,１６０ｍｌ＋１４０ｍｌ,-,-,170,11/15まで,-,-,-,-
4589859280161 ,キリン　ｉＭＵＳＥ免疫ケアヘルシア内臓脂肪ダウン,４２粒,-,-,170,11/15まで,-,-,-,-
4571242814183 ,インジェスク　ＮＭ　２６ＳＳ企画品,０．５ｇ＋１８ｍｌ,-,-,175,11/15まで,-,-,-,-
4571242814190 ,インジェスク　ＧＳ　２６ＳＳ企画品,０．５ｇ＋１８ｍｌ,-,-,175,11/15まで,-,-,-,-
4903301364979 ,デントヘルス薬用ハミガキＤＸ　１１５ｇ,１１５ｇ,-,-,180,10/15まで,-,-,-,-
4903301249030 ,デントヘルス薬用ハミガキ無研磨ゲル,１１５ｇ,-,-,180,10/15まで,-,-,-,-
4903301249078 ,デントヘルス薬用ハミガキしみるブロック,１１５ｇ,-,-,180,10/15まで,-,-,-,-
4903301276012 ,デントヘルス薬用ハミガキ　口臭ブロック,１１５ｇ,-,-,180,10/15まで,-,-,-,-
4903301322122 ,デントヘルス薬用ハミガキ口臭ミニリンス付,１１５ｇ＋８０ｍｌ,-,-,180,10/15まで,-,-,-,-
4903301248996 ,デントヘルス薬用ハミガキＳＰ,１２０ｇ,-,-,180,10/15まで,-,-,-,-
4903301322115 ,デントヘルス薬用ハミガキＳＰミニリンス付,１２０ｇ＋８０ｍｌ,-,-,180,10/15まで,-,-,-,-
4903301385493 ,デントヘルス薬用ハミガキＤＸダブル抗炎症　１１５ｇ,１１５ｇ,-,-,180,10/15まで,-,-,-,-
4580785296103 ,ソフトストレインベリーブロッサムヘアミスト,８０ｍｌ,-,-,180,11/15まで,-,-,-,-
4580785296806 ,Ｙｕｎｔｈ　生ⅤＣ美白美容液トイストーリー,１ｍＬ×２８包,-,-,180,11/15まで,-,-,-,-
4580785297315 ,Ｙｕｎｔｈ　生ⅤＣ美白美容液　ポケモン,１ｍｌ×２８包,-,-,180,11/15まで,-,-,-,-
4580785297339 ,Ｙｕｎｔｈ　生ＡＺ美容液　ポケモン,１ｍｌ×２８包,-,-,180,11/15まで,-,-,-,-
4573350883495 ,アンレーベルラボＶエッセンス,５０ｍｌ,-,-,180,11/15まで,-,-,-,-
4573350883501 ,アンレーベルラボＲエッセンス,５０ｍｌ,-,-,180,11/15まで,-,-,-,-
4573350883549 ,アンレーベルラボＡＺエッセンス,５０ｍｌ,-,-,180,11/15まで,-,-,-,-
4573350883525 ,アンレーベルラボＮＡエッセンス,５０ｍｌ,-,-,180,11/15まで,-,-,-,-
4573350884423 ,アンレーベル　ラボ　スキンブースト　エマルジョン,１００ｍＬ,-,-,180,11/15まで,-,-,-,-
4908049466480 ,ファンケル　ディープクリア洗顔パウダー,３０個,-,-,180,11/15まで,-,-,-,-
4908049514242 ,ファンケル　ディープクリア洗顔パウダー３個増量,３３個,-,-,180,11/15まで,-,-,-,-
4908049529802 ,ファンケル　ディープクリア洗顔パウダーミニオイル付,セット,-,-,180,11/15まで,-,-,-,-
4908049577797 ,ディープクリア洗顔パウダーミニマイクレ付セット,セット,-,-,180,11/15まで,-,-,-,-
4908049584931 ,ディープクリア洗顔パウダー＋洗顔パウダーセット,セット,-,-,180,11/15まで,-,-,-,-
4908049598051 ,ファンケルディープクリア洗顔パウダー＆ミニ泥ジェル,セット,-,-,180,11/15まで,-,-,-,-
4908049595654 ,ファンケルディープクリア洗顔パウダー＆リキッド,セット,-,-,180,11/15まで,-,-,-,-
4908049621551 ,ファンケルディープクリア洗顔パウダーＣＩＣＡ＆ＶＣ,３０個,-,-,180,11/15まで,-,-,-,-
4908049646462 ,ファンケル　ディープクリア洗顔パウダークリアネスＶ,３０個,-,-,180,11/15まで,-,-,-,-
4908049628222 ,ＭＫファンケルディープクリア洗顔パウダー＆リキッド,セット,-,-,180,11/15まで,-,-,-,-
4908049682811 ,ファンケルディープクリア洗顔パウダー　ドラえもん,３０個,-,-,180,11/15まで,-,-,-,-
4582300066710 ,クレージュ　リニューイングクレンジングセラムバーム,９５ｇ,-,-,180,11/15まで,-,-,-,-
4582300068271 ,クレージュ　ＲＥＣＬセラムバーム　タオル付,９５ｇ＋１０枚,-,-,180,11/15まで,-,-,-,-
4582300066703 ,クレージュ　ＳＫフォーミングウォッシュ,１８０ｍｌ,-,-,180,11/15まで,-,-,-,-
4901301455987 ,エッセンシャルＰ　ウォーターＥＳつめかえ,３４０ｍｌ,-,-,180,11/15まで,-,-,-,-
4901301455994 ,エッセンシャルＰ　ウォーターＮＭつめかえ,３４０ｍｌ,-,-,180,11/15まで,-,-,-,-
4901301414427 ,ＥＳザビューティ髪のキメ美容バリアヘアマスク,１８０ｇ,-,-,180,11/15まで,-,-,-,-
4901301445711 ,エッセンシャルＰウォーターＴＲ　スムース　つめかえ,３４０ｍＬ,-,-,180,11/15まで,-,-,-,-
4901301445353 ,エッセンシャルＰウォーターＴＲ　モイスト　つめかえ,３４０ｍＬ,-,-,180,11/15まで,-,-,-,-
4901301428134 ,エッセンシャル　ザビューティウォーターＴＲ　詰替,３４０ｍＬ,-,-,180,11/15まで,-,-,-,-
4571242819478 ,ｍｋ　コンクレッドモイスチャー＋ヘアマスクセット,４００ｇ×２／２００ｇ,-,-,180,11/15まで,-,-,-,-
4571242819485 ,ｍｋ　コンクレッドダメージ＋ヘアマスクセット,４００ｇ×２／２００ｇ,-,-,180,11/15まで,-,-,-,-
4595643434627 ,アンプリール　Ｈヘアエッセンス,２００ｍＬ,-,-,180,11/15まで,-,-,-,-
4595643434887 ,アンプリール　Ｃヘアエッセンス,２１０ｍＬ,-,-,180,11/15まで,-,-,-,-
4973167034088 ,アリィークロノビューティカラーチューニングＵＶ０１,４０ｇ,-,-,180,11/15まで,-,-,-,-
4973167034095 ,アリィークロノビューティカラーチューニングＵＶ０２,４０ｇ,-,-,180,11/15まで,-,-,-,-
4973167034101 ,アリィークロノビューティカラーチューニングＵＶ０３,４０ｇ,-,-,180,11/15まで,-,-,-,-
4973167435731 ,アリィークロノビューティカラーＴＵＶ０３限定セット,４０ｇ＋８ｇ,-,-,180,11/15まで,-,-,-,-
4973167057803 ,ＡＬクロノビューティカラーチューニングＵＶ０１限定,４０ｇ,-,-,180,11/15まで,-,-,-,-
4973167555934 ,アリィー　クロノビューティ　カラーチューニング限定,４０ｇ,-,-,180,11/15まで,-,-,-,-
4973167521397 ,アリィー　クロノビューティ　プライマーＵＶ,２５ｇ,-,-,180,11/15まで,-,-,-,-
4973167018163 ,アリィー　クロノビューティ　プライマーＵＶカービィ,２５ｇ,-,-,180,11/15まで,-,-,-,-
4973167018187 ,アリィー　クロノビューティ　カラーＴＵ０３カービィ,４０ｇ,-,-,180,11/15まで,-,-,-,-
4973167077955 ,アリィー　ＣＢカラーチューニングＵＶ０１　限定ＣＫ,４０ｇ,-,-,180,11/15まで,-,-,-,-
4973167078129 ,アリィー　ＣＢカラーチューニングＵＶ０３　限定ＣＫ,４０ｇ,-,-,180,11/15まで,-,-,-,-
4580785296110 ,ベーシックストレインＳＰ,４７５ｍｌ,-,-,180,11/15まで,-,-,-,-
4580785296127 ,ベーシックストレインＴＲ,４７５ｍｌ,-,-,180,11/15まで,-,-,-,-
4580785296165 ,ベーシックストレイン　ヘアオイル,８０ｍｌ,-,-,180,11/15まで,-,-,-,-
4580785296059 ,ソフトストレイン　ベリーブロッサムＳＰ,４７５ｍｌ,-,-,180,11/15まで,-,-,-,-
4580785296066 ,ソフトストレイン　ベリーブロッサムＴＲ,４７５ｍｌ,-,-,180,11/15まで,-,-,-,-
4580785290040 ,Ｙｕｎｔｈ　生ⅤＣ美白美容液,１ｍＬ×２８包,-,-,180,11/15まで,-,-,-,-
4580785296615 ,Ｙｕｎｔｈ　生ＡＺ美容液,１ｍＬ×２８包,-,-,180,11/15まで,-,-,-,-
4580785296622 ,Ｙｕｎｔｈ　生ＰＤＲＮーα美容液,１ｍＬ×２８包,-,-,180,11/15まで,-,-,-,-
4901301397355 ,ＩＲＯＫＡネイキッドリリースパウト　１２００ｍｌ,１２００Ｇ,-,-,180,11/15まで,-,-,-,-
4901301419842 ,ＩＲＯＫＡハンサムリーフスパウト　１２００ｍｌ,１２００Ｇ,-,-,180,11/15まで,-,-,-,-
4901301405357 ,ＩＲＯＫＡナチュラルブリーズスパウト　１２００ｍｌ,１２００Ｇ,-,-,180,11/15まで,-,-,-,-
4901301439307 ,ＩＲＯＫＡ　ピュアフリージア　スパウト１２００ｍｌ,１２００ｍｌ,-,-,180,11/15まで,-,-,-,-
4987316091730 ,佐藤製薬　ユリアージュクレンジングジェリー,１５０ｍｌ,-,-,190,11/15まで,-,-,-,-
4973167040973 ,アリィー　ＣＢ　フラットスムースフィルターＵＶ,３０ｇ,-,-,190,11/15まで,-,-,-,-
4973167042250 ,アリィー　クロノビューティ　スムースミルクＵＶ,２５ｍＬ,-,-,190,11/15まで,-,-,-,-
4571607697741 ,ピクセラ　インテンスハイドロローション,１２０ｍｌ,-,-,190,11/15まで,-,-,-,-
4595124057437 ,ｍｋ　イイサム　２ウェイスタイルアップブロウＧＧ,３ｇ,-,-,190,11/15まで,-,-,-,-
4595124057444 ,ｍｋ　イイサム　２ウェイスタイルアップブロウＨＢ,３ｇ,-,-,190,11/15まで,-,-,-,-
4902806810295 ,ナレッジ　浸透ローション・浸透ミルクパック,１６０ｍｌ＋１６０ｍｌ,-,-,195,11/15まで,-,-,-,-
4571242814138 ,インジェスク　ＮＭデュオドリップセラム,１８ｍｌ＋０．５ｇ,-,-,195,11/15まで,-,-,-,-
4571242814145 ,インジェスク　ＧＳデュオドリップセラム,１８ｍｌ＋０．５ｇ,-,-,195,11/15まで,-,-,-,-
4582521685240 ,ボタニスト　ボディーソープ　マイルドケア,４９０ｍＬ,-,-,200,11/15まで,-,-,898,3/31まで
8809013349050 ,エストラ　アトバリア３６５　クリーム,８０ｍｌ,-,-,200,10/15まで,-,-,-,-
8800283652741 ,エストラ　アトバリア３６５　クリームＭ限定セット,＿,-,-,200,10/15まで,-,-,-,-
8800283656831 ,エストラ　アトバリア３６５　クリームギフトセット,＿,-,-,200,10/15まで,-,-,-,-
8800283661385 ,エストラ　アトバリア３６５　クリームＳＰＧセット,＿,-,-,200,10/15まで,-,-,-,-
8800283644968 ,エストラ　アトバリア３６５　クリームＳＰセット,＿,-,-,200,10/15まで,-,-,-,-
8800283678109 ,エストラ　アトバリア３６５クリーム　新商品お試しＳ,＿,-,-,200,10/15まで,-,-,-,-
8800283641776 ,エストラ　アトバリア３６５ハイドロクリームＲ,８０ｍｌ,-,-,200,10/15まで,-,-,-,-
8800283701937 ,エストラ　アトバリア３６５ハイドロＳクリームセット,＿,-,-,200,10/15まで,-,-,-,-
8800283701784 ,エストラ　アトバリア３６５　クリーム　ＭグロウＳ,＿,-,-,200,10/15まで,-,-,-,-
8800283701791 ,エストラ　アトバリア３６５ハイドロＳＣＲ　ＡＲＳ,＿,-,-,200,10/15まで,-,-,-,-
4580365201107 ,ユーグレナ　ＭＥＪ　Ｃ　ＣＯＦＦＥＥハーフサイズ,５０ｇ,-,-,200,11/15まで,-,-,-,-
4903301177203 ,ライオン　スクラート胃腸薬顆粒,３４包,-,-,200,11/15まで,-,-,-,-
4903301177166 ,ライオン　スクラート胃腸薬錠剤,１０２錠,-,-,200,11/15まで,-,-,-,-
4903301177272 ,ライオン　スクラート胃腸薬Ｓ散剤,３４包,-,-,200,11/15まで,-,-,-,-
4903301177241 ,ライオン　スクラート胃腸薬Ｓ錠剤,１０２錠,-,-,200,11/15まで,-,-,-,-
4987978101020 ,天藤製薬　ボラギノールＡ坐剤,３０個,-,-,200,11/15まで,-,-,-,-
4987978101051 ,天藤製薬　ボラギノールＡ注入軟膏,２Ｇｘ３０個,-,-,200,11/15まで,-,-,-,-
4571607695600 ,ボタニスト　スクラブボディ　デューイー,４９０ｍＬ,-,-,200,11/15まで,-,-,-,-
4582521685257 ,ボタニスト　ボディーソープ　モイスト,４９０ｍＬ,-,-,200,11/15まで,-,-,-,-
4582521685264 ,ボタニスト　ボディーソープ　ディープモイスト,４９０ｍＬ,-,-,200,11/15まで,-,-,-,-
4582521685271 ,ボタニスト　ボディーソープ　クリアクレンズ,４９０ｍＬ,-,-,200,11/15まで,-,-,-,-
4582521689613 ,ボタニスト　ボタニカルボディーソープ　モイスト,４９０ｍＬ,-,-,200,11/15まで,-,-,-,-
4582521689620 ,ボタニスト　ボタニカルボディーソープ　ディープモ,４９０ｍＬ,-,-,200,11/15まで,-,-,-,-
4582521683871 ,ボタニストフォーミングボディーソープ　モイスト,４５０ｍＬ,-,-,200,11/15まで,-,-,-,-
4582521683888 ,ボタニストフォーミングボディーソープ　Ｄモイスト,４５０ｍＬ,-,-,200,11/15まで,-,-,-,-
4571607690735 ,ボタニストボディ　モイスト　ピーチレモネード,４９０ｍＬ,-,-,200,11/15まで,-,-,-,-
4571607690742 ,ボタニストボディ　クレンズ　ピーチレモネード,４９０ｍＬ,-,-,200,11/15まで,-,-,-,-
4571607694160 ,ボタニスト　ＢＳ　モイスト　サクラ＆バニラ,４９０ｍＬ,-,-,200,11/15まで,-,-,-,-
4571607694177 ,ボタニスト　ＢＳフォーム　モイスト　サクラ＆バニラ,５００ｍＬ,-,-,200,11/15まで,-,-,-,-
4571607691343 ,ボタニストボディ　モイスト　トマトローズマリー,４９０ｍＬ,-,-,200,11/15まで,-,-,-,-
45214912 ,ボタニスト　ボタニカルスクラブ　デューイー,２５０ｇ,-,-,200,11/15まで,-,-,-,-
45214929 ,ボタニスト　ボタニカルスクラブ　ブライトケア,２５０ｇ,-,-,200,11/15まで,-,-,-,-
4571607690919 ,ボタニスト　ボディソープフォーム　モイスト,５００ｍＬ,-,-,200,11/15まで,-,-,-,-
4571607696508 ,ボタニスト　ボディーソープフォームＭ　Ｄデザイン,５００ｍＬ,-,-,200,11/15まで,-,-,-,-
4571607696515 ,ボタニスト　ボディーソープ　モイスト　Ｄデザイン,４９０ｍＬ,-,-,200,11/15まで,-,-,-,-
4571607690933 ,ボタニスト　ボディソープフォーム　マイルド,５００ｍＬ,-,-,200,11/15まで,-,-,-,-
4571607698076 ,ボタニスト　ボディーソープ　サンタル,４６０ｍＬ,-,-,200,11/15まで,-,-,-,-
45214936 ,ボタニスト　Ｂスクラブ　Ｄ　フィグ＆ダージリン,２５０ｇ,-,-,200,11/15まで,-,-,-,-
4582521688906 ,ヨル　カームナイトケアボディソープ,４４０ｍＬ,-,-,200,11/15まで,-,-,-,-
4582521689002 ,ヨル　リラックスナイトケアボディソープ,４４０ｍＬ,-,-,200,11/15まで,-,-,-,-
4571607692838 ,ヨル　ディープナイトケアボディソープ,４４０ｍＬ,-,-,200,11/15まで,-,-,-,-
4571607691527 ,ヨル　モクテル　カームナイトボディ,４４０ｍＬ,-,-,200,11/15まで,-,-,-,-
4571607691534 ,ヨル　モクテル　リラックスケアボディ,４４０ｍＬ,-,-,200,11/15まで,-,-,-,-
4571607693811 ,ヨル　トリーツＳＰ　ディープＮボディソープ,４４０ｍＬ,-,-,200,11/15まで,-,-,-,-
4571607695006 ,ヨル　カームナイトケアボディスクラブ,２５０ｇ,-,-,200,11/15まで,-,-,-,-
4571607695013 ,ヨル　リラックスナイトケアボディスクラブ,２５０ｇ,-,-,200,11/15まで,-,-,-,-
4571607695686 ,ヨル　トリーツサマー　リラックスＮ　ボディーソープ,４４０ｍＬ,-,-,200,11/15まで,-,-,-,-
4582521689057 ,ヨル　サクラ　カームナイトケアボディソープ,４４０ｍＬ,-,-,200,11/15まで,-,-,-,-
4582521689064 ,ヨル　サクラ　リラックスナイトケアボディソープ,４４０ｍＬ,-,-,200,11/15まで,-,-,-,-
4971710587999 ,グレイスワン　リンクルケア　Ｍリペア　ジェルＥＸ,１００ｇ,-,-,200,11/15まで,-,-,-,-
4971710395020 ,グレイスワン　リンクルケア　モイストジェルクリーム,１００ｇ,-,-,200,11/15まで,-,-,-,-
4971710546606 ,グレイスワン　リンクルケア　Ｍジェルクリーム　詰替,９０ｇ,-,-,200,11/15まで,-,-,-,-
4971710396935 ,グレイスワン　リンクルケア　モイストリフト　ミルク,１３０ｍｌ,-,-,200,11/15まで,-,-,-,-
4971710396942 ,グレイスワン　リンクルケア　Ｍリフト　エッセンス,５０ｍｌ,-,-,200,11/15まで,-,-,-,-
4971710396928 ,グレイスワン　リンクルケア　Ｍリフト　ローション,１８０ｍｌ,-,-,200,11/15まで,-,-,-,-
4971710398113 ,グレイスワン　リンクルケア　ＭジェルエッセンスＵＶ,４０ｇ,-,-,200,11/15まで,-,-,-,-
4971710399875 ,グレイスワン　リンクルＣＷコンセントレートマスク,７回分,-,-,200,11/15まで,-,-,-,-
4971710558838 ,グレイスワン　ホワイトエッセンス,１８０ｍｌ,-,-,200,11/15まで,-,-,-,-
4971710564648 ,グレイスワン　Ｒホワイトジェルクリーム詰替,９０ｇ,-,-,200,11/15まで,-,-,-,-
4971710588019 ,グレイスワン　リンクルケア　Ｍリペア　ジェルＥＸ替,９０ｇ,-,-,200,11/15まで,-,-,-,-
4971710539660 ,グレイスワン　リンクルケア　ホワイトジェルクリーム,１００ｇ,-,-,200,11/15まで,-,-,-,-
4971710591385 ,グレイスワン　リンクルケア　リンクルＶエッセンス,１５ｇ,-,-,200,11/15まで,-,-,-,-
4971710595116 ,グレイスワン　リンクルホワイトＭリペアジェル,１００ｇ,-,-,200,11/15まで,-,-,-,-
4971710595123 ,グレイスワン　リンクルホワイトＭリペアジェル詰替,９０ｇ,-,-,200,11/15まで,-,-,-,-
4971710612868 ,グレイスワン　リンクルケアリフトＶ　ナイトクリーム,５０ｇ,-,-,200,11/15まで,-,-,-,-
4971710648232 ,グレイスワンリンクルケアリンクルリフトＶザセラム,５０ｍｌ,-,-,200,11/15まで,-,-,-,-
4987316094304 ,佐藤製薬　ＥＸモイスチュアフォーム,１２０ｇ,-,-,200,11/15まで,-,-,-,-
4582300066659 ,クレージュ　ＳＫクレンジングジェル,３００ｍｌ,-,-,200,11/15まで,-,-,-,-
4582300067359 ,ブリオス　ホットアイラッシュカーラーＷ,１個,-,-,200,11/15まで,-,-,-,-
4582300067366 ,ブリオス　ホットアイラッシュカーラーＰ,１個,-,-,200,11/15まで,-,-,-,-
4901301415882 ,リーゼ　ポイントヘアチート,１５ｇ,-,-,200,11/15まで,-,-,-,-
4901301421531 ,リーゼ　ニュアンスオイル　プラスソフトウェット,８０ｍＬ,-,-,200,11/15まで,-,-,-,-
4901301421548 ,リーゼ　ニュアンスオイル　プラスウェット,８０ｍＬ,-,-,200,11/15まで,-,-,-,-
4901301452504 ,リーゼ　ブリーチヘア用リッチオイルミスト,１２０ｍＬ,-,-,200,11/15まで,-,-,-,-
4901301452498 ,リーゼ　ブリーチヘア用アイロン下地セラム,１２０ｍＬ,-,-,200,11/15まで,-,-,-,-
4595643434030 ,カプセルセラムＶ　美容液,３０ｍｌ,-,-,200,11/15まで,-,-,-,-
4595643434368 ,カプセルセラムＶ高濃度　美容液,３０ｍｌ,-,-,200,11/15まで,-,-,-,-
4595643434412 ,カプセルセラム　クレンジングジェル,１５０ｇ,-,-,200,11/15まで,-,-,-,-
4595643434764 ,カプセルセラム　クレンジングオイルＶ,１５０ｍｌ,-,-,200,11/15まで,-,-,-,-
4580101200418 ,ｍｋＬＡＢ　高純度グルコサミン,１２０粒,-,-,200,11/15まで,-,-,-,-
4962307600122 ,ｍｋ　ノスポール　鎮咳カプセル,３６カプセル,-,-,200,11/15まで,-,-,-,-
4987973124956 ,ｍｋ　ファイティーＥＸ　３０ｍｌ×１０本,３０ｍｌ×１０本,-,-,200,11/15まで,-,-,-,-
4512274021903 ,パーフェクトワンＦ　スキンクリアジェルウォッシュ,１２０ｇ,-,-,200,10/15まで,-,-,-,-
4987028114963 ,エーザイ　新セルベール整胃プレミアム錠,７２錠,-,-,200,11/15まで,-,-,-,-
4571494386513 ,ＴＲＵＬＹＨＥＡＬＴＨＹビタミンＣゼリーレモン味,１４本,-,-,200,11/15まで,-,-,-,-
4571494386490 ,ＴＲＵＬＹＨＥＡＬＴＨＹカットゼリー濃厚ザクロ味,１４本,-,-,200,11/15まで,-,-,-,-
4571494386506 ,ＴＲＵＬＹＨＥＡＬＴＨＹスムースアウトゼリーアロエ,１４本,-,-,200,11/15まで,-,-,-,-
4987241171989 ,ロート製薬　Ｖロートプレミアム　アイ内服錠,８０錠,-,-,200,11/15まで,-,-,-,-
4547410566581 ,ＭＫ　ビフィズス菌・ＢＢ１２,３３本,-,-,200,11/15まで,-,-,-,-
4547410561340 ,富士フィルム　アスタリフトサプリホワイトシールド,６０粒＋６粒,-,-,200,11/15まで,-,-,-,-
4547410469707 ,富士フィルム　アスタリフトサプリホワイトシールド,６０粒,-,-,200,11/15まで,-,-,-,-
4547410576559 ,富士フィルム　アスタリフトホワイトシールド３３日分,６０粒＋６粒,-,-,200,11/15まで,-,-,-,-
4547410533194 ,富士フイルム　メタバリア　３０日分,１８０粒,-,-,200,11/15まで,-,-,-,-
4547410472417 ,富士フイルム　メタバリア葛の花イソフラボンＥＸ,１２０粒,-,-,200,11/15まで,-,-,-,-
4987072053591 ,小林製薬　ヘモリンド舌下錠　４０錠,４０錠,-,-,200,11/15まで,-,-,-,-
4987072100264 ,小林製薬　ミズナイン,６０錠,-,-,200,11/15まで,-,-,-,-
4987072099582 ,小林製薬　チラック　４５錠,４５錠,-,-,200,11/15まで,-,-,-,-
4562193141725 ,野口医学　イチョウ葉,６０粒,-,-,200,11/15まで,-,-,-,-
4562193141732 ,野口医学　ブルーベリー＆ルテインＥＸ,６０粒,-,-,200,11/15まで,-,-,-,-
4580635112577 ,ＭＢシャンプーゴールデンモイストＥＸ,４３０ＭＬ,-,-,200,11/15まで,-,-,-,-
4580635112584 ,ＭＢヘアトリートメントゴールデンモイストＥＸ,４３０ＭＬ,-,-,200,11/15まで,-,-,-,-
4580635112591 ,ＭＢヘアマスクゴールデンモイストＥＸ,１８０Ｇ,-,-,200,11/15まで,-,-,-,-
4902424453935 ,食品にも使えるアルコールスプレーナチュリア本体,５００ｍｌ,-,-,200,11/15まで,-,-,-,-
4987103050438 ,ＭＫ　ヘパリーゼＧＸ,１８０Ｔ,-,-,200,11/15まで,-,-,-,-
4580101208933 ,ｍｋＬＡＢ　ルテイン（機能性）大容量,６０粒,-,-,200,11/15まで,-,-,-,-
4580101208889 ,ｍｋＬＡＢ　サラシア,９０粒,-,-,200,11/15まで,-,-,-,-
4582751873110 ,ｍｋＬＡＢ　ＢＥＡＵＳＴＥＲ　ナイアシンアミド,９０粒,-,-,200,11/15まで,-,-,-,-
4582751871727 ,ｍｋＬＡＢ　免疫ケアプラズマ乳酸菌ストレスケア,６０粒,-,-,200,11/15まで,-,-,-,-
4511413408063 ,ＭＫ　ＤＨＣコラーゲンゼリーＥＸ,３３本,-,-,200,11/15まで,-,-,-,-
4511413408087 ,ＭＫ　ＤＨＣ１兆個の乳酸菌ゼリー,３０本,-,-,200,11/15まで,-,-,-,-
4580101205697 ,ｍｋＬＡＢ　ナノプラセンタゼリーグレープ味,３３包,-,-,200,11/15まで,-,-,-,-
4511413408070 ,ＭＫ　ＤＨＣプラセンタゼリーＥＸ,３０本,-,-,200,11/15まで,-,-,-,-
4987336768902 ,ｍｋ　アクティビタミンＥＸα,４５０錠,-,-,200,11/15まで,-,-,-,-
4987336767745 ,ｍｋ　アクティビタミンＧＸゴールド,９０錠,-,-,200,11/15まで,-,-,-,-
4573142072380 ,ＭＫ　ソイリズム　プレエクオール,９０粒,-,-,200,11/15まで,-,-,-,-
4987774255088 ,ｍｋ　エバレッシュＥＣ,８０包,-,-,200,11/15まで,-,-,-,-
4571607697758 ,ピクセラ　ルーセントセラム,３０ｍｌ,-,-,200,11/15まで,-,-,-,-
4589919569670 ,エイトザタラソシルキー＆リファインシャンプー,４７５ｍｌ,-,-,200,11/15まで,-,-,-,-
4589919569687 ,エイトザタラソシルキー＆リファイントリートメント,４７５ｍｌ,-,-,200,11/15まで,-,-,-,-
4589919569717 ,エイトザタラソシルキー＆リファインヘアオイル,１００ｍｌ,-,-,200,11/15まで,-,-,-,-
4580294850636 ,クナイプ　グーテルフト　バスソルト　Ｐ＆Ｍ　８５０,８５０ｇ,-,-,210,11/15まで,-,-,1480,3/31まで
4580294850964 ,クナイプ　グーテナハトバスソルトＨ＆Ｂ　８５０　Ｎ,８５０ｇ,-,-,210,11/15まで,-,-,-,-
4580294850018 ,クナイプ　バスソルト　オレンジ　８５０,８５０ｇ,-,-,210,11/15まで,-,-,-,-
4580294850056 ,クナイプ　バスソルト　ラベンダー８５０,８５０ｇ,-,-,210,11/15まで,-,-,-,-
4580294855242 ,クナイプ　グーテエアホールング　Ｊ＆Ａ　８５０,８５０ｇ,-,-,210,11/15まで,-,-,-,-
4580294850766 ,クナイプ　バスソルト　ユズ＆ジンジャー　８５０,８５０ｇ,-,-,210,11/15まで,-,-,-,-
4580294850742 ,クナイプ　バスソルト　ネロリ　８５０,８５０ｇ,-,-,210,11/15まで,-,-,-,-
4580294850674 ,クナイプ　バスソルト　バニラ＆ハニー　８５０,８５０ｇ,-,-,210,11/15まで,-,-,-,-
4580294850179 ,クナイプ　バスソルト　ユーカリ８５０,８５０ｇ,-,-,210,11/15まで,-,-,-,-
4580294850902 ,クナイプ　バスソルト　ハッピーＦＭ　Ｌ＆Ｊ　８５０,８５０ｇ,-,-,210,11/15まで,-,-,-,-
4580294850926 ,クナイプ　バスソルト　ローズマリー＆タイム　８５０,８５０ｇ,-,-,210,11/15まで,-,-,-,-
4580294851206 ,クナイプ　バスソルト　サンダルウッドの香り　８５０,８５０ｇ,-,-,210,11/15まで,-,-,-,-
4580294851916 ,クナイプ　バスソルト　ピースフルモーメント,８５０ｇ,-,-,210,11/15まで,-,-,-,-
4580294855440 ,クナイプ　ＢＳ　ハイビスカスフィグ　８５０,８５０ｇ,-,-,210,11/15まで,-,-,-,-
4580294855693 ,クナイプ　バスソルト　ホワイトバーチ　８５０ｇ,８５０ｇ,-,-,210,11/15まで,-,-,-,-
4580294851886 ,クナイプ　バスソルト　ピスタチオの香り　８５０,８５０ｇ,-,-,210,11/15まで,-,-,-,-
4973167539149 ,ＳＵ　ＢＣ　ゴールド　パウダーウォッシュ（ラージ）,２５．６ｇ,-,-,210,11/15まで,-,-,-,-
4901301448163 ,セグレタ　プレミア　高濃度美容液オイル,５０ｍｌ,-,-,220,11/15まで,-,-,1100,3/31まで
4580785296813 ,Ｙｕｎｔｈ　生ＶＡダーマ美容液トイストーリー,１ｍＬ×２８包,-,-,220,11/15まで,-,-,-,-
4580785297322 ,Ｙｕｎｔｈ　生ＶＡダーマ美容液　ポケモン,１ｍｌ×２８包,-,-,220,11/15まで,-,-,-,-
4908049699345 ,ファンケル　ディープクリア洗顔パウダーＺ,３０個,-,-,220,11/15まで,-,-,-,-
4901301447227 ,セグレタ　プレミア　凝縮美容液ＳＰ　ポンプ,２００ｍｌ,-,-,220,11/15まで,-,-,-,-
4901301447241 ,セグレタ　プレミア　質感変化ＴＲ,２００ｇ,-,-,220,11/15まで,-,-,-,-
4512274020616 ,パーフェクトワンＦ　ＶＣハイドラ　クリアＣＬオイル,１２０ｍｌ,-,-,220,10/15まで,-,-,-,-
4580785294727 ,Ｙｕｎｔｈ　生ＶＡダーマ美容液,１ｍＬ×２８包,-,-,220,11/15まで,-,-,-,-
4580314244971 ,プロアクティブ　スキンケアパッチ,３０枚,-,-,220,11/15まで,-,-,-,-
4987316094298 ,佐藤製薬　ＥＸムースウォッシュ,１５０ｇ,-,-,230,11/15まで,-,-,-,-
4987316094427 ,佐藤製薬　ＥＸムースウォッシュＤクリア,１５０ｇ,-,-,230,11/15まで,-,-,-,-
4512274015568 ,パーフェクトワンフォーカス　ＳＷジェル　替,８０ｇ,-,-,240,10/15まで,-,-,-,-
4512274015599 ,パーフェクトワンフォーカス　ＳＷジェル　ピュア　替,８０ｇ,-,-,240,10/15まで,-,-,-,-
4512274020432 ,パーフェクトワンＦ　ＶＣチャージ　Ｓマスク　３０枚,３０枚,-,-,240,10/15まで,-,-,-,-
4512274020975 ,パーフェクトワンＦ　ＶＣチャージ　Ｗマスク　３０枚,３０枚,-,-,240,10/15まで,-,-,-,-
4512274021378 ,パーフェクトワンＦ　ＶＣＣスムースマスク　３個Ｓ,７枚入×３個,-,-,240,10/15まで,-,-,-,-
4571607697765 ,ピクセラ　ファーミングフィラーセラム,３０ｍｌ,-,-,240,11/15まで,-,-,-,-
4595124057406 ,ｍｋ　イイサム　トーンアップクリーム,３２ｍＬ,-,-,240,11/15まで,-,-,-,-
4582751872861 ,ｍｋＬＡＢ　機能性コラーゲンウォーターケース,３５０ｍｌ×２４本,-,-,240,11/15まで,-,-,-,-
4582751872885 ,ｍｋＬＡＢ　機能性ヘスペリジンウォーターケース,３５０ｍｌ×２４本,-,-,240,11/15まで,-,-,-,-
4582751873486 ,ｍｋＬＡＢ　ＨＭＰＡ配合ウォーターケース,５００ｍｌ×２４本,-,-,240,11/15まで,-,-,-,-
4580101206731 ,ｍｋ　ＥＸＳＴＲＯＮＧエナジードリンク大容量ケース,４００ｍｌ×２４本,-,-,240,11/15まで,-,-,-,-
4580101208728 ,ｍｋ　ＥＸＳＴＲＯＮＧ　ＬＯＶＥ＆ＰＥＡＣＥケース,４００ｍｌ×２４本,-,-,240,11/15まで,-,-,-,-
4902705129511 ,明治ほほえみ　らくらくキューブ　８１０ｇ,８１０ｇ,-,-,250,10/15まで,-,-,-,-
4902705129610 ,明治ステップ　らくらくキューブ８４０ｇ,８４０ｇ,-,-,250,10/15まで,-,-,-,-
4987117670417 ,大鵬薬品　扁鵲,６０包,-,-,250,11/15まで,-,-,-,-
4582300066635 ,クレージュ　ＭＯクレンジングオイル,１８０ｍｌ,-,-,250,11/15まで,-,-,-,-
4582300066673 ,クレージュ　ＰＯクレンジングオイル,１８０ｍｌ,-,-,250,11/15まで,-,-,-,-
4582692462619 ,リシリアフレルカラーＴＲ　モカブラウン,２４０ｇ,-,-,250,11/15まで,-,-,-,-
4582692462626 ,リシリアフレルカラーＴＲ　ダークブラウン,２４０ｇ,-,-,250,11/15まで,-,-,-,-
4582692462589 ,リシリアフレルカラーＳＰ　モカブラウン,２４０ｍｌ,-,-,250,11/15まで,-,-,-,-
4582692462596 ,リシリアフレルカラーＳＰ　ダークブラウン,２４０ｍｌ,-,-,250,11/15まで,-,-,-,-
4582692462534 ,リシリアフレル　ＯステップカラークリームＳＰ　ＭＢ,２４０ｇ,-,-,250,11/15まで,-,-,-,-
4582692462527 ,リシリアフレル　ＯステップカラークリームＳＰ　ＤＢ,２４０ｇ,-,-,250,11/15まで,-,-,-,-
4582692462541 ,リシリアフレル　ＯステップカラークリームＳＰ　ＮＢ,２４０ｇ,-,-,250,11/15まで,-,-,-,-
4582692464392 ,リシリアフレルカラーＳＰ　ダークブラウン,２４０ｍｌ,-,-,250,11/15まで,-,-,-,-
4582692464408 ,リシリアフレルカラーＳＰ　モカブラウン,２４０ｍｌ,-,-,250,11/15まで,-,-,-,-
4582692463432 ,リシリアフレル　ＯＳカラークリームＳＰ　ミルキーＢ,２４０ｇ,-,-,250,11/15まで,-,-,-,-
4973167710548 ,アリィー　ＣＢＵＶヘアカラーＬ＆スタイリング　バー,３５ｇ,-,-,250,11/15まで,-,-,-,-
4571494387442 ,新谷酵素　夜遅いごはんでも　分解,１２０粒,-,-,250,11/15まで,-,-,-,-
4560264298811 ,新谷酵素　夜遅いごはんでも眠ってる間に２８日分,２８日分,-,-,250,11/15まで,-,-,-,-
4571494389774 ,新谷酵素　夜遅いごはんでも　Ｗクレンズボディメイク,３０回分,-,-,250,11/15まで,-,-,-,-
4560264299009 ,新谷酵素　夜遅いごはんでも　Ｗ菌活ボディメイク,３０回分,-,-,250,11/15まで,-,-,-,-
4987732020024 ,マグミット製薬　マグミットＫ,１００錠,-,-,250,11/15まで,-,-,-,-
4547410424034 ,ＭＫ　メタバリアプレミアムＥＸ,２４０粒,-,-,250,11/15まで,-,-,-,-
4547410525748 ,ＭＫ富士フイルム　メタバリアプレミアムＥＸ３０＋１,２４０粒＋８０粒,-,-,250,11/15まで,-,-,-,-
4547410547757 ,ＭＫ　メタバリアプレミアムＥＸ,３２０粒,-,-,250,11/15まで,-,-,-,-
4547410556162 ,ＭＫ　メタバリアプレミアムＥＸ＋葛の花ＥＸ,２４０粒＋６０粒,-,-,250,11/15まで,-,-,-,-
4547410563504 ,ＭＫ　メタバリアプレミアムＥＸ,３０日＋１０日分,-,-,250,11/15まで,-,-,-,-
4547410569681 ,ＭＫ　メタバリアプレミアムＥＸ　葛の花ＥＸ付き,２４０粒＋６０粒,-,-,250,11/15まで,-,-,-,-
4547410578997 ,ＭＫ　メタバリアプレミアムＥＸ（Ｎ）,３０日＋１０日分,-,-,250,11/15まで,-,-,-,-
4547410483864 ,ＭＫ　メタバリアプレミアムＥＸ,２５６粒,-,-,250,11/15まで,-,-,-,-
4987316094373 ,佐藤製薬　ＥＸクリームオイルクレンズ,１００ｇ,-,-,250,11/15まで,-,-,-,-
4987336772299 ,ｍｋ　アクティビタミンＥＸα,５４０錠,-,-,250,11/15まで,-,-,-,-
4524734128220 ,ＤＲシーラボ　ＶＣ１００　トライアルセット,＿,-,-,260,10/15まで,-,-,-,-
4908049557751 ,ファンケル　えんきん　４０日分,４０粒,-,-,260,11/15まで,-,-,-,-
4908049589219 ,ファンケル　えんきん　４４日分,４４粒,-,-,260,11/15まで,-,-,-,-
4589859285128 ,キリン　オルニチンＰＲＯ睡眠＆免疫ケア　１５日分,９０粒,-,-,260,11/15まで,-,-,-,-
4512274021989 ,パーフェクトワンＦ　スキンクリアピールセラム,３０ｍｌ,-,-,270,10/15まで,-,-,-,-
4571607698410 ,アンプレム　ケラチンショット　ＳＰ,４２０ｍＬ,-,-,270,11/15まで,-,-,-,-
4571607698427 ,アンプレム　ケラチンショット　ＴＲ,４２０ｇ,-,-,270,11/15まで,-,-,-,-
4571607698700 ,アンプレム　シルクショット　ＳＰ,４２０ｍＬ,-,-,270,11/15まで,-,-,-,-
4571607698717 ,アンプレム　シルクショット　ＴＲ,４２０ｇ,-,-,270,11/15まで,-,-,-,-
4987316091716 ,佐藤製薬　ユリアージュシカデイリージェルクリーム,３９ｇ,-,-,270,11/15まで,-,-,-,-
4901301455345 ,セグレタ　育毛エッセンス　本体,１５０ｍＬ,-,-,270,11/15まで,-,-,-,-
4901301455352 ,セグレタ　育毛エッセンス　つけかえ用,１５０ｍＬ,-,-,270,11/15まで,-,-,-,-
4512274021262 ,パーフェクトワンフォーカス　ＳクレンジングＢ　Ｎ,７５ｇ,-,-,270,10/15まで,-,-,-,-
4512274014745 ,パーフェクトワンフォーカス　Ｓクレンジングバーム,７５ｇ,-,-,270,10/15まで,-,-,-,-
4512274014738 ,パーフェクトワンフォーカス　Ｓウォータリージェル,９０ｇ,-,-,270,10/15まで,-,-,-,-
4512274015582 ,パーフェクトワンフォーカス　ＳＷジェル　ピュア,９０ｇ,-,-,270,10/15まで,-,-,-,-
4512274015612 ,パーフェクトワンフォーカス　ＳＣＬバーム　ピュア,７５ｇ,-,-,270,10/15まで,-,-,-,-
4512274015797 ,パーフェクトワンＦ　Ｓウォータリージェル応募券付き,９０ｇ,-,-,270,10/15まで,-,-,-,-
4512274015803 ,パーフェクトワンＦ　スムースＣＬバーム応募券付き,７５ｇ,-,-,270,10/15まで,-,-,-,-
4512274016398 ,パーフェクトワンフォーカス　ＣＬバームＶＣ７限定品,７５ｇ,-,-,270,10/15まで,-,-,-,-
4512274016411 ,パーフェクトワンＦ　Ｓクレンジングバーム増量限定品,７５ｇ＋１５ｇ,-,-,270,10/15まで,-,-,-,-
4512274016695 ,パーフェクトワンＦ　ピールオフクレンジングバーム,５０ｇ,-,-,270,10/15まで,-,-,-,-
4512274016770 ,パーフェクトワンＦ　クレンジングバーム　ジェル付,７５ｇ＋１５ｇ,-,-,270,10/15まで,-,-,-,-
4512274016862 ,パーフェクトワンＦ　Ｓクレンジングバーム　増量品,７５ｇ＋１５ｇ,-,-,270,10/15まで,-,-,-,-
4512274017227 ,パーフェクトワンＦ　Ｓクレジングバーム限定デザイン,７５ｇ,-,-,270,10/15まで,-,-,-,-
4512274017593 ,パーフェクトワンフォーカス　ＳＣＬバーム　ミニ付,＿,-,-,270,10/15まで,-,-,-,-
4512274017906 ,パーフェクトワンフォーカス　ＳＣＬバーム　ＤＢＫ,７５ｇ,-,-,270,10/15まで,-,-,-,-
4512274018576 ,パーフェクトワンＦ　Ｓクレンジングバーム　ミニ付,７５ｇ＋２５ｇ,-,-,270,10/15まで,-,-,-,-
4512274018712 ,パーフェクトワンフォーカス　ＳＣＬバーム　限定,７５ｇ,-,-,270,10/15まで,-,-,-,-
4512274018729 ,パーフェクトワンフォーカス　ＳＣＬバームＤＢＫ限定,７５ｇ,-,-,270,10/15まで,-,-,-,-
4512274019184 ,パーフェクトワンフォーカス　ＣＬバーム　ＣＰキット,７５ｇ,-,-,270,10/15まで,-,-,-,-
4512274019191 ,パーフェクトワンＦ　ＣＬバームＤＢＫ　ＣＰキット,７５ｇ,-,-,270,10/15まで,-,-,-,-
4512274019450 ,パーフェクトワンＦ　Ｓクレンジングバーム　増量Ｆ,＿,-,-,270,10/15まで,-,-,-,-
4512274019566 ,パーフェクトワンＦ　ＳＣＬバーム　ＢＫちいかわ限定,７５ｇ,-,-,270,10/15まで,-,-,-,-
4512274019573 ,パーフェクトワンＦ　ＳＣＬバーム　ちいかわ限定,７５ｇ,-,-,270,10/15まで,-,-,-,-
4512274020111 ,パーフェクトワンＦ　ＳＣＬバーム　ＤＢＫ　ＧＬ,７５ｇ,-,-,270,10/15まで,-,-,-,-
4512274020289 ,パーフェクトワンフォーカス　ＳクレンジングＢ　増量,７５ｇ＋１５ｇ,-,-,270,10/15まで,-,-,-,-
4512274020937 ,パーフェクトワンフォーカス　ＳＣＬバーム　サンリオ,７５ｇ,-,-,270,10/15まで,-,-,-,-
4512274020944 ,パーフェクトワンＦ　ＳＣＬバーム　ＤＢＫ　サンリオ,７５ｇ,-,-,270,10/15まで,-,-,-,-
4512274021200 ,パーフェクトワンフォーカス　ＳクレンジングＢ　増量,＿,-,-,270,10/15まで,-,-,-,-
4512274022139 ,パーフェクトワンＦ　ＳＣＬバーム　ＤＢＫ　ミニ付,７５ｇ＋２５ｇ,-,-,270,10/15まで,-,-,-,-
4512274022245 ,パーフェクトワンフォーカス　ＳクレンジングＢ　増量,＿,-,-,270,10/15まで,-,-,-,-
4512274021798 ,パーフェクトワンフォーカスＳＣＬバーム　カーミング,７５ｇ,-,-,270,10/15まで,-,-,-,-
4973167711958 ,アリィー　クロノビューティ　コンシーラーＵＶＢ／Ｏ,８．４ｇ,-,-,270,11/15まで,-,-,-,-
4589679341394 ,ボンパルム）ＳＰ＆ＴＲセット＋ヘアマスクサシェ付,３７０ｍＬ×２＋８ｇ×２,-,-,280,11/15まで,-,-,-,-
4987316091563 ,佐藤製薬　ユリアージュサーマルモイストローション,２５０ｍｌ,-,-,280,11/15まで,-,-,-,-
4589859280260 ,キリン　アレルバランス　鼻の不快感ケア　３０日分,６０粒,-,-,280,11/15まで,-,-,-,-
4908049698096 ,ファンケル　えんきんプレミアム　２０日分,４０粒,-,-,290,11/15まで,-,-,-,-
4595124057413 ,ｍｋ　イイサム　マルチパレット,１２ｇ,-,-,290,11/15まで,-,-,-,-
4987314120531 ,翠松堂　百毒下し,１１５２粒,-,-,300,11/15まで,-,-,-,-
4571607698496 ,アンプレム　ケラチンショットＳＰ＆ＴＲ　セット,４２０ｍＬ＋４２０ｇ,-,-,300,11/15まで,-,-,-,-
4571607698502 ,アンプレム　シルクショットＳＰ＆ＴＲ　セット,４２０ｍＬ＋４２０ｇ,-,-,300,11/15まで,-,-,-,-
4987910004495 ,ＭＫ　ユーグレナで快眠の習慣,３０日＋２日,-,-,300,11/15まで,-,-,-,-
4571494389866 ,新谷酵素　夜遅いごはんでも　ＧＯＬＤ＋,３０回分,-,-,300,11/15まで,-,-,-,-
4571494386308 ,新谷酵素　葛の花,３０回分,-,-,300,11/15まで,-,-,-,-
4987072070628 ,小林製薬　命の母Ａ,８４０錠,-,-,300,11/15まで,-,-,-,-
4987316094175 ,佐藤製薬　ＥＸザ・ローション（とてもしっとり）,１４５ｍｌ,-,-,300,11/15まで,-,-,-,-
4987316094182 ,佐藤製薬　ＥＸザ・ローション（しっとり）,１４５ｍｌ,-,-,300,11/15まで,-,-,-,-
4571537799867 ,ユーシモールホワイトＰ歯ブラシブーツスタンドセット,２本＋１個,-,-,300,11/15まで,-,-,-,-
4987910003191 ,ＭＫ　ワーキングメモリーでてきぱき習慣,３０粒,-,-,300,11/15まで,-,-,-,-
4987910003184 ,ＭＫ　ビフィズス菌で記憶の習慣,３０粒,-,-,300,11/15まで,-,-,-,-
4987045108587 ,ＭＫ　防風通聖散エキスＺ錠,４５０錠,-,-,300,11/15まで,-,-,-,-
4987103048329 ,ＭＫ　コンドロビーアップ錠（Ｎ）,３６０錠,-,-,300,11/15まで,-,-,-,-
4580101207981 ,ｍｋＬＡＢ　ＥＡＡ７８００パウダー,１９８ｇ,-,-,300,11/15まで,-,-,-,-
4580101201866 ,ｍｋＬＡＢ　アミノ３５００ゼリーケース,１２０ｇ×３０個,-,-,300,11/15まで,-,-,-,-
4582751873103 ,ｍｋＬＡＢ　ＢＥＡＵＳＴＥＲリポソーム＋持続型ＶＣ,３０包,-,-,300,11/15まで,-,-,-,-
4582751873097 ,ｍｋＬＡＢ　ＢＥＡＵＳＴＥＲ　持続型ビタミンＣ,１２０粒,-,-,300,11/15まで,-,-,-,-
4582751873134 ,ｍｋＬＡＢ　ＢＥＡＵＳＴＥＲ　グルタ酵母＋ＶＣ,１２０粒,-,-,300,11/15まで,-,-,-,-
4582751873127 ,ｍｋＬＡＢ　ＢＥＡＵＳＴＥＲ持続型ナイアシンアミド,９０粒,-,-,300,11/15まで,-,-,-,-
4582751873141 ,ｍｋＬＡＢ　ＢＥＡＵＳＴＥＲ　バクチオール＋ＶＣ,９０粒,-,-,300,11/15まで,-,-,-,-
4580101207028 ,ｍｋＬＡＢ免疫ケアプラズマ乳酸菌ｗｉｔｈユーグレナ,１８０粒,-,-,300,11/15まで,-,-,-,-
4580101209909 ,ｍｋＬＡＢ免疫ケアプラズマ乳酸菌ナットウキナーゼ,６０粒,-,-,300,11/15まで,-,-,-,-
4580101207349 ,ｍｋＬＡＢ　コラーゲンゼリーブルーベリー味Ｎ,３３包,-,-,300,11/15まで,-,-,-,-
4984372699887 ,ｍｋ　エバレッシュホワイトプレミアム１８０錠ｘ２,１８０錠ｘ２,-,-,300,11/15まで,-,-,-,-
4984372699702 ,ｍｋ　エバレッシュホワイトＥＸⅡ２７０錠ｘ２,２７０錠ｘ２,-,-,300,11/15まで,-,-,-,-
4987107631206 ,ＭＫ　ルルアタックＩＢエース（Ｎ）,４８錠,-,-,300,11/15まで,-,-,-,-
4907652428434 ,ｍｋ　ＥＸＳＴＲＯＮＧエナジードリンク　ケース,２５０ｍｌ×３０本,-,-,300,11/15まで,-,-,-,-
4907652428441 ,ｍｋ　ＥＸＳＴＲＯＮＧ　ＺＥＲＯエナジードリンク,２５０ｍｌ×３０本,-,-,300,11/15まで,-,-,-,-
4907652428465 ,ｍｋ　ＥＸＳＴＲＯＮＧ　ＬＯＶＥ＆ＰＥＡＣＥケース,２５０ｍｌ×３０本,-,-,300,11/15まで,-,-,-,-
4580101209862 ,ｍｋ　ＥＸＳＴＲＯＮＧフィットネスエナジーＧＣ,２５０ｍｌ×３０本,-,-,300,11/15まで,-,-,-,-
4580101209848 ,ｍｋ　ＥＸＳＴＲＯＮＧフィットネスエナジーＰＣ,２５０ｍｌ×３０本,-,-,300,11/15まで,-,-,-,-
4589859285081 ,キリン　オルニチン３０日分,１２０粒,-,-,300,11/15まで,-,-,-,-
4987103049333 ,ゼリア新薬　コンドロイチンＺＳ錠（Ｎ）１８０錠,１８０錠,-,-,310,11/15まで,-,-,-,-
4987316094199 ,佐藤製薬　ＥＸザ・エマルジョン（とてもしっとり）,１１８ｍｌ,-,-,320,11/15まで,-,-,-,-
4987316094205 ,佐藤製薬　ＥＸザ・エマルジョン（しっとり）,１１８ｍｌ,-,-,320,11/15まで,-,-,-,-
4580682137004 ,エトヴォス　エンリッチラッシュセラム,５ｍｌ,-,-,330,11/15まで,-,-,-,-
4987316091723 ,佐藤製薬　ユリアージュオーエッセンス,１００ｍｌ,-,-,340,11/15まで,-,-,-,-
4595124057475 ,ｍｋ　イイサム　リアルスキンクッション,８．５ｇ,-,-,340,11/15まで,-,-,-,-
4589859280154 ,キリン　ｉＭＵＳＥプラズマ乳酸菌サプリメント　３０,１２０粒,-,-,350,11/15まで,-,-,-,-
4580365200704 ,ユーグレナ　ＭＥＪ　Ｃ　ＣＯＦＦＥＥ,１００ｇ,-,-,360,11/15まで,-,-,-,-
4580314244537 ,プロアクティブ　リニューイングクレンザー,１２０ｇ,-,-,360,11/15まで,-,-,-,-
4580314244544 ,プロアクティブ　リフレッシングトナー,１２０ｍｌ,-,-,360,11/15まで,-,-,-,-
4908049688325 ,ファンケル　ウェルエイジプレミアム２０日,２０粒,-,-,370,11/15まで,-,-,-,-
4524734128206 ,ＤＲシーラボ　ＶＣ１００ＫＥＡＮＡＷフォーム　Ｎ,１２０ｍｌ,-,-,380,10/15まで,-,-,-,-
4987316092867 ,佐藤製薬　ＥＸリフトパックエステ,６０ｇ,-,-,380,11/15まで,-,-,-,-
4987316094137 ,佐藤製薬　ＥＸホワイトニングリンクルリペア,３０ｍｌ,-,-,380,11/15まで,-,-,-,-
4901301445292 ,セグレタ　プレミア　艶ときデタングルブラシ,１コ,-,-,400,11/15まで,-,-,1980,3/31まで
4987072090473 ,小林製薬　ビスラットゴールドＥＸａ　２８０錠,２８０錠,-,-,400,11/15まで,-,-,-,-
4902111785622 ,ラックスミラリスト２ｉｎ１オイルミストドリーミー,１００ｍｌ,-,-,400,11/15まで,-,-,-,-
4902111785639 ,ラックスミラリスト２ｉｎ１オイルミストブライト,１００ｍｌ,-,-,400,11/15まで,-,-,-,-
4902111785646 ,ラックスミラリスト２ｉｎ１オイルミストスパークル,１００ｍｌ,-,-,400,11/15まで,-,-,-,-
4570159427271 ,ＬＬ　オールラッシュセラム　プレミアムＲ,４．５ｍｌ,-,-,400,11/15まで,-,-,-,-
4987072039359 ,小林製薬　命の母ホワイト,３６０錠,-,-,400,11/15まで,-,-,-,-
4987103050445 ,ＭＫ　ヘパリーゼＧＸ,３６０Ｔ,-,-,400,11/15まで,-,-,-,-
4582751873615 ,ｍｋＬＡＢ　ＢＥＡＵＳＴＥＲエクソソームプラセンタ,６０粒,-,-,400,11/15まで,-,-,-,-
4903336792105 ,ｍｋＬＡＢ　コラーゲンパウダーＳＰ,２０１ｇ,-,-,400,11/15まで,-,-,-,-
4580101208230 ,ｍｋＬＡＢ　グルコシルセラミド顆粒,３０袋,-,-,400,11/15まで,-,-,-,-
4589859280192 ,キリン　ｉＭＵＳＥ免疫ケア＋マルチビタミン３０日分,３０粒,-,-,400,11/15まで,-,-,-,-
4987316091709 ,佐藤製薬　ユリアージュシカデイリーセラム,３０ｍｌ,-,-,420,11/15まで,-,-,-,-
4987316091754 ,佐藤製薬　ユリアージュトーンセラム,３０ｍｌ,-,-,420,11/15まで,-,-,-,-
4987316091761 ,佐藤製薬　ユリアージュモイスチャーセラム,３０ｍｌ,-,-,420,11/15まで,-,-,-,-
4580060010899 ,ビタブリッド　ターミナリアファースト　プロ５,１２０粒,-,-,430,11/15まで,-,-,-,-
4580060010509 ,ビタブリッド　ターミナリアファースト　プロ４,１２０粒,-,-,430,11/15まで,-,-,-,-
4987103049340 ,ゼリア新薬　コンドロイチンＺＳ錠（Ｎ）２７０錠,２７０錠,-,-,440,11/15まで,-,-,-,-
4987316091747 ,佐藤製薬　ユリアージュシカデイリークリーム,４７ｇ,-,-,450,11/15まで,-,-,-,-
4984372699573 ,ｍｋＬＡＢ免疫ケアプラズマ乳酸菌ｗｉｔｈユーグレナ,９０粒×３個パック,-,-,450,11/15まで,-,-,-,-
4987316094212 ,佐藤製薬　ＥＸザ・クリーム,４０ｇ,-,-,460,11/15まで,-,-,-,-
4524734128473 ,ＤＲシーラボ　ＶＣ１００ＥＬＥＸⅡ　フェイスマスク,２０枚,-,-,480,10/15まで,-,-,-,-
4897036690024 ,モンスター　エナジー　ケース,３５５ｍｌ×２４,-,-,480,11/15まで,-,-,-,-
4897036692240 ,モンスター　パイプラインパンチ　ケース,３５５ｍｌ×２４,-,-,480,11/15まで,-,-,-,-
4897036690062 ,モンスター　ゼロシュガー　ケース,３５５ｍｌ×２４,-,-,480,11/15まで,-,-,-,-
4897036693414 ,モンスター　マンゴーロコ　ケース,３５５ｍｌ×２４,-,-,480,11/15まで,-,-,-,-
4897036690895 ,モンスター　ウルトラ　ケース,３５５ｇ×２４,-,-,480,11/15まで,-,-,-,-
4897036692714 ,モンスター　ウルトラパラダイス　ケース,３５５ｍｌ×２４,-,-,480,11/15まで,-,-,-,-
4897036694473 ,モンスター　ウルトラ　ピーチーキーン　ケー,３５５ｇ×２４,-,-,480,11/15まで,-,-,-,-
4897036694763 ,モンスター　ウルトラバイオレット　ケース,３５５ｍｌ×２４,-,-,480,11/15まで,-,-,-,-
4897036694053 ,モンスター　パピヨン　ケース,３５５ｍｌ×２４,-,-,480,11/15まで,-,-,-,-
4897036695197 ,モンスター　ウルトラファンタジールビーレッド　Ｃ,３５５ｍｌ×２４,-,-,480,11/15まで,-,-,-,-
4589859285135 ,キリン　オルニチンＰＲＯ　睡眠＆免疫ケア　３０日分,１８０粒,-,-,490,11/15まで,-,-,-,-
4987306058040 ,大正製薬　リアップＸ５チャージ,６０ｍｌ,-,-,500,11/15まで,-,-,-,-
4582751873516 ,ｍｋＬＡＢ　アルギニン＋シトルリン３０００ゼリー,３０包,-,-,500,11/15まで,-,-,-,-
4580101203778 ,ｍｋＬＡＢ　体脂肪サポートスムージー　ベリー,２０包,-,-,500,11/15まで,-,-,-,-
4580101203761 ,ｍｋＬＡＢ　体脂肪サポートスムージーマンゴー,２０包,-,-,500,11/15まで,-,-,-,-
4582751873165 ,ｍｋＬＡＢ　ＢＥＡＵＳＴＥＲ　ＮＭＮ７５００,１５包,-,-,500,11/15まで,-,-,-,-
4987973129579 ,ＭＫ　リザレックコーワα５,９０ｍｌ×２,-,-,500,11/15まで,-,-,-,-
4908049561178 ,ファンケル　えんきん　８０日分,８０粒,-,-,510,11/15まで,-,-,-,-
4987316094168 ,佐藤製薬　ＥＸホワイトニングリンクルリペア,５０ｍｌ,-,-,530,11/15まで,-,-,-,-
4580314244667 ,プロアクティブ　トライアルセット,セット,-,-,540,11/15まで,-,-,-,-
4524734128190 ,ＤＲシーラボ　ＶＣ１００ＨピールＫＥＡＮＡＣＬ　Ｎ,１５０ｇ,-,-,580,10/15まで,-,-,-,-
4908049698102 ,ファンケル　えんきんプレミアム　４０日分,８０粒,-,-,580,11/15まで,-,-,-,-
4589859280277 ,キリン　ｉＭＵＳＥ免疫ケア・疲労感ダウン３０日,６０粒,-,-,580,11/15まで,-,-,-,-
4987072056424 ,小林製薬　ナイシトールＺａ　４２０錠,４２０錠,-,-,600,11/15まで,-,-,-,-
4984372685521 ,ＭＫ　コンドロビーアップ錠　３６０錠×２,３６０錠×２,-,-,600,11/15まで,-,-,-,-
4580101209916 ,ｍｋＬＡＢ免疫ケアプラズマ乳酸菌ナットウキナーゼ,１２０粒,-,-,600,11/15まで,-,-,-,-
4589859285104 ,キリン　オルニチンＰＲＯ３０日分,１８０粒,-,-,600,11/15まで,-,-,-,-
4589859280246 ,キリン　ｉＭＵＳＥプラズマ乳酸菌サプリメント６０日,２４０粒,-,-,650,11/15まで,-,-,-,-
4524734128138 ,ＤＲシーラボＶＣ１００ＥローションＥＸＶ１００ｍｌ,１００ｍｌ,-,-,700,10/15まで,-,-,-,-
4524734128053 ,ＤＲシーラボ　ＶＣ１００エマルジョンＥＸ１００ｍｌ,１００ｍｌ,-,-,700,10/15まで,-,-,-,-
4524734395592 ,ＤＲシーラボ　ＶＣ１００Ｅローション１００ｍｌ＋１,１００ｍｌ＋１４ｍｌ,-,-,700,10/15まで,-,-,-,-
4987306030220 ,大正製薬　リポビタンＤＸ,２７０錠,-,-,700,11/15まで,-,-,-,-
4987028146643 ,エーザイ　ナボリンＳ,１８０錠,-,-,750,11/15まで,-,-,-,-
4589859280284 ,キリン　ｉＭＵＳＥ免疫ケア＋マルチビタミン６０日分,６０粒,-,-,800,11/15まで,-,-,-,-
4987732020031 ,マグミット製薬　マグミットＫ,３６０錠,-,-,800,11/15まで,-,-,-,-
4984372685507 ,ＭＫ　ヘパリーゼＧＸ　３６０錠×２,３６０錠×２,-,-,800,11/15まで,-,-,-,-
4987103049852 ,ゼリア新薬　コンドロイチンＺＳ錠（Ｎ）２７０錠,２７０錠×２個パック,-,-,900,11/15まで,-,-,-,-
4984372710049 ,ＭＫ　コンドロイチンＺＳ錠（Ｎ）,２７０錠×２,-,-,900,11/15まで,-,-,-,-
4580101209817 ,ｍｋＬＡＢ　プロテインゼリーケース,３００ｇ×３０個,-,-,900,11/15まで,-,-,-,-
4984372710186 ,ｍｋＬＡＢ免疫ケアプラズマ乳酸菌ナットウキナーゼ,６０粒×３個パック,-,-,900,11/15まで,-,-,-,-
4524734128534 ,ＤＲシーラボ　クリニシールドＵＶスキンケア３０ｇ,３０ｇ,-,-,960,10/15まで,-,-,-,-
4524734128091 ,ＤＲシーラボ　ＶＣ１００エッセンスローションＥＸＶ,１５０ｍｌ,-,-,980,10/15まで,-,-,-,-
4524734394731 ,ＤＲシーラボ　ＶＣ１００ＥＬ＋Ｅ　セラムパウチ付,＿,-,-,980,10/15まで,-,-,-,-
4524734394250 ,ＭＫ　ＤＲシーラボ　ＶＣ１００Ｌ＆Ｌミニ　ＣＬＰ付,＿,-,-,980,10/15まで,-,-,-,-
4524734128060 ,ＤＲシーラボ　ＶＣ１００エマルジョンＥＸ,１５０ｍｌ,-,-,980,10/15まで,-,-,-,-
4524734395608 ,ＤＲシーラボ　ＶＣ１００ＥローションＥＸＶ＋１４ｍ,１５０ｍｌ＋１４ｍｌ,-,-,980,10/15まで,-,-,-,-
4524734128565 ,ＤＲシーラボ　クリニピールエッセンス３０ｍｌ,３０ｍｌ,-,-,1000,10/15まで,-,-,-,-
4987379804612 ,ＭＫ　メタバリアプレミアムＥＸ４個パック,２５６粒　４個パック,-,-,1000,11/15まで,-,-,-,-
4582751872762 ,ｍｋＬＡＢ　セサミン＋ビタミンＥ,２７０粒,-,-,1000,11/15まで,-,-,-,-
4582751873158 ,ｍｋＬＡＢ　ＢＥＡＵＳＴＥＲ　ＮＭＮ１８０００,３６包,-,-,1000,11/15まで,-,-,-,-
4984372685538 ,ＭＫ　コンドロビーアップ錠　３６０錠×４,３６０錠×４,-,-,1200,11/15まで,-,-,-,-
4582751872755 ,ｍｋＬＡＢ　セサミン＋ビタミンＥ,１８０粒,-,-,1400,11/15まで,-,-,-,-
4524734128213 ,ＤＲシーラボ　ＶＣ１００　ダブルリペアセラム　ＲＮ,３０ｍｌ,-,-,1440,10/15まで,-,-,-,-
4987306061910 ,大正製薬　リアップＸ５チャージ企画,６０ｍｌ×２,-,-,1500,11/15まで,-,-,-,-
4524734128152 ,ＤＲシーラボ　ＶＣ１００ＥローションＥＸスペシャル,１５０ｍｌ,-,-,1530,10/15まで,-,-,-,-
4984372685514 ,ＭＫ　ヘパリーゼＧＸ　３６０錠×４,３６０錠×４,-,-,1600,11/15まで,-,-,-,-
4971710644395 ,ＭＫ雪肌精ブライトクリアパウダーウォッシュ,０．６ｇ,-,-,-,-,5,10/15まで,-,-
4971710614763 ,薬用雪肌精ＢＲデイケア　アドバンス,３５ｇ,-,-,-,-,5,10/15まで,-,-
4971710625073 ,薬用雪肌精ＢＲデイケア　アドバンスキット,－,-,-,-,-,5,10/15まで,-,-
4909978251833 ,ＥＩトータルＶファーミングクリームｃａ,５０ｇ,-,-,-,-,5,11/15まで,-,-
4909978251840 ,ＥＩトータルＶファーミングクリームｃａ（ツケカエ）,５０ｇ,-,-,-,-,5,11/15まで,-,-
4909978204921 ,エリクシール　ザ　セラム　ＡＡ,５０ｍｌ,-,-,-,-,5,11/15まで,-,-
4909978204938 ,エリクシール　ザ　セラム　ＡＡ　レフィル,５０ｍｌ,-,-,-,-,5,11/15まで,-,-
4909978282509 ,ＥＩ　セラムタイカンＳ　ＡＬ　ＣＡ,５０ｍｌ,-,-,-,-,5,11/15まで,-,-
4909978263096 ,ＥＩ　セラムタイカンＳ　ＡＳ　ＢＢ,５０ｍｌ,-,-,-,-,5,11/15まで,-,-
4909978224783 ,ＥＩ　セラムタイカンＳ　ＡＬ　ＢＡ,５０ｍｌ,-,-,-,-,5,11/15まで,-,-
4909978281892 ,ＥＩ　リフトモイストロ－シヨンマスクＣＡ,１７０ｍｌ,-,-,-,-,5,11/15まで,-,-
4909978299071 ,ＥＩ　リフトモイストロ－シヨンマスクＣＡツメカエヨ,１５０ｍｌ,-,-,-,-,5,11/15まで,-,-
4580632123477 ,エムキュア　ＤＭ＆リペア　Ｍセラム付　企画２６ＡＷ,４５０ｍｌ×２＋２ｍｌ６,-,-,-,-,5,11/15まで,-,-
4580632123460 ,ＭＱＵＲＥ　ＭリペアＳＰ＆ＴＲコーム付企画品,３８０ｍｌ×２,-,-,-,-,5,11/15まで,-,-
4955814722692 ,ザ・レチノタイム　エンハンスドセラム,５０ｍｌ,-,-,-,-,5,11/15まで,-,-
4955814726621 ,ザ・レチノタイムリンクルリップエッセンス増量品,１０ｇ,-,-,-,-,5,11/15まで,-,-
4971710296525 ,レシピオ　モイストエマルジョン,１００ｍＬ,-,-,-,-,5,11/15まで,-,-
4971710583779 ,レシピオ薬用モイストリペアリップクリーム,２．８ｇ,-,-,-,-,5,11/15まで,-,-
4971710296518 ,レシピオ　モイストクリーム,４０ｇ,-,-,-,-,5,11/15まで,-,-
4971710555998 ,レシピオモイストウォッシングフォームレフィル,１８０ｍＬ,-,-,-,-,5,11/15まで,-,-
4971710556049 ,レシピオ　モイストエマルジョンレフィル,９０ｍＬ,-,-,-,-,5,11/15まで,-,-
4971710296556 ,レシピオ　モイストウォッシングフォーム,２００ｍＬ,-,-,-,-,5,11/15まで,-,-
4971710296235 ,レシピオ　モイストクレンジングオイルジェル,１３０ｇ,-,-,-,-,5,11/15まで,-,-
4971710546637 ,レシピオ　モイストシートマスク４マイ,２３ｍＬ×４枚,-,-,-,-,5,11/15まで,-,-
4971710556032 ,レシピオ　モイストローションＲレフィル,１３０ｍＬ,-,-,-,-,5,11/15まで,-,-
4971710296549 ,レシピオ　モイストローションＲ,１５０ｍＬ,-,-,-,-,5,11/15まで,-,-
4971710594973 ,レシピオモイストＵＶクリーム,５０ｇ,-,-,-,-,5,11/15まで,-,-
4971710556025 ,レシピオ　モイストローションＭレフィル,１３０ｍＬ,-,-,-,-,5,11/15まで,-,-
4971710296532 ,レシピオ　モイストローションＭ,１５０ｍＬ,-,-,-,-,5,11/15まで,-,-
4971710613735 ,レシピオ　薬用　バランシングリペアセラム,４０ｍＬ,-,-,-,-,5,11/15まで,-,-
4971710613742 ,レシピオ　トライアルセット,＿,-,-,-,-,5,11/15まで,-,-
4971710546620 ,レシピオ　モイストシートマスク,２３ｍＬ,-,-,-,-,5,11/15まで,-,-
4971710572766 ,レシピオモイストローションＲウルオイキットａ,＿,-,-,-,-,5,11/15まで,-,-
4971710554632 ,レシピオモイストローションＲうるおいキット,＿,-,-,-,-,5,11/15まで,-,-
4971710634495 ,レシピオトーンアップＵＶクリーム,４０ｇ,-,-,-,-,5,11/15まで,-,-
4971710639858 ,レシピオ　薬用モイストリペアハンドクリーム,５０ｇ,-,-,-,-,5,11/15まで,-,-
4971710583755 ,レシピオ　リッチモイストエッセンスミルクＬ,４１０ｍＬ,-,-,-,-,5,11/15まで,-,-
4971710583762 ,レシピオ　リッチモイストエッセンスミルク,２００ｍＬ,-,-,-,-,5,11/15まで,-,-
4971710298734 ,レシピオモイストＵＶミルク,５０ｍＬ,-,-,-,-,5,11/15まで,-,-
4971710575361 ,レシピオモイストＵＶミルクラージ,６０ｍＬ,-,-,-,-,5,11/15まで,-,-
4971710623703 ,レシピオモイストＵＶミルクｎ,６０ｇ,-,-,-,-,5,11/15まで,-,-
4580632121022 ,エムキュア　ディープモイスト＆リペア　ＳＰ,４５０ｍｌ,-,-,-,-,5,11/15まで,-,-
4580632121077 ,エムキュア　ディープモイスト＆リペアＳＰ　詰替,３６０ｍｌ,-,-,-,-,5,11/15まで,-,-
4580632121084 ,エムキュア　ディープモイスト＆リペアＴＲ　詰替,３６０ｍｌ,-,-,-,-,5,11/15まで,-,-
4580632123170 ,エムキュア　ＤＭ＆リペア　ヘアマスク,２００ｇ,-,-,-,-,5,11/15まで,-,-
4580632121039 ,エムキュア　ディープモイスト＆リペア　ＴＲ,４５０ｍｌ,-,-,-,-,5,11/15まで,-,-
4580632123286 ,ＭＱＵＲＥ　リフレッシュ＆モイスト　企画品,４５０ｍｌ×２＋２×６,-,-,-,-,5,11/15まで,-,-
4580632121800 ,エムキュア　ＤＭ＆リペア　モレキュラー付き企画品,４５０ｍｌ×２＋９０ｍｌ,-,-,-,-,5,11/15まで,-,-
4580632123262 ,ＭＱＵＲＥディープモイスト＆リペア　企画品,４５０ｍｌ×２＋２ｍｌ×,-,-,-,-,5,11/15まで,-,-
4580632123163 ,エムキュアリフレッシュ＆モイスト企画品,４５０ｍｌ＋１５ｍｌ,-,-,-,-,5,11/15まで,-,-
4580632121398 ,エムキュア　Ｄモイスト＆リペアＳＰ＆ＴＲ２０２４春,４５０ｍｌ×２,-,-,-,-,5,11/15まで,-,-
4580632121343 ,エムキュア　ディープモイスト＆リペア　ＳＰ＆ＴＲ,４５０ｍｌ×２,-,-,-,-,5,11/15まで,-,-
4580632121121 ,エムキュア　ディープモイスト＆リペア　ペア企画品,４５０ｍｌ×２＋９０ｍｌ,-,-,-,-,5,11/15まで,-,-
4580632121350 ,エムキュア　モレキュラーヘアセラム,５０ｍｌ,-,-,-,-,5,11/15まで,-,-
4580632121367 ,エムキュア　モレキュラーヘアセラム,１５ｍｌ,-,-,-,-,5,11/15まで,-,-
4580632123446 ,ＭＱＵＲＥ　モレキュラーリペアＳＰ＆ＴＲ　企画,３８０ｍｌ×２＋２×６,-,-,-,-,5,11/15まで,-,-
4580632123392 ,エムキュア　モレキュラーリペアシャンプー,３８０ｍｌ,-,-,-,-,5,11/15まで,-,-
4580632123408 ,エムキュア　モレキュラーリペアトリートメント,３８０ｍｌ,-,-,-,-,5,11/15まで,-,-
4580632123415 ,エムキュア　モレキュラーリペアシャンプー　詰替,３３０ｍｌ,-,-,-,-,5,11/15まで,-,-
4580632123422 ,エムキュア　モレキュラーリペアＴＲ　詰替,３３０ｍｌ,-,-,-,-,5,11/15まで,-,-
4580632123439 ,エムキュア　モレキュラーリペアＳＰ＆ＴＲトライアル,１０ｍｌ×２,-,-,-,-,5,11/15まで,-,-
4580632123453 ,エムキュア　ＭリペアＳＰ＆ＴＲ　企画品２０２６ＳＳ,３８０ｍｌ×２,-,-,-,-,5,11/15まで,-,-
4580632123248 ,エムキュア　水素トリートメント,１３ｇ×４,-,-,-,-,5,11/15まで,-,-
4580632123385 ,ＭＱＵＲＥ　水素＋モレキュラーセット,１３ｇ＋２ｍｌ×２,-,-,-,-,5,11/15まで,-,-
4580632121008 ,エムキュア　薬用スカルプケア＆モイスト　ＳＰ,４５０ｍｌ,-,-,-,-,5,11/15まで,-,-
4580632121053 ,エムキュア　薬用スカルプケア＆モイストＳＰ　詰替,３６０ｍｌ,-,-,-,-,5,11/15まで,-,-
4580632121060 ,エムキュア　薬用スカルプケア＆モイストＴＲ　詰替,３６０ｍｌ,-,-,-,-,5,11/15まで,-,-
4580632121015 ,エムキュア　薬用スカルプケア＆モイスト　ＴＲ,４５０ｍｌ,-,-,-,-,5,11/15まで,-,-
4580632121046 ,エムキュア　薬用スカルプエッセンス,１５０ｍｌ,-,-,-,-,5,11/15まで,-,-
4580632121794 ,エムキュア　薬用ＳＣ＆Ｍ　モレキュラー付き企画品,４５０ｍｌ×２＋２ｍｌ×,-,-,-,-,5,11/15まで,-,-
4580632123255 ,ＭＱＵＲＥ薬用スカルプケア＆モイスト　企画品,４５０ｍｌ×２＋２ｍｌ×,-,-,-,-,5,11/15まで,-,-
4580632121381 ,エムキュア　薬用スカルプ　ＳＰ＆ＴＲ　２０２４春,４５０ｍｌ×２,-,-,-,-,5,11/15まで,-,-
4580632121336 ,エムキュア　薬用スカルプ　ＳＰ＆ＴＲ,４５０ｍｌ×２,-,-,-,-,5,11/15まで,-,-
4580632121114 ,エムキュア　薬用スカルプケア＆モイスト　ペア企画品,４５０ｍｌ×２＋５０ｍｌ,-,-,-,-,5,11/15まで,-,-
4580632123194 ,エムキュアスカルプケア＆モイストドライスプレ－,９５ｇ,-,-,-,-,5,11/15まで,-,-
4580632123200 ,エムキュアスカルプケア＆モイストドライスプレ－,４０ｇ,-,-,-,-,5,11/15まで,-,-
4580632123224 ,エムキュアスカルプ＆モイスト　ドライスプレ－無香料,４０ｇ,-,-,-,-,5,11/15まで,-,-
4580632123217 ,エムキュアスカルプ＆モイスト　ドライスプレ－無香料,９５ｇ,-,-,-,-,5,11/15まで,-,-
4580632130659 ,エムキュアダーマバイ　ＰＤセラム　２,３５ｍｌ,-,-,-,-,5,11/15まで,-,-
4580632130635 ,エムキュアダーマバイ　ＰＤクリーム,３０ｇ,-,-,-,-,5,11/15まで,-,-
4580632130604 ,エムキュアダーマバイ　自己発泡オーロラクレンジング,１２０ｍｌ,-,-,-,-,5,11/15まで,-,-
4580632130628 ,エムキュアダーマバイ　ハイドロローション,１５０ｍｌ,-,-,-,-,5,11/15まで,-,-
4580632130611 ,エムキュアダーマバイ　ピンククレイウォッシュ,１００ｇ,-,-,-,-,5,11/15まで,-,-
4580632130642 ,エムキュアダーマバイ　ＰＤセラム　１,３５ｍｌ,-,-,-,-,5,11/15まで,-,-
4580632130666 ,エムキュアダーマバイ　カプセルショット１ＲＥ＆ＮＩ,３．５ｍｌ,-,-,-,-,5,11/15まで,-,-
4580632130703 ,エムキュアダーマバイ　カプセルショット５ＧＬ＆ＥＸ,３．５ｍｌ,-,-,-,-,5,11/15まで,-,-
4580632130680 ,エムキュアダーマバイ　カプセルショット３ＡＺ＆ＶＩ,３．５ｍｌ,-,-,-,-,5,11/15まで,-,-
4580632130673 ,エムキュアダーマバイ　カプセルショット２ＧＬ＆ＧＡ,３．５ｍｌ,-,-,-,-,5,11/15まで,-,-
4580632130697 ,エムキュアダーマバイ　カプセルショット４ＡＲ＆ＰＡ,３．５ｍｌ,-,-,-,-,5,11/15まで,-,-
4580632130710 ,ＭＱＵＲＥダーマバイＰＤセラム１＆カプセル２セット,３５ｍｌ＋３．５ｍｌ,-,-,-,-,5,11/15まで,-,-
4580632130727 ,ＭＱＵＲＥダーマバイＰＤセラム１＆カプセル４セット,３５ｍｌ＋３．５ｍｌ,-,-,-,-,5,11/15まで,-,-
4955814713386 ,ザ・レチノタイム　リンクルモイストクリーム,１００ｇ,-,-,-,-,5,11/15まで,-,-
4955814704711 ,ザ・レチノタイムリンクルクリーム,３０ｇ,-,-,-,-,5,11/15まで,-,-
4955814704704 ,ザ・レチノタイム　リンクルパワーセラム,３０ｇ,-,-,-,-,5,11/15まで,-,-
4955814705336 ,ザ・レチノタイムプレミアムリンクルマスク,１枚,-,-,-,-,5,11/15まで,-,-
4955814704650 ,ザ・レチノタイム　クレンジング＆マッサージクリーム,１８０ｇ,-,-,-,-,5,11/15まで,-,-
4955814704728 ,ザ・レチノタイム　リンクルデイミルク　ＵＶ,３０ｍｌ,-,-,-,-,5,11/15まで,-,-
4955814705312 ,ザ・レチノタイム　リンクルローションＲＭつめかえ,１５０ｍｌ,-,-,-,-,5,11/15まで,-,-
4955814704667 ,ザ・レチノタイム　ウォッシングフォーム,１２０ｇ,-,-,-,-,5,11/15まで,-,-
4955814704698 ,ザ・レチノタイム　リンクルミルク,１２５ｍｌ,-,-,-,-,5,11/15まで,-,-
4955814705329 ,ザ・レチノタイム　リンクルミルクつめかえ,１２０ｍｌ,-,-,-,-,5,11/15まで,-,-
4955814721916 ,ザ・レチノタイム　リンクルカバーデイクリーム,４５ｇ,-,-,-,-,5,11/15まで,-,-
4955814705305 ,ザ・レチノタイム　リンクルローションＭつめかえ,１５０ｍｌ,-,-,-,-,5,11/15まで,-,-
4955814704759 ,ザ・レチノタイム　トライアルローション＆ミルクＲＭ,３０ｍｌ＋２０ｍｌ,-,-,-,-,5,11/15まで,-,-
4955814704681 ,ザ・レチノタイム　リンクルローションリッチモイスト,１６０ｍｌ,-,-,-,-,5,11/15まで,-,-
4955814704674 ,ザ・レチノタイム　リンクルローションモイスト,１６０ｍｌ,-,-,-,-,5,11/15まで,-,-
4955814704742 ,ザ・レチノタイム　トライアルローション＆ミルクＭ,３０ｍｌ＋２０ｍｌ,-,-,-,-,5,11/15まで,-,-
4955814704735 ,ザ・レチノタイム　トライアルＣ＆ウォッシングＦ,２５ｇ＋２０ｇ,-,-,-,-,5,11/15まで,-,-
4955814146719 ,ザ・レチノタイム　ビューティクリアコットン,８０枚,-,-,-,-,5,11/15まで,-,-
4955814718619 ,ザ・レチノタイムリンクルローションＲＭ＆ミルクペア,１６０ｍｌ＋１２５ｍｌ,-,-,-,-,5,11/15まで,-,-
4955814713546 ,ザ・レチノタイム　リンクルローションＲＭ　増量品,２００ｍｌ,-,-,-,-,5,11/15まで,-,-
4955814718602 ,ザ・レチノタイム　リンクルローションＭ＆ミルクペア,１６０ｍｌ＋１２５ｍｌ,-,-,-,-,5,11/15まで,-,-
4955814717582 ,ザ・レチノタイム　デイミルクＤ　ＡＵ＆ＴＩ,３０ｍｌ,-,-,-,-,5,11/15まで,-,-
4955814717421 ,ザ・レチノタイム　デイミルクＤ　ＡＲ＆ＲＰ,３０ｍｌ,-,-,-,-,5,11/15まで,-,-
4955814713539 ,ザ・レチノタイム　リンクルローションＭ　増量品,２００ｍｌ,-,-,-,-,5,11/15まで,-,-
4955814713379 ,ザ・レチノタイム　リンクルハンドクリーム,６０ｇ,-,-,-,-,5,11/15まで,-,-
4955814720650 ,ザ・レチノタイム　リンクルハンドクリーム　増量品,７５ｇ,-,-,-,-,5,11/15まで,-,-
4955814721510 ,ザ・レチノタイム　リンクルリペアハンドクリーム,５０ｇ,-,-,-,-,5,11/15まで,-,-
4955814714741 ,ザ・レチノタイムＷ　プレミアムホワイトニングマスク,３０ｍｌ,-,-,-,-,5,11/15まで,-,-
4955814721466 ,ザ・レチノタイムＷ　ホワイトニングモイストクリーム,１００ｇ,-,-,-,-,5,11/15まで,-,-
4955814719982 ,ザ・レチノタイムＷ　デイミルクＵＶ　クリアブルー,３０ｍｌ,-,-,-,-,5,11/15まで,-,-
4955814714710 ,ザ・レチノタイムホワイト　ホワイトニングエッセンス,５０ｍｌ,-,-,-,-,5,11/15まで,-,-
4955814714727 ,ザ・レチノタイムＷ　ホワイトニング　デイミルクＵＶ,３０ｍｌ,-,-,-,-,5,11/15まで,-,-
4955814717667 ,ザ・レチノタイムホワイト　クリアローションつめかえ,１５０ｍｌ,-,-,-,-,5,11/15まで,-,-
4955814713973 ,ザ・レチノタイムホワイト　クリアローション,１６０ｍｌ,-,-,-,-,5,11/15まで,-,-
4955814716264 ,ザ・レチノタイムホワイト　ホワイトニングローション,１６０ｍｌ,-,-,-,-,5,11/15まで,-,-
4955814717674 ,ザ・レチノタイムホワイト　ローション　つめかえ,１５０ｍｌ,-,-,-,-,5,11/15まで,-,-
4955814713980 ,ザ・レチノタイムＷ　ホワイトニングトリートＭミルク,１２５ｍｌ,-,-,-,-,5,11/15まで,-,-
4955814717681 ,ザ・レチノタイムホワイト　Ｔミルク　つめかえ,１２０ｍｌ,-,-,-,-,5,11/15まで,-,-
4955814717599 ,ザ・レチノタイムホワイト　デイミルクＤ　ＢＬ＆ＭＬ,３０ｍｌ,-,-,-,-,5,11/15まで,-,-
4955814717414 ,ザ・レチノタイムホワイト　デイミルクＤ　ＣＮ＆ＪＳ,３０ｍｌ,-,-,-,-,5,11/15まで,-,-
4955814718404 ,ザ・レチノタイムホワイトローションＣＬ＆コットン付,１６０ｍｌ,-,-,-,-,5,11/15まで,-,-
4955814718411 ,ザ・レチノタイムホワイト　ＴミルクＣＬ＆コットン付,１２５ｍｌ,-,-,-,-,5,11/15まで,-,-
4955814704902 ,ザ・レチノタイムリンクルリップエッセンス,８ｇ,-,-,-,-,5,11/15まで,-,-
4955814718459 ,ザ・レチノタイムリップエッセンスプランパー　ピンク,８ｇ,-,-,-,-,5,11/15まで,-,-
4955814720339 ,ザ・レチノタイムリップエッセンスプランパー　レッド,８ｇ,-,-,-,-,5,11/15まで,-,-
4955814723040 ,ザ・レチノタイムリップエッセンスプランパーブラウン,８ｇ,-,-,-,-,5,11/15まで,-,-
4973167024454 ,ＤＥＷ　ブライトオーラローション　セットａ,１７８ｍｌ,-,-,-,-,10,10/15まで,-,-
4973167525036 ,ＤＥＷ　アフターグロウドロップ　セットａ,１７８ｍｌ,-,-,-,-,10,10/15まで,-,-
4973167190463 ,ＤＥＷ　アフターグロウドロップキンモクセイ＆ベルガ,１７０ｍｌ,-,-,-,-,10,10/15まで,-,-
4973167190395 ,ＤＥＷ　アフターグロウドロップシャボン＆ジャスミン,１７０ｍｌ,-,-,-,-,10,10/15まで,-,-
4973167190401 ,ＤＥＷ　アフターグロウドロップＧＮ,１７０ｍｌ,-,-,-,-,10,10/15まで,-,-
4901301472762 ,ＳＦｉＰ　薬用角層トリートメント　深層化粧液,１６０ｍｌ,-,-,-,-,10,10/15まで,-,-
4901301471642 ,ＳＦｉＰ　薬用角層トリートメント深層化粧液レフィル,１５０ｍｌ,-,-,-,-,10,10/15まで,-,-
4901301472793 ,ＳＦｉＰ　薬用角層トリートメント　深層美容乳液,８０ｇ,-,-,-,-,10,10/15まで,-,-
4901301472809 ,ＳＦｉＰ薬用角層トリートメント深層美容乳液レフィル,８０ｇ,-,-,-,-,10,10/15まで,-,-
4901301446473 ,ＳＦｉＰ　深夜浸透クリーム　レフィル,５５ｇ,-,-,-,-,10,11/15まで,-,-
4901301431509 ,ＳＦｉＰ　角層トリートメント　基礎化粧液レフィル,１５０ｍｌ,-,-,-,-,10,11/15まで,-,-
4901301412867 ,ＳＦｉＰ　ベースケア　セラム　レフィル９０Ｇ,９０ｇ,-,-,-,-,10,11/15まで,-,-
4901301412850 ,ＳＦｉＰ　ベースケア　セラム　レフィル１８０Ｇ,１８０ｇ,-,-,-,-,10,11/15まで,-,-
4901301416452 ,ＭＫＳＦｉＰベースケアセラムレフィル２２５Ｇ限定品,２２５ｇ,-,-,-,-,10,11/15まで,-,-
4901301435200 ,ＳＦｉＰ　土台レフィル＋化粧液ミニセット限定品,１２０ｇ,-,-,-,-,10,11/15まで,-,-
4901301446336 ,ＳＦｉＰ角層トリートメント基礎化粧液ＢＩＧレフィル,３００ｍｌ,-,-,-,-,10,11/15まで,-,-
4901301464439 ,ＳＦｉＰ土台美容液レフィル１８０Ｇ＋泡洗顔ミニ,２１０ｇ,-,-,-,-,10,11/15まで,-,-
4901301447104 ,ＭＫソフィーナｉＰ　うるおい秒ミスト,５０ｍｌ,-,-,-,-,10,11/15まで,-,-
4901301460257 ,ソフィーナ　ｉＰ　うるおい秒ミスト,５０ｍｌ,-,-,-,-,10,11/15まで,-,-
4901301458865 ,ＰＶグロウカバークッションＯＣ０５スターターセット,１１．５ｇ,-,-,-,-,10,11/15まで,-,-
4901301458698 ,ＰＶグロウカバー　クッション　オークル０３,１１．５ｇ,-,-,-,-,10,11/15まで,-,-
4901301458704 ,ＰＶグロウカバー　クッション　オークル０５,１１．５ｇ,-,-,-,-,10,11/15まで,-,-
4901301458711 ,ＰＶグロウカバー　クッション　オークル０７,１１．５ｇ,-,-,-,-,10,11/15まで,-,-
4901301458728 ,ＰＶコンパクトケース　クッションファンデ用,１個,-,-,-,-,10,11/15まで,-,-
4901301458513 ,プリマヴィスタ　クッションファンデーション用　パフ,１個,-,-,-,-,10,11/15まで,-,-
4901301473318 ,プリマヴィスタ　グロウカバークッション　ＰＯ０１,１１．５ｇ,-,-,-,-,10,11/15まで,-,-
4901301474773 ,プリマヴィスタ　血色スキンフィクサー　０２,７ｇ,-,-,-,-,10,11/15まで,-,-
4901301474766 ,プリマヴィスタ　血色スキンフィクサー　０１,７ｇ,-,-,-,-,10,11/15まで,-,-
4973167022726 ,ＤＥＷ　タンタンコンクドロップα,５５ｇ,-,-,-,-,10,10/15まで,-,-
4973167022764 ,ＤＥＷ　タンタンコンクドロップα　レフィル,５５ｇ,-,-,-,-,10,10/15まで,-,-
4973167037485 ,ＤＥＷ　タンタンコンクドロップα　ミニサイズ,８ｇ,-,-,-,-,10,10/15まで,-,-
4973167051030 ,ＤＥＷ　タンタンコンクドロップα　セットａ,８５ｇ,-,-,-,-,10,10/15まで,-,-
4973167051023 ,ＤＥＷ　アフターグロウドロップ　セットｄ,１７８ｍｌ,-,-,-,-,10,10/15まで,-,-
4973167089606 ,ＤＥＷアフターＧドロップミニ,３０ｍｌ,-,-,-,-,10,10/15まで,-,-
4973167074305 ,ＤＥＷ　アフターグロウドロップ,１７０ｍｌ,-,-,-,-,10,10/15まで,-,-
4973167074312 ,ＤＥＷ　アフターグロウドロップ　（レフィル）,１６０ｍｌ,-,-,-,-,10,10/15まで,-,-
4973167590614 ,ＤＥＷ　アフターグロウドロップ　セットｂ,３３０ｍｌ,-,-,-,-,10,10/15まで,-,-
4973167550250 ,ＤＥＷ　グラマストミルクドロップ　ミニ,１０ｍｌ,-,-,-,-,10,10/15まで,-,-
4973167550601 ,ＤＥＷ　グラマストミルクドロップ,８０ｍｌ,-,-,-,-,10,10/15まで,-,-
4973167550267 ,ＤＥＷ　グラマストミルクドロップレフィル,８０ｍｌ,-,-,-,-,10,10/15まで,-,-
4973167553077 ,ＤＥＷ　ブライトオーラローション　ミニサイズ,３０ｍｌ,-,-,-,-,10,10/15まで,-,-
4973167553046 ,ＤＥＷ　ブライトオーラローション,１７０ｍｌ,-,-,-,-,10,10/15まで,-,-
4973167553060 ,ＤＥＷ　ブライトオーラローション　レフィル,１６０ｍｌ,-,-,-,-,10,10/15まで,-,-
4973167012123 ,ＤＥＷ　アフターグロウドロップ　セットｃ,１８０ｍｌ,-,-,-,-,10,10/15まで,-,-
4973167019108 ,ＤＥＷ　ブライトバウンスミルク,８０ｍｌ,-,-,-,-,10,10/15まで,-,-
4973167019115 ,ＤＥＷ　ブライトバウンスミルク　（レフィル）,８０ｍｌ,-,-,-,-,10,10/15まで,-,-
4973167041000 ,ＤＥＷタンタンリンクルクリーム　ミニサイズ,６ｇ,-,-,-,-,10,10/15まで,-,-
4973167040980 ,ＤＥＷタンタンリンクルクリーム,５５ｇ,-,-,-,-,10,10/15まで,-,-
4973167040997 ,ＤＥＷタンタンリンクルクリーム　（レフィル）,５５ｇ,-,-,-,-,10,10/15まで,-,-
4901301460264 ,ソフィーナ　ｉＰ　薬用　角層トーニングセラム,３０ｍｌ,-,-,-,-,10,10/15まで,-,-
4901301460271 ,ＳＦｉＰ　薬用　角層トーニングセラム１０ｍｌ限定品,１０ｍｌ,-,-,-,-,10,10/15まで,-,-
4901301464255 ,ソフィーナｉＰ薬用　角層トーニングセラムレフィル,３０ｍｌ,-,-,-,-,10,10/15まで,-,-
4901301446466 ,ＳＦｉＰゴールデンタイムリペア深夜浸透クリーム,５５ｇ,-,-,-,-,10,11/15まで,-,-
4901301422941 ,ＳＦｉＰ　角層トリートメント　基礎化粧液,１６０ｍｌ,-,-,-,-,10,11/15まで,-,-
4901301412829 ,ソフィーナ　ｉＰ　ベースケア　セラム　９０Ｇ,９０ｇ,-,-,-,-,10,11/15まで,-,-
4901301413161 ,ＭＫＳＦｉＰベースケアセラム土台美容液２２５ｇ限定,２２５ｇ,-,-,-,-,10,11/15まで,-,-
4901301423085 ,ソフィーナ　ｉＰ　ベースケア　セラム　５５Ｇ企画品,５５ｇ,-,-,-,-,10,11/15まで,-,-
4901301447548 ,ＳＦｉＰ角層ＴＲ基礎化粧液＋クリームピロー付限定,１６１．２ｍｌ,-,-,-,-,10,11/15まで,-,-
4901301446084 ,ＳＦｉＰ角層トリートメント基礎化粧液ＢＩＧポンプ,３２０ｍｌ,-,-,-,-,10,11/15まで,-,-
4901301459046 ,ＳＦｉＰ　ベースケア　セラム＋化粧液ミニ,１２０ｇ,-,-,-,-,10,11/15まで,-,-
4901301459497 ,ＭＫＳＦｉＰ角層トリートメント基礎化粧液超ＢＩＧポ,４８０ｍｌ,-,-,-,-,10,11/15まで,-,-
4901301461063 ,ＳＦｉＰ　深夜浸透クリーム　＋　化粧液ピロー限定品,５７．４ｇ,-,-,-,-,10,11/15まで,-,-
4901301423511 ,ＳＦｉＰ　ベースケア　セラム　２２５Ｇ限定品,２２５ｇ,-,-,-,-,10,11/15まで,-,-
4901301473332 ,ＭＫＳＦｉＰ深夜浸透クリームＢＩＧ,８５ｇ,-,-,-,-,10,11/15まで,-,-
4901301471918 ,ソフィーナプリマヴィスタ　角層保水プライマーＬＶ,２５ｇ,-,-,-,-,10,11/15まで,-,-
4901301473257 ,ＳＰＶ生肌カバーバームＦＤスターターＫ　ＯＣ０３,１１ｇ,-,-,-,-,10,11/15まで,-,-
4901301473264 ,ＳＰＶ生肌カバーバームＦＤスターターＫ　ＯＣ０５,１１ｇ,-,-,-,-,10,11/15まで,-,-
4901301473066 ,ソフィーナＰＶ　バームファンデーション用ケース,１個,-,-,-,-,10,11/15まで,-,-
4901301474353 ,ソフィーナＰＶ　バームファンデーション用スポンジ,１個,-,-,-,-,10,11/15まで,-,-
4901301473042 ,ソフィーナＰＶ生肌カバーバームＦＤ　ＰＯ０３,１１ｇ,-,-,-,-,10,11/15まで,-,-
4901301473011 ,ソフィーナＰＶ生肌カバーバームＦＤ　ＯＣ０３,１１ｇ,-,-,-,-,10,11/15まで,-,-
4901301473028 ,ソフィーナＰＶ生肌カバーバームＦＤ　ＯＣ０５,１１ｇ,-,-,-,-,10,11/15まで,-,-
4901301473035 ,ソフィーナＰＶ生肌カバーバームＦＤ　ＯＣ０７,１１ｇ,-,-,-,-,10,11/15まで,-,-
4901301473059 ,ソフィーナＰＶ生肌カバーバームＦＤ　ＢＯ０５,１１ｇ,-,-,-,-,10,11/15まで,-,-
4901301463920 ,プリマヴィスタ角層保水プライマーシアーベージュ,２５ｇ,-,-,-,-,10,11/15まで,-,-
4901301441348 ,プリマヴィスタ　プレメイクアップジェルウォッシュ,１１０ｇ,-,-,-,-,10,11/15まで,-,-
4901301468864 ,ＰＶプレメイクアップジェルウォッシュ（ニンフィア）,１１０ｇ,-,-,-,-,10,11/15まで,-,-
4973167080399 ,ＤＥＷ　トライアルセットａ,４８ｍｌ,-,-,-,-,20,10/15まで,-,-
4973167080405 ,ＤＥＷ　トライアルセットｂ,６８ｍｌ,-,-,-,-,20,10/15まで,-,-
4973167434659 ,ケイト　ムーンプレストブライトパウダー用ケース,１個,-,-,-,-,-,-,350,9/30まで
4973167948620 ,ケイト　ザ　アイカラー　０５１,１．４ｇ,-,-,-,-,-,-,455,9/30まで
4973167071557 ,ケイト　ザ　アイカラー　０６２,１．４ｇ,-,-,-,-,-,-,455,9/30まで
4973167375013 ,ケイト　ザ　アイカラー　０６４,１．４ｇ,-,-,-,-,-,-,455,9/30まで
4570128221893 ,メディヒール　３ミニッツマスク　ＮＭＦ,７枚,-,-,-,-,-,-,548,3/31まで
4973167521106 ,ＫＴダブルＬエキスパート（血色陰影カラー）ＯＲ１,０．５ｍｌ,-,-,-,-,-,-,595,9/30まで
4973167519653 ,ＫＴダブルＬエキスパート（血色陰影カラー）ＰＵ１,０．５ｍｌ,-,-,-,-,-,-,595,9/30まで
4973167503409 ,ケイト　ラッシュフォーマーＥＸ（クリア）ＢＫー１,５ｇ,-,-,-,-,-,-,686,9/30まで
4973167503416 ,ケイト　ラッシュフォーマーＥＸ（クリア）ＢＲー１,５ｇ,-,-,-,-,-,-,686,9/30まで
4901301401656 ,ＰＶスキンプロテクトＢ＜乾燥くずれ防止＞トライアル,８．５ｇ,-,-,-,-,-,-,700,10/31まで
4901301424723 ,ＰＶスキンプロテクトＢ＜乾燥くずれ防止＞トライアル,８．５ｇ,-,-,-,-,-,-,700,10/31まで
4901301424754 ,ＰＶスキンプロテクトＢ乾燥くずれ防止ＢＥトライアル,８．５ｇ,-,-,-,-,-,-,700,10/31まで
4901301424730 ,ＰＶスキンプロテクトＢ乾燥くずれ防止ＬＶトライアル,８．５ｇ,-,-,-,-,-,-,700,10/31まで
4901301424747 ,ＰＶスキンプロテクトＢ乾燥くずれ防止ＭＥトライアル,８．５ｇ,-,-,-,-,-,-,700,10/31まで
4901301236456 ,プリマヴィスタＣＣファンデーション用ケース,１個,-,-,-,-,-,-,700,10/31まで
4973167595152 ,ケイト　ラッシュＭマイザーＨＰシークレット　ＧＹ１,５．２ｇ,-,-,-,-,-,-,840,9/30まで
4973167595176 ,ケイト　ラッシュマキシマイザーＨＰ２．０　ＥＸ－１,７．４ｇ,-,-,-,-,-,-,840,9/30まで
4973167524084 ,ケイト　カールアウェイキングマスカラ　ＢＫ－１,５．５ｇ,-,-,-,-,-,-,980,9/30まで
4973167524091 ,ケイト　カールアウェイキングマスカラ　ＢＲ－１,５．５ｇ,-,-,-,-,-,-,980,9/30まで
4973167434642 ,ケイト　ムーンプレストブライトパウダー　００,１１ｇ,-,-,-,-,-,-,1050,9/30まで
4973167434628 ,ケイト　ムーンプレストブライトパウダー　０１,１１ｇ,-,-,-,-,-,-,1050,9/30まで
4973167434635 ,ケイト　ムーンプレストブライトパウダー　０２,１１ｇ,-,-,-,-,-,-,1050,9/30まで
4901301402172 ,ＰＶ　スキンプロテクトＢ乾燥くずれ防止　ゴールド,２５ｇ,-,-,-,-,-,-,1960,10/31まで
4901301391537 ,プリマ　スキンプロテクトベース＜乾燥くずれ防止＞,２５ｇ,-,-,-,-,-,-,1960,10/31まで
4901301411877 ,プリマ　スキンプロテクトベース＜乾燥くずれ防止＞Ｂ,２５ｇ,-,-,-,-,-,-,1960,10/31まで
4901301411853 ,プリマ　スキンプロテクトベース＜乾燥くずれ防止＞Ｌ,２５ｇ,-,-,-,-,-,-,1960,10/31まで
4901301411860 ,プリマ　スキンプロテクトベース＜乾燥くずれ防止＞Ｍ,２５ｇ,-,-,-,-,-,-,1960,10/31まで
4901301236418 ,プリマヴィスタＣＣファンデーションＢＯ０１,ベージュオークル０１,-,-,-,-,-,-,1960,10/31まで
4901301236432 ,プリマヴィスタＣＣファンデーションＢＯ０３,ベージュオークル０３,-,-,-,-,-,-,1960,10/31まで
4901301236449 ,プリマヴィスタＣＣファンデーションＢＯ０５,ベージュオークル０５,-,-,-,-,-,-,1960,10/31まで
4901301236357 ,プリマヴィスタＣＣファンデーションＯ０３,オークル０３,-,-,-,-,-,-,1960,10/31まで
4901301236364 ,プリマヴィスタＣＣファンデーションＯ０５,オークル０５,-,-,-,-,-,-,1960,10/31まで
4901301236395 ,プリマヴィスタＣＣファンデーションＯ０７,オークル０７,-,-,-,-,-,-,1960,10/31まで
4901301236340 ,プリマヴィスタＣＣファンデーションＰＯ０３,ピンクオークル０３,-,-,-,-,-,-,1960,10/31まで
4901301432605 ,プリマヴィスタ乾燥くずれ防止下地ＢＥミニ増量セット,３１ｇ,-,-,-,-,-,-,1960,10/31まで
4901301432599 ,プリマヴィスタ乾燥くずれ防止下地ＬＶミニ増量セット,３１ｇ,-,-,-,-,-,-,1960,10/31まで
4901301362322 ,ＰＶクリーミイファンデーション０１限定品,1,-,-,-,-,-,-,3500,10/31まで
4901301362339 ,ＰＶクリーミイファンデーション０２限定品,2,-,-,-,-,-,-,3500,10/31まで
4589919568895 ,ソダテルラボ　パウダリーサボン　詰替,４４０ｍｌ,-,11/15まで,-,-,-,-,-,-
4589919568925 ,ソダテルラボ　シャイニーフローラル　詰替,４４０ｍｌ,-,11/15まで,-,-,-,-,-,-
4589919568956 ,ソダテルラボ　無香料　詰替,４４０ｍｌ,-,11/15まで,-,-,-,-,-,-
4589919568888 ,ソダテルラボ　パウダリーサボン,５００ｍｌ,-,11/15まで,-,-,-,-,-,-
4589919568918 ,ソダテルラボ　シャイニーフローラル,５００ｍｌ,-,11/15まで,-,-,-,-,-,-
4589919568949 ,ソダテルラボ　無香料,５００ｍｌ,-,11/15まで,-,-,-,-,-,-
4902895043499 ,無添加生活　無添加ハミガキ,１２０ｇ,-,11/15まで,-,-,-,-,-,-
4562189173334 ,スベルティＢ　Ｐスムージー　アサイー＆ベリー１包,１５ｇ,-,11/15まで,-,-,-,-,-,-
4562189173341 ,スベルティＢ　Ｐスムージー　ピーチ１包,１５ｇ,-,11/15まで,-,-,-,-,-,-
4589919568901 ,ソダテルラボ　パウダリーサボン　詰替３倍,１３２０ｍｌ,-,11/15まで,-,-,-,-,-,-
4589919568932 ,ソダテルラボ　シャイニーフローラル　詰替３倍,１３２０ｍｌ,-,11/15まで,-,-,-,-,-,-
4589919568963 ,ソダテルラボ　無香料　詰替３倍,１３２０ｍｌ,-,11/15まで,-,-,-,-,-,-
4595986634265 ,燃　ガルシニアで燃焼サポート,２０包,-,11/15まで,-,-,-,-,-,-
